{
    "client_0": {
        "client_0": 0.99948823440871,
        "client_1": 0.9994882446792498,
        "client_2": 0.9588915512032503,
        "client_3": 0.9722503586321077,
        "client_4": 0.9824098728725111,
        "client_5": 0.8377956243516369,
        "client_6": 0.8203050129553603,
        "client_7": 0.8367651691029785,
        "client_8": 0.17877217315132493,
        "client_9": 0.17896993750285117
    },
    "client_1": {
        "client_0": 0.9995685806302737,
        "client_1": 0.9995184494070909,
        "client_2": 0.9588585835434333,
        "client_3": 0.9721849400657195,
        "client_4": 0.9826222398680634,
        "client_5": 0.8373703228814547,
        "client_6": 0.8204448964628248,
        "client_7": 0.8362813272973352,
        "client_8": 0.17851701139567347,
        "client_9": 0.17882619086713006
    },
    "client_2": {
        "client_0": 0.2017765913379666,
        "client_1": 0.20751720487030173,
        "client_2": 0.9618745549873778,
        "client_3": 0.9613345402819089,
        "client_4": 0.96173023376287,
        "client_5": 0.09598455159879594,
        "client_6": 0.09557182015994574,
        "client_7": 0.09527322249333257,
        "client_8": 0.2804408677396781,
        "client_9": 0.2852304126927534
    },
    "client_3": {
        "client_0": 0.1940561059161189,
        "client_1": 0.20061619718309862,
        "client_2": 0.9638863899241742,
        "client_3": 0.9630342703118984,
        "client_4": 0.9637392310659638,
        "client_5": 0.09818264944565093,
        "client_6": 0.09761640955708968,
        "client_7": 0.09843861910901018,
        "client_8": 0.2653168092162681,
        "client_9": 0.2695667676947763
    },
    "client_4": {
        "client_0": 0.1963881575908734,
        "client_1": 0.20182999602174778,
        "client_2": 0.9671229371881795,
        "client_3": 0.9662533554902211,
        "client_4": 0.9672876256321618,
        "client_5": 0.1000852030673104,
        "client_6": 0.09966946351385711,
        "client_7": 0.100011377858687,
        "client_8": 0.26951852829856526,
        "client_9": 0.2729555236728838
    },
    "client_5": {
        "client_0": 0.005771080474511062,
        "client_1": 0.00832,
        "client_2": 0.001447178002894356,
        "client_3": 0.0061433447098976105,
        "client_4": 0.00505050505050505,
        "client_5": 0.9473684210526316,
        "client_6": 0.9483272026624627,
        "client_7": 0.9464006938421509,
        "client_8": 0.09326424870466321,
        "client_9": 0.13197969543147206
    },
    "client_6": {
        "client_0": 0.004763525008506295,
        "client_1": 0.006793478260869566,
        "client_2": 0.0015220700152207003,
        "client_3": 0.008626887131560028,
        "client_4": 0.0037979491074819596,
        "client_5": 0.9455630126771067,
        "client_6": 0.9470577384246449,
        "client_7": 0.9470222871757399,
        "client_8": 0.0941006152732537,
        "client_9": 0.13390010626992563
    },
    "client_7": {
        "client_0": 0.004051316677920323,
        "client_1": 0.006064690026954179,
        "client_2": 0.0015278838808250573,
        "client_3": 0.00719165767709457,
        "client_4": 0.0030522701259061424,
        "client_5": 0.9516644724468685,
        "client_6": 0.9524697110904007,
        "client_7": 0.950589970501475,
        "client_8": 0.09416058394160584,
        "client_9": 0.13094812164579603
    },
    "client_8": {
        "client_0": 0.6916557305336832,
        "client_1": 0.7208019716245919,
        "client_2": 0.5734329119182725,
        "client_3": 0.5750320972736198,
        "client_4": 0.5747356118159368,
        "client_5": 0.011148170146662403,
        "client_6": 0.011299090895247376,
        "client_7": 0.011139856947192208,
        "client_8": 0.967049383571665,
        "client_9": 0.9666008149154216
    },
    "client_9": {
        "client_0": 0.6937761149192998,
        "client_1": 0.7236192933228719,
        "client_2": 0.5758455740693751,
        "client_3": 0.5772978865364194,
        "client_4": 0.5772903806825644,
        "client_5": 0.010624734381640459,
        "client_6": 0.010807036716603678,
        "client_7": 0.01046564538146519,
        "client_8": 0.9669772288455056,
        "client_9": 0.9665476601788937
    }
}