{
    "client_0": {
        "client_0": 0.9994932491759027,
        "client_1": 0.9995484647802529,
        "client_2": 0.9566883103325887,
        "client_3": 0.9774210709389642,
        "client_4": 0.9743808140877303,
        "client_5": 0.8682519863791146,
        "client_6": 0.867152571451295,
        "client_7": 0.8695731060799355,
        "client_8": 0.3241155828674088,
        "client_9": 0.29433865596447784
    },
    "client_1": {
        "client_0": 0.9995585520507264,
        "client_1": 0.9995936814964561,
        "client_2": 0.9562283935789111,
        "client_3": 0.9774772240154278,
        "client_4": 0.9742742336923891,
        "client_5": 0.8679752804780468,
        "client_6": 0.8669078846470626,
        "client_7": 0.86963076312732,
        "client_8": 0.32341826365911414,
        "client_9": 0.2934825318185701
    },
    "client_2": {
        "client_0": 0.19217896776466445,
        "client_1": 0.18168996557016637,
        "client_2": 0.9553065430190624,
        "client_3": 0.9563091178173864,
        "client_4": 0.9558605580256458,
        "client_5": 0.10283224400871459,
        "client_6": 0.10146478700957158,
        "client_7": 0.10319594721370942,
        "client_8": 0.28011805741883555,
        "client_9": 0.2735185805155675
    },
    "client_3": {
        "client_0": 0.18551775998584508,
        "client_1": 0.17456628206192415,
        "client_2": 0.9581919457071516,
        "client_3": 0.9587727708533077,
        "client_4": 0.9588216458533462,
        "client_5": 0.10558343789209534,
        "client_6": 0.10407156076495988,
        "client_7": 0.10611368872897138,
        "client_8": 0.26657163221667857,
        "client_9": 0.2600904371127114
    },
    "client_4": {
        "client_0": 0.18776734135908632,
        "client_1": 0.1778664339442297,
        "client_2": 0.9622737700739231,
        "client_3": 0.961704834605598,
        "client_4": 0.9622881895782902,
        "client_5": 0.10812496102762362,
        "client_6": 0.10653426504842466,
        "client_7": 0.1086874764949229,
        "client_8": 0.269509900546546,
        "client_9": 0.26211879358145
    },
    "client_5": {
        "client_0": 0.001155624036979969,
        "client_1": 0.001172103926548154,
        "client_2": 0.0007246376811594202,
        "client_3": 0.0007204610951008645,
        "client_4": 0.0007238508867173362,
        "client_5": 0.946535349982413,
        "client_6": 0.9469042159110954,
        "client_7": 0.9465808247781452,
        "client_8": 0.12244897959183672,
        "client_9": 0.2592242194891201
    },
    "client_6": {
        "client_0": 0.002352018816150529,
        "client_1": 0.002776675922253075,
        "client_2": 0.0007613247049866767,
        "client_3": 0.0007590132827324477,
        "client_4": 0.0007610350076103501,
        "client_5": 0.9460458240946047,
        "client_6": 0.9445988512136372,
        "client_7": 0.9458073965580374,
        "client_8": 0.12196861626248216,
        "client_9": 0.2643375082399472
    },
    "client_7": {
        "client_0": 0.0011730205278592375,
        "client_1": 0.0027783290335384007,
        "client_2": 0.0007648183556405354,
        "client_3": 0.0007613247049866769,
        "client_4": 0.0007651109410864574,
        "client_5": 0.9536448598130842,
        "client_6": 0.9529522024367385,
        "client_7": 0.9508804448563485,
        "client_8": 0.12090680100755667,
        "client_9": 0.25642737896494155
    },
    "client_8": {
        "client_0": 0.6863061334204384,
        "client_1": 0.6995606350575488,
        "client_2": 0.5696415094339623,
        "client_3": 0.5716541947128945,
        "client_4": 0.5706700307854528,
        "client_5": 0.010700403932627087,
        "client_6": 0.010967918837400602,
        "client_7": 0.010362060796869986,
        "client_8": 0.9660962072155411,
        "client_9": 0.9649913131716916
    },
    "client_9": {
        "client_0": 0.688051126899412,
        "client_1": 0.7019019800514195,
        "client_2": 0.5723327730145464,
        "client_3": 0.5742009132420092,
        "client_4": 0.5735726732747475,
        "client_5": 0.009873617693522907,
        "client_6": 0.010264040934695797,
        "client_7": 0.00941671237886268,
        "client_8": 0.9664060881773059,
        "client_9": 0.9655383485340026
    }
}