{
    "client_0": {
        "client_0": 0.999478199789273,
        "client_1": 0.9995384445581611,
        "client_2": 0.9379601651274632,
        "client_3": 0.9278517722878624,
        "client_4": 0.964150992346608,
        "client_5": 0.7440720983984431,
        "client_6": 0.7447440642546014,
        "client_7": 0.703355722153228,
        "client_8": 0.08912560349452066,
        "client_9": 0.08868665580994348
    },
    "client_1": {
        "client_0": 0.9995585609085619,
        "client_1": 0.9995535871031817,
        "client_2": 0.9386192929019089,
        "client_3": 0.9291579291740186,
        "client_4": 0.9656012018857173,
        "client_5": 0.7446523306964714,
        "client_6": 0.7453977119065139,
        "client_7": 0.7031356664997951,
        "client_8": 0.08763993252568625,
        "client_9": 0.08725404690480068
    },
    "client_2": {
        "client_0": 0.25197674418604654,
        "client_1": 0.19723733779824193,
        "client_2": 0.963697653312589,
        "client_3": 0.9721187202878067,
        "client_4": 0.9703799098518997,
        "client_5": 0.09527853260869563,
        "client_6": 0.09442348008385744,
        "client_7": 0.09281189754888461,
        "client_8": 0.25411630341676983,
        "client_9": 0.28298244001103245
    },
    "client_3": {
        "client_0": 0.24196553330228224,
        "client_1": 0.19151789456038892,
        "client_2": 0.9664455464674439,
        "client_3": 0.9727691127588853,
        "client_4": 0.9712492796311711,
        "client_5": 0.09754569785319742,
        "client_6": 0.09708082569323359,
        "client_7": 0.0953755620940432,
        "client_8": 0.23241121853163585,
        "client_9": 0.26859618398009033
    },
    "client_4": {
        "client_0": 0.2447056085641145,
        "client_1": 0.1920913441356729,
        "client_2": 0.9694171956145413,
        "client_3": 0.9762086513994911,
        "client_4": 0.975087607518318,
        "client_5": 0.09955263604960643,
        "client_6": 0.09899216125419934,
        "client_7": 0.09713231040467205,
        "client_8": 0.23413041390569483,
        "client_9": 0.27149740548554485
    },
    "client_5": {
        "client_0": 0.010550877548949985,
        "client_1": 0.013771996939556238,
        "client_2": 0.006109979633401223,
        "client_3": 0.005802707930367505,
        "client_4": 0.005694400506168934,
        "client_5": 0.948686298712749,
        "client_6": 0.947661276299774,
        "client_7": 0.9476976542137273,
        "client_8": 0.08599167822468794,
        "client_9": 0.08133472367049009
    },
    "client_6": {
        "client_0": 0.009550904287746393,
        "client_1": 0.01284386082622448,
        "client_2": 0.007879656160458453,
        "client_3": 0.008097165991902834,
        "client_4": 0.007931262392597487,
        "client_5": 0.9471537177823104,
        "client_6": 0.9471947194719472,
        "client_7": 0.9473106476399561,
        "client_8": 0.09067827348567285,
        "client_9": 0.08512186249545288
    },
    "client_7": {
        "client_0": 0.012202562538133009,
        "client_1": 0.015243902439024388,
        "client_2": 0.0064285714285714285,
        "client_3": 0.007419898819561552,
        "client_4": 0.00663129973474801,
        "client_5": 0.9538807649043869,
        "client_6": 0.9519747821249768,
        "client_7": 0.951660516605166,
        "client_8": 0.08864468864468865,
        "client_9": 0.08584005869405724
    },
    "client_8": {
        "client_0": 0.7604421418457974,
        "client_1": 0.6973400921156624,
        "client_2": 0.5684495702525064,
        "client_3": 0.506962901026269,
        "client_4": 0.5658739868481419,
        "client_5": 0.011001904761904761,
        "client_6": 0.011060834590246354,
        "client_7": 0.01066000670057564,
        "client_8": 0.9694052567331612,
        "client_9": 0.9698703427374151
    },
    "client_9": {
        "client_0": 0.7610914660059496,
        "client_1": 0.6993852500868002,
        "client_2": 0.5709807051044546,
        "client_3": 0.5087842864937255,
        "client_4": 0.5685919890344198,
        "client_5": 0.010296440286720936,
        "client_6": 0.010537663796899436,
        "client_7": 0.009986947151139848,
        "client_8": 0.9696308196066072,
        "client_9": 0.9700527846601313
    }
}