{
    "client_0": {
        "client_0": 0.99893,
        "client_1": 0.999,
        "client_2": 0.8883,
        "client_3": 0.90574,
        "client_4": 0.92239,
        "client_5": 0.64502,
        "client_6": 0.59953,
        "client_7": 0.60481,
        "client_8": 0.05058,
        "client_9": 0.04961
    },
    "client_1": {
        "client_0": 0.99911,
        "client_1": 0.99906,
        "client_2": 0.88958,
        "client_3": 0.9076,
        "client_4": 0.9242,
        "client_5": 0.64691,
        "client_6": 0.60008,
        "client_7": 0.60544,
        "client_8": 0.04948,
        "client_9": 0.04852
    },
    "client_2": {
        "client_0": 0.7760777607776078,
        "client_1": 0.6997119971199712,
        "client_2": 0.9917049170491705,
        "client_3": 0.991389913899139,
        "client_4": 0.9930249302493025,
        "client_5": 0.517340173401734,
        "client_6": 0.5197551975519755,
        "client_7": 0.508430084300843,
        "client_8": 0.8831338313383134,
        "client_9": 0.8798487984879849
    },
    "client_3": {
        "client_0": 0.7762127621276212,
        "client_1": 0.6986919869198692,
        "client_2": 0.9919299192991929,
        "client_3": 0.9918249182491825,
        "client_4": 0.9930849308493085,
        "client_5": 0.5214952149521496,
        "client_6": 0.523430234302343,
        "client_7": 0.5138451384513845,
        "client_8": 0.8806588065880658,
        "client_9": 0.8774787747877478
    },
    "client_4": {
        "client_0": 0.7754027540275403,
        "client_1": 0.6993369933699337,
        "client_2": 0.992859928599286,
        "client_3": 0.992589925899259,
        "client_4": 0.9940149401494015,
        "client_5": 0.5201752017520175,
        "client_6": 0.522140221402214,
        "client_7": 0.5110251102511025,
        "client_8": 0.8817238172381724,
        "client_9": 0.8785437854378544
    },
    "client_5": {
        "client_0": 0.9196291962919629,
        "client_1": 0.9220292202922029,
        "client_2": 0.9561545615456155,
        "client_3": 0.954909549095491,
        "client_4": 0.956079560795608,
        "client_5": 0.995649956499565,
        "client_6": 0.9956049560495605,
        "client_7": 0.995529955299553,
        "client_8": 0.9604146041460414,
        "client_9": 0.9605946059460595
    },
    "client_6": {
        "client_0": 0.9207842078420784,
        "client_1": 0.9233492334923349,
        "client_2": 0.9584495844958449,
        "client_3": 0.9574445744457445,
        "client_4": 0.9584495844958449,
        "client_5": 0.9957549575495755,
        "client_6": 0.9956649566495664,
        "client_7": 0.995739957399574,
        "client_8": 0.9623046230462304,
        "client_9": 0.962439624396244
    },
    "client_7": {
        "client_0": 0.9213242132421324,
        "client_1": 0.9233792337923379,
        "client_2": 0.95829958299583,
        "client_3": 0.9570845708457084,
        "client_4": 0.958359583595836,
        "client_5": 0.996279962799628,
        "client_6": 0.996309963099631,
        "client_7": 0.9961149611496115,
        "client_8": 0.9626346263462635,
        "client_9": 0.9627546275462755
    },
    "client_8": {
        "client_0": 0.73174,
        "client_1": 0.55401,
        "client_2": 0.54714,
        "client_3": 0.54797,
        "client_4": 0.54233,
        "client_5": 0.35094,
        "client_6": 0.35093,
        "client_7": 0.35019,
        "client_8": 0.95984,
        "client_9": 0.95975
    },
    "client_9": {
        "client_0": 0.73047,
        "client_1": 0.55694,
        "client_2": 0.5481,
        "client_3": 0.54832,
        "client_4": 0.54266,
        "client_5": 0.34836,
        "client_6": 0.3484,
        "client_7": 0.3476,
        "client_8": 0.95949,
        "client_9": 0.95973
    }
}