{
    "client_0": {
        "client_0": 0.9994631505536574,
        "client_1": 0.9994982891660562,
        "client_2": 0.9407326442685231,
        "client_3": 0.9504447668916788,
        "client_4": 0.9595513699165594,
        "client_5": 0.7834484273199775,
        "client_6": 0.7487215525841893,
        "client_7": 0.752847145349819,
        "client_8": 0.09217647396301466,
        "client_9": 0.09049236805588785
    },
    "client_1": {
        "client_0": 0.9995535423156607,
        "client_1": 0.999528495901927,
        "client_2": 0.9414608802604095,
        "client_3": 0.9514782334716169,
        "client_4": 0.9605385087929365,
        "client_5": 0.784922853888371,
        "client_6": 0.7492413032028292,
        "client_7": 0.7534277393793198,
        "client_8": 0.09072472641004056,
        "client_9": 0.08903952205882353
    },
    "client_2": {
        "client_0": 0.23891098195166718,
        "client_1": 0.1896782027929569,
        "client_2": 0.9641630484090468,
        "client_3": 0.9627949183303085,
        "client_4": 0.9700328671779338,
        "client_5": 0.09505863824282139,
        "client_6": 0.09508196721311475,
        "client_7": 0.09319571653891917,
        "client_8": 0.2810740979976008,
        "client_9": 0.26956045960240743
    },
    "client_3": {
        "client_0": 0.23283796986681748,
        "client_1": 0.18415174038422485,
        "client_2": 0.9653573728267868,
        "client_3": 0.9649224432001029,
        "client_4": 0.9704695407084748,
        "client_5": 0.0974933514400498,
        "client_6": 0.09744041362461295,
        "client_7": 0.09580403972770897,
        "client_8": 0.26591622070492715,
        "client_9": 0.2555596062705067
    },
    "client_4": {
        "client_0": 0.23235067931299666,
        "client_1": 0.18553433563592034,
        "client_2": 0.9695262483994879,
        "client_3": 0.9683455081378957,
        "client_4": 0.9745714103626283,
        "client_5": 0.09953834027699585,
        "client_6": 0.09955058085304841,
        "client_7": 0.09755827473561818,
        "client_8": 0.26916303642598943,
        "client_9": 0.2585843787198974
    },
    "client_5": {
        "client_0": 0.011803762449280707,
        "client_1": 0.01850453172205438,
        "client_2": 0.006120367222033322,
        "client_3": 0.005952380952380952,
        "client_4": 0.006109979633401223,
        "client_5": 0.9491406524026658,
        "client_6": 0.9481874447391689,
        "client_7": 0.9479748603351956,
        "client_8": 0.08399861159319681,
        "client_9": 0.09194607673695127
    },
    "client_6": {
        "client_0": 0.011603967808347371,
        "client_1": 0.019570222563315424,
        "client_2": 0.007168458781362007,
        "client_3": 0.009081383164512747,
        "client_4": 0.007879656160458453,
        "client_5": 0.9477956096661132,
        "client_6": 0.9462925106857462,
        "client_7": 0.9478324761204997,
        "client_8": 0.08651399491094147,
        "client_9": 0.0927536231884058
    },
    "client_7": {
        "client_0": 0.01279879540749106,
        "client_1": 0.02070552147239264,
        "client_2": 0.004297994269340974,
        "client_3": 0.007630939993062783,
        "client_4": 0.005730659025787966,
        "client_5": 0.9537486012681835,
        "client_6": 0.9538634658664666,
        "client_7": 0.9519212919992575,
        "client_8": 0.08721143275925249,
        "client_9": 0.092802338326635
    },
    "client_8": {
        "client_0": 0.7913055654961024,
        "client_1": 0.6947803532688663,
        "client_2": 0.567468958930277,
        "client_3": 0.5705055726053949,
        "client_4": 0.5606297700763212,
        "client_5": 0.011121945273935036,
        "client_6": 0.011091643178182373,
        "client_7": 0.01092862905067048,
        "client_8": 0.9689404485692189,
        "client_9": 0.9689215587865123
    },
    "client_9": {
        "client_0": 0.7910733526087731,
        "client_1": 0.6972599931670653,
        "client_2": 0.5701021708936623,
        "client_3": 0.5726693031088573,
        "client_4": 0.5625633668101387,
        "client_5": 0.01053782380272708,
        "client_6": 0.010508412804470629,
        "client_7": 0.010255476667273498,
        "client_8": 0.9688199933806947,
        "client_9": 0.9690637699641241
    }
}