{
    "client_0": {
        "client_0": 0.9994631505536574,
        "client_1": 0.9995384445581611,
        "client_2": 0.9367590195890455,
        "client_3": 0.8513363445438591,
        "client_4": 0.9552498129085266,
        "client_5": 0.7192282743428194,
        "client_6": 0.7051237930743407,
        "client_7": 0.6972064703269134,
        "client_8": 0.08943385381741546,
        "client_9": 0.08884630126485245
    },
    "client_1": {
        "client_0": 0.9995485236724088,
        "client_1": 0.9995485734922355,
        "client_2": 0.9375518804674032,
        "client_3": 0.8520060255510964,
        "client_4": 0.9565785416786424,
        "client_5": 0.7194525402185217,
        "client_6": 0.7051140568401646,
        "client_7": 0.6973676477310573,
        "client_8": 0.08785921055154036,
        "client_9": 0.08730835978024296
    },
    "client_2": {
        "client_0": 0.25444850170984756,
        "client_1": 0.17119918993201216,
        "client_2": 0.9725631305018313,
        "client_3": 0.9731396992674464,
        "client_4": 0.9730007714065312,
        "client_5": 0.09525965756332248,
        "client_6": 0.09462232592134484,
        "client_7": 0.09284928492849284,
        "client_8": 0.22495640379771362,
        "client_9": 0.17069758145112934
    },
    "client_3": {
        "client_0": 0.2441347270615563,
        "client_1": 0.16733907607312906,
        "client_2": 0.9736572890025575,
        "client_3": 0.9742277930549339,
        "client_4": 0.973909707123673,
        "client_5": 0.09755819910068869,
        "client_6": 0.09766310190686359,
        "client_7": 0.0950982293773726,
        "client_8": 0.20113480727841906,
        "client_9": 0.15702396470470273
    },
    "client_4": {
        "client_0": 0.24838728424478412,
        "client_1": 0.16664246296834156,
        "client_2": 0.9770195429371697,
        "client_3": 0.977656120695143,
        "client_4": 0.977274174040359,
        "client_5": 0.09956697704695326,
        "client_6": 0.0992089186678303,
        "client_7": 0.09716755209336894,
        "client_8": 0.20621579358874123,
        "client_9": 0.15877801226007435
    },
    "client_5": {
        "client_0": 0.014123536247430051,
        "client_1": 0.025974025974025972,
        "client_2": 0.006089309878213802,
        "client_3": 0.006309148264984227,
        "client_4": 0.005956320317670417,
        "client_5": 0.9461471861471862,
        "client_6": 0.9481584918834002,
        "client_7": 0.9479930191972077,
        "client_8": 0.07735191637630663,
        "client_9": 0.1095890410958904
    },
    "client_6": {
        "client_0": 0.014417942328230687,
        "client_1": 0.023273722940018823,
        "client_2": 0.008528784648187633,
        "client_3": 0.007920792079207921,
        "client_4": 0.008362369337979094,
        "client_5": 0.9468687237538799,
        "client_6": 0.9480447953001652,
        "client_7": 0.9478324761204997,
        "client_8": 0.08023340627279357,
        "client_9": 0.10374639769452448
    },
    "client_7": {
        "client_0": 0.01644325290437891,
        "client_1": 0.025138948268490807,
        "client_2": 0.006389776357827477,
        "client_3": 0.007282356835484939,
        "client_4": 0.006901311249137336,
        "client_5": 0.9513453741245853,
        "client_6": 0.9517266988488674,
        "client_7": 0.9522748375116064,
        "client_8": 0.08302718589272594,
        "client_9": 0.10732414793328499
    },
    "client_8": {
        "client_0": 0.7740676702463477,
        "client_1": 0.701245909635983,
        "client_2": 0.5700690391730556,
        "client_3": 0.48147060312958934,
        "client_4": 0.47623115015812006,
        "client_5": 0.011001737116386797,
        "client_6": 0.010891887369365808,
        "client_7": 0.010630682770069603,
        "client_8": 0.9696619340517041,
        "client_9": 0.9721838902240484
    },
    "client_9": {
        "client_0": 0.7740150071556775,
        "client_1": 0.7030676508430961,
        "client_2": 0.5715209002604216,
        "client_3": 0.48211219522049165,
        "client_4": 0.47730959526320066,
        "client_5": 0.010236471606700787,
        "client_6": 0.01016106039006339,
        "client_7": 0.009926989572107286,
        "client_8": 0.9699125900935439,
        "client_9": 0.972198001466106
    }
}