{
    "attacker_000": {
        "attacker_000": 0.008017267961763799,
        "attacker_001": 0.008629545921512225,
        "client_000": 0.4593362419726457,
        "client_001": 0.45936742043756285,
        "client_002": 0.4590437406471556,
        "client_003": 0.4593329575808072,
        "client_004": 0.45869065566072714,
        "client_005": 0.10935497650576675,
        "client_006": 0.11024831470261968,
        "client_007": 0.11023890784982933,
        "client_008": 0.10864915732740184,
        "client_009": 0.1095164872714847,
        "client_010": 0.46139409542600035,
        "client_011": 0.46135707410972093,
        "client_012": 0.46138299408113176,
        "client_013": 0.38272592254084314,
        "client_014": 0.3874745228830832,
        "client_015": 0.38823485720652134,
        "client_016": 0.3824861983628403,
        "client_017": 0.3794192405453285
    },
    "attacker_001": {
        "attacker_000": 0.0076076899352318286,
        "attacker_001": 0.0086304325490599,
        "client_000": 0.46086679257315255,
        "client_001": 0.461100894936864,
        "client_002": 0.4606584341934058,
        "client_003": 0.4611461219685638,
        "client_004": 0.4594574544375479,
        "client_005": 0.10900110704249341,
        "client_006": 0.10959836623553437,
        "client_007": 0.10944680851063829,
        "client_008": 0.10846763878229726,
        "client_009": 0.10916212534059946,
        "client_010": 0.46125345843859017,
        "client_011": 0.46125345843859017,
        "client_012": 0.461264555865653,
        "client_013": 0.3833206397562833,
        "client_014": 0.3883170450745048,
        "client_015": 0.38718569566027194,
        "client_016": 0.3836252856054837,
        "client_017": 0.38103687702515043
    },
    "client_000": {
        "attacker_000": 0.22732560644577532,
        "attacker_001": 0.3035316203214831,
        "client_000": 0.9760479041916169,
        "client_001": 0.9760544217687075,
        "client_002": 0.9767125153207136,
        "client_003": 0.9765858970868501,
        "client_004": 0.976313640076232,
        "client_005": 0.12265386294194675,
        "client_006": 0.11439929328621909,
        "client_007": 0.13260135135135137,
        "client_008": 0.20923337568826766,
        "client_009": 0.17324561403508773,
        "client_010": 0.30579144021739135,
        "client_011": 0.30016218239281406,
        "client_012": 0.30433129093598144,
        "client_013": 0.10423983943803311,
        "client_014": 0.10474507824331146,
        "client_015": 0.10402810892207302,
        "client_016": 0.10393681043129388,
        "client_017": 0.10253562835461781
    },
    "client_001": {
        "attacker_000": 0.23111912118091316,
        "attacker_001": 0.30997478449539667,
        "client_000": 0.9779723991507431,
        "client_001": 0.9777247414478918,
        "client_002": 0.9786103361232895,
        "client_003": 0.9783561280042491,
        "client_004": 0.978361874419222,
        "client_005": 0.11530986827898944,
        "client_006": 0.11296980230284598,
        "client_007": 0.14735099337748345,
        "client_008": 0.21686746987951808,
        "client_009": 0.1774436090225564,
        "client_010": 0.31399694241549175,
        "client_011": 0.30716270581892086,
        "client_012": 0.31254492410468904,
        "client_013": 0.10313929444200765,
        "client_014": 0.10362890501735562,
        "client_015": 0.1033164064948906,
        "client_016": 0.10316118935837246,
        "client_017": 0.10124246524787796
    },
    "client_002": {
        "attacker_000": 0.23042142979013822,
        "attacker_001": 0.3071474191488126,
        "client_000": 0.9767379679144386,
        "client_001": 0.9767441860465116,
        "client_002": 0.9772544822049772,
        "client_003": 0.9771359807460891,
        "client_004": 0.9776528837147063,
        "client_005": 0.11917098445595854,
        "client_006": 0.11241830065359476,
        "client_007": 0.15110743117367006,
        "client_008": 0.2305940799006417,
        "client_009": 0.1814273430782459,
        "client_010": 0.3098947368421053,
        "client_011": 0.30411478519007173,
        "client_012": 0.308369674605837,
        "client_013": 0.10053274835474774,
        "client_014": 0.10094000378525013,
        "client_015": 0.10048866056885102,
        "client_016": 0.10047607116011024,
        "client_017": 0.0990330726119357
    },
    "client_003": {
        "attacker_000": 0.23122917912360128,
        "attacker_001": 0.30521348831856365,
        "client_000": 0.9774673870075109,
        "client_001": 0.9770811380400423,
        "client_002": 0.9773146926932209,
        "client_003": 0.9774614472123369,
        "client_004": 0.9770690564048499,
        "client_005": 0.12002553734837199,
        "client_006": 0.11580527557366502,
        "client_007": 0.14235753960090516,
        "client_008": 0.22813843948392384,
        "client_009": 0.17958492164337148,
        "client_010": 0.31242158092848177,
        "client_011": 0.30732007381587045,
        "client_012": 0.3107224651259629,
        "client_013": 0.10161059635594803,
        "client_014": 0.10249342187695779,
        "client_015": 0.10161260195504637,
        "client_016": 0.10159796057949388,
        "client_017": 0.10033690658499236
    },
    "client_004": {
        "attacker_000": 0.23019483306153976,
        "attacker_001": 0.3066495267032839,
        "client_000": 0.9773514521715961,
        "client_001": 0.9772333910264945,
        "client_002": 0.9783999999999999,
        "client_003": 0.9780205141867591,
        "client_004": 0.9782695640581256,
        "client_005": 0.12987569652807543,
        "client_006": 0.12494595763078255,
        "client_007": 0.15419689119170985,
        "client_008": 0.23016528925619834,
        "client_009": 0.1903948772678762,
        "client_010": 0.3099385677017588,
        "client_011": 0.30405405405405406,
        "client_012": 0.3085369431289552,
        "client_013": 0.09981143934632308,
        "client_014": 0.1004681766417816,
        "client_015": 0.09994971083731456,
        "client_016": 0.09974874371859296,
        "client_017": 0.09896703160759572
    },
    "client_005": {
        "attacker_000": 0.4596882558452029,
        "attacker_001": 0.38108604123933937,
        "client_000": 0.5146901968389411,
        "client_001": 0.5166634310489873,
        "client_002": 0.5161791856962393,
        "client_003": 0.5149991892330145,
        "client_004": 0.515478621673312,
        "client_005": 0.9740464323528651,
        "client_006": 0.9780669916001244,
        "client_007": 0.9753513848697808,
        "client_008": 0.9770636257613062,
        "client_009": 0.9769262677589962,
        "client_010": 0.6759724383196267,
        "client_011": 0.6857622031953394,
        "client_012": 0.6866333887964502,
        "client_013": 0.025751072961373387,
        "client_014": 0.025802580258025797,
        "client_015": 0.022178537224658502,
        "client_016": 0.1028560493709037,
        "client_017": 0.02635519616651692
    },
    "client_006": {
        "attacker_000": 0.45645524520184194,
        "attacker_001": 0.38030144969243496,
        "client_000": 0.5078292508608927,
        "client_001": 0.5103448275862069,
        "client_002": 0.5093681775228909,
        "client_003": 0.5071295722256665,
        "client_004": 0.5090138549307253,
        "client_005": 0.9739648033126294,
        "client_006": 0.9776404290129067,
        "client_007": 0.9742212119646639,
        "client_008": 0.9764507334804622,
        "client_009": 0.9764531789506478,
        "client_010": 0.6761671854157403,
        "client_011": 0.6867193361874918,
        "client_012": 0.6867477890817208,
        "client_013": 0.027308192457737322,
        "client_014": 0.02748106915400431,
        "client_015": 0.024124356515595035,
        "client_016": 0.1030858568891875,
        "client_017": 0.027820865649236925
    },
    "client_007": {
        "attacker_000": 0.46471255925752825,