{
    "attacker_000": {
        "attacker_000": 0.007810894141829393,
        "attacker_001": 0.007000926593225574,
        "client_000": 0.4593101755247331,
        "client_001": 0.4597262018465456,
        "client_002": 0.4595515255483396,
        "client_003": 0.4591651542649728,
        "client_004": 0.4596805800509504,
        "client_005": 0.08932694015272598,
        "client_006": 0.09011885754834131,
        "client_007": 0.08141529018864518,
        "client_008": 0.08058541873701328,
        "client_009": 0.0903934774902517,
        "client_010": 0.4613644567440741,
        "client_011": 0.46132742936901383,
        "client_012": 0.4613644567440741,
        "client_013": 0.42903858731196864,
        "client_014": 0.42556030691778124,
        "client_015": 0.4207617671994222,
        "client_016": 0.4038852340440189,
        "client_017": 0.4243407956389918
    },
    "attacker_001": {
        "attacker_000": 0.0078125,
        "attacker_001": 0.006999485331960886,
        "client_000": 0.46083560533490525,
        "client_001": 0.4617194392706598,
        "client_002": 0.46170442286947144,
        "client_003": 0.4609721983657645,
        "client_004": 0.4617194392706598,
        "client_005": 0.09279263325659642,
        "client_006": 0.09309734513274336,
        "client_007": 0.08565002249212776,
        "client_008": 0.0855085508550855,
        "client_009": 0.09379968203497617,
        "client_010": 0.4612127045235804,
        "client_011": 0.4612127045235804,
        "client_012": 0.4612127045235804,
        "client_013": 0.4293059890028236,
        "client_014": 0.4279610944459595,
        "client_015": 0.4197554151340816,
        "client_016": 0.402650743795948,
        "client_017": 0.42602500993671083
    },
    "client_000": {
        "attacker_000": 0.3492763969108962,
        "attacker_001": 0.3386766937133056,
        "client_000": 0.9759019741320626,
        "client_001": 0.9751121991024072,
        "client_002": 0.9753439585887482,
        "client_003": 0.9755102040816326,
        "client_004": 0.9756363141418265,
        "client_005": 0.2251710553597346,
        "client_006": 0.22208859490879937,
        "client_007": 0.23505572441742653,
        "client_008": 0.21603341953451363,
        "client_009": 0.23487118034751348,
        "client_010": 0.12884525479195885,
        "client_011": 0.12694288913773796,
        "client_012": 0.13225090857601357,
        "client_013": 0.10193343122858542,
        "client_014": 0.10301865741027706,
        "client_015": 0.10203707102220591,
        "client_016": 0.10572012257405516,
        "client_017": 0.0977622784074397
    },
    "client_001": {
        "attacker_000": 0.3553345388788427,
        "attacker_001": 0.343872999212805,
        "client_000": 0.9777247414478918,
        "client_001": 0.9760360121805904,
        "client_002": 0.9775713337757134,
        "client_003": 0.9767935287097201,
        "client_004": 0.9770648283176454,
        "client_005": 0.2283975659229209,
        "client_006": 0.2257938063504508,
        "client_007": 0.23494453248811412,
        "client_008": 0.2219194082149114,
        "client_009": 0.23492682926829273,
        "client_010": 0.13396500773957504,
        "client_011": 0.13084028338265627,
        "client_012": 0.13686053665231174,
        "client_013": 0.10056683123057232,
        "client_014": 0.10175568743818002,
        "client_015": 0.10084238798681479,
        "client_016": 0.10481242410685754,
        "client_017": 0.09627831715210357
    },
    "client_002": {
        "attacker_000": 0.3532594692089668,
        "attacker_001": 0.3431372549019608,
        "client_000": 0.9765948909990638,
        "client_001": 0.9763400614891057,
        "client_002": 0.9757794727686339,
        "client_003": 0.9765823631740935,
        "client_004": 0.9764642952661139,
        "client_005": 0.23878787878787877,
        "client_006": 0.23467395548613823,
        "client_007": 0.24896101325944983,
        "client_008": 0.23045586808923377,
        "client_009": 0.24625559229721844,
        "client_010": 0.13004421689550852,
        "client_011": 0.1264804469273743,
        "client_012": 0.13176912247771,
        "client_013": 0.09858467545143972,
        "client_014": 0.09973980919340851,
        "client_015": 0.09839872876176506,
        "client_016": 0.10179412138948976,
        "client_017": 0.0943976777939042
    },
    "client_003": {
        "attacker_000": 0.3530541682673838,
        "attacker_001": 0.3425522222945273,
        "client_000": 0.9758925042813859,
        "client_001": 0.9755069791941006,
        "client_002": 0.9758607043925603,
        "client_003": 0.9760084365937253,
        "client_004": 0.97615597417995,
        "client_005": 0.24003205770386696,
        "client_006": 0.23490712074303405,
        "client_007": 0.2501465702560094,
        "client_008": 0.229955777735051,
        "client_009": 0.24903474903474906,
        "client_010": 0.13615565928733186,
        "client_011": 0.13273630076254656,
        "client_012": 0.13849874430285555,
        "client_013": 0.09920562731186708,
        "client_014": 0.10048582498001353,
        "client_015": 0.0995260663507109,
        "client_016": 0.10304568527918781,
        "client_017": 0.09546981809755532
    },
    "client_004": {
        "attacker_000": 0.3518769787426504,
        "attacker_001": 0.3421674101285751,
        "client_000": 0.9768247202983483,
        "client_001": 0.9765770561618313,
        "client_002": 0.9765520916600052,
        "client_003": 0.9766822118587608,
        "client_004": 0.9767008387698043,
        "client_005": 0.24523379490266908,
        "client_006": 0.24253075571177507,
        "client_007": 0.25256511444356744,
        "client_008": 0.2394256887854094,
        "client_009": 0.25150866264356625,
        "client_010": 0.1324319318392295,
        "client_011": 0.12922121144885734,
        "client_012": 0.13560591871136918,
        "client_013": 0.09803320874946388,
        "client_014": 0.09903081510934394,
        "client_015": 0.09828823854224186,
        "client_016": 0.10113439723130167,
        "client_017": 0.09398474349269204
    },
    "client_005": {
        "attacker_000": 0.2864275390881619,
        "attacker_001": 0.27174249458372024,
        "client_000": 0.514610075469264,
        "client_001": 0.5190810219447841,
        "client_002": 0.517714174581051,
        "client_003": 0.5204939229376778,
        "client_004": 0.5161186331399097,
        "client_005": 0.9692101740294511,
        "client_006": 0.968917249897077,
        "client_007": 0.9661860536713018,
        "client_008": 0.969781424995484,
        "client_009": 0.9685806037251123,
        "client_010": 0.6841395173954394,
        "client_011": 0.6876129999559024,
        "client_012": 0.6846244157455197,
        "client_013": 0.017667844522968195,
        "client_014": 0.0120439249025859,
        "client_015": 0.01867555017161316,
        "client_016": 0.011750405186385737,
        "client_017": 0.019645375780777755
    },
    "client_006": {
        "attacker_000": 0.28557658604977215,
        "attacker_001": 0.27059083868112416,
        "client_000": 0.5080744535962125,
        "client_001": 0.5138000129274126,
        "client_002": 0.512071942914861,
        "client_003": 0.5154458340100698,
        "client_004": 0.5098687408847836,
        "client_005": 0.9679564847516178,
        "client_006": 0.9681942368163307,
        "client_007": 0.9644829091656181,
        "client_008": 0.9687879179037047,
        "client_009": 0.96802385358832,
        "client_010": 0.6850459851432614,
        "client_011": 0.6877812086457874,
        "client_012": 0.6851372001860342,
        "client_013": 0.01891085604490064,
        "client_014": 0.013990267639902677,
        "client_015": 0.019615773508594544,
        "client_016": 0.013590952888077486,
        "client_017": 0.019986877302781005
    },
    "client_007": {
        "attacker_000": 0.2863010705702425,