{
    "attacker_000": {
        "attacker_000": 0.010284891494394734,
        "attacker_001": 0.005981848184818482,
        "client_000": 0.3628140703517588,
        "client_001": 0.32395657418576596,
        "client_002": 0.3467895599769575,
        "client_003": 0.3600842105263158,
        "client_004": 0.35539027100966053,
        "client_005": 0.17740511915269197,
        "client_006": 0.1875312433050061,
        "client_007": 0.12695522635107176,
        "client_008": 0.13065902578796562,
        "client_009": 0.1543128256980633,
        "client_010": 0.46168646880561837,
        "client_011": 0.4618973187447396,
        "client_012": 0.4616753649678924,
        "client_013": 0.370757180156658,
        "client_014": 0.37077184792499107,
        "client_015": 0.37122859741389536,
        "client_016": 0.05779153766769866,
        "client_017": 0.37128732450069213
    },
    "attacker_001": {
        "attacker_000": 0.010295480284155256,
        "attacker_001": 0.006602021869197442,
        "client_000": 0.355252136036187,
        "client_001": 0.32250323942986037,
        "client_002": 0.34273088820150244,
        "client_003": 0.3536492970788787,
        "client_004": 0.35045291403178946,
        "client_005": 0.18017885940477937,
        "client_006": 0.19388409722717231,
        "client_007": 0.12504107788366742,
        "client_008": 0.1323792486583184,
        "client_009": 0.1547508511296812,
        "client_010": 0.46151996151996155,
        "client_011": 0.46164574616457466,
        "client_012": 0.46151996151996155,
        "client_013": 0.37579794615598117,
        "client_014": 0.37579794615598117,
        "client_015": 0.37603043753963217,
        "client_016": 0.054910044977511244,
        "client_017": 0.37596130975977166
    },
    "client_000": {
        "attacker_000": 0.21451640319564852,
        "attacker_001": 0.290894757587702,
        "client_000": 0.9473971854078426,
        "client_001": 0.9472821633433488,
        "client_002": 0.9495142974415105,
        "client_003": 0.9518382851716185,
        "client_004": 0.9505953195565896,
        "client_005": 0.2033119787259761,
        "client_006": 0.20062460961898812,
        "client_007": 0.18707746869112268,
        "client_008": 0.20614350851931845,
        "client_009": 0.20235351207084795,
        "client_010": 0.12428500027766981,
        "client_011": 0.11775016755168326,
        "client_012": 0.13806007889147368,
        "client_013": 0.30650664784092246,
        "client_014": 0.1087976733425871,
        "client_015": 0.30198736890897504,
        "client_016": 0.3037198608736662,
        "client_017": 0.3056794179770007
    },
    "client_001": {
        "attacker_000": 0.21752502376558744,
        "attacker_001": 0.29601873536299766,
        "client_000": 0.9475079533404029,
        "client_001": 0.9483879527663528,
        "client_002": 0.9503188097768331,
        "client_003": 0.9513413992635454,
        "client_004": 0.9498407643312101,
        "client_005": 0.209377623216213,
        "client_006": 0.2106045589692765,
        "client_007": 0.19208791208791207,
        "client_008": 0.21234921772363546,
        "client_009": 0.20799807853969016,
        "client_010": 0.12926231334967686,
        "client_011": 0.12176874258294205,
        "client_012": 0.14312465205729036,
        "client_013": 0.31135401974612126,
        "client_014": 0.1075882196869196,
        "client_015": 0.30695304810976665,
        "client_016": 0.30862597218948856,
        "client_017": 0.3103327085285848
    },
    "client_002": {
        "attacker_000": 0.22144032688269677,
        "attacker_001": 0.29871553884711777,
        "client_000": 0.9440578158458244,
        "client_001": 0.9453573814295257,
        "client_002": 0.948130277442702,
        "client_003": 0.9482758620689656,
        "client_004": 0.9480449919657203,
        "client_005": 0.20870401538831448,
        "client_006": 0.20941497950565147,
        "client_007": 0.1919579270296921,
        "client_008": 0.21129282559388804,
        "client_009": 0.20814805912750872,
        "client_010": 0.12428256070640178,
        "client_011": 0.11642710472279261,
        "client_012": 0.13779586913915273,
        "client_013": 0.308727187646233,
        "client_014": 0.10473552301807151,
        "client_015": 0.3047113776598812,
        "client_016": 0.30715164294500086,
        "client_017": 0.3078987282697468
    },
    "client_003": {
        "attacker_000": 0.2227298686464877,
        "attacker_001": 0.30211958241062953,
        "client_000": 0.945985401459854,
        "client_001": 0.9463078350788812,
        "client_002": 0.9483056478405315,
        "client_003": 0.9508758066640327,
        "client_004": 0.948585093662814,
        "client_005": 0.21308764469643282,
        "client_006": 0.212102763910873,
        "client_007": 0.19682402506211516,
        "client_008": 0.2179171069625455,
        "client_009": 0.21454760496747488,
        "client_010": 0.13091586327782645,
        "client_011": 0.12243651722558649,
        "client_012": 0.14310628332253725,
        "client_013": 0.3091809967939376,
        "client_014": 0.10607154578273713,
        "client_015": 0.3049543601814111,
        "client_016": 0.306613694788502,
        "client_017": 0.3081570996978852
    },
    "client_004": {
        "attacker_000": 0.22166874221668742,
        "attacker_001": 0.29993718592964824,
        "client_000": 0.9448229792919172,
        "client_001": 0.9450608207458895,
        "client_002": 0.9476362662381143,
        "client_003": 0.9485547600106073,
        "client_004": 0.9484259879437373,
        "client_005": 0.21109799291617473,
        "client_006": 0.2117733268197362,
        "client_007": 0.19560965007607045,
        "client_008": 0.2159425409160485,
        "client_009": 0.21169784513379114,
        "client_010": 0.12799911952454326,
        "client_011": 0.12052634273718703,
        "client_012": 0.14070099784385498,
        "client_013": 0.3088538901669321,
        "client_014": 0.10306944536919901,
        "client_015": 0.3044083526682135,
        "client_016": 0.30671871303524956,
        "client_017": 0.3077285025291142
    },
    "client_005": {
        "attacker_000": 0.28849174343082734,
        "attacker_001": 0.20801448947249263,
        "client_000": 0.5018991486574984,
        "client_001": 0.4795694033810931,
        "client_002": 0.47725549658832445,
        "client_003": 0.5024614481791804,
        "client_004": 0.5035872684581268,
        "client_005": 0.9553261117735102,
        "client_006": 0.955177743431221,
        "client_007": 0.9546501911731193,
        "client_008": 0.9546408965569583,
        "client_009": 0.9549787061447982,
        "client_010": 0.696541603697133,
        "client_011": 0.6939821303433777,
        "client_012": 0.6877348066298342,
        "client_013": 0.010427959320633937,
        "client_014": 0.010324179227751393,
        "client_015": 0.010624033006704486,
        "client_016": 0.010325245224574082,
        "client_017": 0.010419890642731869
    },
    "client_006": {
        "attacker_000": 0.288911495422177,
        "attacker_001": 0.20266957232361757,
        "client_000": 0.49463356818331466,
        "client_001": 0.4720885834287896,
        "client_002": 0.4706151557911597,
        "client_003": 0.49562108439662805,
        "client_004": 0.49634222353442903,
        "client_005": 0.9544116153924257,
        "client_006": 0.95398889649403,
        "client_007": 0.9541493565710812,
        "client_008": 0.9540448157994682,
        "client_009": 0.9541489145871372,
        "client_010": 0.6956350076771222,
        "client_011": 0.693522906793049,
        "client_012": 0.6881739437864592,
        "client_013": 0.012193231723068975,
        "client_014": 0.01208740120874012,
        "client_015": 0.012080536912751677,
        "client_016": 0.01208865010073875,
        "client_017": 0.012186935192357346
    },
    "client_007": {
        "attacker_000": 0.29018480145473,