{"client_0": {"client_0": 0.9627304684697611, "client_1": 0.9711241839443289, "client_2": 0.4088169883061913, "client_3": 0.5019011406844106, "client_4": 0.45214864767917357, "client_5": 0.41229643446445224, "client_6": 0.47962551115575003, "client_7": 0.4571346581533826, "client_8": 0.47524930052371045, "client_9": 0.49081713178850706}, "client_1": {"client_0": 0.9631250448382237, "client_1": 0.9723079130497166, "client_2": 0.40687997704282947, "client_3": 0.5060621278427434, "client_4": 0.4508214362579812, "client_5": 0.4101441997273836, "client_6": 0.4794102876820432, "client_7": 0.4561661525217017, "client_8": 0.47489059473419903, "client_9": 0.4914628022096277}, "client_2": {"client_0": 0.25567347860449363, "client_1": 0.22784238455458958, "client_2": 0.8913288924014904, "client_3": 0.8821835836061872, "client_4": 0.799537089307892, "client_5": 0.8081178728689172, "client_6": 0.8146663655865417, "client_7": 0.8165292988596591, "client_8": 0.7308343682962628, "client_9": 0.7262052613751835}, "client_3": {"client_0": 0.2509879191599865, "client_1": 0.22253584735237666, "client_2": 0.8931353731511799, "client_3": 0.8835948966918822, "client_4": 0.7976741560347748, "client_5": 0.8071017274472169, "client_6": 0.8139324827819804, "client_7": 0.8147228181099695, "client_8": 0.7391893417635769, "client_9": 0.7341650671785028}, "client_4": {"client_0": 0.06647559567095863, "client_1": 0.05197416263849083, "client_2": 0.7645121273046156, "client_3": 0.7287077041536553, "client_4": 0.9787397869700988, "client_5": 0.979381443298969, "client_6": 0.979253112033195, "client_7": 0.9795097745647431, "client_8": 0.26389185952004107, "client_9": 0.2570903024340163}, "client_5": {"client_0": 0.06514950592462677, "client_1": 0.05193138554989948, "client_2": 0.7651537836334859, "client_3": 0.7294349146597082, "client_4": 0.9779697993754545, "client_5": 0.9784403473499593, "client_6": 0.9788681182358728, "client_7": 0.978525901527142, "client_8": 0.26243743850793516, "client_9": 0.2567480857252855}, "client_6": {"client_0": 0.06754502288574239, "client_1": 0.0537280232707362, "client_2": 0.7681054027462891, "client_3": 0.7317448774436411, "client_4": 0.9771570346922188, "client_5": 0.9777131368439064, "client_6": 0.9780553535526372, "client_7": 0.9782692389955939, "client_8": 0.2691962185053685, "client_9": 0.26243743850793516}, "client_7": {"client_0": 0.06741669161996834, "client_1": 0.05325747529623134, "client_2": 0.7665226504684092, "client_3": 0.7329854130127903, "client_4": 0.9769431492492621, "client_5": 0.977670359755315, "client_6": 0.9778842451982718, "client_7": 0.9778414681096804, "client_8": 0.2685973392650896, "client_9": 0.262052444710613}, "client_8": {"client_0": 0.8765576688841, "client_1": 0.8625972079078047, "client_2": 0.3826478028670477, "client_3": 0.37791623723414225, "client_4": 0.4805115712545676, "client_5": 0.5207064555420219, "client_6": 0.49381617164808395, "client_7": 0.5028108310690528, "client_8": 0.2598144851494425, "client_9": 0.26004872107186355}, "client_9": {"client_0": 0.8836784409257004, "client_1": 0.8647990255785627, "client_2": 0.37993066616696336, "client_3": 0.3765576688841001, "client_4": 0.4786376838751991, "client_5": 0.5186451794247166, "client_6": 0.49006839688934695, "client_7": 0.4998594584465474, "client_8": 0.2556450857303476, "client_9": 0.2561135575751897}}