{
    "attacker_0": {
        "attacker_0": 0.008961007507871155,
        "client_0": 0.5201196302338228,
        "client_1": 0.0023218868385677625,
        "client_2": 0.11898675342784105,
        "client_3": 0.11710556979725006,
        "client_4": 0.12096029547553093,
        "client_5": 0.011329029114386649,
        "client_6": 0.011709459047386716,
        "client_7": 0.01240440777985187,
        "client_8": 0.0077043457325147455
    },
    "client_0": {
        "attacker_0": 0.08745466060222234,
        "client_0": 0.00010034820828274109,
        "client_1": 0.00022074390696647702,
        "client_2": 0.7568966700139087,
        "client_3": 0.9378593695878074,
        "client_4": 0.7601286413655393,
        "client_5": 0.5879352484857072,
        "client_6": 0.4492978019840498,
        "client_7": 0.7513172485950392,
        "client_8": 0.769749226942519
    },
    "client_1": {
        "attacker_0": 0.10109823120957832,
        "client_0": 0.00042129759659752036,
        "client_1": 0.0003611267153518979,
        "client_2": 0.7611850323478779,
        "client_3": 0.8692884978643023,
        "client_4": 0.7612389226543371,
        "client_5": 0.22025802419534843,
        "client_6": 0.34372273509102846,
        "client_7": 0.7596637818937466,
        "client_8": 0.7587001326268206
    },
    "client_2": {
        "attacker_0": 0.0956394877613876,
        "client_0": 0.006973269134982567,
        "client_1": 0.019069538056879828,
        "client_2": 0.23270254287403905,
        "client_3": 0.26139642238892097,
        "client_4": 0.2523595179323363,
        "client_5": 0.04465023978832479,
        "client_6": 0.057435220333388354,
        "client_7": 0.06224066390041494,
        "client_8": 0.06694560669456068
    },
    "client_3": {
        "attacker_0": 0.09547163642308322,
        "client_0": 0.008476012883539583,
        "client_1": 0.02027712064886786,
        "client_2": 0.2333893386283794,
        "client_3": 0.25220030349013656,
        "client_4": 0.2510900616448654,
        "client_5": 0.045844269466316714,
        "client_6": 0.05665149215983814,
        "client_7": 0.06412966878083157,
        "client_8": 0.06721337835664898
    },
    "client_4": {
        "attacker_0": 0.09397278029812055,
        "client_0": 0.007032348804500703,
        "client_1": 0.015455950540958269,
        "client_2": 0.2232874594093088,
        "client_3": 0.25420617925971245,
        "client_4": 0.24573273873596801,
        "client_5": 0.041953347877160596,
        "client_6": 0.05074278083792355,
        "client_7": 0.0708888089240734,
        "client_8": 0.07340372046254401
    },
    "client_5": {
        "attacker_0": 0.1195460349799848,
        "client_0": 0.16432725645900906,
        "client_1": 0.1621788053518446,
        "client_2": 0.23656981815741795,
        "client_3": 0.3220072782991764,
        "client_4": 0.2324405042175077,
        "client_5": 0.13900677008671958,
        "client_6": 0.136563751526685,
        "client_7": 0.11836354517446443,
        "client_8": 0.1722951801356414
    },
    "client_6": {
        "attacker_0": 0.11732010774295609,
        "client_0": 0.16433789827495207,
        "client_1": 0.16300417246175244,
        "client_2": 0.2723733375140446,
        "client_3": 0.3251478578032193,
        "client_4": 0.3010429510891903,
        "client_5": 0.13765742361777827,
        "client_6": 0.13646819740611638,
        "client_7": 0.11677542529849257,
        "client_8": 0.17851535601156868
    },
    "client_7": {
        "attacker_0": 0.05402160864345739,
        "client_0": 0.003993510545363783,
        "client_1": 0.0027120315581854043,
        "client_2": 0.12203943530509857,
        "client_3": 0.11875654907439749,
        "client_4": 0.12405971531072793,
        "client_5": 0.006971243620067223,
        "client_6": 0.01730103806228374,
        "client_7": 0.08216241962371994,
        "client_8": 0.03661493695441319
    },
    "client_8": {
        "attacker_0": 0.057096247960848286,
        "client_0": 0.00624249699879952,
        "client_1": 0.0033845038075667835,
        "client_2": 0.12212708427219468,
        "client_3": 0.11902914773356975,
        "client_4": 0.12466487935656836,
        "client_5": 0.014637072585482901,
        "client_6": 0.024343675417661095,
        "client_7": 0.08478460128322639,
        "client_8": 0.03564727954971857
    }
}