{
    "attacker_0": {
        "attacker_0": 0.026643747314138374,
        "client_0": 0.010037333986168065,
        "client_1": 0.002813799853193051,
        "client_2": 0.7329327389028882,
        "client_3": 0.5805520318446262,
        "client_4": 0.10642886285481144,
        "client_5": 0.00476801760498808,
        "client_6": 0.09407502629426202,
        "client_7": 0.012114604155309227,
        "client_8": 0.006964383896389517
    },
    "client_0": {
        "attacker_0": 0.7414124065467771,
        "client_0": 0.0002809439717450634,
        "client_1": 0.0002006782926290863,
        "client_2": 0.3222140855028913,
        "client_3": 0.7584385491737415,
        "client_4": 0.7728243804832999,
        "client_5": 0.7645859541057562,
        "client_6": 0.751586053997858,
        "client_7": 0.7610286119209085,
        "client_8": 0.6461709845263487
    },
    "client_1": {
        "attacker_0": 0.6486017423138198,
        "client_0": 0.0004213102749551104,
        "client_1": 0.00030094798615639263,
        "client_2": 0.22072462086386804,
        "client_3": 0.762019499472148,
        "client_4": 0.7742371880803335,
        "client_5": 0.7626543190719441,
        "client_6": 0.7542807149106361,
        "client_7": 0.7619183663329442,
        "client_8": 0.5533128660700677
    },
    "client_2": {
        "attacker_0": 0.03890921183904223,
        "client_0": 0.029564652371669917,
        "client_1": 0.012466307277628033,
        "client_2": 0.07889733840304182,
        "client_3": 0.19237147595356552,
        "client_4": 0.1149749373433584,
        "client_5": 0.015647921760391197,
        "client_6": 0.04164617150352516,
        "client_7": 0.07654530059271804,
        "client_8": 0.05180840664711633
    },
    "client_3": {
        "attacker_0": 0.034060670569451834,
        "client_0": 0.024316109422492398,
        "client_1": 0.015384615384615385,
        "client_2": 0.07360708808996422,
        "client_3": 0.18414239482200648,
        "client_4": 0.11023885084349423,
        "client_5": 0.017335146159075464,
        "client_6": 0.04513491414554375,
        "client_7": 0.07834980065869301,
        "client_8": 0.04897159647404505
    },
    "client_4": {
        "attacker_0": 0.04975461160940937,
        "client_0": 0.018952446588559616,
        "client_1": 0.011049723756906079,
        "client_2": 0.07489277466182778,
        "client_3": 0.19293100787158513,
        "client_4": 0.11186550274814096,
        "client_5": 0.013413585554600174,
        "client_6": 0.036885245901639344,
        "client_7": 0.07726230375727641,
        "client_8": 0.042775345234085556
    },
    "client_5": {
        "attacker_0": 0.15260999044782828,
        "client_0": 0.16369588941433247,
        "client_1": 0.32559801894258505,
        "client_2": 0.31451302450917495,
        "client_3": 0.27553911537856135,
        "client_4": 0.22756639376323493,
        "client_5": 0.041772568250456,
        "client_6": 0.09633553443146363,
        "client_7": 0.148022933130485,
        "client_8": 0.35117472184242543
    },
    "client_6": {
        "attacker_0": 0.15008608743123503,
        "client_0": 0.16340314354406102,
        "client_1": 0.3289887867716774,
        "client_2": 0.36912337822505054,
        "client_3": 0.31625835189309576,
        "client_4": 0.2291069754987281,
        "client_5": 0.041082238848150404,
        "client_6": 0.10048067236565639,
        "client_7": 0.14372620368939404,
        "client_8": 0.3462404885863035
    },
    "client_7": {
        "attacker_0": 0.020221707881593377,
        "client_0": 0.021417009089777117,
        "client_1": 0.5214490873714445,
        "client_2": 0.7377318619394225,
        "client_3": 0.12819032220810717,
        "client_4": 0.6544759371623305,
        "client_5": 0.005223230941425195,
        "client_6": 0.01430156577487363,
        "client_7": 0.0911037107516651,
        "client_8": 0.035508754744704295
    },
    "client_8": {
        "attacker_0": 0.016601446697497923,
        "client_0": 0.020633397312859885,
        "client_1": 0.5211142654364798,
        "client_2": 0.7441965973534972,
        "client_3": 0.12914718325539967,
        "client_4": 0.660701330108827,
        "client_5": 0.004563468235859253,
        "client_6": 0.09424809424809424,
        "client_7": 0.09674168626133692,
        "client_8": 0.03685131195335277
    }
}