{
    "attacker_000": {
        "attacker_000": 0.8229665071770336,
        "attacker_001": 0.8301886792452831,
        "attacker_002": 0.8301886792452831,
        "client_000": 0.0047806705859551645,
        "client_001": 0.005838112572547133,
        "client_002": 0.005359852765490297,
        "client_003": 0.0055354758881182645,
        "client_004": 0.00598627061847285,
        "client_005": 0.02904564315352697,
        "client_006": 0.03415300546448088,
        "client_007": 0.02896551724137931,
        "client_008": 0.026334026334026334,
        "client_009": 0.03445899379738112,
        "client_010": 0.0014369162527723112,
        "client_011": 0.001374527506169754,
        "client_012": 0.0019339019926097316,
        "client_013": 0.0019707207207207205,
        "client_014": 0.0020675650729185895,
        "client_015": 0.0016758138170849218,
        "client_016": 0.0019531931219699344
    },
    "attacker_001": {
        "attacker_000": 0.8195121951219512,
        "attacker_001": 0.8252427184466019,
        "attacker_002": 0.8212560386473431,
        "client_000": 0.00549663735126746,
        "client_001": 0.006535048496938846,
        "client_002": 0.006143300569063632,
        "client_003": 0.006135770234986944,
        "client_004": 0.006586670144776314,
        "client_005": 0.034712950600801075,
        "client_006": 0.04339250493096647,
        "client_007": 0.031978680879413725,
        "client_008": 0.030769230769230767,
        "client_009": 0.043824701195219126,
        "client_010": 0.0019359270592643476,
        "client_011": 0.001998376319240617,
        "client_012": 0.0015875754961173427,
        "client_013": 0.0016176677451118298,
        "client_014": 0.0016240956739997045,
        "client_015": 0.0012542330364981816,
        "client_016": 0.001604408635903875
    },
    "attacker_002": {
        "attacker_000": 0.7942583732057416,
        "attacker_001": 0.8037383177570094,
        "attacker_002": 0.8093023255813954,
        "client_000": 0.005864346705332689,
        "client_001": 0.006531005087309226,
        "client_002": 0.006131010003226847,
        "client_003": 0.006124576492051081,
        "client_004": 0.0066393282561999604,
        "client_005": 0.04060913705583757,
        "client_006": 0.044412607449856735,
        "client_007": 0.0404332129963899,
        "client_008": 0.03631082062454611,
        "client_009": 0.046209386281588445,
        "client_010": 0.0021232085427920194,
        "client_011": 0.0020608255792168868,
        "client_012": 0.002144883415207915,
        "client_013": 0.002185792349726776,
        "client_014": 0.0022977430233850943,
        "client_015": 0.0018411582559209976,
        "client_016": 0.0021676047966996464
    },
    "client_000": {
        "attacker_000": 0.24726720647773276,
        "attacker_001": 0.2551799345692476,
        "attacker_002": 0.24330123247342947,
        "client_000": 0.9686316928069227,
        "client_001": 0.9633879781420766,
        "client_002": 0.9648378711178,
        "client_003": 0.9652435686918446,
        "client_004": 0.9648282468865471,
        "client_005": 0.2050460552663196,
        "client_006": 0.20437956204379562,
        "client_007": 0.20979299363057324,
        "client_008": 0.2092467118373854,
        "client_009": 0.20668569099062373,
        "client_010": 0.12897089594825945,
        "client_011": 0.13216789933723944,
        "client_012": 0.10572179150381239,
        "client_013": 0.10443897202753046,
        "client_014": 0.10537058298252329,
        "client_015": 0.10810810810810811,
        "client_016": 0.10485609230379106
    },
    "client_001": {
        "attacker_000": 0.24644596878417338,
        "attacker_001": 0.2551385622251764,
        "attacker_002": 0.24285223873277423,
        "client_000": 0.9690667368698169,
        "client_001": 0.9636701140281093,
        "client_002": 0.9662144187283852,
        "client_003": 0.9665912418474644,
        "client_004": 0.9667464751263634,
        "client_005": 0.20785309630787263,
        "client_006": 0.20985752791682713,
        "client_007": 0.21406491499227198,
        "client_008": 0.2134004647560031,
        "client_009": 0.21073558648111335,
        "client_010": 0.1339247388753756,
        "client_011": 0.13738543174143752,
        "client_012": 0.1042094455852156,
        "client_013": 0.10271330086648535,
        "client_014": 0.10350541746335244,
        "client_015": 0.10686015831134564,
        "client_016": 0.1031464095407257
    },
    "client_002": {
        "attacker_000": 0.2509986347777721,
        "attacker_001": 0.25876010781671155,
        "attacker_002": 0.2471361689411296,
        "client_000": 0.9681697612732095,
        "client_001": 0.9636875251239448,
        "client_002": 0.9648322147651007,
        "client_003": 0.9652302322459392,
        "client_004": 0.9653505237711523,
        "client_005": 0.22343324250681199,
        "client_006": 0.22363112391930837,
        "client_007": 0.22875943487516934,
        "client_008": 0.22841656987998452,
        "client_009": 0.2258898389341817,
        "client_010": 0.12875047474363843,
        "client_011": 0.13299599007065113,
        "client_012": 0.10240347737151621,
        "client_013": 0.10117320550018921,
        "client_014": 0.10177469626614082,
        "client_015": 0.10460526315789476,
        "client_016": 0.10128983308042488
    },
    "client_003": {
        "attacker_000": 0.2516315070572166,
        "attacker_001": 0.25890637945318973,
        "attacker_002": 0.2476180974709433,
        "client_000": 0.9703800786369594,
        "client_001": 0.9620219663887786,
        "client_002": 0.964318875182385,
        "client_003": 0.9645747644951572,
        "client_004": 0.9648307896483079,
        "client_005": 0.21941747572815537,
        "client_006": 0.22017997319548152,
        "client_007": 0.22558406740712375,
        "client_008": 0.2246071291682637,
        "client_009": 0.2223096596498131,
        "client_010": 0.13458366712219028,
        "client_011": 0.13867473868419805,
        "client_012": 0.1033210332103321,
        "client_013": 0.10226130653266331,
        "client_014": 0.10266784675685929,
        "client_015": 0.10596546310832025,
        "client_016": 0.10229921259842518
    },
    "client_004": {
        "attacker_000": 0.2510523913374246,
        "attacker_001": 0.25910889027691025,
        "attacker_002": 0.24726181545386344,
        "client_000": 0.9706038135593219,
        "client_001": 0.9637458193979933,
        "client_002": 0.9655449792197346,
        "client_003": 0.9658131116771685,
        "client_004": 0.9655357382325334,
        "client_005": 0.22381413359148108,
        "client_006": 0.22672529153125598,
        "client_007": 0.2304732589457484,
        "client_008": 0.2294072363356428,
        "client_009": 0.22756852691776766,
        "client_010": 0.13079890844076408,
        "client_011": 0.13648918944661398,
        "client_012": 0.10104910857951985,
        "client_013": 0.0998984513835999,
        "client_014": 0.10028140189306728,
        "client_015": 0.103359173126615,
        "client_016": 0.10027393769510098
    },
    "client_005": {
        "attacker_000": 0.3181912294504949,
        "attacker_001": 0.3660439252710325,
        "attacker_002": 0.3478897887753856,
        "client_000": 0.5174974173553719,
        "client_001": 0.5220780057328739,
        "client_002": 0.5201020441114735,
        "client_003": 0.5209164628652335,
        "client_004": 0.5173057128152342,
        "client_005": 0.9644805244692565,
        "client_006": 0.9650431849542598,
        "client_007": 0.9649288615290301,
        "client_008": 0.9652951699463327,
        "client_009": 0.9659388646288208,
        "client_010": 0.6892103119564978,
        "client_011": 0.6856419706489644,
        "client_012": 0.014152135456153653,
        "client_013": 0.01564945226917058,
        "client_014": 0.02245720040281974,
        "client_015": 0.012283016952593645,