{
    "attacker_000": {
        "attacker_000": 0.838709677419355,
        "attacker_001": 0.8476190476190476,
        "attacker_002": 0.8669950738916257,
        "client_000": 0.004734182074083552,
        "client_001": 0.004758077479504902,
        "client_002": 0.004734636424709683,
        "client_003": 0.0047325168675854574,
        "client_004": 0.004860733587029515,
        "client_005": 0.05251875669882101,
        "client_006": 0.03395703395703396,
        "client_007": 0.03395703395703396,
        "client_008": 0.03395703395703396,
        "client_009": 0.05260332796564681,
        "client_010": 0.0012494533641531828,
        "client_011": 0.0014366918608282842,
        "client_012": 0.002506731037043914,
        "client_013": 0.002534521936724349,
        "client_014": 0.002281438218653039,
        "client_015": 0.0028194979124871226,
        "client_016": 0.002724424465331699
    },
    "attacker_001": {
        "attacker_000": 0.8130841121495328,
        "attacker_001": 0.8212560386473431,
        "attacker_002": 0.8415841584158414,
        "client_000": 0.005377720870678618,
        "client_001": 0.005470987674186593,
        "client_002": 0.005440696409140371,
        "client_003": 0.005439651862280814,
        "client_004": 0.005632901264202272,
        "client_005": 0.05826271186440678,
        "client_006": 0.03728813559322034,
        "client_007": 0.03728813559322034,
        "client_008": 0.03728813559322034,
        "client_009": 0.05832449628844115,
        "client_010": 0.0019358061696015986,
        "client_011": 0.001998126756166094,
        "client_012": 0.002229965156794425,
        "client_013": 0.002094058110112556,
        "client_014": 0.002102472690707985,
        "client_015": 0.002282236591860023,
        "client_016": 0.00218092598482439
    },
    "attacker_002": {
        "attacker_000": 0.8144796380090499,
        "attacker_001": 0.8169014084507041,
        "attacker_002": 0.832535885167464,
        "client_000": 0.005748594787940725,
        "client_001": 0.005842133983885982,
        "client_002": 0.005812839348450974,
        "client_003": 0.005810612349147565,
        "client_004": 0.0060652493136691575,
        "client_005": 0.0638904734740445,
        "client_006": 0.038970076548364645,
        "client_007": 0.038970076548364645,
        "client_008": 0.038970076548364645,
        "client_009": 0.064,
        "client_010": 0.0020606968902210565,
        "client_011": 0.0020605682172962847,
        "client_012": 0.002691290427358359,
        "client_013": 0.0027094349517108774,
        "client_014": 0.002737476047084588,
        "client_015": 0.0028362604996181955,
        "client_016": 0.0028116638701192686
    },
    "client_000": {
        "attacker_000": 0.017370030581039756,
        "attacker_001": 0.029179561674982632,
        "attacker_002": 0.017329510036155092,
        "client_000": 0.9763007354944158,
        "client_001": 0.9765795206971678,
        "client_002": 0.9761612859283477,
        "client_003": 0.9769848835625765,
        "client_004": 0.976313640076232,
        "client_005": 0.05453690644099671,
        "client_006": 0.08994610667162238,
        "client_007": 0.053468541138511176,
        "client_008": 0.06356517733763242,
        "client_009": 0.08737864077669903,
        "client_010": 0.30133900638218,
        "client_011": 0.3072896880671985,
        "client_012": 0.10586955130256673,
        "client_013": 0.10535010801880798,
        "client_014": 0.10498986828774061,
        "client_015": 0.10614920002570198,
        "client_016": 0.10238739847403397
    },
    "client_001": {
        "attacker_000": 0.016420162994265016,
        "attacker_001": 0.026514914639484712,
        "attacker_002": 0.016608230300793506,
        "client_000": 0.9779665516325989,
        "client_001": 0.9779723991507431,
        "client_002": 0.9780963759458383,
        "client_003": 0.9784917684545936,
        "client_004": 0.9775832338506433,
        "client_005": 0.05668202764976958,
        "client_006": 0.09225092250922509,
        "client_007": 0.055731762573629356,
        "client_008": 0.06891891891891891,
        "client_009": 0.08322496749024708,
        "client_010": 0.3086275816122585,
        "client_011": 0.3153362320064165,
        "client_012": 0.10506061189147585,
        "client_013": 0.10447951132603717,
        "client_014": 0.10423535379152929,
        "client_015": 0.10553443721409704,
        "client_016": 0.10119742093951488
    },
    "client_002": {
        "attacker_000": 0.015623077869356624,
        "attacker_001": 0.027562555569668492,
        "attacker_002": 0.015517457139281694,
        "client_000": 0.9772544822049772,
        "client_001": 0.9772544822049772,
        "client_002": 0.9764453961456102,
        "client_003": 0.9771298649190853,
        "client_004": 0.9773973518790959,
        "client_005": 0.057129693618981806,
        "client_006": 0.08795269770879525,
        "client_007": 0.055807622504537205,
        "client_008": 0.06921510970368695,
        "client_009": 0.08705114254624592,
        "client_010": 0.30520393811533053,
        "client_011": 0.309914587171328,
        "client_012": 0.10222620266120777,
        "client_013": 0.10185831166360118,
        "client_014": 0.10148875514729173,
        "client_015": 0.10292607802874744,
        "client_016": 0.09920708095150287
    },
    "client_003": {
        "attacker_000": 0.016621521792661905,
        "attacker_001": 0.028042126633675925,
        "attacker_002": 0.016690719708853614,
        "client_000": 0.9765419082762257,
        "client_001": 0.9771978384078029,
        "client_002": 0.9765233447639146,
        "client_003": 0.9772038476742654,
        "client_004": 0.9768177028451002,
        "client_005": 0.061719990923530754,
        "client_006": 0.09173643975245722,
        "client_007": 0.06117436927885688,
        "client_008": 0.07308377896613191,
        "client_009": 0.08781323623902335,
        "client_010": 0.3086739944835536,
        "client_011": 0.31359001040582724,
        "client_012": 0.10328638497652581,
        "client_013": 0.10259960974381568,
        "client_014": 0.10258989187830024,
        "client_015": 0.10389112516772091,
        "client_016": 0.1001465559355154
    },
    "client_004": {
        "attacker_000": 0.01751377832210655,
        "attacker_001": 0.029748718273308435,
        "attacker_002": 0.01713892537686871,
        "client_000": 0.9772030395947208,
        "client_001": 0.9772212601571867,
        "client_002": 0.9774636618215762,
        "client_003": 0.9774876781670441,
        "client_004": 0.9774876781670441,
        "client_005": 0.06201194304088195,
        "client_006": 0.09765119289809507,
        "client_007": 0.061058344640434185,
        "client_008": 0.07590388502133393,
        "client_009": 0.09031697785497178,
        "client_010": 0.3057451296686934,
        "client_011": 0.311276872145162,
        "client_012": 0.10138603696098562,
        "client_013": 0.10062973093314673,
        "client_014": 0.10087022803785811,
        "client_015": 0.10157257025006444,
        "client_016": 0.09869393790044356
    },
    "client_005": {
        "attacker_000": 0.3112242768293192,
        "attacker_001": 0.3523728331912475,
        "attacker_002": 0.30745993119073595,
        "client_000": 0.5079665665404205,
        "client_001": 0.5160159672865349,
        "client_002": 0.4984710485647585,
        "client_003": 0.536079172404958,
        "client_004": 0.5286021367384259,
        "client_005": 0.9761929460580914,
        "client_006": 0.9725058511869551,
        "client_007": 0.9749398712080068,
        "client_008": 0.9749883486096007,
        "client_009": 0.9713962341804713,
        "client_010": 0.6823836720237304,
        "client_011": 0.6820117083555082,
        "client_012": 0.023128911138923656,
        "client_013": 0.02802433429739703,
        "client_014": 0.022316043425814235,
        "client_015": 0.10339055999234852,