{
    "client_0": {
        "client_0": 0.00016055229991169623,
        "client_1": 0.00022073061834672767,
        "client_2": 0.696939782823297,
        "client_3": 0.7108357371069345,
        "client_4": 0.44637748937994476,
        "client_5": 0.7613022700861924,
        "client_6": 0.4494399502177972,
        "client_7": 0.7614562039033422,
        "client_8": 0.6162518657364018,
        "client_9": 0.6557089574888545
    },
    "client_1": {
        "client_0": 0.0005416140097490522,
        "client_1": 0.00024077046548956664,
        "client_2": 0.6946574382681693,
        "client_3": 0.6975486096592097,
        "client_4": 0.26545191914445576,
        "client_5": 0.7656459952320505,
        "client_6": 0.32058907779668727,
        "client_7": 0.7618284479063787,
        "client_8": 0.5421740497765686,
        "client_9": 0.6549564747958702
    },
    "client_2": {
        "client_0": 0.01688673313572263,
        "client_1": 0.0040530582166543845,
        "client_2": 0.015617906110959775,
        "client_3": 0.017793917385383568,
        "client_4": 0.0177616674218396,
        "client_5": 0.23311493973954547,
        "client_6": 0.23744879106755565,
        "client_7": 0.10783720729283677,
        "client_8": 0.5202430531849526,
        "client_9": 0.5215664795289607
    },
    "client_3": {
        "client_0": 0.010069571585499818,
        "client_1": 0.0036653532484193165,
        "client_2": 0.015147316892952803,
        "client_3": 0.017295889901432025,
        "client_4": 0.015732000740329447,
        "client_5": 0.23972102830265188,
        "client_6": 0.24566520823205315,
        "client_7": 0.10856495599895442,
        "client_8": 0.5273739980980845,
        "client_9": 0.5254970918436358
    },
    "client_4": {
        "client_0": 0.010805860805860806,
        "client_1": 0.00978349488178277,
        "client_2": 0.013289641361733115,
        "client_3": 0.01396572050421692,
        "client_4": 0.012882155493059964,
        "client_5": 0.2441390460792239,
        "client_6": 0.24927395934172317,
        "client_7": 0.11264427666406317,
        "client_8": 0.5201267615130469,
        "client_9": 0.6037879750858014
    },
    "client_5": {
        "client_0": 0.027550016398819287,
        "client_1": 0.022727272727272728,
        "client_2": 0.04116753838366796,
        "client_3": 0.038603558241020484,
        "client_4": 0.05675406571523399,
        "client_5": 0.23553719008264465,
        "client_6": 0.23334329250074695,
        "client_7": 0.2219917012448133,
        "client_8": 0.023658780406531153,
        "client_9": 0.048315529991783075
    },
    "client_6": {
        "client_0": 0.02680412371134021,
        "client_1": 0.023065351830185522,
        "client_2": 0.03598453001513368,
        "client_3": 0.041680449884220976,
        "client_4": 0.05346015086913743,
        "client_5": 0.24192565508836078,
        "client_6": 0.23731968357375524,
        "client_7": 0.23244251087632067,
        "client_8": 0.028247659714238794,
        "client_9": 0.04471808165910564
    },
    "client_7": {
        "client_0": 0.02141253669487135,
        "client_1": 0.022237427300718437,
        "client_2": 0.034600890715998624,
        "client_3": 0.03593429158110883,
        "client_4": 0.05011933174224344,
        "client_5": 0.2330908528091627,
        "client_6": 0.23086458010536104,
        "client_7": 0.22125543816034804,
        "client_8": 0.024863760217983647,
        "client_9": 0.04441453566621804
    },
    "client_8": {
        "client_0": 0.16254268599899233,
        "client_1": 0.16284958797935,
        "client_2": 0.12253247124792585,
        "client_3": 0.12462662036044533,
        "client_4": 0.11733340977826194,
        "client_5": 0.3244497717477238,
        "client_6": 0.2272377740303541,
        "client_7": 0.28442007701847144,
        "client_8": 0.16815283068893822,
        "client_9": 0.16510350418629355
    },
    "client_9": {
        "client_0": 0.16458561924471174,
        "client_1": 0.1621358412866246,
        "client_2": 0.11809833447410449,
        "client_3": 0.12313379781032277,
        "client_4": 0.12098379300540234,
        "client_5": 0.32687758535628897,
        "client_6": 0.2275877786864367,
        "client_7": 0.2821551970488141,
        "client_8": 0.16812366441872728,
        "client_9": 0.16650925051391743
    }
}