{
    "client_0": {
        "client_0": 0.00012040214315814821,
        "client_1": 0.00022071954571904406,
        "client_2": 0.21243207374594236,
        "client_3": 0.22916685173176515,
        "client_4": 0.20756074312537093,
        "client_5": 0.04773751224289912,
        "client_6": 0.6540526305127321,
        "client_7": 0.033059971775665886,
        "client_8": 0.021656278534280836,
        "client_9": 0.02049693141869749
    },
    "client_1": {
        "client_0": 0.0003611122256550174,
        "client_1": 0.0002608242044861763,
        "client_2": 0.06835536261095392,
        "client_3": 0.07233622807187204,
        "client_4": 0.047506636236298985,
        "client_5": 0.038975731163861375,
        "client_6": 0.654299235136467,
        "client_7": 0.019966027952439132,
        "client_8": 0.000421322954075798,
        "client_9": 0.0016641937682961062
    },
    "client_2": {
        "client_0": 0.5205236601663712,
        "client_1": 0.5191080617495712,
        "client_2": 0.008425680007326679,
        "client_3": 0.00733810310034856,
        "client_4": 0.007528461255967683,
        "client_5": 0.07810320781032079,
        "client_6": 0.030439784089903544,
        "client_7": 0.03803821431716122,
        "client_8": 0.08019784490372726,
        "client_9": 0.5136693575741131
    },
    "client_3": {
        "client_0": 0.5265648235771258,
        "client_1": 0.5238482384823848,
        "client_2": 0.007597516909107755,
        "client_3": 0.005950167348456675,
        "client_4": 0.006310319227913883,
        "client_5": 0.07842091224326486,
        "client_6": 0.02561756633119854,
        "client_7": 0.02893832519442937,
        "client_8": 0.08479558207891691,
        "client_9": 0.5258573761567774
    },
    "client_4": {
        "client_0": 0.5204556177124755,
        "client_1": 0.5166116315115574,
        "client_2": 0.007601122070400868,
        "client_3": 0.005296319970778924,
        "client_4": 0.005660032864706957,
        "client_5": 0.08052852423890725,
        "client_6": 0.02943058221369162,
        "client_7": 0.031038889903231694,
        "client_8": 0.09289760348583878,
        "client_9": 0.5195492804778713
    },
    "client_5": {
        "client_0": 0.016118200134318337,
        "client_1": 0.045043381945726414,
        "client_2": 0.015296367112810707,
        "client_3": 0.031958966265535606,
        "client_4": 0.04676134395566332,
        "client_5": 0.11566870972811566,
        "client_6": 0.11340368561978263,
        "client_7": 0.12620754129012152,
        "client_8": 0.07494681721485845,
        "client_9": 0.12615217784203867
    },
    "client_6": {
        "client_0": 0.028451882845188285,
        "client_1": 0.04762811964183654,
        "client_2": 0.020594521080240916,
        "client_3": 0.0377055756117128,
        "client_4": 0.043805852461888915,
        "client_5": 0.1218938885157824,
        "client_6": 0.12051023833501175,
        "client_7": 0.13390928725701945,
        "client_8": 0.07046070460704607,
        "client_9": 0.1195814648729447
    },
    "client_7": {
        "client_0": 0.016818500350385422,
        "client_1": 0.039953452288595814,
        "client_2": 0.01648675171736997,
        "client_3": 0.04116182572614108,
        "client_4": 0.040124524386025595,
        "client_5": 0.12107835409112408,
        "client_6": 0.11212266411116435,
        "client_7": 0.1248015242934265,
        "client_8": 0.06347062795408509,
        "client_9": 0.11450094161958568
    },
    "client_8": {
        "client_0": 0.1659166503619644,
        "client_1": 0.1650599379663006,
        "client_2": 0.15214423442316083,
        "client_3": 0.16599122390228904,
        "client_4": 0.17453151263422562,
        "client_5": 0.2902478392169114,
        "client_6": 0.28830143447161677,
        "client_7": 0.28822417725643534,
        "client_8": 0.1345185606599346,
        "client_9": 0.13852199696397915
    },
    "client_9": {
        "client_0": 0.16540058605413363,
        "client_1": 0.16471928532725735,
        "client_2": 0.15118869166865134,
        "client_3": 0.1653853105145352,
        "client_4": 0.16607631509494242,
        "client_5": 0.2884904000414015,
        "client_6": 0.30273016524684393,
        "client_7": 0.2879287812326126,
        "client_8": 0.13759137478479297,
        "client_9": 0.1398548171118472
    }
}