{
    "client_0": {
        "client_0": 0.00018059596669007724,
        "client_1": 0.00022073504770887055,
        "client_2": 0.6918730187899114,
        "client_3": 0.6762348159315661,
        "client_4": 0.7350430605004792,
        "client_5": 0.7412810893427817,
        "client_6": 0.6707927890675542,
        "client_7": 0.7592353991995467,
        "client_8": 0.45879760293833366,
        "client_9": 0.41328143035687276
    },
    "client_1": {
        "client_0": 0.00048145399105298,
        "client_1": 0.00038117019249094724,
        "client_2": 0.6774850561596485,
        "client_3": 0.6715934534598571,
        "client_4": 0.7296722063621534,
        "client_5": 0.744278343696256,
        "client_6": 0.49369431997642454,
        "client_7": 0.7619455779777765,
        "client_8": 0.2976172175249808,
        "client_9": 0.1931635862619084
    },
    "client_2": {
        "client_0": 0.011285038223516564,
        "client_1": 0.006061719324026451,
        "client_2": 0.00838650865998177,
        "client_3": 0.019456314210382762,
        "client_4": 0.010769371178242221,
        "client_5": 0.2121852152721365,
        "client_6": 0.23633015771355376,
        "client_7": 0.11692467352763124,
        "client_8": 0.005327454762560852,
        "client_9": 0.0020131771595900435
    },
    "client_3": {
        "client_0": 0.007154650522839845,
        "client_1": 0.004217861727489456,
        "client_2": 0.008582089552238806,
        "client_3": 0.017294281729428172,
        "client_4": 0.010763663357149483,
        "client_5": 0.2131269043893601,
        "client_6": 0.24370021134774836,
        "client_7": 0.11663778162911612,
        "client_8": 0.00734349183036534,
        "client_9": 0.002384446074834923
    },
    "client_4": {
        "client_0": 0.011072789980032673,
        "client_1": 0.004210526315789474,
        "client_2": 0.006560364464692483,
        "client_3": 0.015426497277676948,
        "client_4": 0.006942541335525714,
        "client_5": 0.22069417157825802,
        "client_6": 0.24822006472491911,
        "client_7": 0.12061953794237258,
        "client_8": 0.006889050036258158,
        "client_9": 0.002181818181818182
    },
    "client_5": {
        "client_0": 0.025559105431309903,
        "client_1": 0.02331002331002331,
        "client_2": 0.03264893975092561,
        "client_3": 0.01964501120110288,
        "client_4": 0.02680237489397795,
        "client_5": 0.23698224852071006,
        "client_6": 0.23454599230996748,
        "client_7": 0.23287070854638423,
        "client_8": 0.01746293245469522,
        "client_9": 0.005690376569037658
    },
    "client_6": {
        "client_0": 0.02251082251082251,
        "client_1": 0.024912805181863475,
        "client_2": 0.03937007874015748,
        "client_3": 0.020880913539967377,
        "client_4": 0.05235951308987827,
        "client_5": 0.2418120599938782,
        "client_6": 0.23459493274945264,
        "client_7": 0.24673304293714998,
        "client_8": 0.02100982717722806,
        "client_9": 0.009402283411685693
    },
    "client_7": {
        "client_0": 0.02304385210662081,
        "client_1": 0.021798365122615803,
        "client_2": 0.03545000860437102,
        "client_3": 0.017149717029669012,
        "client_4": 0.05010087424344317,
        "client_5": 0.23691882768144848,
        "client_6": 0.22747643331787976,
        "client_7": 0.23551343793692714,
        "client_8": 0.015630309208290862,
        "client_9": 0.0051966048848085915
    },
    "client_8": {
        "client_0": 0.1633098355152736,
        "client_1": 0.1647562066651756,
        "client_2": 0.12300957122623289,
        "client_3": 0.12112188068206221,
        "client_4": 0.11529519818604517,
        "client_5": 0.2227601595780648,
        "client_6": 0.22248075648327265,
        "client_7": 0.23367013332974557,
        "client_8": 0.03305215528220188,
        "client_9": 0.04041399704287826
    },
    "client_9": {
        "client_0": 0.1644855658359034,
        "client_1": 0.16448328077462734,
        "client_2": 0.13606018263680117,
        "client_3": 0.12403937667798343,
        "client_4": 0.11534894339568796,
        "client_5": 0.22538046541589496,
        "client_6": 0.2265748506202942,
        "client_7": 0.2575731622152241,
        "client_8": 0.031770135477147535,
        "client_9": 0.03897931075337292
    }
}