{
    "attacker_000": {
        "attacker_000": 0.982597568777991,
        "attacker_001": 0.9819167878203767,
        "attacker_002": 0.9821260277534042,
        "client_000": 0.6266135320107424,
        "client_001": 0.6869451859209138,
        "client_002": 0.8381426688149992,
        "client_003": 0.47522419637919844,
        "client_004": 0.7705149807293784,
        "client_005": 0.09925172104160432,
        "client_006": 0.09949117030829094,
        "client_007": 0.09909586252320221,
        "client_008": 0.0995930093368446,
        "client_009": 0.0985797327260742,
        "client_010": 0.9820536953435322,
        "client_011": 0.9820380296069422,
        "client_012": 0.6868570698357932,
        "client_013": 0.7081648473674286,
        "client_014": 0.692648586756006,
        "client_015": 0.6921510394569367,
        "client_016": 0.7133176254717573
    },
    "attacker_001": {
        "attacker_000": 0.9820957135314164,
        "attacker_001": 0.9812147469958309,
        "attacker_002": 0.981651376146789,
        "client_000": 0.6259495725570826,
        "client_001": 0.6827062678889948,
        "client_002": 0.8369622942113649,
        "client_003": 0.4776914219919401,
        "client_004": 0.7678703021370671,
        "client_005": 0.1043421131219017,
        "client_006": 0.10486086229547355,
        "client_007": 0.10395817774458552,
        "client_008": 0.10485147036871176,
        "client_009": 0.10380684874200681,
        "client_010": 0.9817810535719984,
        "client_011": 0.9817967167084124,
        "client_012": 0.6866594198265021,
        "client_013": 0.7060034017176575,
        "client_014": 0.6920676699709197,
        "client_015": 0.6911424140055666,
        "client_016": 0.7115243966147738
    },
    "attacker_002": {
        "attacker_000": 0.9827754410094838,
        "attacker_001": 0.9821892939502478,
        "attacker_002": 0.9819667328537482,
        "client_000": 0.6325994226377698,
        "client_001": 0.6887182028410967,
        "client_002": 0.8379777871297093,
        "client_003": 0.48475442324681833,
        "client_004": 0.7727316630285703,
        "client_005": 0.10036507271530314,
        "client_006": 0.1004249207014184,
        "client_007": 0.09991319704271305,
        "client_008": 0.10053559139463213,
        "client_009": 0.09913147648996705,
        "client_010": 0.9819104134762633,
        "client_011": 0.9819104134762633,
        "client_012": 0.6812561502588456,
        "client_013": 0.7040151355896573,
        "client_014": 0.6877421552348109,
        "client_015": 0.6868407032498669,
        "client_016": 0.709028141018935
    },
    "client_000": {
        "attacker_000": 0.19432910191007235,
        "attacker_001": 0.14875337939321118,
        "attacker_002": 0.19447263176744467,
        "client_000": 0.9765858970868501,
        "client_001": 0.976725193956717,
        "client_002": 0.976718856364874,
        "client_003": 0.9769911504424779,
        "client_004": 0.9763200870985302,
        "client_005": 0.04492966617677935,
        "client_006": 0.04606692742285962,
        "client_007": 0.04519774011299435,
        "client_008": 0.050190454850997095,
        "client_009": 0.04655287076036356,
        "client_010": 0.3100682081420788,
        "client_011": 0.31139855890268253,
        "client_012": 0.10681685764226063,
        "client_013": 0.1078821916019069,
        "client_014": 0.10860857574364698,
        "client_015": 0.10798738833420915,
        "client_016": 0.10388471177944862
    },
    "client_001": {
        "attacker_000": 0.2000832688990662,
        "attacker_001": 0.15041412248352576,
        "attacker_002": 0.2011032497901427,
        "client_000": 0.9779782435659325,
        "client_001": 0.9781080005307151,
        "client_002": 0.9783676177836762,
        "client_003": 0.9784917684545936,
        "client_004": 0.9777188328912467,
        "client_005": 0.04466501240694789,
        "client_006": 0.04411134903640256,
        "client_007": 0.042334830019243104,
        "client_008": 0.04803878360511238,
        "client_009": 0.04447351209941138,
        "client_010": 0.3178251361433901,
        "client_011": 0.3203233657858136,
        "client_012": 0.10621307537492695,
        "client_013": 0.10732091314615586,
        "client_014": 0.10765282621570046,
        "client_015": 0.10747016549086834,
        "client_016": 0.10305917753259779
    },
    "client_002": {
        "attacker_000": 0.194621372965322,
        "attacker_001": 0.1435504163920676,
        "attacker_002": 0.19475832692421463,
        "client_000": 0.9771359807460891,
        "client_001": 0.9771420933030344,
        "client_002": 0.9769991976464295,
        "client_003": 0.9772605671482076,
        "client_004": 0.9770053475935828,
        "client_005": 0.048790658882402,
        "client_006": 0.04914529914529915,
        "client_007": 0.04745617785378367,
        "client_008": 0.05273566249176005,
        "client_009": 0.049474605954465845,
        "client_010": 0.31323560654344595,
        "client_011": 0.3150195757862582,
        "client_012": 0.10307145166505012,
        "client_013": 0.10420475319926874,
        "client_014": 0.10430452728821334,
        "client_015": 0.10404245561160977,
        "client_016": 0.10009372071227741
    },
    "client_003": {
        "attacker_000": 0.19810498168924023,
        "attacker_001": 0.147413182140326,
        "attacker_002": 0.1990148938665416,
        "client_000": 0.9766890557092058,
        "client_001": 0.9769463838756424,
        "client_002": 0.9773326304691619,
        "client_003": 0.9772038476742654,
        "client_004": 0.9768177028451002,
        "client_005": 0.048321048321048325,
        "client_006": 0.048060708263069137,
        "client_007": 0.046521463311482346,
        "client_008": 0.05331599479843953,
        "client_009": 0.04918032786885246,
        "client_010": 0.316238594119635,
        "client_011": 0.31717421945073254,
        "client_012": 0.10464817668207499,
        "client_013": 0.10578984989278055,
        "client_014": 0.10617042115572967,
        "client_015": 0.10525629320464326,
        "client_016": 0.10158532794529065
    },
    "client_004": {
        "attacker_000": 0.19411973078285513,
        "attacker_001": 0.14347253799210244,
        "attacker_002": 0.19440650792708267,
        "client_000": 0.9778784648187635,
        "client_001": 0.9781508126831867,
        "client_002": 0.9778902503995739,
        "client_003": 0.9784057584644096,
        "client_004": 0.9778784648187635,
        "client_005": 0.05323352048242878,
        "client_006": 0.0541004723057106,
        "client_007": 0.05185343904006857,
        "client_008": 0.056566542424906816,
        "client_009": 0.05267740531127558,
        "client_010": 0.31403203194698154,
        "client_011": 0.3152230067160324,
        "client_012": 0.10200506131983648,
        "client_013": 0.10304818092428711,
        "client_014": 0.10349815886375593,
        "client_015": 0.10291210963236265,
        "client_016": 0.09926585932107675
    },
    "client_005": {
        "attacker_000": 0.7164634146341463,
        "attacker_001": 0.6326786744004613,
        "attacker_002": 0.7163703402805988,
        "client_000": 0.5167501211435956,
        "client_001": 0.5164061490763467,
        "client_002": 0.5165832391409657,
        "client_003": 0.5159997414183205,
        "client_004": 0.5163039969006263,
        "client_005": 0.9732394002735414,
        "client_006": 0.9755037636772809,
        "client_007": 0.9743404035178478,
        "client_008": 0.9749359819973615,
        "client_009": 0.9750006463121429,
        "client_010": 0.6784135096100434,
        "client_011": 0.6785395465095518,
        "client_012": 0.022584060089731305,
        "client_013": 0.022590893046240734,
        "client_014": 0.021889342815352805,
        "client_015": 0.02198467123840258,
        "client_016": 0.0227684868023373
    },
    "client_006": {
        "attacker_000": 0.7133243606998655,