{
    "client_0": {
        "client_0": 0.99898,
        "client_1": 0.99898,
        "client_2": 0.85777,
        "client_3": 0.94761,
        "client_4": 0.95062,
        "client_5": 0.47965,
        "client_6": 0.48832,
        "client_7": 0.47977,
        "client_8": 0.07428,
        "client_9": 0.07405
    },
    "client_1": {
        "client_0": 0.99912,
        "client_1": 0.99906,
        "client_2": 0.85479,
        "client_3": 0.94732,
        "client_4": 0.95043,
        "client_5": 0.48108,
        "client_6": 0.48897,
        "client_7": 0.48111,
        "client_8": 0.0733,
        "client_9": 0.07311
    },
    "client_2": {
        "client_0": 0.523580235802358,
        "client_1": 0.6015210152101521,
        "client_2": 0.9890048900489005,
        "client_3": 0.988839888398884,
        "client_4": 0.989169891698917,
        "client_5": 0.5768757687576875,
        "client_6": 0.5831458314583146,
        "client_7": 0.582710827108271,
        "client_8": 0.8727387273872739,
        "client_9": 0.8701737017370174
    },
    "client_3": {
        "client_0": 0.5242102421024211,
        "client_1": 0.5994659946599467,
        "client_2": 0.9898448984489845,
        "client_3": 0.9896948969489695,
        "client_4": 0.9898448984489845,
        "client_5": 0.5812108121081211,
        "client_6": 0.5876308763087631,
        "client_7": 0.5872708727087271,
        "client_8": 0.8700537005370054,
        "client_9": 0.8672186721867219
    },
    "client_4": {
        "client_0": 0.5231752317523175,
        "client_1": 0.5985959859598596,
        "client_2": 0.990549905499055,
        "client_3": 0.990369903699037,
        "client_4": 0.990549905499055,
        "client_5": 0.5797107971079711,
        "client_6": 0.5862208622086221,
        "client_7": 0.5861158611586116,
        "client_8": 0.8720037200372004,
        "client_9": 0.8692286922869229
    },
    "client_5": {
        "client_0": 0.5736807368073681,
        "client_1": 0.15889658896588965,
        "client_2": 0.9511445114451145,
        "client_3": 0.9427744277442774,
        "client_4": 0.942789427894279,
        "client_5": 0.9954249542495425,
        "client_6": 0.99519995199952,
        "client_7": 0.99549995499955,
        "client_8": 0.9651846518465185,
        "client_9": 0.967569675696757
    },
    "client_6": {
        "client_0": 0.5758257582575825,
        "client_1": 0.15586655866558666,
        "client_2": 0.9531695316953169,
        "client_3": 0.9447844478444785,
        "client_4": 0.9447694476944769,
        "client_5": 0.9953949539495395,
        "client_6": 0.9950949509495095,
        "client_7": 0.9954849548495485,
        "client_8": 0.966879668796688,
        "client_9": 0.968949689496895
    },
    "client_7": {
        "client_0": 0.5732157321573216,
        "client_1": 0.15769657696576966,
        "client_2": 0.9535745357453574,
        "client_3": 0.9458944589445895,
        "client_4": 0.9459994599946,
        "client_5": 0.9959349593495935,
        "client_6": 0.995679956799568,
        "client_7": 0.9959349593495935,
        "client_8": 0.9670896708967089,
        "client_9": 0.9692796927969279
    },
    "client_8": {
        "client_0": 0.54976,
        "client_1": 0.55041,
        "client_2": 0.50961,
        "client_3": 0.51477,
        "client_4": 0.51467,
        "client_5": 0.36245,
        "client_6": 0.36368,
        "client_7": 0.36328,
        "client_8": 0.94819,
        "client_9": 0.94957
    },
    "client_9": {
        "client_0": 0.55153,
        "client_1": 0.55218,
        "client_2": 0.51068,
        "client_3": 0.5157,
        "client_4": 0.51562,
        "client_5": 0.35901,
        "client_6": 0.36014,
        "client_7": 0.35982,
        "client_8": 0.94872,
        "client_9": 0.94992
    }
}