{
    "client_0": {
        "client_0": 0.999498269028147,
        "client_1": 0.9995484829025526,
        "client_2": 0.961562042126921,
        "client_3": 0.984244567398804,
        "client_4": 0.983964829356306,
        "client_5": 0.6744560302175878,
        "client_6": 0.6791470073689232,
        "client_7": 0.6477772349780166,
        "client_8": 0.10031002149228752,
        "client_9": 0.10522820001897712
    },
    "client_1": {
        "client_0": 0.9996036981484175,
        "client_1": 0.999603737905228,
        "client_2": 0.9610442268105547,
        "client_3": 0.984851639506599,
        "client_4": 0.9845158143929772,
        "client_5": 0.6748896804721145,
        "client_6": 0.6794532160644272,
        "client_7": 0.6490882107788326,
        "client_8": 0.09674684448678256,
        "client_9": 0.10168782787196837
    },
    "client_2": {
        "client_0": 0.1331165939253585,
        "client_1": 0.1315708305794228,
        "client_2": 0.9533605019729607,
        "client_3": 0.9577846630518976,
        "client_4": 0.9575030631327788,
        "client_5": 0.10282377061911714,
        "client_6": 0.09807521468759253,
        "client_7": 0.10385449062293847,
        "client_8": 0.27793513019643673,
        "client_9": 0.27582447533387844
    },
    "client_3": {
        "client_0": 0.1309076262083781,
        "client_1": 0.1291291954835716,
        "client_2": 0.9567897271268058,
        "client_3": 0.9597435897435898,
        "client_4": 0.9593287644911291,
        "client_5": 0.10556615875598385,
        "client_6": 0.10066533400960706,
        "client_7": 0.1066168319026955,
        "client_8": 0.2648210545487661,
        "client_9": 0.26308165851892085
    },
    "client_4": {
        "client_0": 0.13345843665527332,
        "client_1": 0.13195748723954306,
        "client_2": 0.9603884487605417,
        "client_3": 0.9630527726373556,
        "client_4": 0.9627551020408163,
        "client_5": 0.10805275407292475,
        "client_6": 0.10308424756779135,
        "client_7": 0.10925873598945086,
        "client_8": 0.2684379294548786,
        "client_9": 0.2662781167471086
    },
    "client_5": {
        "client_0": 0.05044259747280221,
        "client_1": 0.056626243311695926,
        "client_2": 0.0007249003262051467,
        "client_3": 0.0014393666786613887,
        "client_4": 0.0007249003262051467,
        "client_5": 0.9465221950367005,
        "client_6": 0.9406502666437296,
        "client_7": 0.9460930640913081,
        "client_8": 0.25205826472450915,
        "client_9": 0.263058527375708
    },
    "client_6": {
        "client_0": 0.046605157321977765,
        "client_1": 0.05241069030351867,
        "client_2": 0.0007610350076103501,
        "client_3": 0.001515725653656688,
        "client_4": 0.0007604562737642586,
        "client_5": 0.9455081001472754,
        "client_6": 0.9405150525933987,
        "client_7": 0.9439822518025512,
        "client_8": 0.25943084050297816,
        "client_9": 0.2712643678160919
    },
    "client_7": {
        "client_0": 0.045901861481393656,
        "client_1": 0.051970783264330675,
        "client_2": 0.0007656967840735067,
        "client_3": 0.0022813688212927757,
        "client_4": 0.0007648183556405354,
        "client_5": 0.9501116902457185,
        "client_6": 0.9464416727806308,
        "client_7": 0.9514018691588784,
        "client_8": 0.24832214765100669,
        "client_9": 0.26356073211314474
    },
    "client_8": {
        "client_0": 0.6987538523382018,
        "client_1": 0.6999986610071903,
        "client_2": 0.5510135940853804,
        "client_3": 0.5613070784341503,
        "client_4": 0.56425108012754,
        "client_5": 0.02343060584852266,
        "client_6": 0.019262968709196762,
        "client_7": 0.017338281262029777,
        "client_8": 0.9658302065596758,
        "client_9": 0.9659528578031121
    },
    "client_9": {
        "client_0": 0.7003672904136532,
        "client_1": 0.7014548177466371,
        "client_2": 0.5545835351779557,
        "client_3": 0.5645596517455035,
        "client_4": 0.5678819917183876,
        "client_5": 0.023760455812825796,
        "client_6": 0.018350307367648408,
        "client_7": 0.01576131119390399,
        "client_8": 0.9657699649650034,
        "client_9": 0.9658735512356657
    }
}