{
    "attacker_000": {
        "attacker_000": 0.9921465968586388,
        "attacker_001": 0.9921280988267679,
        "attacker_002": 0.9919739404929814,
        "client_000": 0.959876187496913,
        "client_001": 0.9589586624539231,
        "client_002": 0.9598853868194843,
        "client_003": 0.9558524923036615,
        "client_004": 0.9603466170244312,
        "client_005": 0.060224304808726384,
        "client_006": 0.05974552830536603,
        "client_007": 0.05970057487165298,
        "client_008": 0.05964642582628747,
        "client_009": 0.0592847698410258,
        "client_010": 0.9674517924162029,
        "client_011": 0.9674674431772224,
        "client_012": 0.8244977951984321,
        "client_013": 0.7584579071597168,
        "client_014": 0.8294662893940874,
        "client_015": 0.6988815289390813,
        "client_016": 0.7047586117474176
    },
    "attacker_001": {
        "attacker_000": 0.9924130522357997,
        "attacker_001": 0.9923269363152504,
        "attacker_002": 0.9922066579327488,
        "client_000": 0.9591063367054404,
        "client_001": 0.9581494896279222,
        "client_002": 0.9589614326430419,
        "client_003": 0.9549841862904151,
        "client_004": 0.9592432058275787,
        "client_005": 0.0635251555937088,
        "client_006": 0.0628718640740968,
        "client_007": 0.06276651225572906,
        "client_008": 0.06276651225572906,
        "client_009": 0.06252492713606381,
        "client_010": 0.9671197411003236,
        "client_011": 0.9671197411003236,
        "client_012": 0.8231527674117138,
        "client_013": 0.7573758247230175,
        "client_014": 0.8301614256992836,
        "client_015": 0.6978353094746004,
        "client_016": 0.7036459686498658
    },
    "attacker_002": {
        "attacker_000": 0.9916891925924682,
        "attacker_001": 0.9916025662557523,
        "attacker_002": 0.9914145062921083,
        "client_000": 0.9593249888978437,
        "client_001": 0.9584798974325258,
        "client_002": 0.9593367548361625,
        "client_003": 0.9555810147299508,
        "client_004": 0.9595879817027018,
        "client_005": 0.061008202009031426,
        "client_006": 0.0605278520293729,
        "client_007": 0.060609786083107936,
        "client_008": 0.060611648993391734,
        "client_009": 0.06025022286434478,
        "client_010": 0.9673536739250007,
        "client_011": 0.9673536739250007,
        "client_012": 0.8213506340312592,
        "client_013": 0.7546236648518349,
        "client_014": 0.8277911363947374,
        "client_015": 0.6931604905940378,
        "client_016": 0.699246651179957
    },
    "client_000": {
        "attacker_000": 0.0031233732431025507,
        "attacker_001": 0.0262615859938208,
        "attacker_002": 0.0010422094841063055,
        "client_000": 0.9741707449700924,
        "client_001": 0.9738917595866196,
        "client_002": 0.9737450686981363,
        "client_003": 0.9747007616974973,
        "client_004": 0.974163720424259,
        "client_005": 0.0464704580659438,
        "client_006": 0.05118195619171546,
        "client_007": 0.04909332153914197,
        "client_008": 0.04982857142857143,
        "client_009": 0.04762974612446641,
        "client_010": 0.11594816186194129,
        "client_011": 0.117173721340388,
        "client_012": 0.10346115537848603,
        "client_013": 0.10468493496653618,
        "client_014": 0.10469223007063572,
        "client_015": 0.10635002581311305,
        "client_016": 0.10174045801526717
    },
    "client_001": {
        "attacker_000": 0.005571030640668523,
        "attacker_001": 0.02112144832788534,
        "attacker_002": 0.0005074854097944683,
        "client_000": 0.975235068202887,
        "client_001": 0.9757647993643226,
        "client_002": 0.9753838009528851,
        "client_003": 0.9760169603816086,
        "client_004": 0.9759068043420703,
        "client_005": 0.04524690015227323,
        "client_006": 0.05354866128346792,
        "client_007": 0.0494684313300065,
        "client_008": 0.05017921146953405,
        "client_009": 0.046603649153660144,
        "client_010": 0.12076910853329095,
        "client_011": 0.12246027791618223,
        "client_012": 0.1022106308991555,
        "client_013": 0.10361384887541067,
        "client_014": 0.10337672137332579,
        "client_015": 0.10479390102080373,
        "client_016": 0.09970817120622567
    },
    "client_002": {
        "attacker_000": 0.003057324840764331,
        "attacker_001": 0.021722657236675925,
        "attacker_002": 0.0005096839959225281,
        "client_000": 0.9748864547154689,
        "client_001": 0.9745853397538792,
        "client_002": 0.9742150968603874,
        "client_003": 0.9751137275889751,
        "client_004": 0.9751336898395723,
        "client_005": 0.04781569224081722,
        "client_006": 0.05286719249626945,
        "client_007": 0.05153746210480727,
        "client_008": 0.05180884323358642,
        "client_009": 0.05002193944712593,
        "client_010": 0.1158964686157393,
        "client_011": 0.11735139860139861,
        "client_012": 0.0995963986339646,
        "client_013": 0.1010406811731315,
        "client_014": 0.10040211108318672,
        "client_015": 0.10238600553090231,
        "client_016": 0.0980690747395992
    },
    "client_003": {
        "attacker_000": 0.0035380338640384128,
        "attacker_001": 0.02305186670007517,
        "attacker_002": 0.0005065856129685916,
        "client_000": 0.9749802475638661,
        "client_001": 0.9750889679715302,
        "client_002": 0.9748319936750559,
        "client_003": 0.9750955330083014,
        "client_004": 0.9747168817487489,
        "client_005": 0.04728132387706856,
        "client_006": 0.05773282764433206,
        "client_007": 0.053002778371446894,
        "client_008": 0.054113994233754716,
        "client_009": 0.05139372822299652,
        "client_010": 0.12271024146544546,
        "client_011": 0.12261404076350695,
        "client_012": 0.10063592023214175,
        "client_013": 0.10204337470226901,
        "client_014": 0.1016102858569467,
        "client_015": 0.1034350657642702,
        "client_016": 0.0988178235829039
    },
    "client_004": {
        "attacker_000": 0.004064008128016256,
        "attacker_001": 0.02117469120241997,
        "attacker_002": 0.0025432349949135297,
        "client_000": 0.975895591956319,
        "client_001": 0.9756227520980417,
        "client_002": 0.9755058572949947,
        "client_003": 0.9760191846522782,
        "client_004": 0.9760319573901465,
        "client_005": 0.053575286238928495,
        "client_006": 0.05848696757787668,
        "client_007": 0.058089500860585196,
        "client_008": 0.057790620137808404,
        "client_009": 0.05474052988832933,
        "client_010": 0.11949028619176938,
        "client_011": 0.11999128919860629,
        "client_012": 0.09880239520958083,
        "client_013": 0.10006966875672937,
        "client_014": 0.09969712266532055,
        "client_015": 0.10074916042366312,
        "client_016": 0.0970838173259155
    },
    "client_005": {
        "attacker_000": 0.0052795031055900615,
        "attacker_001": 0.005174644243208279,
        "attacker_002": 0.005994522246912304,
        "client_000": 0.5160586517791254,
        "client_001": 0.5154858006625285,
        "client_002": 0.517908102735114,
        "client_003": 0.5176675033790307,
        "client_004": 0.5154652433927078,
        "client_005": 0.9707792207792209,
        "client_006": 0.9688020713168756,
        "client_007": 0.9696954105783082,
        "client_008": 0.9712412226352747,
        "client_009": 0.9724358643472875,
        "client_010": 0.676402078480559,
        "client_011": 0.6746717035438028,
        "client_012": 0.023529411764705885,
        "client_013": 0.0258534637652226,
        "client_014": 0.023627171246933972,
        "client_015": 0.022874341610233256,
        "client_016": 0.023320988890001004
    },