{
    "attacker_000": {
        "attacker_000": 0.8506787330316742,
        "client_000": 0.007257000439818208,
        "client_001": 0.0076151993161861845,
        "client_002": 0.0072663216998788945,
        "client_003": 0.010477921522506147,
        "client_004": 0.006610499027867789,
        "client_005": 0.0840677966101695,
        "client_006": 0.06433949349760439,
        "client_007": 0.08446866485013625,
        "client_008": 0.07928913192071087,
        "client_009": 0.058171745152354584,
        "client_010": 0.0014369611395726603,
        "client_011": 0.0013120899718837861,
        "client_012": 0.0013745704467353953,
        "client_013": 0.0013745704467353953,
        "client_014": 0.0017511856986501277,
        "client_015": 0.000894308943089431,
        "client_016": 0.0011443050390289756,
        "client_017": 0.0009077780070146482,
        "client_018": 0.0009800864258030027
    },
    "client_000": {
        "attacker_000": 0.2462316176470588,
        "client_000": 0.9719452200505253,
        "client_001": 0.9710337496678183,
        "client_002": 0.9709201965210463,
        "client_003": 0.9658234660925725,
        "client_004": 0.9728506787330317,
        "client_005": 0.2744795682343871,
        "client_006": 0.2708174178762414,
        "client_007": 0.22656561627443156,
        "client_008": 0.26920877025738804,
        "client_009": 0.2211614956245028,
        "client_010": 0.11274216097463552,
        "client_011": 0.11045287637698899,
        "client_012": 0.1510966693744923,
        "client_013": 0.12782986508117997,
        "client_014": 0.09643377001455604,
        "client_015": 0.1051434686643034,
        "client_016": 0.10443101042981467,
        "client_017": 0.1050096983479366,
        "client_018": 0.10479941258927974
    },
    "client_001": {
        "attacker_000": 0.25042802276618387,
        "client_000": 0.970685767343149,
        "client_001": 0.969528351881293,
        "client_002": 0.9686383485510124,
        "client_003": 0.9659973226238286,
        "client_004": 0.9710568242166756,
        "client_005": 0.2623076923076923,
        "client_006": 0.2586666666666667,
        "client_007": 0.20666267703969682,
        "client_008": 0.2583349209373214,
        "client_009": 0.20179104477611942,
        "client_010": 0.11076861887242717,
        "client_011": 0.10868505702310166,
        "client_012": 0.14732471706957742,
        "client_013": 0.1248792682233964,
        "client_014": 0.10341298982724373,
        "client_015": 0.1125805808466804,
        "client_016": 0.11188256298353501,
        "client_017": 0.11248504188272838,
        "client_018": 0.11214333112143329
    },
    "client_002": {
        "attacker_000": 0.2498379479581443,
        "client_000": 0.9700409132902204,
        "client_001": 0.9688900606380174,
        "client_002": 0.9677589156467956,
        "client_003": 0.9642189586114819,
        "client_004": 0.9704251386321626,
        "client_005": 0.26153259626382,
        "client_006": 0.25916131469588205,
        "client_007": 0.21304347826086958,
        "client_008": 0.258783528522856,
        "client_009": 0.20718232044198895,
        "client_010": 0.1139114903750744,
        "client_011": 0.11150640869438083,
        "client_012": 0.1512481644640235,
        "client_013": 0.12847990020978625,
        "client_014": 0.1022844331333697,
        "client_015": 0.11244710149795123,
        "client_016": 0.1111852642819007,
        "client_017": 0.11226890756302521,
        "client_018": 0.1115286538719635
    },
    "client_003": {
        "attacker_000": 0.24997687968186438,
        "client_000": 0.9719326383319968,
        "client_001": 0.9714133048356932,
        "client_002": 0.9707883153261304,
        "client_003": 0.9650708024275118,
        "client_004": 0.9723002810116419,
        "client_005": 0.2510671323244082,
        "client_006": 0.24832599961737137,
        "client_007": 0.20336943441636585,
        "client_008": 0.24851617844150872,
        "client_009": 0.1986754966887417,
        "client_010": 0.10996870809119356,
        "client_011": 0.10755941632912011,
        "client_012": 0.14551333872271627,
        "client_013": 0.12342024365251054,
        "client_014": 0.09089254292822037,
        "client_015": 0.10012095148501546,
        "client_016": 0.09923868037932415,
        "client_017": 0.10002016535591854,
        "client_018": 0.09971815863642464
    },
    "client_004": {
        "attacker_000": 0.2452830188679245,
        "client_000": 0.9731255038968019,
        "client_001": 0.9724721364307775,
        "client_002": 0.971436234410621,
        "client_003": 0.9681009909053888,
        "client_004": 0.9735179459604786,
        "client_005": 0.27299128751210067,
        "client_006": 0.2708413369189397,
        "client_007": 0.22878818127370731,
        "client_008": 0.2704052237372767,
        "client_009": 0.22302158273381295,
        "client_010": 0.11238532110091742,
        "client_011": 0.11003615752956121,
        "client_012": 0.1498923573735199,
        "client_013": 0.1276255707762557,
        "client_014": 0.09531853281853281,
        "client_015": 0.10385796288879988,
        "client_016": 0.10265932754161418,
        "client_017": 0.10375909728249984,
        "client_018": 0.10289217646274823
    },
    "client_005": {
        "attacker_000": 0.3033481878771148,
        "client_000": 0.5305428146168099,
        "client_001": 0.5299772554965883,
        "client_002": 0.5303191005788055,
        "client_003": 0.5305010893246188,
        "client_004": 0.530299821498805,
        "client_005": 0.968752999904003,
        "client_006": 0.9676878889420776,
        "client_007": 0.9685838800823715,
        "client_008": 0.9677202904454935,
        "client_009": 0.9686531671110471,
        "client_010": 0.6998055166356468,
        "client_011": 0.7016115564462257,
        "client_012": 0.6997657687803246,
        "client_013": 0.698461280449457,
        "client_014": 0.014674556213017751,
        "client_015": 0.011145510835913313,
        "client_016": 0.011526004953324443,
        "client_017": 0.011759644342463788,
        "client_018": 0.017693222354340073
    },
    "client_006": {
        "attacker_000": 0.2958725618718468,
        "client_000": 0.5375018879323364,
        "client_001": 0.5368900691028697,
        "client_002": 0.5373341375150784,
        "client_003": 0.5380631173211274,
        "client_004": 0.5378363734874481,
        "client_005": 0.9673086609262946,
        "client_006": 0.9662991221985697,
        "client_007": 0.9667679498528603,
        "client_008": 0.967225682798275,
        "client_009": 0.9675482212774134,
        "client_010": 0.7019036300327348,
        "client_011": 0.7033836543466945,
        "client_012": 0.7018099924931187,
        "client_013": 0.7009597892227589,
        "client_014": 0.016488983653162755,
        "client_015": 0.012214323202442864,
        "client_016": 0.012974623163518412,
        "client_017": 0.012160091918805058,
        "client_018": 0.01858558902020587
    },
    "client_007": {
        "attacker_000": 0.2984237348398056,
        "client_000": 0.5341997884237569,
        "client_001": 0.5338202891551719,
        "client_002": 0.5340614252096785,
        "client_003": 0.5340967304505048,
        "client_004": 0.5339077516343808,
        "client_005": 0.9684124817395886,
        "client_006": 0.967475403572452,
        "client_007": 0.9673798834654695,
        "client_008": 0.9677758653662268,
        "client_009": 0.9690504159374775,
        "client_010": 0.7027072088031178,
        "client_011": 0.7045828046015269,
        "client_012": 0.7027015759192862,
        "client_013": 0.701749252857949,
        "client_014": 0.014923258559622196,
        "client_015": 0.010174003993534277,
        "client_016": 0.010742976660170177,
        "client_017": 0.01031617155411214,
        "client_018": 0.019176911757725353
    },
    "client_008": {
        "attacker_000": 0.29993285674789677,