{
    "attacker_000": {
        "attacker_000": 0.8755760368663595,
        "client_000": 0.006635750103683596,
        "client_001": 0.008238409482577445,
        "client_002": 0.007887851927056893,
        "client_003": 0.0065252854812398045,
        "client_004": 0.006735978913457314,
        "client_005": 0.05667144906743186,
        "client_006": 0.04893846707448723,
        "client_007": 0.048270893371757925,
        "client_008": 0.04893846707448723,
        "client_009": 0.048270893371757925,
        "client_010": 0.0012495704601543217,
        "client_011": 0.0012495314257153568,
        "client_012": 0.0012496875781054734,
        "client_013": 0.0013121309631666093,
        "client_014": 0.002562629788362126,
        "client_015": 0.002289901534234028,
        "client_016": 0.0026167050450073264,
        "client_017": 0.0025837122778007444,
        "client_018": 0.0030834662413609785
    },
    "client_000": {
        "attacker_000": 0.2709295036188522,
        "client_000": 0.9769117843320433,
        "client_001": 0.9763842561707806,
        "client_002": 0.9763779527559056,
        "client_003": 0.976390556222489,
        "client_004": 0.976390556222489,
        "client_005": 0.11862955032119914,
        "client_006": 0.11798443260958624,
        "client_007": 0.11439506697852433,
        "client_008": 0.12056888134154106,
        "client_009": 0.1152298241897903,
        "client_010": 0.16334696781077718,
        "client_011": 0.16558206796818511,
        "client_012": 0.1632870864461046,
        "client_013": 0.16426590319405926,
        "client_014": 0.0882416630576007,
        "client_015": 0.08481912810470987,
        "client_016": 0.08244350633225725,
        "client_017": 0.09295334990461876,
        "client_018": 0.0905312815904751
    },
    "client_001": {
        "attacker_000": 0.27725499196694975,
        "client_000": 0.9761619390065255,
        "client_001": 0.976168286513114,
        "client_002": 0.975616255829447,
        "client_003": 0.9759020103847691,
        "client_004": 0.976168286513114,
        "client_005": 0.10436270316509838,
        "client_006": 0.10356119525173968,
        "client_007": 0.09655465759251383,
        "client_008": 0.10492913052676116,
        "client_009": 0.09970301230377598,
        "client_010": 0.16531919593549813,
        "client_011": 0.1673846706156884,
        "client_012": 0.16518626541163994,
        "client_013": 0.1658748834524708,
        "client_014": 0.09478570657454387,
        "client_015": 0.09085781674614163,
        "client_016": 0.08843705275625523,
        "client_017": 0.09932176112196804,
        "client_018": 0.09669863930403746
    },
    "client_002": {
        "attacker_000": 0.2734827210728409,
        "client_000": 0.9767873723305478,
        "client_001": 0.9761399787910922,
        "client_002": 0.9758620689655173,
        "client_003": 0.9769169540992304,
        "client_004": 0.9767935287097202,
        "client_005": 0.10888373074488289,
        "client_006": 0.10727969348659001,
        "client_007": 0.10148878171524428,
        "client_008": 0.11027568922305762,
        "client_009": 0.1059020510673922,
        "client_010": 0.16695345245973972,
        "client_011": 0.16910875117623334,
        "client_012": 0.1672335350501347,
        "client_013": 0.16806498868025033,
        "client_014": 0.09363641295502631,
        "client_015": 0.08878840818004316,
        "client_016": 0.08617005416687373,
        "client_017": 0.09833786992529102,
        "client_018": 0.09540378247937593
    },
    "client_003": {
        "attacker_000": 0.27672883787661406,
        "client_000": 0.9765509848586359,
        "client_001": 0.9766881028938907,
        "client_002": 0.9762702775170935,
        "client_003": 0.9762829961141632,
        "client_004": 0.9765572672471534,
        "client_005": 0.09083082221265605,
        "client_006": 0.09141675284384695,
        "client_007": 0.08427807486631017,
        "client_008": 0.09098639455782312,
        "client_009": 0.08745733788395905,
        "client_010": 0.15672337968104483,
        "client_011": 0.15879324360943003,
        "client_012": 0.15689064792991508,
        "client_013": 0.15776058668336093,
        "client_014": 0.08306639882729788,
        "client_015": 0.08014440433212996,
        "client_016": 0.07783569123852072,
        "client_017": 0.0873544575102821,
        "client_018": 0.08508243767936526
    },
    "client_004": {
        "attacker_000": 0.271729763888091,
        "client_000": 0.977088948787062,
        "client_001": 0.9769572833849887,
        "client_002": 0.9772206496832457,
        "client_003": 0.9769510715729883,
        "client_004": 0.976687777927503,
        "client_005": 0.11855670103092783,
        "client_006": 0.1159301130524152,
        "client_007": 0.11113485787561446,
        "client_008": 0.11829552681789272,
        "client_009": 0.11327959270258803,
        "client_010": 0.1630188679245283,
        "client_011": 0.16530566207985561,
        "client_012": 0.16312749888938252,
        "client_013": 0.16417910447761194,
        "client_014": 0.08739969637822598,
        "client_015": 0.08461696446909017,
        "client_016": 0.08111721883821126,
        "client_017": 0.09238972932243668,
        "client_018": 0.08945686900958467
    },
    "client_005": {
        "attacker_000": 0.2897983629466959,
        "client_000": 0.5201445015919667,
        "client_001": 0.5259603978465188,
        "client_002": 0.5252660383095166,
        "client_003": 0.5269690608743269,
        "client_004": 0.5269315874026249,
        "client_005": 0.9733762930303543,
        "client_006": 0.9714147987466859,
        "client_007": 0.9734100677496904,
        "client_008": 0.9727942063971031,
        "client_009": 0.9709261712633988,
        "client_010": 0.7019956117438095,
        "client_011": 0.7006841147304337,
        "client_012": 0.7006310862205876,
        "client_013": 0.700682686486148,
        "client_014": 0.02279977481703884,
        "client_015": 0.024231650839687514,
        "client_016": 0.025619448340345956,
        "client_017": 0.019825237245137645,
        "client_018": 0.023086668856459106
    },
    "client_006": {
        "attacker_000": 0.2852215760978544,
        "client_000": 0.5271836685022361,
        "client_001": 0.5328615068203127,
        "client_002": 0.5320351948719498,
        "client_003": 0.5341156544882651,
        "client_004": 0.5343663330519716,
        "client_005": 0.9731077384842544,
        "client_006": 0.9710459122223829,
        "client_007": 0.9730149862767482,
        "client_008": 0.9726665219174447,
        "client_009": 0.970505381263092,
        "client_010": 0.7036350380168732,
        "client_011": 0.7025798243967549,
        "client_012": 0.7026261532373952,
        "client_013": 0.7026621984472243,
        "client_014": 0.02481203007518797,
        "client_015": 0.025397122908954593,
        "client_016": 0.026700393479482852,
        "client_017": 0.021272590361445784,
        "client_018": 0.024715722206559532
    },
    "client_007": {
        "attacker_000": 0.28766303697499107,
        "client_000": 0.5247946455734713,
        "client_001": 0.5299972771004146,
        "client_002": 0.5289526229805772,
        "client_003": 0.5316394434361766,
        "client_004": 0.531342383107089,
        "client_005": 0.9737013692675507,
        "client_006": 0.972172826452636,
        "client_007": 0.9743403534253208,
        "client_008": 0.9733993939102411,
        "client_009": 0.9716111057738496,
        "client_010": 0.7045468746745538,
        "client_011": 0.7030950196045715,
        "client_012": 0.7034066048546723,
        "client_013": 0.703462347234078,
        "client_014": 0.026905829596412554,
        "client_015": 0.028058727569331154,
        "client_016": 0.028611369990680334,
        "client_017": 0.024603582955236448,
        "client_018": 0.02673771794512223
    },
    "client_008": {
        "attacker_000": 0.2866285348586057,