{
    "attacker_000": {
        "attacker_000": 0.9875475901511247,
        "client_000": 0.9361300648639541,
        "client_001": 0.8692676984809401,
        "client_002": 0.9563392384981492,
        "client_003": 0.9135543360456915,
        "client_004": 0.9447897867789586,
        "client_005": 0.06838496387902535,
        "client_006": 0.06875458771715194,
        "client_007": 0.06850909982229304,
        "client_008": 0.05763761612842065,
        "client_009": 0.06853963498517318,
        "client_010": 0.9712387953827304,
        "client_011": 0.9712231375646875,
        "client_012": 0.9711918234431172,
        "client_013": 0.9712857718661829,
        "client_014": 0.8443816146410423,
        "client_015": 0.8246016323357949,
        "client_016": 0.7968563469956227,
        "client_017": 0.6868005051604756,
        "client_018": 0.7800734433638674
    },
    "client_000": {
        "attacker_000": 0.11044362292051757,
        "client_000": 0.9761742682096665,
        "client_001": 0.9760283301552711,
        "client_002": 0.9754901960784315,
        "client_003": 0.9759150904885018,
        "client_004": 0.9764593822288747,
        "client_005": 0.05332128332580208,
        "client_006": 0.051304538478403855,
        "client_007": 0.051142792486988005,
        "client_008": 0.051727982162764766,
        "client_009": 0.052584269662921346,
        "client_010": 0.12780557541100787,
        "client_011": 0.13224584911156423,
        "client_012": 0.12905386013584616,
        "client_013": 0.13144620206670257,
        "client_014": 0.10757723577235774,
        "client_015": 0.1067854606494932,
        "client_016": 0.10753808097903918,
        "client_017": 0.10952126236961755,
        "client_018": 0.10710339897315918
    },
    "client_001": {
        "attacker_000": 0.1109357384441939,
        "client_000": 0.9773179466772782,
        "client_001": 0.9774296335634626,
        "client_002": 0.9773059057730591,
        "client_003": 0.9762756792577866,
        "client_004": 0.9781080005307151,
        "client_005": 0.0527599201950787,
        "client_006": 0.052155172413793104,
        "client_007": 0.048823790501553485,
        "client_008": 0.05235602094240838,
        "client_009": 0.052886734244160426,
        "client_010": 0.13349236641221374,
        "client_011": 0.137846934295888,
        "client_012": 0.134936987876755,
        "client_013": 0.1378937007874016,
        "client_014": 0.10662505688836876,
        "client_015": 0.10587550901687026,
        "client_016": 0.10682840931324594,
        "client_017": 0.10818047931449992,
        "client_018": 0.10528368102944041
    },
    "client_002": {
        "attacker_000": 0.09080486127035085,
        "client_000": 0.9769930444087748,
        "client_001": 0.9768375953942964,
        "client_002": 0.9755249431590209,
        "client_003": 0.9766011498863484,
        "client_004": 0.9771298649190853,
        "client_005": 0.054090002216803365,
        "client_006": 0.05406574394463668,
        "client_007": 0.05256124721603564,
        "client_008": 0.0545054945054945,
        "client_009": 0.054928017718715395,
        "client_010": 0.1293278541400973,
        "client_011": 0.1337831325301205,
        "client_012": 0.1305173232083531,
        "client_013": 0.13249150072850902,
        "client_014": 0.10385737439222043,
        "client_015": 0.10330152179520248,
        "client_016": 0.10375275938189846,
        "client_017": 0.10588863666711178,
        "client_018": 0.10346168805912095
    },
    "client_003": {
        "attacker_000": 0.11086175942549371,
        "client_000": 0.9757575757575757,
        "client_001": 0.9761308189370961,
        "client_002": 0.9754811494858951,
        "client_003": 0.9757767245918906,
        "client_004": 0.9765604424545694,
        "client_005": 0.06051304538478404,
        "client_006": 0.05807002561912895,
        "client_007": 0.055275279666593555,
        "client_008": 0.059333044608055434,
        "client_009": 0.06067219554779572,
        "client_010": 0.1355359489393655,
        "client_011": 0.13994448166937878,
        "client_012": 0.13697597739048514,
        "client_013": 0.13838296232051656,
        "client_014": 0.10468568478120563,
        "client_015": 0.10421613296541102,
        "client_016": 0.1049366761437064,
        "client_017": 0.10715708405258266,
        "client_018": 0.10490956072351422
    },
    "client_004": {
        "attacker_000": 0.1084010840108401,
        "client_000": 0.9765520916600052,
        "client_001": 0.9772030395947208,
        "client_002": 0.9768061850173287,
        "client_003": 0.9768308921438082,
        "client_004": 0.9777540961769017,
        "client_005": 0.05952380952380953,
        "client_006": 0.05816458423093494,
        "client_007": 0.05800309940225814,
        "client_008": 0.05932388222464559,
        "client_009": 0.05985915492957747,
        "client_010": 0.1324590782584084,
        "client_011": 0.13678995719301623,
        "client_012": 0.13395859978210412,
        "client_013": 0.1355192317019935,
        "client_014": 0.10277505713352923,
        "client_015": 0.10213869086195723,
        "client_016": 0.10274151436031331,
        "client_017": 0.10415266765219729,
        "client_018": 0.10231647634584012
    },
    "client_005": {
        "attacker_000": 0.03173480216281773,
        "client_000": 0.5152229361056404,
        "client_001": 0.5152004130897824,
        "client_002": 0.515284406036373,
        "client_003": 0.5152610182615991,
        "client_004": 0.5152033018411634,
        "client_005": 0.9739377502260106,
        "client_006": 0.9747955524598199,
        "client_007": 0.972826786864134,
        "client_008": 0.9711743680732341,
        "client_009": 0.9714580113343637,
        "client_010": 0.680911617565314,
        "client_011": 0.6791673146564173,
        "client_012": 0.682126847454618,
        "client_013": 0.6788454675231976,
        "client_014": 0.021978021978021976,
        "client_015": 0.024090313476464068,
        "client_016": 0.022579507081296305,
        "client_017": 0.018199379797671698,
        "client_018": 0.022755877762674317
    },
    "client_006": {
        "attacker_000": 0.02879448443678394,
        "client_000": 0.5089491635536788,
        "client_001": 0.5089598753408648,
        "client_002": 0.5093066995265582,
        "client_003": 0.5090873685577048,
        "client_004": 0.5091769894286271,
        "client_005": 0.9723363037582332,
        "client_006": 0.9731193891239294,
        "client_007": 0.9712385959486625,
        "client_008": 0.9705768785234381,
        "client_009": 0.9704495684657993,
        "client_010": 0.6804898104318066,
        "client_011": 0.6793308005065655,
        "client_012": 0.6813913738373771,
        "client_013": 0.6784655506765039,
        "client_014": 0.02342606149341142,
        "client_015": 0.02624406984960129,
        "client_016": 0.024230186774356382,
        "client_017": 0.01867251670833121,
        "client_018": 0.024505849132714804
    },
    "client_007": {
        "attacker_000": 0.026262421415534372,
        "client_000": 0.5176098395583819,
        "client_001": 0.5176341518505373,
        "client_002": 0.5176349216583919,
        "client_003": 0.5176417467586919,
        "client_004": 0.5176281018369321,
        "client_005": 0.9731664606510095,
        "client_006": 0.9741228521452825,
        "client_007": 0.9722899920388299,
        "client_008": 0.971185179483232,
        "client_009": 0.9710249165168251,
        "client_010": 0.6813455385709206,
        "client_011": 0.6800355318676439,
        "client_012": 0.6825477876695601,
        "client_013": 0.6797021314545616,
        "client_014": 0.020974084904709086,
        "client_015": 0.02359584551779772,
        "client_016": 0.02167557213428773,
        "client_017": 0.017293997965412002,
        "client_018": 0.02176761060163257
    },
    "client_008": {
        "attacker_000": 0.03044448954739192,