{
    "attacker_000": {
        "attacker_000": 0.9891273486430062,
        "client_000": 0.9512766416931077,
        "client_001": 0.8835440799363339,
        "client_002": 0.9458674236099517,
        "client_003": 0.9057630643903284,
        "client_004": 0.9521486643437862,
        "client_005": 0.06864932603845096,
        "client_006": 0.06876528117359412,
        "client_007": 0.06906035141329259,
        "client_008": 0.06870625630367677,
        "client_009": 0.06839803003884862,
        "client_010": 0.9712387953827304,
        "client_011": 0.9711448560466841,
        "client_012": 0.9711761671395409,
        "client_013": 0.971160511340738,
        "client_014": 0.7366243103160007,
        "client_015": 0.7585073829913951,
        "client_016": 0.7513271228802182,
        "client_017": 0.6973019641700842,
        "client_018": 0.7474048442906575
    },
    "client_000": {
        "attacker_000": 0.09411764705882351,
        "client_000": 0.9761807540492718,
        "client_001": 0.9764529740029944,
        "client_002": 0.9758954105951246,
        "client_003": 0.9757889009793255,
        "client_004": 0.9760609357997825,
        "client_005": 0.05360824742268041,
        "client_006": 0.05184174624829467,
        "client_007": 0.05230219043361645,
        "client_008": 0.07141242937853108,
        "client_009": 0.05284552845528455,
        "client_010": 0.1278503959545845,
        "client_011": 0.12861582596222806,
        "client_012": 0.12817943211643998,
        "client_013": 0.1291157440690151,
        "client_014": 0.10491637100861632,
        "client_015": 0.10569934973862041,
        "client_016": 0.10530984666075276,
        "client_017": 0.10891220613627307,
        "client_018": 0.10204581648903589
    },
    "client_001": {
        "attacker_000": 0.09513125420686562,
        "client_000": 0.9770648283176454,
        "client_001": 0.9773179466772782,
        "client_002": 0.9772998805256871,
        "client_003": 0.9764175940646529,
        "client_004": 0.9769475357710653,
        "client_005": 0.05475763016157988,
        "client_006": 0.049085229808121376,
        "client_007": 0.05361459019995605,
        "client_008": 0.06553722692822114,
        "client_009": 0.052689838388310824,
        "client_010": 0.1338755980861244,
        "client_011": 0.13432477812425042,
        "client_012": 0.13398458075946942,
        "client_013": 0.1348001537279016,
        "client_014": 0.10415477323184268,
        "client_015": 0.1046519047922915,
        "client_016": 0.10415477323184268,
        "client_017": 0.10787113915642642,
        "client_018": 0.10043374671635408
    },
    "client_002": {
        "attacker_000": 0.0790011350737798,
        "client_000": 0.9766011498863484,
        "client_001": 0.9773913043478262,
        "client_002": 0.9763147330389402,
        "client_003": 0.9763463851396499,
        "client_004": 0.9766199064796259,
        "client_005": 0.0551322277005827,
        "client_006": 0.05382372729311505,
        "client_007": 0.05440982887231242,
        "client_008": 0.07320319432120674,
        "client_009": 0.05430669931003783,
        "client_010": 0.12970770761286654,
        "client_011": 0.1297851145581329,
        "client_012": 0.1300928557892742,
        "client_013": 0.12994054696789537,
        "client_014": 0.10184305529165874,
        "client_015": 0.10227996433575343,
        "client_016": 0.10173791703666117,
        "client_017": 0.10515859876829348,
        "client_018": 0.09908862927396171
    },
    "client_003": {
        "attacker_000": 0.09287646528403969,
        "client_000": 0.976162254708284,
        "client_001": 0.9768054823405378,
        "client_002": 0.9758734344100198,
        "client_003": 0.9760400210637178,
        "client_004": 0.9763157894736842,
        "client_005": 0.06017699115044248,
        "client_006": 0.056232012397609034,
        "client_007": 0.05935875216637781,
        "client_008": 0.07574430823117338,
        "client_009": 0.0591975443981583,
        "client_010": 0.1359634668800904,
        "client_011": 0.13573680990257447,
        "client_012": 0.13629518072289157,
        "client_013": 0.1357867421561689,
        "client_014": 0.1028060903485592,
        "client_015": 0.10315149981015062,
        "client_016": 0.10312913177611281,
        "client_017": 0.10641524362101931,
        "client_018": 0.09964196856605376
    },
    "client_004": {
        "attacker_000": 0.09230076542098155,
        "client_000": 0.9767008387698043,
        "client_001": 0.9777540961769017,
        "client_002": 0.9770666666666666,
        "client_003": 0.976317189994678,
        "client_004": 0.9769732463729536,
        "client_005": 0.059375000000000004,
        "client_006": 0.057816321992439405,
        "client_007": 0.05951859956236324,
        "client_008": 0.07290509002000445,
        "client_009": 0.05929203539823008,
        "client_010": 0.1322743818843663,
        "client_011": 0.13268255698241957,
        "client_012": 0.1326906719591721,
        "client_013": 0.13313046785850133,
        "client_014": 0.10044500953591863,
        "client_015": 0.10103726469458318,
        "client_016": 0.10089700362618488,
        "client_017": 0.10341840474445259,
        "client_018": 0.09775817714075709
    },
    "client_005": {
        "attacker_000": 0.029855277805890094,
        "client_000": 0.5154153766769866,
        "client_001": 0.5151427189163038,
        "client_002": 0.5160019376715647,
        "client_003": 0.5128768539761528,
        "client_004": 0.515661252900232,
        "client_005": 0.976769453642384,
        "client_006": 0.9763384073728901,
        "client_007": 0.9694762222336223,
        "client_008": 0.9744620538590387,
        "client_009": 0.9768526918790015,
        "client_010": 0.6801460764229091,
        "client_011": 0.6797823914732986,
        "client_012": 0.681561023228984,
        "client_013": 0.6806806806806807,
        "client_014": 0.01887935386168602,
        "client_015": 0.022601150237110276,
        "client_016": 0.022573818401693035,
        "client_017": 0.01718386738097645,
        "client_018": 0.023141161082603886
    },
    "client_006": {
        "attacker_000": 0.02669373255518904,
        "client_000": 0.5091817532931022,
        "client_001": 0.5090519758613976,
        "client_002": 0.5094168073775815,
        "client_003": 0.5066961383435183,
        "client_004": 0.5096590172436146,
        "client_005": 0.97548347011158,
        "client_006": 0.9758714526370351,
        "client_007": 0.9686232218969856,
        "client_008": 0.9736080983369487,
        "client_009": 0.9757487822572287,
        "client_010": 0.6800249354350342,
        "client_011": 0.6797487180625542,
        "client_012": 0.6809133879235736,
        "client_013": 0.6799617599324128,
        "client_014": 0.01982601658911592,
        "client_015": 0.024456796361798892,
        "client_016": 0.024325006308352253,
        "client_017": 0.018037189035821046,
        "client_018": 0.025290946647186258
    },
    "client_007": {
        "attacker_000": 0.02536912070627632,
        "client_000": 0.5177517655025636,
        "client_001": 0.5175249089091671,
        "client_002": 0.5180687873405457,
        "client_003": 0.5153873478218749,
        "client_004": 0.5180365885081165,
        "client_005": 0.9752662935547933,
        "client_006": 0.9756059784713081,
        "client_007": 0.9688747824306339,
        "client_008": 0.9731745582675343,
        "client_009": 0.9757181235792519,
        "client_010": 0.6808037204334573,
        "client_011": 0.6807367953839325,
        "client_012": 0.6819421955060666,
        "client_013": 0.6817737057463086,
        "client_014": 0.017776879955557802,
        "client_015": 0.02170620898536093,
        "client_016": 0.021672294743208507,
        "client_017": 0.016082536792595966,
        "client_018": 0.022355369820250746
    },
    "client_008": {
        "attacker_000": 0.029169631060067078,