{
    "client_0": {
        "client_0": 0.99973,
        "client_1": 0.99976,
        "client_2": 0.85747,
        "client_3": 0.66702,
        "client_4": 0.85989,
        "client_5": 0.59656,
        "client_6": 0.56765,
        "client_7": 0.56776,
        "client_8": 0.04089,
        "client_9": 0.0408
    },
    "client_1": {
        "client_0": 0.99972,
        "client_1": 0.99975,
        "client_2": 0.8545,
        "client_3": 0.66549,
        "client_4": 0.85702,
        "client_5": 0.59772,
        "client_6": 0.56816,
        "client_7": 0.56829,
        "client_8": 0.03899,
        "client_9": 0.03884
    },
    "client_2": {
        "client_0": 0.510470104701047,
        "client_1": 0.505850058500585,
        "client_2": 0.9944949449494495,
        "client_3": 0.9945249452494525,
        "client_4": 0.9945549455494554,
        "client_5": 0.5150151501515016,
        "client_6": 0.5094650946509465,
        "client_7": 0.5056550565505655,
        "client_8": 0.8560585605856058,
        "client_9": 0.8634986349863498
    },
    "client_3": {
        "client_0": 0.5163051630516305,
        "client_1": 0.51080010800108,
        "client_2": 0.994539945399454,
        "client_3": 0.9946749467494675,
        "client_4": 0.99459994599946,
        "client_5": 0.5191251912519125,
        "client_6": 0.513620136201362,
        "client_7": 0.5110551105511055,
        "client_8": 0.8540035400354004,
        "client_9": 0.8609336093360933
    },
    "client_4": {
        "client_0": 0.5166501665016651,
        "client_1": 0.5108451084510846,
        "client_2": 0.9951549515495155,
        "client_3": 0.99519995199952,
        "client_4": 0.9951849518495185,
        "client_5": 0.5174151741517415,
        "client_6": 0.512540125401254,
        "client_7": 0.508310083100831,
        "client_8": 0.8552485524855249,
        "client_9": 0.8623886238862388
    },
    "client_5": {
        "client_0": 0.14931149311493114,
        "client_1": 0.14949149491494915,
        "client_2": 0.954669546695467,
        "client_3": 0.9510995109951099,
        "client_4": 0.932469324693247,
        "client_5": 0.9955149551495515,
        "client_6": 0.995529955299553,
        "client_7": 0.9955149551495515,
        "client_8": 0.9589745897458974,
        "client_9": 0.9597995979959799
    },
    "client_6": {
        "client_0": 0.14518645186451865,
        "client_1": 0.14565145651456515,
        "client_2": 0.95679956799568,
        "client_3": 0.9531695316953169,
        "client_4": 0.9352743527435274,
        "client_5": 0.995769957699577,
        "client_6": 0.9956049560495605,
        "client_7": 0.995769957699577,
        "client_8": 0.9609246092460925,
        "client_9": 0.961479614796148
    },
    "client_7": {
        "client_0": 0.14742147421474214,
        "client_1": 0.14770647706477064,
        "client_2": 0.9574895748957489,
        "client_3": 0.9543095430954309,
        "client_4": 0.935559355593556,
        "client_5": 0.996129961299613,
        "client_6": 0.9962499624996249,
        "client_7": 0.9961749617496175,
        "client_8": 0.961209612096121,
        "client_9": 0.9618246182461825
    },
    "client_8": {
        "client_0": 0.5239,
        "client_1": 0.5268,
        "client_2": 0.53915,
        "client_3": 0.53945,
        "client_4": 0.53886,
        "client_5": 0.34971,
        "client_6": 0.35089,
        "client_7": 0.35033,
        "client_8": 0.97466,
        "client_9": 0.97504
    },
    "client_9": {
        "client_0": 0.52423,
        "client_1": 0.52715,
        "client_2": 0.54008,
        "client_3": 0.54087,
        "client_4": 0.53981,
        "client_5": 0.34726,
        "client_6": 0.34834,
        "client_7": 0.34768,
        "client_8": 0.97476,
        "client_9": 0.97526
    }
}