{
    "attacker_000": {
        "attacker_000": 0.9850775833608452,
        "attacker_001": 0.9849878614721475,
        "client_000": 0.9564079496196942,
        "client_001": 0.9495365263348536,
        "client_002": 0.9556963061161028,
        "client_003": 0.9561005939427655,
        "client_004": 0.9535726585433851,
        "client_005": 0.04988175941983289,
        "client_006": 0.049694141388661156,
        "client_007": 0.04981712700214403,
        "client_008": 0.05000315278390819,
        "client_009": 0.049880186656577126,
        "client_010": 0.9748104356766483,
        "client_011": 0.9748574182665274,
        "client_012": 0.9748252871716603,
        "client_013": 0.7431720759338639,
        "client_014": 0.8024077669902913,
        "client_015": 0.8296808773497045,
        "client_016": 0.7336111225710632,
        "client_017": 0.8384134868668622
    },
    "attacker_001": {
        "attacker_000": 0.984572693336857,
        "attacker_001": 0.9845157238940393,
        "client_000": 0.9554369536033529,
        "client_001": 0.9476670350150913,
        "client_002": 0.9545030063731834,
        "client_003": 0.9551432174382994,
        "client_004": 0.9522527256009459,
        "client_005": 0.05431118671833161,
        "client_006": 0.054312897738012726,
        "client_007": 0.054372479838709686,
        "client_008": 0.05443548387096774,
        "client_009": 0.05443376909749566,
        "client_010": 0.9745493107104983,
        "client_011": 0.9745814454191973,
        "client_012": 0.9745484928337296,
        "client_013": 0.7404100190468389,
        "client_014": 0.8015866842964922,
        "client_015": 0.8291141649853438,
        "client_016": 0.7321794155965011,
        "client_017": 0.8387133225356886
    },
    "client_000": {
        "attacker_000": 0.20050186669930842,
        "attacker_001": 0.14842719909587493,
        "client_000": 0.9760283301552711,
        "client_001": 0.9759150904885018,
        "client_002": 0.9749523550231418,
        "client_003": 0.9760544217687075,
        "client_004": 0.9760413830656139,
        "client_005": 0.2008298755186722,
        "client_006": 0.2017706403129504,
        "client_007": 0.2014003294892916,
        "client_008": 0.20340373180233753,
        "client_009": 0.21147646679561577,
        "client_010": 0.3071736440063159,
        "client_011": 0.30264594708105835,
        "client_012": 0.16974100987516302,
        "client_013": 0.10343323571562092,
        "client_014": 0.10283884475645053,
        "client_015": 0.10097818822528708,
        "client_016": 0.10382137719682283,
        "client_017": 0.09886557338505848
    },
    "client_001": {
        "attacker_000": 0.20652240170679673,
        "attacker_001": 0.1506197571052961,
        "client_000": 0.9773299748110831,
        "client_001": 0.9773299748110831,
        "client_002": 0.9767935287097201,
        "client_003": 0.977459559798462,
        "client_004": 0.9782377919320594,
        "client_005": 0.20536803578690527,
        "client_006": 0.2054794520547945,
        "client_007": 0.20435308343409914,
        "client_008": 0.20953146993766336,
        "client_009": 0.21928166351606804,
        "client_010": 0.3152864883314135,
        "client_011": 0.31054753107154853,
        "client_012": 0.1741854050769015,
        "client_013": 0.10186630048061919,
        "client_014": 0.10091799642659109,
        "client_015": 0.09918659706203713,
        "client_016": 0.10145290581162325,
        "client_017": 0.09615948402228086
    },
    "client_002": {
        "attacker_000": 0.20078907435508345,
        "attacker_001": 0.14355322338830584,
        "client_000": 0.97685618729097,
        "client_001": 0.9771359807460891,
        "client_002": 0.9759293928857984,
        "client_003": 0.9770114942528736,
        "client_004": 0.9767379679144386,
        "client_005": 0.21729490022172948,
        "client_006": 0.21760000000000004,
        "client_007": 0.21634615384615383,
        "client_008": 0.21968787515006005,
        "client_009": 0.22929671244277985,
        "client_010": 0.3112182333291048,
        "client_011": 0.3066106419270292,
        "client_012": 0.16961065384259685,
        "client_013": 0.10064146478171514,
        "client_014": 0.09962440736407857,
        "client_015": 0.09779237365444261,
        "client_016": 0.10030642236257895,
        "client_017": 0.09566394069541684
    },
    "client_003": {
        "attacker_000": 0.20324376084744747,
        "attacker_001": 0.1462635201573255,
        "client_000": 0.9762658227848101,
        "client_001": 0.9766829139770782,
        "client_002": 0.9758734344100198,
        "client_003": 0.9768115942028986,
        "client_004": 0.9767932489451479,
        "client_005": 0.2172,
        "client_006": 0.21747726374060897,
        "client_007": 0.21469597940186175,
        "client_008": 0.21988906497622823,
        "client_009": 0.22854785478547857,
        "client_010": 0.31371889710827167,
        "client_011": 0.309947817443883,
        "client_012": 0.17347782165488107,
        "client_013": 0.10180420360840721,
        "client_014": 0.10072733940468187,
        "client_015": 0.09932853426894925,
        "client_016": 0.10140076856328252,
        "client_017": 0.09687445024335896
    },
    "client_004": {
        "attacker_000": 0.20042514424536897,
        "attacker_001": 0.1437745495355072,
        "client_000": 0.976545842217484,
        "client_001": 0.9769732463729536,
        "client_002": 0.976545842217484,
        "client_003": 0.9768370607028753,
        "client_004": 0.9772151898734177,
        "client_005": 0.2163683893022321,
        "client_006": 0.21720000000000003,
        "client_007": 0.21751299480207917,
        "client_008": 0.2192982456140351,
        "client_009": 0.2285595337218984,
        "client_010": 0.31160801253546777,
        "client_011": 0.3070193709643824,
        "client_012": 0.17045874953755089,
        "client_013": 0.09919420326066589,
        "client_014": 0.09811786485652575,
        "client_015": 0.09635178756318899,
        "client_016": 0.0981656545420397,
        "client_017": 0.09358996998057567
    },
    "client_005": {
        "attacker_000": 0.3187878274855039,
        "attacker_001": 0.3213139672352643,
        "client_000": 0.5160438144329896,
        "client_001": 0.5186976144422953,
        "client_002": 0.5208554429972665,
        "client_003": 0.5176258297351292,
        "client_004": 0.5173180397589974,
        "client_005": 0.9740663900414938,
        "client_006": 0.973276419609365,
        "client_007": 0.9715715612423899,
        "client_008": 0.9701941622733702,
        "client_009": 0.9713178294573643,
        "client_010": 0.6846424384525206,
        "client_011": 0.6850960476926473,
        "client_012": 0.6772715137492212,
        "client_013": 0.10491241431835492,
        "client_014": 0.10741566636618115,
        "client_015": 0.10372277038943706,
        "client_016": 0.10631418790414607,
        "client_017": 0.10743801652892562
    },
    "client_006": {
        "attacker_000": 0.3156151821346692,
        "attacker_001": 0.3181393769629064,
        "client_000": 0.5112154070237903,
        "client_001": 0.5136509375910872,
        "client_002": 0.5163394471712734,
        "client_003": 0.5123838508110209,
        "client_004": 0.51215800550429,
        "client_005": 0.972485153393325,
        "client_006": 0.9717952698856286,
        "client_007": 0.9701569599339116,
        "client_008": 0.9694379360951622,
        "client_009": 0.9711770037550176,
        "client_010": 0.6845492138608169,
        "client_011": 0.6853788781499625,
        "client_012": 0.6767881391776676,
        "client_013": 0.10554493307839388,
        "client_014": 0.10769084151338988,
        "client_015": 0.10487536481508063,
        "client_016": 0.10722299135914452,
        "client_017": 0.10879099923722349
    },
    "client_007": {
        "attacker_000": 0.312399219214122,
        "attacker_001": 0.3147152233749735,