{
    "client_0": {
        "client_0": 0.9994832145061187,
        "client_1": 0.9995384445581611,
        "client_2": 0.9578578020156099,
        "client_3": 0.9663952015305464,
        "client_4": 0.9835241950247137,
        "client_5": 0.9605228213606893,
        "client_6": 0.9275306254029658,
        "client_7": 0.9503867571816944,
        "client_8": 0.2433549703590339,
        "client_9": 0.2529845459554483
    },
    "client_1": {
        "client_0": 0.9995234297008644,
        "client_1": 0.9995485508482228,
        "client_2": 0.9568171854449802,
        "client_3": 0.9655968287810887,
        "client_4": 0.9834304720637149,
        "client_5": 0.960498635729312,
        "client_6": 0.926843429456164,
        "client_7": 0.950324178511145,
        "client_8": 0.24100396301188906,
        "client_9": 0.25111393180723945
    },
    "client_2": {
        "client_0": 0.25231558977792656,
        "client_1": 0.2437450409944459,
        "client_2": 0.9614835948644792,
        "client_3": 0.9612102404965089,
        "client_4": 0.9612002069322297,
        "client_5": 0.11946855624446413,
        "client_6": 0.12066429929337495,
        "client_7": 0.13275613275613277,
        "client_8": 0.29916227653510663,
        "client_9": 0.33546712802768164
    },
    "client_3": {
        "client_0": 0.2473292689747749,
        "client_1": 0.23707918444760548,
        "client_2": 0.9636831938184159,
        "client_3": 0.9632055480639568,
        "client_4": 0.9632815509051226,
        "client_5": 0.123001317616894,
        "client_6": 0.12445887445887448,
        "client_7": 0.13635813183708068,
        "client_8": 0.28142265193370164,
        "client_9": 0.3204429448914266
    },
    "client_4": {
        "client_0": 0.24720232766338407,
        "client_1": 0.23850103212830148,
        "client_2": 0.9673780683201949,
        "client_3": 0.9661829572332672,
        "client_4": 0.9660020449897752,
        "client_5": 0.12507963474198344,
        "client_6": 0.12614810562571757,
        "client_7": 0.13927242165926282,
        "client_8": 0.28844317096466093,
        "client_9": 0.3255773721996367
    },
    "client_5": {
        "client_0": 0.031287413201372814,
        "client_1": 0.015326330291028072,
        "client_2": 0.0007249003262051467,
        "client_3": 0.006498194945848376,
        "client_4": 0.006502890173410405,
        "client_5": 0.946300507259052,
        "client_6": 0.9461578672242551,
        "client_7": 0.9471651746533263,
        "client_8": 0.10378006872852234,
        "client_9": 0.09789727680110306
    },
    "client_6": {
        "client_0": 0.03204402006797216,
        "client_1": 0.01630882671871611,
        "client_2": 0.0007610350076103501,
        "client_3": 0.009844755774327906,
        "client_4": 0.007581501137225171,
        "client_5": 0.9457221711131555,
        "client_6": 0.9450872359963269,
        "client_7": 0.9445676274944567,
        "client_8": 0.10249007578491519,
        "client_9": 0.09895269050198628
    },
    "client_7": {
        "client_0": 0.03260167850225953,
        "client_1": 0.016600034764470712,
        "client_2": 0.0007651109410864574,
        "client_3": 0.00684931506849315,
        "client_4": 0.006095238095238095,
        "client_5": 0.9519212919992575,
        "client_6": 0.9501574949045767,
        "client_7": 0.9525588345162496,
        "client_8": 0.10869565217391305,
        "client_9": 0.10178117048346057
    },
    "client_8": {
        "client_0": 0.6773728524370966,
        "client_1": 0.6620093992124984,
        "client_2": 0.5665475530756148,
        "client_3": 0.5702414117691802,
        "client_4": 0.5685082872928175,
        "client_5": 0.05385455726475538,
        "client_6": 0.04869986127918302,
        "client_7": 0.04075786961062211,
        "client_8": 0.965629686598731,
        "client_9": 0.9647210636679955
    },
    "client_9": {
        "client_0": 0.6787909978579576,
        "client_1": 0.6650606822616205,
        "client_2": 0.5699364559948251,
        "client_3": 0.5734615093482703,
        "client_4": 0.5722952668948063,
        "client_5": 0.05423210399388271,
        "client_6": 0.048648410023985754,
        "client_7": 0.04046199812703462,
        "client_8": 0.9656839866255537,
        "client_9": 0.9651108580512522
    }
}