{
    "client_0": {
        "client_0": 0.9995133673474507,
        "client_1": 0.9995233962283083,
        "client_2": 0.9594548871201986,
        "client_3": 0.9776373185237459,
        "client_4": 0.9742897610641268,
        "client_5": 0.7814435132376044,
        "client_6": 0.7255136427872595,
        "client_7": 0.6582380740800582,
        "client_8": 0.3529198194555611,
        "client_9": 0.3631234983969234
    },
    "client_1": {
        "client_0": 0.9994983948635634,
        "client_1": 0.9995134356957619,
        "client_2": 0.9592477468330705,
        "client_3": 0.977504066454563,
        "client_4": 0.9741942106343666,
        "client_5": 0.7827185817369328,
        "client_6": 0.7256586263757334,
        "client_7": 0.6594949304789823,
        "client_8": 0.35235957281745706,
        "client_9": 0.3628506531311756
    },
    "client_2": {
        "client_0": 0.24726200505475993,
        "client_1": 0.23377150687712533,
        "client_2": 0.956532954985167,
        "client_3": 0.9570654976792161,
        "client_4": 0.9563088026807578,
        "client_5": 0.1019554790308695,
        "client_6": 0.10217807120380082,
        "client_7": 0.10371483115826372,
        "client_8": 0.29327472527472526,
        "client_9": 0.2628783407807099
    },
    "client_3": {
        "client_0": 0.2415908610112122,
        "client_1": 0.22887755102040816,
        "client_2": 0.958933948363124,
        "client_3": 0.9593391816610104,
        "client_4": 0.9590321341697606,
        "client_5": 0.10477696146811744,
        "client_6": 0.10508643203581644,
        "client_7": 0.10651783180399203,
        "client_8": 0.27964539629597124,
        "client_9": 0.25283684962595615
    },
    "client_4": {
        "client_0": 0.24172237721745538,
        "client_1": 0.2295666344146255,
        "client_2": 0.9624529865493721,
        "client_3": 0.962528677032883,
        "client_4": 0.962528677032883,
        "client_5": 0.10718897976754198,
        "client_6": 0.10756603307825228,
        "client_7": 0.10901808623818764,
        "client_8": 0.28548784783374426,
        "client_9": 0.2558315789473684
    },
    "client_5": {
        "client_0": 0.008790542588663231,
        "client_1": 0.008279800142755174,
        "client_2": 0.0006319115323854661,
        "client_3": 0.0012574662055957245,
        "client_4": 0.0006293266205160479,
        "client_5": 0.9467248908296944,
        "client_6": 0.9404247970989466,
        "client_7": 0.9450625869262864,
        "client_8": 0.2652419861722188,
        "client_9": 0.3590963139120095
    },
    "client_6": {
        "client_0": 0.00920104278484895,
        "client_1": 0.008695652173913044,
        "client_2": 0.0006587615283267457,
        "client_3": 0.001316655694535879,
        "client_4": 0.0006578947368421054,
        "client_5": 0.9440353460972017,
        "client_6": 0.941563184806428,
        "client_7": 0.9426214482126488,
        "client_8": 0.2665350444225074,
        "client_9": 0.3536394876601063
    },
    "client_7": {
        "client_0": 0.009199632014719412,
        "client_1": 0.008920863309352517,
        "client_2": 0.0006657789613848202,
        "client_3": 0.0019867549668874177,
        "client_4": 0.0006635700066357001,
        "client_5": 0.9509293680297398,
        "client_6": 0.9469222263177295,
        "client_7": 0.9513233388858041,
        "client_8": 0.2604930046635576,
        "client_9": 0.3560868197546398
    },
    "client_8": {
        "client_0": 0.6769093283838592,
        "client_1": 0.6779488589496838,
        "client_2": 0.5655762418029698,
        "client_3": 0.5669868601612873,
        "client_4": 0.552439995449892,
        "client_5": 0.03532723860265182,
        "client_6": 0.02412778220614385,
        "client_7": 0.0217187619998464,
        "client_8": 0.9627418785581658,
        "client_9": 0.9628410699934943
    },
    "client_9": {
        "client_0": 0.6775383474037794,
        "client_1": 0.6787743074397423,
        "client_2": 0.5693789326606589,
        "client_3": 0.5699448899201887,
        "client_4": 0.5554307504979092,
        "client_5": 0.03419861153033505,
        "client_6": 0.022080043976851073,
        "client_7": 0.02030829459261072,
        "client_8": 0.9628283722812188,
        "client_9": 0.9630538306221188
    }
}