{
    "client_0": {
        "client_0": 0.9995334112653584,
        "client_1": 0.9994331378578631,
        "client_2": 0.947239806612667,
        "client_3": 0.974743201177454,
        "client_4": 0.9718238864314371,
        "client_5": 0.7914181095106455,
        "client_6": 0.8861310933380993,
        "client_7": 0.7313117425399736,
        "client_8": 0.3626297918409527,
        "client_9": 0.3534725771088508
    },
    "client_1": {
        "client_0": 0.999563570694023,
        "client_1": 0.9994582881906826,
        "client_2": 0.9465607015620718,
        "client_3": 0.9744139632960684,
        "client_4": 0.9716534622903591,
        "client_5": 0.7925638495577899,
        "client_6": 0.8870789588191322,
        "client_7": 0.7312215236592258,
        "client_8": 0.3624195201968423,
        "client_9": 0.3529479654421948
    },
    "client_2": {
        "client_0": 0.2475552433951051,
        "client_1": 0.2220450281425891,
        "client_2": 0.9557932723289083,
        "client_3": 0.9579463364293085,
        "client_4": 0.9574975814253467,
        "client_5": 0.114913070582531,
        "client_6": 0.10399350040622461,
        "client_7": 0.11809920620667361,
        "client_8": 0.2849713055954089,
        "client_9": 0.2801563332741162
    },
    "client_3": {
        "client_0": 0.24278336504484915,
        "client_1": 0.21478081678531286,
        "client_2": 0.9585200358468826,
        "client_3": 0.9598257192285513,
        "client_4": 0.959830866807611,
        "client_5": 0.11840492945418898,
        "client_6": 0.10694243016583643,
        "client_7": 0.1218882872406149,
        "client_8": 0.2728005012082699,
        "client_9": 0.2685983468136166
    },
    "client_4": {
        "client_0": 0.24287028518859247,
        "client_1": 0.21592025831812436,
        "client_2": 0.9621559633027524,
        "client_3": 0.962958240357029,
        "client_4": 0.9629535165465791,
        "client_5": 0.12087301035657191,
        "client_6": 0.10880958322934865,
        "client_7": 0.12438330512441931,
        "client_8": 0.27612276122761226,
        "client_9": 0.2713496166874666
    },
    "client_5": {
        "client_0": 0.018083182640144666,
        "client_1": 0.01074575542660649,
        "client_2": 0.0007243752263672581,
        "client_3": 0.00285816362986781,
        "client_4": 0.0007246376811594202,
        "client_5": 0.9441984056687335,
        "client_6": 0.9443478260869566,
        "client_7": 0.9459982409850483,
        "client_8": 0.15999999999999998,
        "client_9": 0.2668759811616954
    },
    "client_6": {
        "client_0": 0.019605280355509083,
        "client_1": 0.010447273914462945,
        "client_2": 0.0015203344735841887,
        "client_3": 0.0030120481927710845,
        "client_4": 0.0015220700152207003,
        "client_5": 0.9399253731343283,
        "client_6": 0.9438943894389439,
        "client_7": 0.9429418303075212,
        "client_8": 0.16451725339839665,
        "client_9": 0.2682445759368836
    },
    "client_7": {
        "client_0": 0.019737696403064536,
        "client_1": 0.012467755803955288,
        "client_2": 0.0007648183556405354,
        "client_3": 0.0022684310018903594,
        "client_4": 0.0007654037504783773,
        "client_5": 0.9462365591397849,
        "client_6": 0.9509168364511947,
        "client_7": 0.9511144409065367,
        "client_8": 0.16578854935019316,
        "client_9": 0.2632978723404255
    },
    "client_8": {
        "client_0": 0.685276342057046,
        "client_1": 0.7082662372517444,
        "client_2": 0.5625670887518879,
        "client_3": 0.5685335750776698,
        "client_4": 0.5598562081558126,
        "client_5": 0.03584748961872405,
        "client_6": 0.043254966338840614,
        "client_7": 0.029962088785618197,
        "client_8": 0.9642917583347436,
        "client_9": 0.9640651794434064
    },
    "client_9": {
        "client_0": 0.6863213992894234,
        "client_1": 0.7107674991960552,
        "client_2": 0.5664561748468577,
        "client_3": 0.5718473971058071,
        "client_4": 0.5631786725236441,
        "client_5": 0.035364403846443244,
        "client_6": 0.041976309507724185,
        "client_7": 0.02984802154169139,
        "client_8": 0.9643896016412016,
        "client_9": 0.9640875733667996
    }
}