{
    "attacker_000": {
        "attacker_000": 0.009504829066380501,
        "attacker_001": 0.009808429118773946,
        "client_000": 0.3329257270455633,
        "client_001": 0.33289890150809903,
        "client_002": 0.33291681067715945,
        "client_003": 0.3233969547501608,
        "client_004": 0.3328637873754153,
        "client_005": 0.1291103046299351,
        "client_006": 0.12927338683082334,
        "client_007": 0.12915291529152914,
        "client_008": 0.12900385250412766,
        "client_009": 0.12913870861291388,
        "client_010": 0.33360256376853126,
        "client_011": 0.3335678365772949,
        "client_012": 0.33360256376853126,
        "client_013": 0.2864555848724714,
        "client_014": 0.3027620128641695,
        "client_015": 0.2888612694467064,
        "client_016": 0.2851714386709085,
        "client_017": 0.299646423437075
    },
    "attacker_001": {
        "attacker_000": 0.010744435917114352,
        "attacker_001": 0.010439054344488793,
        "client_000": 0.33437092611807273,
        "client_001": 0.33427385008517885,
        "client_002": 0.334388718903818,
        "client_003": 0.32641313001408534,
        "client_004": 0.3344328580549053,
        "client_005": 0.12772449869224062,
        "client_006": 0.1275993467610234,
        "client_007": 0.12733020821977542,
        "client_008": 0.1268282034490286,
        "client_009": 0.1277384196185286,
        "client_010": 0.3333072774173376,
        "client_011": 0.3333246475753706,
        "client_012": 0.33340281396560706,
        "client_013": 0.2943585678425156,
        "client_014": 0.30734865407185863,
        "client_015": 0.2960282588093392,
        "client_016": 0.29404477479869046,
        "client_017": 0.3051414782236407
    },
    "client_000": {
        "attacker_000": 0.3701512605042017,
        "attacker_001": 0.3700020159935488,
        "client_000": 0.9764465622872703,
        "client_001": 0.9764401470788506,
        "client_002": 0.9761677788369877,
        "client_003": 0.9765922700054438,
        "client_004": 0.976725193956717,
        "client_005": 0.05682971382179826,
        "client_006": 0.07455357142857144,
        "client_007": 0.0937766410912191,
        "client_008": 0.051304732419283496,
        "client_009": 0.07228371357578495,
        "client_010": 0.16747004544828534,
        "client_011": 0.16619067047463618,
        "client_012": 0.16934521076315548,
        "client_013": 0.10528323478924281,
        "client_014": 0.10496992719214941,
        "client_015": 0.1041027247103038,
        "client_016": 0.10705469663505263,
        "client_017": 0.10228388998035363
    },
    "client_001": {
        "attacker_000": 0.37575594678134655,
        "attacker_001": 0.3754532026319324,
        "client_000": 0.9770769842321453,
        "client_001": 0.9784917684545936,
        "client_002": 0.9784974780992832,
        "client_003": 0.9781138081973736,
        "client_004": 0.9781138081973736,
        "client_005": 0.06421834236403773,
        "client_006": 0.07220376522702104,
        "client_007": 0.09477674810446504,
        "client_008": 0.054537521815008726,
        "client_009": 0.0710138454667262,
        "client_010": 0.1713470214529049,
        "client_011": 0.17033614206759082,
        "client_012": 0.17336833863018744,
        "client_013": 0.10404477232256423,
        "client_014": 0.10356396784199531,
        "client_015": 0.10245850492948957,
        "client_016": 0.10599467428719883,
        "client_017": 0.10048403896820048
    },
    "client_002": {
        "attacker_000": 0.3734633885622662,
        "attacker_001": 0.3731891314506976,
        "client_000": 0.9767379679144386,
        "client_001": 0.9772423025435073,
        "client_002": 0.9768437960112435,
        "client_003": 0.9770114942528736,
        "client_004": 0.9770053475935828,
        "client_005": 0.06554756195043965,
        "client_006": 0.0775330396475771,
        "client_007": 0.09812108559498955,
        "client_008": 0.055965292841648584,
        "client_009": 0.07663344407530455,
        "client_010": 0.1679055132472981,
        "client_011": 0.16629941089175698,
        "client_012": 0.16862852450041063,
        "client_013": 0.10119992381436099,
        "client_014": 0.10111364211592001,
        "client_015": 0.10007496251874062,
        "client_016": 0.10305541170378044,
        "client_017": 0.09876543209876543
    },
    "client_003": {
        "attacker_000": 0.3739339019189766,
        "attacker_001": 0.37368491143960586,
        "client_000": 0.9763157894736842,
        "client_001": 0.9767932489451479,
        "client_002": 0.9769220625082421,
        "client_003": 0.9772098537742063,
        "client_004": 0.9772218564845293,
        "client_005": 0.0659077291791492,
        "client_006": 0.07814887579131195,
        "client_007": 0.09519832985386222,
        "client_008": 0.05943600867678958,
        "client_009": 0.07597716293368466,
        "client_010": 0.17191821190551748,
        "client_011": 0.17094246698007615,
        "client_012": 0.17338472001813648,
        "client_013": 0.1024217961654894,
        "client_014": 0.10199083087357912,
        "client_015": 0.10131611621554507,
        "client_016": 0.10419756270552583,
        "client_017": 0.09976218062076955
    },
    "client_004": {
        "attacker_000": 0.3709807073954984,
        "attacker_001": 0.3704595625125426,
        "client_000": 0.9772394516171968,
        "client_001": 0.9778607628700987,
        "client_002": 0.977605971740869,
        "client_003": 0.9781508126831867,
        "client_004": 0.9781566329248802,
        "client_005": 0.07027992852888623,
        "client_006": 0.08041958041958042,
        "client_007": 0.10249999999999998,
        "client_008": 0.05985686402081978,
        "client_009": 0.07644719399027838,
        "client_010": 0.1682490414460471,
        "client_011": 0.16704918770532382,
        "client_012": 0.16977944198365222,
        "client_013": 0.10006381620931719,
        "client_014": 0.09980293687623165,
        "client_015": 0.09914036518792747,
        "client_016": 0.10182529335071708,
        "client_017": 0.09760305625731715
    },
    "client_005": {
        "attacker_000": 0.13519096805188566,
        "attacker_001": 0.13073151975391714,
        "client_000": 0.5247553345098669,
        "client_001": 0.5181119648737652,
        "client_002": 0.5228753973095323,
        "client_003": 0.5326953748006379,
        "client_004": 0.5215518626852239,
        "client_005": 0.9759085761350768,
        "client_006": 0.9786581403207777,
        "client_007": 0.9761401700592631,
        "client_008": 0.9767839117943939,
        "client_009": 0.977857476999844,
        "client_010": 0.6907933721057828,
        "client_011": 0.6940509294738456,
        "client_012": 0.6915075707702435,
        "client_013": 0.022382416696072993,
        "client_014": 0.022394835065066076,
        "client_015": 0.022277102968600374,
        "client_016": 0.022278225806451613,
        "client_017": 0.02296535052377115
    },
    "client_006": {
        "attacker_000": 0.13871168881001486,
        "attacker_001": 0.13396715643906654,
        "client_000": 0.5199858279382872,
        "client_001": 0.5116641251095032,
        "client_002": 0.5174816152754483,
        "client_003": 0.5269802614714176,
        "client_004": 0.5163352272727273,
        "client_005": 0.9742362237150286,
        "client_006": 0.9786270273084632,
        "client_007": 0.9743695422580562,
        "client_008": 0.9753975242140156,
        "client_009": 0.9772821792472448,
        "client_010": 0.6907558228876254,
        "client_011": 0.6934338564039625,
        "client_012": 0.6912252200829839,
        "client_013": 0.023935767307983635,
        "client_014": 0.024041618263548663,
        "client_015": 0.024126791843327274,
        "client_016": 0.02383838383838384,
        "client_017": 0.02480964147042509
    },
    "client_007": {
        "attacker_000": 0.1366489387187964,