{
    "attacker_000": {
        "attacker_000": 0.008288564850345358,
        "attacker_001": 0.008592910848549946,
        "client_000": 0.3335636827556878,
        "client_001": 0.3334573478607494,
        "client_002": 0.3335458844784527,
        "client_003": 0.3335725868623229,
        "client_004": 0.3334750491576765,
        "client_005": 0.12915291529152914,
        "client_006": 0.1295706599319205,
        "client_007": 0.129932944926899,
        "client_008": 0.12900385250412766,
        "client_009": 0.12918133802816903,
        "client_010": 0.3336459798864051,
        "client_011": 0.3335678365772949,
        "client_012": 0.33362859524801997,
        "client_013": 0.29568671963677634,
        "client_014": 0.3103212576896788,
        "client_015": 0.29741465163526276,
        "client_016": 0.2847157708471577,
        "client_017": 0.3079413110024278
    },
    "attacker_001": {
        "attacker_000": 0.008910738976801351,
        "attacker_001": 0.00921658986175115,
        "client_000": 0.3350891194466613,
        "client_001": 0.33496462577796693,
        "client_002": 0.3350175513243272,
        "client_003": 0.33508048423573233,
        "client_004": 0.3349557169073646,
        "client_005": 0.12772449869224062,
        "client_006": 0.1277614539122864,
        "client_007": 0.12835040313793855,
        "client_008": 0.12761780104712042,
        "client_009": 0.12754823939823393,
        "client_010": 0.3333072774173376,
        "client_011": 0.33331596227005056,
        "client_012": 0.3333941273025716,
        "client_013": 0.30081863723373925,
        "client_014": 0.3149627808509185,
        "client_015": 0.30266991259927367,
        "client_016": 0.29333333333333333,
        "client_017": 0.31303126097646644
    },
    "client_000": {
        "attacker_000": 0.36498991163988037,
        "attacker_001": 0.3750341064120054,
        "client_000": 0.9761677788369877,
        "client_001": 0.975769126054996,
        "client_002": 0.9757559248161265,
        "client_003": 0.976326530612245,
        "client_004": 0.9758888434818144,
        "client_005": 0.06825499034127495,
        "client_006": 0.09297343616109682,
        "client_007": 0.0805567271193589,
        "client_008": 0.07979407979407979,
        "client_009": 0.0518705531328896,
        "client_010": 0.16796662434246326,
        "client_011": 0.16623937390365673,
        "client_012": 0.16954416735178587,
        "client_013": 0.10423739469382623,
        "client_014": 0.10359012715033657,
        "client_015": 0.10358367092552197,
        "client_016": 0.10865829477858559,
        "client_017": 0.10068649885583524
    },
    "client_001": {
        "attacker_000": 0.37082956049313925,
        "attacker_001": 0.38055631306244886,
        "client_000": 0.9772064670023853,
        "client_001": 0.9772004241781548,
        "client_002": 0.9778485210240084,
        "client_003": 0.9766887417218544,
        "client_004": 0.9781021897810218,
        "client_005": 0.06636885768985323,
        "client_006": 0.09505703422053233,
        "client_007": 0.07983281086729363,
        "client_008": 0.07803223070398643,
        "client_009": 0.05416384563303995,
        "client_010": 0.17165940450254175,
        "client_011": 0.16965771600773624,
        "client_012": 0.1733278395824749,
        "client_013": 0.10292823928616313,
        "client_014": 0.10227343506695734,
        "client_015": 0.10210172864071633,
        "client_016": 0.10710281606542241,
        "client_017": 0.09891956782713085
    },
    "client_002": {
        "attacker_000": 0.36991504938186337,
        "attacker_001": 0.37864932601774703,
        "client_000": 0.9768685653162187,
        "client_001": 0.9770992366412213,
        "client_002": 0.9764453961456102,
        "client_003": 0.9764894469676729,
        "client_004": 0.9765698219306467,
        "client_005": 0.07147361782636115,
        "client_006": 0.09744876620660811,
        "client_007": 0.08295313148071339,
        "client_008": 0.07924130663856692,
        "client_009": 0.05489313835770529,
        "client_010": 0.16725272743666036,
        "client_011": 0.1654894948591864,
        "client_012": 0.16827861780865458,
        "client_013": 0.10062182023742229,
        "client_014": 0.09991268554322066,
        "client_015": 0.09982552342971088,
        "client_016": 0.10412147505422994,
        "client_017": 0.0967838893898407
    },
    "client_003": {
        "attacker_000": 0.36845008273579705,
        "attacker_001": 0.378287027648212,
        "client_000": 0.9762845849802371,
        "client_001": 0.9762720801476403,
        "client_002": 0.9762658227848101,
        "client_003": 0.9764380676582862,
        "client_004": 0.9762532981530343,
        "client_005": 0.07368421052631578,
        "client_006": 0.0947191953059514,
        "client_007": 0.08198757763975155,
        "client_008": 0.08178752107925802,
        "client_009": 0.05753791257805531,
        "client_010": 0.17186659494351803,
        "client_011": 0.17058535934930444,
        "client_012": 0.17304913294797689,
        "client_013": 0.10152981579768966,
        "client_014": 0.10119047619047618,
        "client_015": 0.10105263157894737,
        "client_016": 0.10539408222047657,
        "client_017": 0.09787869734090231
    },
    "client_004": {
        "attacker_000": 0.36704742125302875,
        "attacker_001": 0.37575592851804035,
        "client_000": 0.9766946331069383,
        "client_001": 0.9769487008660892,
        "client_002": 0.9772091163534586,
        "client_003": 0.9767194359451911,
        "client_004": 0.9774516344229486,
        "client_005": 0.07334035827186511,
        "client_006": 0.10305823209049016,
        "client_007": 0.08435487222106793,
        "client_008": 0.08414376321353065,
        "client_009": 0.059047193021695366,
        "client_010": 0.16844666756793295,
        "client_011": 0.16673368181208953,
        "client_012": 0.1700445333090975,
        "client_013": 0.09930511686670879,
        "client_014": 0.09905453634712917,
        "client_015": 0.09878704514192824,
        "client_016": 0.10275788915407053,
        "client_017": 0.09615384615384617
    },
    "client_005": {
        "attacker_000": 0.07163851940417476,
        "attacker_001": 0.08206295783013264,
        "client_000": 0.524852298998202,
        "client_001": 0.5185519486799265,
        "client_002": 0.5230285329139519,
        "client_003": 0.5310882484503802,
        "client_004": 0.5176865478956881,
        "client_005": 0.9720575346703099,
        "client_006": 0.9709456161533125,
        "client_007": 0.9746685239642986,
        "client_008": 0.9744437840771079,
        "client_009": 0.975282760048658,
        "client_010": 0.6923751095530237,
        "client_011": 0.6955742149916907,
        "client_012": 0.6928574560441969,
        "client_013": 0.021980237951199837,
        "client_014": 0.02257609352953033,
        "client_015": 0.022374521265873817,
        "client_016": 0.021587813981640266,
        "client_017": 0.02303707056989085
    },
    "client_006": {
        "attacker_000": 0.07657120127287191,
        "attacker_001": 0.08612771001037088,
        "client_000": 0.5197652672986394,
        "client_001": 0.5136438675428091,
        "client_002": 0.5181580897754005,
        "client_003": 0.5259746510508584,
        "client_004": 0.5113986444855206,
        "client_005": 0.9711146644658792,
        "client_006": 0.9702379421221865,
        "client_007": 0.9730747408056944,
        "client_008": 0.9735386841697246,
        "client_009": 0.9746605865892839,
        "client_010": 0.6921155278958672,
        "client_011": 0.6945101129498292,
        "client_012": 0.6921169836986332,
        "client_013": 0.02402463029324181,
        "client_014": 0.02451944906916906,
        "client_015": 0.02402463029324181,
        "client_016": 0.023349843323562117,
        "client_017": 0.024777156670191872
    },