{
    "attacker_000": {
        "attacker_000": 0.0,
        "attacker_001": 0.0003088326127239036,
        "client_000": 0.33312743386598626,
        "client_001": 0.33298333467948205,
        "client_002": 0.33311827956989243,
        "client_003": 0.33276703610818975,
        "client_004": 0.3330467952506313,
        "client_005": 0.14265099979385693,
        "client_006": 0.10525076524605603,
        "client_007": 0.13565069944891903,
        "client_008": 0.09917355371900827,
        "client_009": 0.13608903020667726,
        "client_010": 0.3336373348620267,
        "client_011": 0.33357652821929235,
        "client_012": 0.33355048859934855,
        "client_013": 0.28658034902351365,
        "client_014": 0.2935351882160393,
        "client_015": 0.29609787302095,
        "client_016": 0.27775742030047634,
        "client_017": 0.31258497761565246
    },
    "attacker_001": {
        "attacker_000": 0.0,
        "attacker_001": 0.0015446400988569666,
        "client_000": 0.3341211860764934,
        "client_001": 0.3338994473648739,
        "client_002": 0.3340146299483649,
        "client_003": 0.33404398866549717,
        "client_004": 0.33411246339432044,
        "client_005": 0.14035445100835203,
        "client_006": 0.09920819748486259,
        "client_007": 0.13297150610583447,
        "client_008": 0.09515899383009016,
        "client_009": 0.1341679707876891,
        "client_010": 0.33336807545989894,
        "client_011": 0.33335938924932906,
        "client_012": 0.3333246475753706,
        "client_013": 0.2963446475195823,
        "client_014": 0.30062030152405206,
        "client_015": 0.3029038986042034,
        "client_016": 0.2907853595732941,
        "client_017": 0.31766504886643177
    },
    "client_000": {
        "attacker_000": 0.0,
        "attacker_001": 0.0,
        "client_000": 0.9590051926755945,
        "client_001": 0.9600656455142231,
        "client_002": 0.961095890410959,
        "client_003": 0.960875512995896,
        "client_004": 0.9604597072102887,
        "client_005": 0.1977777777777778,
        "client_006": 0.19797525309336333,
        "client_007": 0.1957710535909588,
        "client_008": 0.2074046089913109,
        "client_009": 0.1998857795545403,
        "client_010": 0.17489826857097265,
        "client_011": 0.16278557261441268,
        "client_012": 0.17690140845070423,
        "client_013": 0.1093055647675267,
        "client_014": 0.10921910336570441,
        "client_015": 0.10936150421898878,
        "client_016": 0.10501224922200889,
        "client_017": 0.10868561630284246
    },
    "client_001": {
        "attacker_000": 0.0,
        "attacker_001": 0.0,
        "client_000": 0.9591620259878016,
        "client_001": 0.9600636858166379,
        "client_002": 0.9624700558956615,
        "client_003": 0.9626379470815051,
        "client_004": 0.9628940018619498,
        "client_005": 0.20496107188122398,
        "client_006": 0.2053064958828911,
        "client_007": 0.20313055852009962,
        "client_008": 0.21431206196975283,
        "client_009": 0.2073963947221706,
        "client_010": 0.18010603782543325,
        "client_011": 0.16630355846042122,
        "client_012": 0.18192,
        "client_013": 0.10810451432750483,
        "client_014": 0.10788492274906765,
        "client_015": 0.10811530523933159,
        "client_016": 0.10387019550472136,
        "client_017": 0.10763934860320404
    },
    "client_002": {
        "attacker_000": 0.0,
        "attacker_001": 0.0,
        "client_000": 0.9575919732441471,
        "client_001": 0.9595174262734584,
        "client_002": 0.9616780960064543,
        "client_003": 0.9605686695278969,
        "client_004": 0.9603004291845493,
        "client_005": 0.21491782553729455,
        "client_006": 0.2165907019143118,
        "client_007": 0.21508429458740017,
        "client_008": 0.22250827510114013,
        "client_009": 0.21650629163582533,
        "client_010": 0.1749049429657795,
        "client_011": 0.16275499012941433,
        "client_012": 0.17558954748247294,
        "client_013": 0.10538161117362811,
        "client_014": 0.10543788593054909,
        "client_015": 0.10557029177718832,
        "client_016": 0.10264550264550265,
        "client_017": 0.10492321887563436
    },
    "client_003": {
        "attacker_000": 0.0,
        "attacker_001": 0.0,
        "client_000": 0.9588968443383719,
        "client_001": 0.9591511936339523,
        "client_002": 0.9609354238639384,
        "client_003": 0.9609458023379384,
        "client_004": 0.9605734767025089,
        "client_005": 0.21478936901102877,
        "client_006": 0.21452024808464068,
        "client_007": 0.2111801242236025,
        "client_008": 0.22050147492625372,
        "client_009": 0.21456364647026127,
        "client_010": 0.18269004009118778,
        "client_011": 0.16998191681735986,
        "client_012": 0.1833779316858177,
        "client_013": 0.1068018700204122,
        "client_014": 0.10651356167095624,
        "client_015": 0.10660333795105219,
        "client_016": 0.10264508487958943,
        "client_017": 0.10658101730466703
    },
    "client_004": {
        "attacker_000": 0.000482509047044632,
        "attacker_001": 0.0,
        "client_000": 0.9578820697954272,
        "client_001": 0.9598070739549839,
        "client_002": 0.9614816803113675,
        "client_003": 0.960471660190272,
        "client_004": 0.9598070739549839,
        "client_005": 0.21659482758620688,
        "client_006": 0.21666970636512856,
        "client_007": 0.2153846153846154,
        "client_008": 0.22608377537955004,
        "client_009": 0.21951219512195122,
        "client_010": 0.17982112035148282,
        "client_011": 0.16608996539792387,
        "client_012": 0.18078381795195958,
        "client_013": 0.10453938584779707,
        "client_014": 0.10434084676610261,
        "client_015": 0.10445365788417815,
        "client_016": 0.10034070412185181,
        "client_017": 0.1038563829787234
    },
    "client_005": {
        "attacker_000": 0.0,
        "attacker_001": 0.00010411244143675169,
        "client_000": 0.5039865171452648,
        "client_001": 0.5038762204417918,
        "client_002": 0.5040360488864395,
        "client_003": 0.5033168300812219,
        "client_004": 0.5046317289628814,
        "client_005": 0.96191955984615,
        "client_006": 0.9625482526778637,
        "client_007": 0.9619220077023133,
        "client_008": 0.9623879682353242,
        "client_009": 0.9624948833401555,
        "client_010": 0.6883079701367631,
        "client_011": 0.693925796213199,
        "client_012": 0.6848502291394541,
        "client_013": 0.010526853697174102,
        "client_014": 0.01074718526100307,
        "client_015": 0.01256448235354206,
        "client_016": 0.010624033006704486,
        "client_017": 0.01800152555301297
    },
    "client_006": {
        "attacker_000": 0.00010425897930459261,
        "attacker_001": 0.0005212405525149858,
        "client_000": 0.4965769055225924,
        "client_001": 0.49662371554395685,
        "client_002": 0.49695112009652065,
        "client_003": 0.49692312701461916,
        "client_004": 0.4974920200638396,
        "client_005": 0.9603919967333605,
        "client_006": 0.9612311789408992,
        "client_007": 0.9611690169630084,
        "client_008": 0.9616427146729402,
        "client_009": 0.9611028545072516,
        "client_010": 0.6881019018445468,
        "client_011": 0.6927597245976407,
        "client_012": 0.6848799078259328,
        "client_013": 0.012095740864127928,
        "client_014": 0.012319063751154914,
        "client_015": 0.013627049180327871,
        "client_016": 0.011973575557390589,
        "client_017": 0.018558172733761598
    },
    "client_007": {
        "attacker_000": 0.0,
        "attacker_001": 0.00031219106092928876,
        "client_000": 0.5069910786699108,
        "client_001": 0.5069315931300932,
        "client_002": 0.5070102557445151,