{
    "client_0": {
        "client_0": 0.9995334253104226,
        "client_1": 0.9994331435451101,
        "client_2": 0.96178496120327,
        "client_3": 0.9753159820815351,
        "client_4": 0.9755872586397737,
        "client_5": 0.807079476578253,
        "client_6": 0.8640677155128219,
        "client_7": 0.7549847583828894,
        "client_8": 0.31110885510520037,
        "client_9": 0.2953816220644457
    },
    "client_1": {
        "client_0": 0.9995284864414772,
        "client_1": 0.9994633228840126,
        "client_2": 0.9616265720534225,
        "client_3": 0.9752499102886144,
        "client_4": 0.9756902453522455,
        "client_5": 0.8077796638534918,
        "client_6": 0.8646209180827936,
        "client_7": 0.7552783708531545,
        "client_8": 0.31025085480212594,
        "client_9": 0.29424722094155015
    },
    "client_2": {
        "client_0": 0.23450025367833588,
        "client_1": 0.2202278539874448,
        "client_2": 0.9573024998385117,
        "client_3": 0.9580536912751677,
        "client_4": 0.9577156117055563,
        "client_5": 0.11484789282723974,
        "client_6": 0.1148875723244292,
        "client_7": 0.11882693700217234,
        "client_8": 0.31821675634127594,
        "client_9": 0.2821863396943269
    },
    "client_3": {
        "client_0": 0.22944472745797245,
        "client_1": 0.2134486607142857,
        "client_2": 0.9595791094572051,
        "client_3": 0.9601999615458565,
        "client_4": 0.959861724601498,
        "client_5": 0.11835944375990144,
        "client_6": 0.11794692737430167,
        "client_7": 0.12258040908924585,
        "client_8": 0.30313409830450416,
        "client_9": 0.27030763912893196
    },
    "client_4": {
        "client_0": 0.22886378602907653,
        "client_1": 0.21373975077592994,
        "client_2": 0.9634216406000637,
        "client_3": 0.9630810431677613,
        "client_4": 0.9630432012233975,
        "client_5": 0.12076974120769741,
        "client_6": 0.1205270457697642,
        "client_7": 0.12529962954892132,
        "client_8": 0.31221099503339617,
        "client_9": 0.27390136083903965
    },
    "client_5": {
        "client_0": 0.018038617886178863,
        "client_1": 0.01231140615570308,
        "client_2": 0.0021652832912306026,
        "client_3": 0.002873563218390804,
        "client_4": 0.0021621621621621626,
        "client_5": 0.9465917076598735,
        "client_6": 0.9437168141592921,
        "client_7": 0.9445993031358885,
        "client_8": 0.2712182900093955,
        "client_9": 0.2685069008782936
    },
    "client_6": {
        "client_0": 0.02010568372212914,
        "client_1": 0.011747430249632892,
        "client_2": 0.0022718667171525934,
        "client_3": 0.0022675736961451243,
        "client_4": 0.002273588480485032,
        "client_5": 0.9437869822485208,
        "client_6": 0.940365262765561,
        "client_7": 0.9439853076216712,
        "client_8": 0.27222040013119053,
        "client_9": 0.2710863144076141
    },
    "client_7": {
        "client_0": 0.020194274028629857,
        "client_1": 0.014283984989710688,
        "client_2": 0.0007621951219512195,
        "client_3": 0.0030349013657056147,
        "client_4": 0.0007610350076103501,
        "client_5": 0.9504580295382314,
        "client_6": 0.9476262245666918,
        "client_7": 0.9497683039851714,
        "client_8": 0.26971504307488403,
        "client_9": 0.2691415313225058
    },
    "client_8": {
        "client_0": 0.6841166460501765,
        "client_1": 0.7003183081114618,
        "client_2": 0.5556267390826249,
        "client_3": 0.568460097272951,
        "client_4": 0.5571284318021607,
        "client_5": 0.034064804739451095,
        "client_6": 0.03399863398345602,
        "client_7": 0.03008484292593442,
        "client_8": 0.9639759942287915,
        "client_9": 0.9637645037845962
    },
    "client_9": {
        "client_0": 0.6851891050371108,
        "client_1": 0.7024434925509847,
        "client_2": 0.5592607396410285,
        "client_3": 0.5720875934399066,
        "client_4": 0.560530208214814,
        "client_5": 0.03329867859994877,
        "client_6": 0.03319727891156462,
        "client_7": 0.02975764859807397,
        "client_8": 0.9637911941039446,
        "client_9": 0.9637149094017616
    }
}