{
    "client_0": {
        "client_0": 0.9991373862804297,
        "client_1": 0.9991625252621498,
        "client_2": 0.5954343422977383,
        "client_3": 0.6119620816190371,
        "client_4": 0.5714387907662154,
        "client_5": 0.6467252911418192,
        "client_6": 0.6545638671347556,
        "client_7": 0.6467033340123582,
        "client_8": 0.09243416336089472,
        "client_9": 0.08564439541464819
    },
    "client_1": {
        "client_0": 0.9992778842007081,
        "client_1": 0.9993180291041109,
        "client_2": 0.5966487511855834,
        "client_3": 0.6135361934574833,
        "client_4": 0.5723700198704844,
        "client_5": 0.6480800792111437,
        "client_6": 0.6552345230947738,
        "client_7": 0.6480537094805371,
        "client_8": 0.0888310046637235,
        "client_9": 0.08203117492167829
    },
    "client_2": {
        "client_0": 0.13738433762130445,
        "client_1": 0.13327895595432301,
        "client_2": 0.9433839761069991,
        "client_3": 0.9406095337327429,
        "client_4": 0.9432297411276196,
        "client_5": 0.10137424097155641,
        "client_6": 0.20974525354482093,
        "client_7": 0.10073819523991347,
        "client_8": 0.21493769346773556,
        "client_9": 0.20550545799715234
    },
    "client_3": {
        "client_0": 0.13392095535968154,
        "client_1": 0.12958655977234795,
        "client_2": 0.9472121837893651,
        "client_3": 0.9431273481020858,
        "client_4": 0.9472258064516129,
        "client_5": 0.10544645448389281,
        "client_6": 0.21884810432262736,
        "client_7": 0.10501945400173639,
        "client_8": 0.20901412897624125,
        "client_9": 0.19990555643003308
    },
    "client_4": {
        "client_0": 0.1335936173824478,
        "client_1": 0.12944930856722034,
        "client_2": 0.9504874294510004,
        "client_3": 0.9468667482449927,
        "client_4": 0.949945523296802,
        "client_5": 0.10769082930266825,
        "client_6": 0.21864391504190822,
        "client_7": 0.10714057813796185,
        "client_8": 0.21119873817034698,
        "client_9": 0.1991014424213762
    },
    "client_5": {
        "client_0": 0.045990293505893225,
        "client_1": 0.05627917165147354,
        "client_2": 0.0006125574272588055,
        "client_3": 0.0006248047485160887,
        "client_4": 0.0006248047485160887,
        "client_5": 0.9317946951429555,
        "client_6": 0.9325726141078838,
        "client_7": 0.9331717451523546,
        "client_8": 0.2899536321483771,
        "client_9": 0.30999694283093854
    },
    "client_6": {
        "client_0": 0.04181587154903547,
        "client_1": 0.051968211652352915,
        "client_2": 0.0006387735547748323,
        "client_3": 0.0019595035924232524,
        "client_4": 0.0006533812479581837,
        "client_5": 0.9297415362213324,
        "client_6": 0.9312420207915374,
        "client_7": 0.9313116550968212,
        "client_8": 0.29715762273901813,
        "client_9": 0.31887755102040816
    },
    "client_7": {
        "client_0": 0.04208889912482727,
        "client_1": 0.05252573050987815,
        "client_2": 0.0006441223832528181,
        "client_3": 0.0006598482349059716,
        "client_4": 0.0006596306068601583,
        "client_5": 0.9396267837541163,
        "client_6": 0.939488688615045,
        "client_7": 0.9400514895182053,
        "client_8": 0.2913128674069236,
        "client_9": 0.31768488745980705
    },
    "client_8": {
        "client_0": 0.7010725383407397,
        "client_1": 0.7018983204599725,
        "client_2": 0.504006006207909,
        "client_3": 0.4941486545847741,
        "client_4": 0.5035604493879604,
        "client_5": 0.009895752295005448,
        "client_6": 0.009897600298795483,
        "client_7": 0.009887444810646106,
        "client_8": 0.960171816840802,
        "client_9": 0.9595716198125835
    },
    "client_9": {
        "client_0": 0.7026359857759513,
        "client_1": 0.7033820414796265,
        "client_2": 0.5050581661219983,
        "client_3": 0.4967195861976309,
        "client_4": 0.5047550191869195,
        "client_5": 0.009167350604704461,
        "client_6": 0.009137653326725314,
        "client_7": 0.009159407732891867,
        "client_8": 0.9601599987832792,
        "client_9": 0.9593495934959351
    }
}