{
    "client_0": {
        "client_0": 0.99828,
        "client_1": 0.99833,
        "client_2": 0.42474,
        "client_3": 0.44166,
        "client_4": 0.40091,
        "client_5": 0.47975,
        "client_6": 0.48834,
        "client_7": 0.4797,
        "client_8": 0.05055,
        "client_9": 0.04683
    },
    "client_1": {
        "client_0": 0.99856,
        "client_1": 0.99864,
        "client_2": 0.42589,
        "client_3": 0.44321,
        "client_4": 0.40172,
        "client_5": 0.48108,
        "client_6": 0.48893,
        "client_7": 0.48102,
        "client_8": 0.04853,
        "client_9": 0.04478
    },
    "client_2": {
        "client_0": 0.5413254132541325,
        "client_1": 0.5218252182521825,
        "client_2": 0.986919869198692,
        "client_3": 0.986319863198632,
        "client_4": 0.9868748687486875,
        "client_5": 0.5782257822578226,
        "client_6": 0.6054060540605406,
        "client_7": 0.5760657606576066,
        "client_8": 0.8516335163351634,
        "client_9": 0.8493384933849338
    },
    "client_3": {
        "client_0": 0.5430954309543096,
        "client_1": 0.522830228302283,
        "client_2": 0.987729877298773,
        "client_3": 0.986829868298683,
        "client_4": 0.987729877298773,
        "client_5": 0.583880838808388,
        "client_6": 0.6118261182611826,
        "client_7": 0.5825008250082501,
        "client_8": 0.8496834968349684,
        "client_9": 0.8475084750847508
    },
    "client_4": {
        "client_0": 0.5406354063540635,
        "client_1": 0.521240212402124,
        "client_2": 0.988419884198842,
        "client_3": 0.9876248762487625,
        "client_4": 0.9882848828488285,
        "client_5": 0.5821408214082141,
        "client_6": 0.6098610986109861,
        "client_7": 0.5802358023580236,
        "client_8": 0.8499684996849969,
        "client_9": 0.8475834758347583
    },
    "client_5": {
        "client_0": 0.5046350463504635,
        "client_1": 0.15988659886598866,
        "client_2": 0.9510545105451055,
        "client_3": 0.9520145201452015,
        "client_4": 0.9520145201452015,
        "client_5": 0.994059940599406,
        "client_6": 0.994149941499415,
        "client_7": 0.994209942099421,
        "client_8": 0.9655446554465544,
        "client_9": 0.9661446614466145
    },
    "client_6": {
        "client_0": 0.5022950229502295,
        "client_1": 0.15718657186571866,
        "client_2": 0.9530645306453065,
        "client_3": 0.9541595415954159,
        "client_4": 0.9541145411454115,
        "client_5": 0.994209942099421,
        "client_6": 0.9943449434494345,
        "client_7": 0.994359943599436,
        "client_8": 0.9673596735967359,
        "client_9": 0.967959679596796
    },
    "client_7": {
        "client_0": 0.5008850088500885,
        "client_1": 0.15904659046590466,
        "client_2": 0.9534545345453455,
        "client_3": 0.9545645456454565,
        "client_4": 0.954549545495455,
        "client_5": 0.995049950499505,
        "client_6": 0.9950649506495065,
        "client_7": 0.995109951099511,
        "client_8": 0.967449674496745,
        "client_9": 0.9681696816968169
    },
    "client_8": {
        "client_0": 0.55267,
        "client_1": 0.55308,
        "client_2": 0.55737,
        "client_3": 0.55089,
        "client_4": 0.55591,
        "client_5": 0.36366,
        "client_6": 0.36378,
        "client_7": 0.36312,
        "client_8": 0.94789,
        "client_9": 0.94715
    },
    "client_9": {
        "client_0": 0.55429,
        "client_1": 0.55464,
        "client_2": 0.55625,
        "client_3": 0.55048,
        "client_4": 0.55475,
        "client_5": 0.36015,
        "client_6": 0.36022,
        "client_7": 0.35959,
        "client_8": 0.94761,
        "client_9": 0.9466
    }
}