{
    "attacker_000": {
        "attacker_000": 0.8224902264512798,
        "client_000": 0.8109131820738797,
        "client_001": 0.8131515038296283,
        "client_002": 0.8127920451571905,
        "client_003": 0.8085787451984635,
        "client_004": 0.812757047782846,
        "client_005": 0.14757638777795554,
        "client_006": 0.14676696542893727,
        "client_007": 0.14797937402566255,
        "client_008": 0.14628287761719844,
        "client_009": 0.1464078447068241,
        "client_010": 0.8229571625978812,
        "client_011": 0.8229571625978812,
        "client_012": 0.8230807494611176,
        "client_013": 0.8230655858511422,
        "client_014": 0.5867893150400166,
        "client_015": 0.5867830877575948,
        "client_016": 0.5870248642469277,
        "client_017": 0.47253462767846566,
        "client_018": 0.586826036117968
    },
    "client_000": {
        "attacker_000": 0.20092971622840491,
        "client_000": 0.9759019741320626,
        "client_001": 0.9764529740029944,
        "client_002": 0.975742709185064,
        "client_003": 0.9764593822288747,
        "client_004": 0.9761807540492718,
        "client_005": 0.056603773584905655,
        "client_006": 0.045076586433260395,
        "client_007": 0.04686078252957234,
        "client_008": 0.048192771084337345,
        "client_009": 0.04871194379391101,
        "client_010": 0.15308517773306507,
        "client_011": 0.16129874651810583,
        "client_012": 0.15544346364018494,
        "client_013": 0.16106448667217463,
        "client_014": 0.10654096984567703,
        "client_015": 0.10708027775975079,
        "client_016": 0.10675972599198656,
        "client_017": 0.10680994303469706,
        "client_018": 0.10610829211895434
    },
    "client_001": {
        "attacker_000": 0.20315731421480768,
        "client_000": 0.9774416135881104,
        "client_001": 0.9778367617783675,
        "client_002": 0.9782030834662413,
        "client_003": 0.9777010883992567,
        "client_004": 0.9778485210240084,
        "client_005": 0.05458176170401597,
        "client_006": 0.04064864864864865,
        "client_007": 0.040108156827399724,
        "client_008": 0.041543026706231445,
        "client_009": 0.04266172038024577,
        "client_010": 0.15638204409488352,
        "client_011": 0.16441813908956393,
        "client_012": 0.15915475242128216,
        "client_013": 0.1642024699947817,
        "client_014": 0.1056246759979264,
        "client_015": 0.10618087182823684,
        "client_016": 0.10587701678221989,
        "client_017": 0.10587853199090615,
        "client_018": 0.10535127825359006
    },
    "client_002": {
        "attacker_000": 0.2034166838878556,
        "client_000": 0.97685618729097,
        "client_001": 0.9768623779590745,
        "client_002": 0.9764201500535905,
        "client_003": 0.9772544822049772,
        "client_004": 0.9769868878779769,
        "client_005": 0.06017699115044248,
        "client_006": 0.0477845351867941,
        "client_007": 0.04760835391870649,
        "client_008": 0.04811620517476169,
        "client_009": 0.04892684052619432,
        "client_010": 0.15437392795883362,
        "client_011": 0.16021547417350884,
        "client_012": 0.15582127123977343,
        "client_013": 0.1599271876218957,
        "client_014": 0.10296109928391717,
        "client_015": 0.10318231900965713,
        "client_016": 0.10273972602739727,
        "client_017": 0.1030248190279214,
        "client_018": 0.10234349919743178
    },
    "client_003": {
        "attacker_000": 0.2049867227644239,
        "client_000": 0.9762720801476403,
        "client_001": 0.9765480895915679,
        "client_002": 0.9766336633663366,
        "client_003": 0.9768115942028986,
        "client_004": 0.9765357237015555,
        "client_005": 0.058964839484603626,
        "client_006": 0.046094750320102434,
        "client_007": 0.04781934912552579,
        "client_008": 0.049121225777377195,
        "client_009": 0.048747152619589985,
        "client_010": 0.15751889064186664,
        "client_011": 0.16500711237553342,
        "client_012": 0.15939136941880772,
        "client_013": 0.16505230530802015,
        "client_014": 0.10374084072502893,
        "client_015": 0.10402684563758388,
        "client_016": 0.10367420349434739,
        "client_017": 0.10392788151963941,
        "client_018": 0.10320852203865535
    },
    "client_004": {
        "attacker_000": 0.20149023108883013,
        "client_000": 0.9764157228514324,
        "client_001": 0.9774876781670441,
        "client_002": 0.9770483053109155,
        "client_003": 0.9773514521715961,
        "client_004": 0.9769487008660892,
        "client_005": 0.06472919418758256,
        "client_006": 0.04978354978354978,
        "client_007": 0.05033407572383073,
        "client_008": 0.05026035770885216,
        "client_009": 0.051822976381563864,
        "client_010": 0.15428237845050458,
        "client_011": 0.16114522965141423,
        "client_012": 0.15617949360742042,
        "client_013": 0.16119273984442523,
        "client_014": 0.10119356512714063,
        "client_015": 0.10190916791555352,
        "client_016": 0.10163998185000324,
        "client_017": 0.10167728513847356,
        "client_018": 0.10125765881973559
    },
    "client_005": {
        "attacker_000": 0.5856072110909715,
        "client_000": 0.5144754658585337,
        "client_001": 0.5143040822886531,
        "client_002": 0.516162299784073,
        "client_003": 0.516010566329489,
        "client_004": 0.5164010944793176,
        "client_005": 0.9735126745990689,
        "client_006": 0.9712988988885738,
        "client_007": 0.9735584415584416,
        "client_008": 0.9747187361966377,
        "client_009": 0.974294670846395,
        "client_010": 0.695058802878708,
        "client_011": 0.6916454361767548,
        "client_012": 0.6966527653442215,
        "client_013": 0.6945360235614753,
        "client_014": 0.0986327656512353,
        "client_015": 0.09997116216476017,
        "client_016": 0.025179856115107913,
        "client_017": 0.1026426656453466,
        "client_018": 0.10237502394177359
    },
    "client_006": {
        "attacker_000": 0.5851487811437932,
        "client_000": 0.5091533551501798,
        "client_001": 0.5082237373574175,
        "client_002": 0.5094835132769185,
        "client_003": 0.5106879129420909,
        "client_004": 0.5106823773145152,
        "client_005": 0.9716546837014431,
        "client_006": 0.9700849185659346,
        "client_007": 0.9721753137096985,
        "client_008": 0.9735590047578192,
        "client_009": 0.9737275507803309,
        "client_010": 0.6940667354963426,
        "client_011": 0.6910449401164708,
        "client_012": 0.6961789987095646,
        "client_013": 0.6927595538248301,
        "client_014": 0.09763855421686748,
        "client_015": 0.10028473529269821,
        "client_016": 0.02654645629852241,
        "client_017": 0.10237431510141307,
        "client_018": 0.10151063215625901
    },
    "client_007": {
        "attacker_000": 0.5856853114385554,
        "client_000": 0.5166037370510214,
        "client_001": 0.5169652333322614,
        "client_002": 0.5180909384069655,
        "client_003": 0.518769131625584,
        "client_004": 0.5187260490129778,
        "client_005": 0.9724822695035461,
        "client_006": 0.9704254716738308,
        "client_007": 0.9730177637371175,
        "client_008": 0.9740919218612363,
        "client_009": 0.9739651132517574,
        "client_010": 0.6948334138097537,
        "client_011": 0.6914236744380232,
        "client_012": 0.6966577043303387,
        "client_013": 0.6941541440232337,
        "client_014": 0.09468478417438903,
        "client_015": 0.09651655119322557,
        "client_016": 0.0242611821086262,
        "client_017": 0.09864955464036013,
        "client_018": 0.09786724179247543
    },
    "client_008": {
        "attacker_000": 0.5862786881230558,