{
    "client_0": {
        "client_0": 0.99906,
        "client_1": 0.99907,
        "client_2": 0.92231,
        "client_3": 0.97095,
        "client_4": 0.97685,
        "client_5": 0.73914,
        "client_6": 0.77441,
        "client_7": 0.72966,
        "client_8": 0.13786,
        "client_9": 0.13783
    },
    "client_1": {
        "client_0": 0.99911,
        "client_1": 0.99908,
        "client_2": 0.9201,
        "client_3": 0.97039,
        "client_4": 0.97719,
        "client_5": 0.73837,
        "client_6": 0.77211,
        "client_7": 0.72869,
        "client_8": 0.13648,
        "client_9": 0.13632
    },
    "client_2": {
        "client_0": 0.8186181861818618,
        "client_1": 0.8197431974319743,
        "client_2": 0.990069900699007,
        "client_3": 0.9894848948489485,
        "client_4": 0.9901149011490115,
        "client_5": 0.6414064140641407,
        "client_6": 0.6289562895628956,
        "client_7": 0.6808718087180872,
        "client_8": 0.8818738187381874,
        "client_9": 0.8811388113881139
    },
    "client_3": {
        "client_0": 0.8161431614316144,
        "client_1": 0.8178231782317823,
        "client_2": 0.9906249062490625,
        "client_3": 0.989979899798998,
        "client_4": 0.990639906399064,
        "client_5": 0.6445264452644527,
        "client_6": 0.6321663216632166,
        "client_7": 0.6843068430684307,
        "client_8": 0.8795487954879548,
        "client_9": 0.8787837878378784
    },
    "client_4": {
        "client_0": 0.8169081690816908,
        "client_1": 0.8183931839318394,
        "client_2": 0.991449914499145,
        "client_3": 0.990759907599076,
        "client_4": 0.9914949149491495,
        "client_5": 0.6428464284642846,
        "client_6": 0.6300213002130022,
        "client_7": 0.6825218252182522,
        "client_8": 0.8811538115381153,
        "client_9": 0.8798187981879819
    },
    "client_5": {
        "client_0": 0.8829238292382924,
        "client_1": 0.8256382563825638,
        "client_2": 0.9586445864458645,
        "client_3": 0.9586595865958659,
        "client_4": 0.9586595865958659,
        "client_5": 0.9953349533495335,
        "client_6": 0.9955149551495515,
        "client_7": 0.995409954099541,
        "client_8": 0.9630996309963099,
        "client_9": 0.9630246302463025
    },
    "client_6": {
        "client_0": 0.8844688446884469,
        "client_1": 0.8268382683826838,
        "client_2": 0.9606546065460655,
        "client_3": 0.9606696066960669,
        "client_4": 0.9606546065460655,
        "client_5": 0.995649956499565,
        "client_6": 0.995559955599556,
        "client_7": 0.9955449554495545,
        "client_8": 0.964749647496475,
        "client_9": 0.9646146461464614
    },
    "client_7": {
        "client_0": 0.8831938319383194,
        "client_1": 0.8267332673326733,
        "client_2": 0.9608646086460865,
        "client_3": 0.9608796087960879,
        "client_4": 0.9608646086460865,
        "client_5": 0.996189961899619,
        "client_6": 0.9963249632496325,
        "client_7": 0.9962349623496235,
        "client_8": 0.965319653196532,
        "client_9": 0.9651846518465185
    },
    "client_8": {
        "client_0": 0.55268,
        "client_1": 0.55136,
        "client_2": 0.54648,
        "client_3": 0.54616,
        "client_4": 0.54129,
        "client_5": 0.35995,
        "client_6": 0.40704,
        "client_7": 0.35804,
        "client_8": 0.95269,
        "client_9": 0.95383
    },
    "client_9": {
        "client_0": 0.55519,
        "client_1": 0.55375,
        "client_2": 0.54789,
        "client_3": 0.54732,
        "client_4": 0.54238,
        "client_5": 0.35731,
        "client_6": 0.40439,
        "client_7": 0.35513,
        "client_8": 0.95281,
        "client_9": 0.9537
    }
}