{
    "client_0": {
        "client_0": 0.99902,
        "client_1": 0.99907,
        "client_2": 0.72149,
        "client_3": 0.85794,
        "client_4": 0.87,
        "client_5": 0.88688,
        "client_6": 0.83202,
        "client_7": 0.86982,
        "client_8": 0.05572,
        "client_9": 0.06286
    },
    "client_1": {
        "client_0": 0.99917,
        "client_1": 0.99908,
        "client_2": 0.71945,
        "client_3": 0.85832,
        "client_4": 0.87032,
        "client_5": 0.88676,
        "client_6": 0.83118,
        "client_7": 0.86956,
        "client_8": 0.05428,
        "client_9": 0.06066
    },
    "client_2": {
        "client_0": 0.7950229502295023,
        "client_1": 0.8199531995319953,
        "client_2": 0.993249932499325,
        "client_3": 0.9934449344493445,
        "client_4": 0.993219932199322,
        "client_5": 0.4296642966429664,
        "client_6": 0.35514355143551435,
        "client_7": 0.36366363663636636,
        "client_8": 0.8822638226382263,
        "client_9": 0.8861938619386194
    },
    "client_3": {
        "client_0": 0.7958329583295833,
        "client_1": 0.8183631836318364,
        "client_2": 0.99339993399934,
        "client_3": 0.9935649356493564,
        "client_4": 0.99339993399934,
        "client_5": 0.42661926619266194,
        "client_6": 0.35151351513515133,
        "client_7": 0.36033360333603337,
        "client_8": 0.8805238052380524,
        "client_9": 0.8838838388383884
    },
    "client_4": {
        "client_0": 0.7966429664296643,
        "client_1": 0.8210782107821079,
        "client_2": 0.994209942099421,
        "client_3": 0.9943749437494375,
        "client_4": 0.994239942399424,
        "client_5": 0.4290492904929049,
        "client_6": 0.35403354033540335,
        "client_7": 0.36247862478624787,
        "client_8": 0.8806588065880658,
        "client_9": 0.8846338463384634
    },
    "client_5": {
        "client_0": 0.7898778987789878,
        "client_1": 0.5101851018510185,
        "client_2": 0.9586595865958659,
        "client_3": 0.9586295862958629,
        "client_4": 0.9586145861458615,
        "client_5": 0.99519995199952,
        "client_6": 0.99519995199952,
        "client_7": 0.995349953499535,
        "client_8": 0.9649146491464915,
        "client_9": 0.9622746227462274
    },
    "client_6": {
        "client_0": 0.7915729157291573,
        "client_1": 0.5119551195511955,
        "client_2": 0.9606546065460655,
        "client_3": 0.9606546065460655,
        "client_4": 0.9606696066960669,
        "client_5": 0.9954849548495485,
        "client_6": 0.9956949569495694,
        "client_7": 0.9955449554495545,
        "client_8": 0.966549665496655,
        "client_9": 0.9639846398463985
    },
    "client_7": {
        "client_0": 0.7919929199291993,
        "client_1": 0.511340113401134,
        "client_2": 0.9608796087960879,
        "client_3": 0.9608646086460865,
        "client_4": 0.9608646086460865,
        "client_5": 0.995829958299583,
        "client_6": 0.9961149611496115,
        "client_7": 0.9962349623496235,
        "client_8": 0.966819668196682,
        "client_9": 0.964419644196442
    },
    "client_8": {
        "client_0": 0.68561,
        "client_1": 0.6683,
        "client_2": 0.57024,
        "client_3": 0.55077,
        "client_4": 0.54947,
        "client_5": 0.35926,
        "client_6": 0.39188,
        "client_7": 0.37811,
        "client_8": 0.95866,
        "client_9": 0.95887
    },
    "client_9": {
        "client_0": 0.68549,
        "client_1": 0.66882,
        "client_2": 0.57114,
        "client_3": 0.55173,
        "client_4": 0.55025,
        "client_5": 0.36179,
        "client_6": 0.39518,
        "client_7": 0.38105,
        "client_8": 0.95808,
        "client_9": 0.95902
    }
}