{
    "attacker_000": {
        "attacker_000": 0.035632183908045977,
        "client_000": 0.09965541426523952,
        "client_001": 0.09948332263291448,
        "client_002": 0.09958097116095636,
        "client_003": 0.09964629832906453,
        "client_004": 0.09961897738446412,
        "client_005": 0.07572235137827964,
        "client_006": 0.07625994694960213,
        "client_007": 0.0756972111553785,
        "client_008": 0.07444333665669658,
        "client_009": 0.0763865825307207,
        "client_010": 0.09607428792523588,
        "client_011": 0.09619047619047617,
        "client_012": 0.09618761346388499,
        "client_013": 0.09618761346388499,
        "client_014": 0.09299135920998493,
        "client_015": 0.09394773531619777,
        "client_016": 0.0936713110626154,
        "client_017": 0.09228605431137077,
        "client_018": 0.09422440555384982
    },
    "client_000": {
        "attacker_000": 0.5816110659072418,
        "client_000": 0.9756363141418265,
        "client_001": 0.9756429446183155,
        "client_002": 0.9753439585887482,
        "client_003": 0.9759150904885018,
        "client_004": 0.9753707987481289,
        "client_005": 0.09895596913300046,
        "client_006": 0.1249450065992081,
        "client_007": 0.10042591347231561,
        "client_008": 0.12236754599866992,
        "client_009": 0.0904084442404773,
        "client_010": 0.13009077229260715,
        "client_011": 0.16894398272057098,
        "client_012": 0.12815146037484537,
        "client_013": 0.16992169072554014,
        "client_014": 0.10922136593143768,
        "client_015": 0.10731961448293825,
        "client_016": 0.10745957224830464,
        "client_017": 0.10969165942077454,
        "client_018": 0.1068613515958134
    },
    "client_001": {
        "attacker_000": 0.5852417302798982,
        "client_000": 0.9764050901378579,
        "client_001": 0.9767996818242078,
        "client_002": 0.9773059057730591,
        "client_003": 0.9772004241781548,
        "client_004": 0.9773179466772782,
        "client_005": 0.10013410818059902,
        "client_006": 0.1306879447918913,
        "client_007": 0.09809986743261158,
        "client_008": 0.13029315960912052,
        "client_009": 0.08860759493670886,
        "client_010": 0.1352755523185239,
        "client_011": 0.17381053425755644,
        "client_012": 0.13377798951881847,
        "client_013": 0.17433665988743316,
        "client_014": 0.10840252407837926,
        "client_015": 0.10645098167112386,
        "client_016": 0.10671368861024035,
        "client_017": 0.10829647500335075,
        "client_018": 0.10542635658914729
    },
    "client_002": {
        "attacker_000": 0.5915853463445849,
        "client_000": 0.9763274040390532,
        "client_001": 0.976040690670593,
        "client_002": 0.9762893503014066,
        "client_003": 0.9764516992239766,
        "client_004": 0.9763147330389402,
        "client_005": 0.10254123941150246,
        "client_006": 0.12321660181582363,
        "client_007": 0.10057344508160564,
        "client_008": 0.1380653538195196,
        "client_009": 0.09041591320072331,
        "client_010": 0.1315624849622251,
        "client_011": 0.16942823803967327,
        "client_012": 0.12934572385489881,
        "client_013": 0.17035822992273472,
        "client_014": 0.10497749536669314,
        "client_015": 0.10328028580708021,
        "client_016": 0.10336757248732285,
        "client_017": 0.10570626753975679,
        "client_018": 0.1027790315300793
    },
    "client_003": {
        "attacker_000": 0.5887790883009244,
        "client_000": 0.9760084365937253,
        "client_001": 0.9767993672554706,
        "client_002": 0.9758479609344068,
        "client_003": 0.9761371127224786,
        "client_004": 0.9760084365937253,
        "client_005": 0.10163499779054354,
        "client_006": 0.12839717526214423,
        "client_007": 0.10188019239177963,
        "client_008": 0.13123924268502582,
        "client_009": 0.09015844677527339,
        "client_010": 0.13771996939556236,
        "client_011": 0.17285892749733955,
        "client_012": 0.13531863089385213,
        "client_013": 0.17398978169995352,
        "client_014": 0.10588700118530225,
        "client_015": 0.10427703837705131,
        "client_016": 0.10424885209855783,
        "client_017": 0.106850953551731,
        "client_018": 0.10358770297156793
    },
    "client_004": {
        "attacker_000": 0.588329081632653,
        "client_000": 0.9766884241374716,
        "client_001": 0.9766884241374716,
        "client_002": 0.9769364084788695,
        "client_003": 0.9769487008660892,
        "client_004": 0.976818545163869,
        "client_005": 0.10995344712923964,
        "client_006": 0.13069647463456577,
        "client_007": 0.10498687664041993,
        "client_008": 0.1363244176013805,
        "client_009": 0.09446693657219973,
        "client_010": 0.1340819656396967,
        "client_011": 0.1696545284780579,
        "client_012": 0.1323404656423791,
        "client_013": 0.17099465641698694,
        "client_014": 0.10371950406612451,
        "client_015": 0.10211152513564752,
        "client_016": 0.10231281850254802,
        "client_017": 0.10415124806566642,
        "client_018": 0.10166190599844196
    },
    "client_005": {
        "attacker_000": 0.01875032194920929,
        "client_000": 0.516369717630411,
        "client_001": 0.5181999101239007,
        "client_002": 0.5166436175344933,
        "client_003": 0.521588725176169,
        "client_004": 0.5160211041050057,
        "client_005": 0.9721671515744483,
        "client_006": 0.9688068691528899,
        "client_007": 0.9709545699684121,
        "client_008": 0.9712844792095513,
        "client_009": 0.9708522492777549,
        "client_010": 0.6628325597192347,
        "client_011": 0.6776369992651806,
        "client_012": 0.6778166269514287,
        "client_013": 0.6781491231984293,
        "client_014": 0.010666937573017728,
        "client_015": 0.0108772999898343,
        "client_016": 0.010763060364522516,
        "client_017": 0.010322448771015381,
        "client_018": 0.016588276943306533
    },
    "client_006": {
        "attacker_000": 0.018882525924779445,
        "client_000": 0.509641516759415,
        "client_001": 0.5117029862792576,
        "client_002": 0.510546066252588,
        "client_003": 0.5156365744468421,
        "client_004": 0.509381469979296,
        "client_005": 0.9703913491246138,
        "client_006": 0.9670932827207673,
        "client_007": 0.9691161356628982,
        "client_008": 0.9701853759011329,
        "client_009": 0.9696594107470241,
        "client_010": 0.6626508752462692,
        "client_011": 0.6769457008533678,
        "client_012": 0.6772015066752848,
        "client_013": 0.6772486772486772,
        "client_014": 0.012003458623671227,
        "client_015": 0.012115041995418683,
        "client_016": 0.012002848133455398,
        "client_017": 0.011777959852519459,
        "client_018": 0.01742742793454582
    },
    "client_007": {
        "attacker_000": 0.01986414162206669,
        "client_000": 0.5185137484706034,
        "client_001": 0.5202635384862606,
        "client_002": 0.5194152875265632,
        "client_003": 0.5227826979848543,
        "client_004": 0.5185280576929269,
        "client_005": 0.9714227026471871,
        "client_006": 0.9682815777357139,
        "client_007": 0.9705882352941176,
        "client_008": 0.9710926268227563,
        "client_009": 0.971091718794244,
        "client_010": 0.6632114971144054,
        "client_011": 0.6778468185563795,
        "client_012": 0.6781442793826143,
        "client_013": 0.6784072139636622,
        "client_014": 0.009757584997713066,
        "client_015": 0.009665767919824998,
        "client_016": 0.009757089135074703,
        "client_017": 0.00899979545919411,
        "client_018": 0.014879295510906424
    },
    "client_008": {
        "attacker_000": 0.019960699141586515,