{
  "r1": {
    "client_000": 0.20004895627301555,
    "client_001": 0.19997719418504617,
    "client_003": 0.20013767015034067,
    "client_004": 0.20043330885311192,
    "client_002": 0.19940287053848557,
    "attacker_000": 0.1999770197060991,
    "attacker_001": 0.19998124230752928,
    "attacker_002": 0.1999813423668738,
    "client_010": 0.20003019780974887,
    "client_011": 0.20003019780974887,
    "client_012": 0.19948326497292684,
    "client_015": 0.20024770801443886,
    "client_014": 0.20017066339140704,
    "client_013": 0.20009011126789875,
    "client_016": 0.20000825235332845,
    "client_007": 0.19994128792046473,
    "client_005": 0.20018030459417763,
    "client_008": 0.20007968046669886,
    "client_009": 0.19993291479892847,
    "client_006": 0.19986581221973032
  },
  "r2": {
    "client_010": 0.20000906366141444,
    "client_011": 0.20000557502670235,
    "attacker_001": 0.19999427456932947,
    "attacker_002": 0.19999429766316135,
    "attacker_000": 0.19999678907939247,
    "client_006": 0.20007629917118855,
    "client_007": 0.19991089722233163,
    "client_008": 0.19994902945519305,
    "client_005": 0.20005865238196174,
    "client_009": 0.200005121769325,
    "client_015": 0.1993298994202627,
    "client_014": 0.19956732863477192,
    "client_012": 0.20039620308522002,
    "client_016": 0.20036015148042421,
    "client_013": 0.20034641737932116,
    "client_004": 0.20003138463637696,
    "client_002": 0.19998584458952942,
    "client_003": 0.20042090279507258,
    "client_001": 0.19968587446869557,
    "client_000": 0.1998759935103254
  },
  "r3": {
    "client_003": 0.20004675637794733,
    "client_002": 0.19985389755914362,
    "client_004": 0.20076868662193206,
    "client_001": 0.19949544231309765,
    "client_000": 0.19983521712787933,
    "client_011": 0.20000609647533293,
    "client_010": 0.20001024202383177,
    "attacker_001": 0.1999868935127428,
    "attacker_000": 0.2000035335367419,
    "attacker_002": 0.19999323445135062,
    "client_007": 0.1999977931068269,
    "client_009": 0.2001166927287037,
    "client_008": 0.19993379267670588,
    "client_005": 0.1999674240729453,
    "client_006": 0.19998429741481827,
    "client_016": 0.20003109899387275,
    "client_014": 0.19993986599131003,
    "client_013": 0.20033153238953144,
    "client_012": 0.19996112805863267,
    "client_015": 0.19973637456665314
  },
  "r4": {
    "attacker_001": 0.2000207991817288,
    "attacker_000": 0.19996560892173204,
    "attacker_002": 0.19996247973906972,
    "client_010": 0.2000277673821973,
    "client_011": 0.20002334477527212,
    "client_001": 0.19988187613807212,
    "client_000": 0.19992572625019758,
    "client_003": 0.20004271776824353,
    "client_004": 0.20024457776693855,
    "client_002": 0.1999051020765482,
    "client_016": 0.20029380557428725,
    "client_014": 0.199899188760108,
    "client_015": 0.19951074320216394,
    "client_012": 0.20004898834884444,
    "client_013": 0.20024727411459628,
    "client_008": 0.19996185961324345,
    "client_005": 0.19987529780753777,
    "client_009": 0.19997464909374496,
    "client_007": 0.20006831126131205,
    "client_006": 0.2001198822241618
  },
  "r5": {
    "attacker_000": 0.1999689687042637,
    "attacker_001": 0.19998224714297289,
    "attacker_002": 0.19996485003213504,
    "client_010": 0.20004417228926044,
    "client_011": 0.20003976183136785,
    "client_008": 0.19988297751471867,
    "client_005": 0.1997468999907365,
    "client_009": 0.20027282460031676,
    "client_007": 0.20000177967933494,
    "client_006": 0.20009551821489316,
    "client_000": 0.19996641579703672,
    "client_001": 0.19999654302807884,
    "client_002": 0.19997180390879266,
    "client_004": 0.20003817693436246,
    "client_003": 0.20002706033172923,
    "client_013": 0.20016129115050557,
    "client_014": 0.19923619723296757,
    "client_016": 0.2001277857949638,
    "client_012": 0.20050335392501936,
    "client_015": 0.19997137189654376
  },
  "r6": {
    "client_000": 0.19998133952874683,
    "client_003": 0.20003966336846724,
    "client_001": 0.2000075787659274,
    "client_004": 0.20004298222096176,
    "client_002": 0.1999284361158967,
    "client_008": 0.19988402912637993,
    "client_005": 0.19998217930831683,
    "client_009": 0.20014516749534328,
    "client_007": 0.19981258474163996,
    "client_006": 0.20017603932831993,
    "client_012": 0.20056776728629472,
    "client_014": 0.19996909212921685,
    "client_013": 0.2004863794673194,
    "client_016": 0.20031046932556076,
    "client_015": 0.1986662917916082,
    "attacker_002": 0.1999636867988772,
    "attacker_001": 0.1999782489423048,
    "attacker_000": 0.19995248176789143,
    "client_010": 0.20005345170231512,
    "client_011": 0.20005213078861153
  },
  "r7": {
    "client_004": 0.2000627547343731,
    "client_002": 0.19990517400699745,
    "client_003": 0.20002162854695027,
    "client_001": 0.19999769510197266,
    "client_000": 0.2000127476097066,
    "client_010": 0.2000505116275327,
    "client_011": 0.20005337805931706,
    "attacker_002": 0.1999608908396961,
    "attacker_001": 0.19997460439492765,
    "attacker_000": 0.19996061507852653,
    "client_009": 0.20014624844482154,
    "client_008": 0.19981109787118764,
    "client_005": 0.19980008793682547,
    "client_007": 0.20016502990196602,
    "client_006": 0.20007753584519936,
    "client_014": 0.20021720366141937,
    "client_012": 0.20046746420242698,
    "client_015": 0.1992798797325495,
    "client_016": 0.1997195726534882,
    "client_013": 0.20031587975011594
  },
  "r8": {
    "client_002": 0.19993489826212568,
    "client_004": 0.20005664573785917,
    "client_003": 0.20003283564566002,
    "client_001": 0.19999415305621357,
    "client_000": 0.1999814672981415,
    "client_007": 0.2000961690376421,
    "client_008": 0.19983147553067945,
    "client_005": 0.1998137701737978,
    "client_009": 0.2000732473691165,
    "client_006": 0.20018533788876414,
    "client_012": 0.20029762362112444,
    "client_014": 0.19997468563701476,
    "client_015": 0.19964973031045044,
    "client_016": 0.2000294294795798,
    "client_013": 0.20004853095183062,
    "attacker_000": 0.19997933579098368,
    "attacker_002": 0.1999575480448157,
    "attacker_001": 0.1999584858841699,
    "client_011": 0.2000511573428287,
    "client_010": 0.2000534729372021
  },
  "r9": {
    "client_000": 0.20003626199215768,
    "client_004": 0.20004450405671864,
    "client_002": 0.19990196990989068,
    "client_003": 0.19999151281516023,
    "client_001": 0.2000257512260727,
    "client_010": 0.2000473931168438,
    "client_011": 0.20004043668361268,
    "attacker_000": 0.19995303179378046,
    "attacker_002": 0.19996536411739188,
    "attacker_001": 0.19999377428837123,
    "client_013": 0.2000622594534968,
    "client_016": 0.20018643621660953,
    "client_014": 0.1999487071884743,
    "client_012": 0.20006035088573748,
    "client_015": 0.19974224625568185,
    "client_005": 0.19973658330894406,
    "client_008": 0.19973324740038997,
    "client_009": 0.20029747387061084,
    "client_007": 0.200180669064234,
    "client_006": 0.20005202635582106
  },
  "r10": {
    "attacker_001": 0.19994356579342423,
    "attacker_002": 0.1999570450220485,
    "attacker_000": 0.1999525100405178,
    "client_010": 0.20007343957200474,
    "client_011": 0.20007343957200474,
    "client_013": 0.20004048967295415,
    "client_016": 0.1998550322194785,
    "client_012": 0.2002089981833154,
    "client_015": 0.1999392628897317,
    "client_014": 0.19995621703452016,
    "client_005": 0.19950772206671266,
    "client_009": 0.19956108426666783,
    "client_008": 0.20011486776389578,
    "client_007": 0.20022975177429408,
    "client_006": 0.20058657412842956,
    "client_004": 0.2000572976127056,
    "client_002": 0.19995089771899288,
    "client_003": 0.20002045726929155,
    "client_001": 0.1999508969918677,
    "client_000": 0.2000204504071423
  }
}