{
    "attacker_000": {
        "attacker_000": 0.8225663716814159,
        "attacker_001": 0.8225250308852544,
        "attacker_002": 0.8226466575716235,
        "client_000": 0.8024052367179175,
        "client_001": 0.8027003898450129,
        "client_002": 0.7880740393626992,
        "client_003": 0.7944111006040488,
        "client_004": 0.8075639599555061,
        "client_005": 0.14165261382799324,
        "client_006": 0.1436818473380372,
        "client_007": 0.1469247380628649,
        "client_008": 0.13979489241906295,
        "client_009": 0.09008858432224637,
        "client_010": 0.8230807494611176,
        "client_011": 0.8230959136298316,
        "client_012": 0.6042440588265228,
        "client_013": 0.6110970868884739,
        "client_014": 0.6047351422831423,
        "client_015": 0.5888695922652221,
        "client_016": 0.6178731502115832
    },
    "attacker_001": {
        "attacker_000": 0.822110330327007,
        "attacker_001": 0.8220820422015641,
        "attacker_002": 0.8221472177649901,
        "client_000": 0.8035741502819693,
        "client_001": 0.8047578266247978,
        "client_002": 0.7878693015065545,
        "client_003": 0.7933737154800379,
        "client_004": 0.8097321765371558,
        "client_005": 0.14527379138940114,
        "client_006": 0.147321249949986,
        "client_007": 0.15030332056194126,
        "client_008": 0.14355104170848218,
        "client_009": 0.08974680371020305,
        "client_010": 0.822748885039254,
        "client_011": 0.8227640478428337,
        "client_012": 0.6012244897959182,
        "client_013": 0.6082208402851509,
        "client_014": 0.6017893100196263,
        "client_015": 0.5858081949749265,
        "client_016": 0.6142534504391468
    },
    "attacker_002": {
        "attacker_000": 0.8225598289022457,
        "attacker_001": 0.8225098646605451,
        "attacker_002": 0.8225749949296606,
        "client_000": 0.8037628278221208,
        "client_001": 0.8045706476349556,
        "client_002": 0.7867154055163517,
        "client_003": 0.7939388089952708,
        "client_004": 0.8090657530636447,
        "client_005": 0.14336169529619522,
        "client_006": 0.14587255176833422,
        "client_007": 0.14882308276385725,
        "client_008": 0.14060489060489062,
        "client_009": 0.08679973163367997,
        "client_010": 0.8229420001473948,
        "client_011": 0.8229571625978811,
        "client_012": 0.5993091979020084,
        "client_013": 0.606417247939125,
        "client_014": 0.6000102286094205,
        "client_015": 0.5836267376052995,
        "client_016": 0.6127173448076294
    },
    "client_000": {
        "attacker_000": 0.2196101949025487,
        "attacker_001": 0.23516887641536824,
        "attacker_002": 0.21801481481481483,
        "client_000": 0.9769848835625765,
        "client_001": 0.9765731408335604,
        "client_002": 0.9764337283748807,
        "client_003": 0.976858154097468,
        "client_004": 0.976858154097468,
        "client_005": 0.11404481917017972,
        "client_006": 0.09029345372460498,
        "client_007": 0.08669527896995707,
        "client_008": 0.14738646101113967,
        "client_009": 0.09666592078764824,
        "client_010": 0.27980581782041974,
        "client_011": 0.290744668080509,
        "client_012": 0.0975637983912968,
        "client_013": 0.09814091730287312,
        "client_014": 0.09736540664375716,
        "client_015": 0.0987987108116027,
        "client_016": 0.093804920913884
    },
    "client_001": {
        "attacker_000": 0.225,
        "attacker_001": 0.24095920794625347,
        "attacker_002": 0.22271412549436276,
        "client_000": 0.9781080005307151,
        "client_001": 0.9786273728926059,
        "client_002": 0.9784803400637619,
        "client_003": 0.9786330457863306,
        "client_004": 0.9790228359001594,
        "client_005": 0.12097476066144475,
        "client_006": 0.08935318959768837,
        "client_007": 0.08596231208977345,
        "client_008": 0.1529090527200168,
        "client_009": 0.09355692850838482,
        "client_010": 0.2862910905420333,
        "client_011": 0.2972195589645254,
        "client_012": 0.09596951149093429,
        "client_013": 0.09611037041330939,
        "client_014": 0.09531973255614606,
        "client_015": 0.09677984921980014,
        "client_016": 0.09182334936598165
    },
    "client_002": {
        "attacker_000": 0.22360471376443145,
        "attacker_001": 0.23902720739219713,
        "attacker_002": 0.2217360454115421,
        "client_000": 0.9775280898876404,
        "client_001": 0.9768437960112435,
        "client_002": 0.9771114977914603,
        "client_003": 0.9774033961759593,
        "client_004": 0.9776648388391066,
        "client_005": 0.12810006469700239,
        "client_006": 0.09139307897071873,
        "client_007": 0.0880556140720455,
        "client_008": 0.1593959731543624,
        "client_009": 0.09867841409691629,
        "client_010": 0.28351732013703845,
        "client_011": 0.29454588853085095,
        "client_012": 0.09455770459429633,
        "client_013": 0.09549412658523758,
        "client_014": 0.09404604696560832,
        "client_015": 0.09564655425650667,
        "client_016": 0.09102429885944129
    },
    "client_003": {
        "attacker_000": 0.22642185400806086,
        "attacker_001": 0.24181958167586298,
        "attacker_002": 0.22464152947424323,
        "client_000": 0.9773266543633008,
        "client_001": 0.9767810026385225,
        "client_002": 0.9766521567075584,
        "client_003": 0.9770690564048499,
        "client_004": 0.9771978384078029,
        "client_005": 0.11969111969111969,
        "client_006": 0.08773853915332311,
        "client_007": 0.08760951188986232,
        "client_008": 0.15713988775722304,
        "client_009": 0.09627532128076673,
        "client_010": 0.28577901971150216,
        "client_011": 0.29696945750523535,
        "client_012": 0.09603050788698216,
        "client_013": 0.09668235430829121,
        "client_014": 0.09473203062507143,
        "client_015": 0.09734668775259182,
        "client_016": 0.09149753154141524
    },
    "client_004": {
        "attacker_000": 0.22388817538305306,
        "attacker_001": 0.2386770726714432,
        "attacker_002": 0.22198606683197544,
        "client_000": 0.9782811459027315,
        "client_001": 0.9777244231025743,
        "client_002": 0.9778607628700987,
        "client_003": 0.9782753565240571,
        "client_004": 0.9784057584644096,
        "client_005": 0.12305699481865286,
        "client_006": 0.09229410465886509,
        "client_007": 0.09457755359394705,
        "client_008": 0.1608187134502924,
        "client_009": 0.10162067455102934,
        "client_010": 0.2836852498860702,
        "client_011": 0.29389373513084854,
        "client_012": 0.0931256153356113,
        "client_013": 0.09373176141006186,
        "client_014": 0.09227418615314076,
        "client_015": 0.09424206815511164,
        "client_016": 0.08937012201824777
    },
    "client_005": {
        "attacker_000": 0.7188969782874816,
        "attacker_001": 0.6218914845516201,
        "attacker_002": 0.7000130941469164,
        "client_000": 0.4916116747102663,
        "client_001": 0.4909084930786178,
        "client_002": 0.4933596318211703,
        "client_003": 0.48844082490476814,
        "client_004": 0.4899392745773839,
        "client_005": 0.9737968741940475,
        "client_006": 0.9785186726308125,
        "client_007": 0.9773736956297138,
        "client_008": 0.9766190771777364,
        "client_009": 0.9738136313309472,
        "client_010": 0.6954467917596114,
        "client_011": 0.6913531265842315,
        "client_012": 0.02376892989670043,
        "client_013": 0.024097590240975904,
        "client_014": 0.023488080301129234,
        "client_015": 0.02503366079888296,
        "client_016": 0.024045686804929366
    },
    "client_006": {
        "attacker_000": 0.7166967276475135,