{"client_0": {"client_0": 0.9984934356840519, "client_1": 0.9983858239471985, "client_2": 0.9963412009469833, "client_3": 0.9963412009469833, "client_4": 0.9951216012626444, "client_5": 0.9951216012626444, "client_6": 0.9951216012626444, "client_7": 0.9951216012626444, "client_8": 0.9965564244206901, "client_9": 0.9964846832627878}, "client_1": {"client_0": 0.9986369179998565, "client_1": 0.9984934356840519, "client_2": 0.9964129421048856, "client_3": 0.9964488126838367, "client_4": 0.9956596599469115, "client_5": 0.9956596599469115, "client_6": 0.9956596599469115, "client_7": 0.9956596599469115, "client_8": 0.9968075184733481, "client_9": 0.9964846832627878}, "client_2": {"client_0": 0.16309134018290616, "client_1": 0.15834932821497122, "client_2": 0.9862255842836175, "client_3": 0.986620751947612, "client_4": 0.4141357118663204, "client_5": 0.4732415038952241, "client_6": 0.4653946031387603, "client_7": 0.4463701027435926, "client_8": 0.3494975725414926, "client_9": 0.3252229874675398}, "client_3": {"client_0": 0.1627526250423394, "client_1": 0.15755899288698205, "client_2": 0.9856610590493395, "client_3": 0.9858304166196229, "client_4": 0.42249068533363443, "client_5": 0.47899966128485943, "client_6": 0.4723947160438072, "client_7": 0.4564751044371683, "client_8": 0.35085243310375974, "client_9": 0.32578751270181777}, "client_4": {"client_0": 0.03725884416306626, "client_1": 0.03396500834153227, "client_2": 0.2306112845959704, "client_3": 0.23001240535569148, "client_4": 0.9418659366043547, "client_5": 0.9418659366043547, "client_6": 0.9384437695170467, "client_7": 0.9430209179963212, "client_8": 0.20661333789622277, "client_9": 0.20661333789622277}, "client_5": {"client_0": 0.03734439834024896, "client_1": 0.03507721264490739, "client_2": 0.22992685117850878, "client_3": 0.22907130940668177, "client_4": 0.9441331222996963, "client_5": 0.9443042306540617, "client_6": 0.9413098344526671, "client_7": 0.9454164349574368, "client_8": 0.2040894896693331, "client_9": 0.2040039354921504}, "client_6": {"client_0": 0.03905548188390298, "client_1": 0.036061085682508445, "client_2": 0.2339906745946871, "client_3": 0.23296402446849468, "client_4": 0.9449031098943406, "client_5": 0.9448603328057492, "client_6": 0.9417376053385806, "client_7": 0.9451597724258887, "client_8": 0.2084099756170595, "client_9": 0.2083244214398768}, "client_7": {"client_0": 0.03841382555503273, "client_1": 0.03554776061941224, "client_2": 0.23454677674637464, "client_3": 0.23411900586046114, "client_4": 0.9428498096419557, "client_5": 0.9421225991359028, "client_6": 0.9397698592633785, "client_7": 0.9434059117936433, "client_8": 0.2070411087821363, "client_9": 0.2070411087821363}, "client_8": {"client_0": 0.8751522533495737, "client_1": 0.8705143820856367, "client_2": 0.9517942471657453, "client_3": 0.9524032605640401, "client_4": 0.8767450576220369, "client_5": 0.8766513632530685, "client_6": 0.8777756956806896, "client_7": 0.8780567787875949, "client_8": 0.9870233298978731, "client_9": 0.98721071863581}, "client_9": {"client_0": 0.878525250632437, "client_1": 0.8747774758737, "client_2": 0.9522158718261032, "client_3": 0.9524969549330086, "client_4": 0.8795558886910897, "client_5": 0.8797432774290265, "client_6": 0.8804459851962897, "client_7": 0.8805396795652581, "client_8": 0.9871638714513258, "client_9": 0.9873981073737469}}