{"client_0": {"client_0": 0.9968792596312505, "client_1": 0.996269459789081, "client_2": 0.9963770715259345, "client_3": 0.9963770715259345, "client_4": 0.9951574718415955, "client_5": 0.9951574718415955, "client_6": 0.9951574718415955, "client_7": 0.9951574718415955, "client_8": 0.9968792596312505, "client_9": 0.9966281655785925}, "client_1": {"client_0": 0.9969151302102016, "client_1": 0.996520553841739, "client_2": 0.9964846832627878, "client_3": 0.9964846832627878, "client_4": 0.9956596599469115, "client_5": 0.9956596599469115, "client_6": 0.9956596599469115, "client_7": 0.9956596599469115, "client_8": 0.9970586125260061, "client_9": 0.9966640361575436}, "client_2": {"client_0": 0.1323247149147567, "client_1": 0.15180083549734674, "client_2": 0.9853223439087727, "client_3": 0.9862820368070453, "client_4": 0.5361296149937902, "client_5": 0.5496217680930338, "client_6": 0.5323472959241278, "client_7": 0.517274472168906, "client_8": 0.42384554589590157, "client_9": 0.40391780512588915}, "client_3": {"client_0": 0.13119566444620073, "client_1": 0.15219600316134133, "client_2": 0.9850965338150616, "client_3": 0.9853223439087727, "client_4": 0.5439200632268263, "client_5": 0.5560009032403749, "client_6": 0.5395732189228859, "client_7": 0.5265326860110647, "client_8": 0.4223777802867788, "client_9": 0.4051033081178729}, "client_4": {"client_0": 0.02635068657227189, "client_1": 0.07610044060401248, "client_2": 0.23343457244299953, "client_3": 0.23377678915173034, "client_4": 0.9391709800230996, "client_5": 0.9420798220473114, "client_6": 0.9398554134405612, "client_7": 0.9417376053385806, "client_8": 0.20682722333917952, "client_9": 0.21439876801984856}, "client_5": {"client_0": 0.0271206741669162, "client_1": 0.07361936946571417, "client_2": 0.23287847029131198, "client_3": 0.23330624117722548, "client_4": 0.9414381657184412, "client_5": 0.9449886640715233, "client_6": 0.941908713692946, "client_7": 0.9443897848312444, "client_8": 0.2040039354921504, "client_9": 0.2122171365016897}, "client_6": {"client_0": 0.02806177011592591, "client_1": 0.07584377807246438, "client_2": 0.23677118535312486, "client_3": 0.2370706249732643, "client_4": 0.941908713692946, "client_5": 0.9448603328057492, "client_6": 0.9419514907815374, "client_7": 0.9438336826795568, "client_8": 0.20883774650297302, "client_9": 0.2170509475125123}, "client_7": {"client_0": 0.02806177011592591, "client_1": 0.07511656756641143, "client_2": 0.23826838345382212, "client_3": 0.23835393763100485, "client_4": 0.940197630149292, "client_5": 0.9438336826795568, "client_6": 0.9402831843264747, "client_7": 0.942507592933225, "client_8": 0.20768276511100656, "client_9": 0.21640929118364205}, "client_8": {"client_0": 0.77602361098098, "client_1": 0.8505106343108779, "client_2": 0.9348824135669447, "client_3": 0.9366626065773447, "client_4": 0.8820387894687529, "client_5": 0.8824135669446266, "client_6": 0.8846622317998688, "client_7": 0.8838658296636372, "client_8": 0.957884381148693, "client_9": 0.9629907242574721}, "client_9": {"client_0": 0.7817858146725382, "client_1": 0.8540241731471938, "client_2": 0.936287829101471, "client_3": 0.9370373840532183, "client_4": 0.8843811486929636, "client_5": 0.8846622317998688, "client_6": 0.8871919797620162, "client_7": 0.8863955776257847, "client_8": 0.9598988100815141, "client_9": 0.9639276679471563}}