{"client_0": {"client_0": 0.8965492503049, "client_1": 0.8921730396728603, "client_2": 0.9227706435181864, "client_3": 0.920187961833704, "client_4": 0.9953726953153024, "client_5": 0.995265083578449, "client_6": 0.9955520482100582, "client_7": 0.9953726953153024, "client_8": 0.9264653131501542, "client_9": 0.9264653131501542}, "client_1": {"client_0": 0.8961905445153885, "client_1": 0.8930339335676878, "client_2": 0.9225195494655284, "client_3": 0.9201162206758017, "client_4": 0.9956596599469115, "client_5": 0.9955879187890092, "client_6": 0.9956237893679604, "client_7": 0.9956237893679604, "client_8": 0.9260348662027406, "client_9": 0.9260348662027406}, "client_2": {"client_0": 0.43327311730834367, "client_1": 0.4242971660833239, "client_2": 0.9167889804674269, "client_3": 0.9189341763576832, "client_4": 0.5602348424974596, "client_5": 0.5641865191374055, "client_6": 0.5655978322231003, "client_7": 0.5635655413796997, "client_8": 0.6600429039178052, "client_9": 0.611098566105905}, "client_3": {"client_0": 0.44010387264310713, "client_1": 0.4296037032855369, "client_2": 0.9150389522411652, "client_3": 0.9174664107485605, "client_4": 0.5676301230665011, "client_5": 0.5718076098001581, "client_6": 0.5730495653155696, "client_7": 0.5708479169018855, "client_8": 0.662018742237778, "client_9": 0.61301795190245}, "client_4": {"client_0": 0.21837703725884416, "client_1": 0.20678444625058817, "client_2": 0.24280275484450528, "client_3": 0.24271720066732258, "client_4": 0.9879368610172392, "client_5": 0.9868674338024555, "client_6": 0.986439662916542, "client_7": 0.9868246567138641, "client_8": 0.24258886940154853, "client_9": 0.24254609231295718}, "client_5": {"client_0": 0.2173076100440604, "client_1": 0.2047739230867947, "client_2": 0.24126277965521667, "client_3": 0.24126277965521667, "client_4": 0.9877229755742825, "client_5": 0.9866535483594987, "client_6": 0.9862685545621765, "client_7": 0.9863541087393592, "client_8": 0.24126277965521667, "client_9": 0.24122000256662532}, "client_6": {"client_0": 0.22107199384009923, "client_1": 0.20879496941438166, "client_2": 0.24631047610899603, "client_3": 0.24618214484322198, "client_4": 0.9863968858279506, "client_5": 0.9854557898789409, "client_6": 0.9859263378534457, "client_7": 0.9854130127903495, "client_8": 0.24626769902040468, "client_9": 0.24622492193181333}, "client_7": {"client_0": 0.221285879283056, "client_1": 0.2081533130855114, "client_2": 0.24656713864054414, "client_3": 0.24643880737477009, "client_4": 0.9869957650682295, "client_5": 0.98669632544809, "client_6": 0.9860546691192198, "client_7": 0.9859263378534457, "client_8": 0.24622492193181333, "client_9": 0.24618214484322198}, "client_8": {"client_0": 0.8944532933570692, "client_1": 0.9010587463693432, "client_2": 0.7060807645460507, "client_3": 0.6595146631687435, "client_4": 0.8805396795652581, "client_5": 0.8632999156750679, "client_6": 0.8747774758737, "client_7": 0.8652206502389206, "client_8": 0.5655392110934133, "client_9": 0.5485336831256441}, "client_9": {"client_0": 0.899044317436522, "client_1": 0.9048065211280802, "client_2": 0.705237515225335, "client_3": 0.6579218588962803, "client_4": 0.882273025391174, "client_5": 0.8664386770355101, "client_6": 0.8775414597582686, "client_7": 0.8678909397545208, "client_8": 0.5629626159467817, "client_9": 0.5454417689496861}}