{
    "client_0": {
        "client_0": 0.9991223626999132,
        "client_1": 0.9991173520561684,
        "client_2": 0.6032045767678674,
        "client_3": 0.6121229388016037,
        "client_4": 0.5404073995570791,
        "client_5": 0.6467296827466318,
        "client_6": 0.6467340744110877,
        "client_7": 0.6466993495117943,
        "client_8": 0.0779403407722759,
        "client_9": 0.08959852966515422
    },
    "client_1": {
        "client_0": 0.9992929389169429,
        "client_1": 0.9992929389169429,
        "client_2": 0.6048529041991452,
        "client_3": 0.6137746781860449,
        "client_4": 0.5412223553127464,
        "client_5": 0.6480756841070157,
        "client_6": 0.6480936427631668,
        "client_7": 0.6480537094805371,
        "client_8": 0.07499155934982878,
        "client_9": 0.08576224044501991
    },
    "client_2": {
        "client_0": 0.1351299113675898,
        "client_1": 0.1343934201507882,
        "client_2": 0.9431693282472362,
        "client_3": 0.9410923276983094,
        "client_4": 0.943116883116883,
        "client_5": 0.1014520565470479,
        "client_6": 0.10129571711240186,
        "client_7": 0.10072537541359125,
        "client_8": 0.22377508734866336,
        "client_9": 0.2075033997280218
    },
    "client_3": {
        "client_0": 0.13108010450831062,
        "client_1": 0.13070596677154056,
        "client_2": 0.9474293803487549,
        "client_3": 0.9437576855866935,
        "client_4": 0.9470014847330708,
        "client_5": 0.10551790900290416,
        "client_6": 0.10517513106686822,
        "client_7": 0.10501270055625223,
        "client_8": 0.21623366144908826,
        "client_9": 0.20268872802481902
    },
    "client_4": {
        "client_0": 0.1312583074878157,
        "client_1": 0.13044434667839858,
        "client_2": 0.9512117143039837,
        "client_3": 0.9473616556333954,
        "client_4": 0.9501635558976332,
        "client_5": 0.10778059179944217,
        "client_6": 0.10761557644350661,
        "client_7": 0.1071337417049515,
        "client_8": 0.2190824198132359,
        "client_9": 0.2019507515190278
    },
    "client_5": {
        "client_0": 0.046866372170071786,
        "client_1": 0.05619360823003627,
        "client_2": 0.0006119951040391677,
        "client_3": 0.0018309429356118403,
        "client_4": 0.0012515644555694619,
        "client_5": 0.9329879101899827,
        "client_6": 0.9349921149465569,
        "client_7": 0.9334257975034673,
        "client_8": 0.2824332712600869,
        "client_9": 0.32363636363636356
    },
    "client_6": {
        "client_0": 0.0434932688988609,
        "client_1": 0.05200682167401178,
        "client_2": 0.0006387735547748323,
        "client_3": 0.0019114367633004138,
        "client_4": 0.0013089005235602095,
        "client_5": 0.931606784606967,
        "client_6": 0.9314866112650046,
        "client_7": 0.9320175438596492,
        "client_8": 0.2972536348949919,
        "client_9": 0.3340700978844332
    },
    "client_7": {
        "client_0": 0.04355491029762522,
        "client_1": 0.052140077821011675,
        "client_2": 0.000643293663557414,
        "client_3": 0.0006424670735624799,
        "client_4": 0.0006602839220864972,
        "client_5": 0.9401175606171933,
        "client_6": 0.9411545623836127,
        "client_7": 0.9405484999079697,
        "client_8": 0.2891723912332352,
        "client_9": 0.32758620689655177
    },
    "client_8": {
        "client_0": 0.7011924542403192,
        "client_1": 0.7022161682124423,
        "client_2": 0.5041781481730403,
        "client_3": 0.4972874616706541,
        "client_4": 0.5041888804265042,
        "client_5": 0.00989683021334205,
        "client_6": 0.009928570316998397,
        "client_7": 0.009917766481680114,
        "client_8": 0.9600201771615932,
        "client_9": 0.9594856680359788
    },
    "client_9": {
        "client_0": 0.702767172393574,
        "client_1": 0.7037928436660376,
        "client_2": 0.5052955472808758,
        "client_3": 0.49927414852037966,
        "client_4": 0.5050763967056359,
        "client_5": 0.009167918479860005,
        "client_6": 0.009137228786916729,
        "client_7": 0.009158557527189467,
        "client_8": 0.9601301871440195,
        "client_9": 0.9592846126378008
    }
}