{
    "client_0": {
        "client_0": 0.999,
        "client_1": 0.99888,
        "client_2": 0.83912,
        "client_3": 0.95484,
        "client_4": 0.97861,
        "client_5": 0.62057,
        "client_6": 0.6892,
        "client_7": 0.54202,
        "client_8": 0.1441,
        "client_9": 0.14268
    },
    "client_1": {
        "client_0": 0.9991,
        "client_1": 0.99893,
        "client_2": 0.8366,
        "client_3": 0.95402,
        "client_4": 0.97904,
        "client_5": 0.62105,
        "client_6": 0.6905,
        "client_7": 0.54109,
        "client_8": 0.14316,
        "client_9": 0.14182
    },
    "client_2": {
        "client_0": 0.8165781657816579,
        "client_1": 0.7755827558275583,
        "client_2": 0.989649896498965,
        "client_3": 0.9892148921489214,
        "client_4": 0.98949989499895,
        "client_5": 0.5673656736567365,
        "client_6": 0.5848858488584886,
        "client_7": 0.6203012030120301,
        "client_8": 0.8762637626376264,
        "client_9": 0.8768187681876819
    },
    "client_3": {
        "client_0": 0.8138631386313863,
        "client_1": 0.7749527495274953,
        "client_2": 0.99039990399904,
        "client_3": 0.9897998979989799,
        "client_4": 0.990159901599016,
        "client_5": 0.5722407224072241,
        "client_6": 0.5909909099090991,
        "client_7": 0.6268562685626856,
        "client_8": 0.8741937419374194,
        "client_9": 0.8750187501875019
    },
    "client_4": {
        "client_0": 0.8151681516815168,
        "client_1": 0.7742177421774218,
        "client_2": 0.9911649116491165,
        "client_3": 0.990549905499055,
        "client_4": 0.9909549095490955,
        "client_5": 0.5705757057570575,
        "client_6": 0.5885758857588576,
        "client_7": 0.6233762337623376,
        "client_8": 0.8752737527375274,
        "client_9": 0.8757237572375723
    },
    "client_5": {
        "client_0": 0.9041490414904149,
        "client_1": 0.8642636426364264,
        "client_2": 0.9586445864458645,
        "client_3": 0.9586445864458645,
        "client_4": 0.9586595865958659,
        "client_5": 0.9950049500495005,
        "client_6": 0.995289952899529,
        "client_7": 0.9952749527495275,
        "client_8": 0.9654546545465454,
        "client_9": 0.9651696516965169
    },
    "client_6": {
        "client_0": 0.9049590495904959,
        "client_1": 0.8660786607866079,
        "client_2": 0.9606546065460655,
        "client_3": 0.9606696066960669,
        "client_4": 0.9606546065460655,
        "client_5": 0.9953049530495305,
        "client_6": 0.9954549545495455,
        "client_7": 0.995529955299553,
        "client_8": 0.9671646716467165,
        "client_9": 0.9667446674466744
    },
    "client_7": {
        "client_0": 0.9051840518405184,
        "client_1": 0.8659136591365914,
        "client_2": 0.9608646086460865,
        "client_3": 0.9608946089460895,
        "client_4": 0.9608496084960849,
        "client_5": 0.9958449584495845,
        "client_6": 0.996159961599616,
        "client_7": 0.9960249602496025,
        "client_8": 0.9673146731467315,
        "client_9": 0.9669996699967
    },
    "client_8": {
        "client_0": 0.5479,
        "client_1": 0.5511,
        "client_2": 0.54532,
        "client_3": 0.54519,
        "client_4": 0.54351,
        "client_5": 0.35783,
        "client_6": 0.37684,
        "client_7": 0.36442,
        "client_8": 0.95394,
        "client_9": 0.95299
    },
    "client_9": {
        "client_0": 0.54992,
        "client_1": 0.55363,
        "client_2": 0.5469,
        "client_3": 0.54659,
        "client_4": 0.54502,
        "client_5": 0.35411,
        "client_6": 0.37366,
        "client_7": 0.36124,
        "client_8": 0.95358,
        "client_9": 0.95311
    }
}