{
    "client_0": {
        "client_0": 0.99901,
        "client_1": 0.99908,
        "client_2": 0.85885,
        "client_3": 0.94957,
        "client_4": 0.97275,
        "client_5": 0.73044,
        "client_6": 0.7415,
        "client_7": 0.7342,
        "client_8": 0.12479,
        "client_9": 0.11451
    },
    "client_1": {
        "client_0": 0.99909,
        "client_1": 0.99908,
        "client_2": 0.85526,
        "client_3": 0.94894,
        "client_4": 0.97249,
        "client_5": 0.72967,
        "client_6": 0.74087,
        "client_7": 0.73403,
        "client_8": 0.1237,
        "client_9": 0.1133
    },
    "client_2": {
        "client_0": 0.8187531875318753,
        "client_1": 0.8183031830318304,
        "client_2": 0.989709897098971,
        "client_3": 0.9902349023490234,
        "client_4": 0.989889898898989,
        "client_5": 0.569870698706987,
        "client_6": 0.6229262292622926,
        "client_7": 0.6573365733657337,
        "client_8": 0.8771487714877149,
        "client_9": 0.8804038040380404
    },
    "client_3": {
        "client_0": 0.8166831668316683,
        "client_1": 0.8168031680316803,
        "client_2": 0.990249902499025,
        "client_3": 0.990729907299073,
        "client_4": 0.990279902799028,
        "client_5": 0.5756307563075631,
        "client_6": 0.6256262562625626,
        "client_7": 0.6604866048660487,
        "client_8": 0.8751687516875168,
        "client_9": 0.8782437824378244
    },
    "client_4": {
        "client_0": 0.8174631746317463,
        "client_1": 0.8185581855818558,
        "client_2": 0.99129991299913,
        "client_3": 0.991509915099151,
        "client_4": 0.99129991299913,
        "client_5": 0.5726907269072691,
        "client_6": 0.6250112501125011,
        "client_7": 0.6586265862658627,
        "client_8": 0.8762787627876278,
        "client_9": 0.8793237932379324
    },
    "client_5": {
        "client_0": 0.9001140011400114,
        "client_1": 0.8639786397863979,
        "client_2": 0.9586445864458645,
        "client_3": 0.9586595865958659,
        "client_4": 0.9586595865958659,
        "client_5": 0.995319953199532,
        "client_6": 0.9953049530495305,
        "client_7": 0.9953349533495335,
        "client_8": 0.965319653196532,
        "client_9": 0.965349653496535
    },
    "client_6": {
        "client_0": 0.9011640116401164,
        "client_1": 0.8657936579365794,
        "client_2": 0.9606546065460655,
        "client_3": 0.9606696066960669,
        "client_4": 0.9606546065460655,
        "client_5": 0.995589955899559,
        "client_6": 0.9955449554495545,
        "client_7": 0.9955449554495545,
        "client_8": 0.9668646686466865,
        "client_9": 0.9670146701467015
    },
    "client_7": {
        "client_0": 0.9008340083400834,
        "client_1": 0.8652386523865239,
        "client_2": 0.9608646086460865,
        "client_3": 0.9608496084960849,
        "client_4": 0.9608496084960849,
        "client_5": 0.9962649626496265,
        "client_6": 0.99609996099961,
        "client_7": 0.996159961599616,
        "client_8": 0.9672096720967209,
        "client_9": 0.9672696726967269
    },
    "client_8": {
        "client_0": 0.53816,
        "client_1": 0.5191,
        "client_2": 0.54575,
        "client_3": 0.54544,
        "client_4": 0.54442,
        "client_5": 0.38152,
        "client_6": 0.40485,
        "client_7": 0.3581,
        "client_8": 0.95618,
        "client_9": 0.95584
    },
    "client_9": {
        "client_0": 0.54022,
        "client_1": 0.52299,
        "client_2": 0.54736,
        "client_3": 0.54674,
        "client_4": 0.54586,
        "client_5": 0.37827,
        "client_6": 0.40247,
        "client_7": 0.35522,
        "client_8": 0.95594,
        "client_9": 0.95545
    }
}