{
    "client_0": {
        "client_0": 0.9995284154759994,
        "client_1": 0.9994181088537748,
        "client_2": 0.9015644834237293,
        "client_3": 0.9820412943303038,
        "client_4": 0.9777552773686795,
        "client_5": 0.7277322508999005,
        "client_6": 0.7411163665986751,
        "client_7": 0.6691063045496131,
        "client_8": 0.2943734780193959,
        "client_9": 0.26896061326072257
    },
    "client_1": {
        "client_0": 0.9995034134058316,
        "client_1": 0.9994182139167244,
        "client_2": 0.8996289486143378,
        "client_3": 0.9821592228264191,
        "client_4": 0.9777277725215434,
        "client_5": 0.7277726388312973,
        "client_6": 0.7413157629001312,
        "client_7": 0.6694873968086598,
        "client_8": 0.29338850040178494,
        "client_9": 0.2675448873152656
    },
    "client_2": {
        "client_0": 0.28097973994557,
        "client_1": 0.21375976871301441,
        "client_2": 0.9550431534200696,
        "client_3": 0.9551183127572016,
        "client_4": 0.9546361238015573,
        "client_5": 0.1022783251231527,
        "client_6": 0.09952095808383235,
        "client_7": 0.1044442344640776,
        "client_8": 0.26891764504242005,
        "client_9": 0.2696943231441048
    },
    "client_3": {
        "client_0": 0.27153637186839724,
        "client_1": 0.2088006902502157,
        "client_2": 0.9582532974772697,
        "client_3": 0.9583786202928202,
        "client_4": 0.9581413210445469,
        "client_5": 0.10501148854250761,
        "client_6": 0.1021638237598698,
        "client_7": 0.10731180747372766,
        "client_8": 0.2584557567475231,
        "client_9": 0.2582331416623105
    },
    "client_4": {
        "client_0": 0.2746333777723913,
        "client_1": 0.2087767764141117,
        "client_2": 0.9618962660889513,
        "client_3": 0.9612669337912613,
        "client_4": 0.9614870456426252,
        "client_5": 0.10737056087719839,
        "client_6": 0.1041311945514831,
        "client_7": 0.10991990918837105,
        "client_8": 0.262568870523416,
        "client_9": 0.2621112571178274
    },
    "client_5": {
        "client_0": 0.012808783165599268,
        "client_1": 0.01054897739504844,
        "client_2": 0.0006770480704129993,
        "client_3": 0.0020891364902506965,
        "client_4": 0.0007199424046076313,
        "client_5": 0.9457472873643682,
        "client_6": 0.9414001728608471,
        "client_7": 0.9455122553341563,
        "client_8": 0.28730995966490847,
        "client_9": 0.33835039133052375
    },
    "client_6": {
        "client_0": 0.012187044641674393,
        "client_1": 0.010759771629336846,
        "client_2": 0.000703977472720873,
        "client_3": 0.0014545454545454545,
        "client_4": 0.0007567158531971245,
        "client_5": 0.9427833148763382,
        "client_6": 0.9399344739716053,
        "client_7": 0.9431860378759748,
        "client_8": 0.2923824959481361,
        "client_9": 0.3376459450930893
    },
    "client_7": {
        "client_0": 0.014719411223551056,
        "client_1": 0.012742980561555074,
        "client_2": 0.000711490572749911,
        "client_3": 0.002204261572373255,
        "client_4": 0.0007621951219512195,
        "client_5": 0.9514381770638776,
        "client_6": 0.9471357524405968,
        "client_7": 0.9499155880697806,
        "client_8": 0.2856204858831254,
        "client_9": 0.33747214262973574
    },
    "client_8": {
        "client_0": 0.67716069758486,
        "client_1": 0.7040693571692598,
        "client_2": 0.5568015602145294,
        "client_3": 0.5667957451218708,
        "client_4": 0.5665202887351816,
        "client_5": 0.039416455237404856,
        "client_6": 0.03992553690614926,
        "client_7": 0.03563589806121205,
        "client_8": 0.9631657235742436,
        "client_9": 0.9633349225634794
    },
    "client_9": {
        "client_0": 0.6783268185783865,
        "client_1": 0.7062154473726586,
        "client_2": 0.5599619228938602,
        "client_3": 0.5703782202173852,
        "client_4": 0.5701206356353539,
        "client_5": 0.03838107135868992,
        "client_6": 0.03841746577407876,
        "client_7": 0.03468102859743609,
        "client_8": 0.9629595714481938,
        "client_9": 0.9635564943214865
    }
}