{
    "client_0": {
        "client_0": 0.9995234057923755,
        "client_1": 0.9995434637555373,
        "client_2": 0.8802703626693269,
        "client_3": 0.9319847536365142,
        "client_4": 0.9751242760184478,
        "client_5": 0.8531767463773944,
        "client_6": 0.8694179486598547,
        "client_7": 0.8282347968510594,
        "client_8": 0.15127715931613167,
        "client_9": 0.1335751886377874
    },
    "client_1": {
        "client_0": 0.9995234679494575,
        "client_1": 0.9995535736678689,
        "client_2": 0.8774930055393881,
        "client_3": 0.9305711685669932,
        "client_4": 0.9749770396252457,
        "client_5": 0.8533762242582646,
        "client_6": 0.8679540621012334,
        "client_7": 0.8275967389516716,
        "client_8": 0.1491192286297052,
        "client_9": 0.12973337580333888
    },
    "client_2": {
        "client_0": 0.3090795588541305,
        "client_1": 0.26817965779467684,
        "client_2": 0.9616132797302556,
        "client_3": 0.9617203186734892,
        "client_4": 0.9598966742008397,
        "client_5": 0.11206344364800977,
        "client_6": 0.11472800474392185,
        "client_7": 0.11320056723595784,
        "client_8": 0.27839945744320105,
        "client_9": 0.2981713511683034
    },
    "client_3": {
        "client_0": 0.3017980636237898,
        "client_1": 0.2629258994519896,
        "client_2": 0.9633635953898654,
        "client_3": 0.9634585692228512,
        "client_4": 0.9622169478478414,
        "client_5": 0.11401353114286582,
        "client_6": 0.11652233292981966,
        "client_7": 0.11519127023050517,
        "client_8": 0.26406448875689437,
        "client_9": 0.28072258502247477
    },
    "client_4": {
        "client_0": 0.30285832929614503,
        "client_1": 0.2639029926527686,
        "client_2": 0.9673118830919113,
        "client_3": 0.967580727831881,
        "client_4": 0.9661211966249041,
        "client_5": 0.11583292860611945,
        "client_6": 0.11812488373535066,
        "client_7": 0.11671363803455456,
        "client_8": 0.26773807488459567,
        "client_9": 0.28776241679467485
    },
    "client_5": {
        "client_0": 0.03260778216656862,
        "client_1": 0.022869495960860166,
        "client_2": 0.0007249003262051467,
        "client_3": 0.0014492753623188404,
        "client_4": 0.0014492753623188404,
        "client_5": 0.9459838653104174,
        "client_6": 0.9454867256637167,
        "client_7": 0.9471458773784355,
        "client_8": 0.28251400124455506,
        "client_9": 0.29892141756548535
    },
    "client_6": {
        "client_0": 0.03316974107293959,
        "client_1": 0.02410191667623092,
        "client_2": 0.0015226494099733535,
        "client_3": 0.00228310502283105,
        "client_4": 0.0015226494099733535,
        "client_5": 0.9457364341085271,
        "client_6": 0.9422288483041372,
        "client_7": 0.9447739065974795,
        "client_8": 0.28515625000000006,
        "client_9": 0.30447376890891537
    },
    "client_7": {
        "client_0": 0.03207467119219346,
        "client_1": 0.02349537037037037,
        "client_2": 0.0007656967840735067,
        "client_3": 0.0015302218821729148,
        "client_4": 0.0007651109410864574,
        "client_5": 0.9536053661263275,
        "client_6": 0.9501598645852924,
        "client_7": 0.9536275243081527,
        "client_8": 0.28458757804797896,
        "client_9": 0.2951354880835782
    },
    "client_8": {
        "client_0": 0.7571612280983764,
        "client_1": 0.6847774850963537,
        "client_2": 0.5614721854431716,
        "client_3": 0.5696358009997621,
        "client_4": 0.5919634839868303,
        "client_5": 0.23931691609259115,
        "client_6": 0.43560716919726994,
        "client_7": 0.22146228945392127,
        "client_8": 0.9651245551601423,
        "client_9": 0.9642246370698713
    },
    "client_9": {
        "client_0": 0.7566787466726532,
        "client_1": 0.6874152389914477,
        "client_2": 0.5657813111405912,
        "client_3": 0.5725526630135948,
        "client_4": 0.5952429734209987,
        "client_5": 0.24178884859950603,
        "client_6": 0.4381844447551144,
        "client_7": 0.22264070304778696,
        "client_8": 0.9653318304367032,
        "client_9": 0.9642895311378801
    }
}