{
    "client_0": {
        "client_0": 0.999,
        "client_1": 0.99887,
        "client_2": 0.83857,
        "client_3": 0.9433,
        "client_4": 0.96577,
        "client_5": 0.71945,
        "client_6": 0.71859,
        "client_7": 0.70416,
        "client_8": 0.09591,
        "client_9": 0.10491
    },
    "client_1": {
        "client_0": 0.99911,
        "client_1": 0.99899,
        "client_2": 0.83439,
        "client_3": 0.94267,
        "client_4": 0.96451,
        "client_5": 0.71858,
        "client_6": 0.71757,
        "client_7": 0.70215,
        "client_8": 0.09519,
        "client_9": 0.10477
    },
    "client_2": {
        "client_0": 0.8205382053820538,
        "client_1": 0.7543575435754357,
        "client_2": 0.990579905799058,
        "client_3": 0.9902949029490294,
        "client_4": 0.990669906699067,
        "client_5": 0.608541085410854,
        "client_6": 0.6233312333123331,
        "client_7": 0.6165661656616566,
        "client_8": 0.8812138121381213,
        "client_9": 0.8795937959379594
    },
    "client_3": {
        "client_0": 0.8182581825818258,
        "client_1": 0.7519875198751987,
        "client_2": 0.991179911799118,
        "client_3": 0.9906249062490625,
        "client_4": 0.9911949119491195,
        "client_5": 0.6098460984609846,
        "client_6": 0.6249512495124951,
        "client_7": 0.6185011850118501,
        "client_8": 0.8787987879878799,
        "client_9": 0.8773287732877328
    },
    "client_4": {
        "client_0": 0.8190831908319083,
        "client_1": 0.7529025290252902,
        "client_2": 0.992019920199202,
        "client_3": 0.9914949149491495,
        "client_4": 0.992079920799208,
        "client_5": 0.6094560945609456,
        "client_6": 0.6233912339123391,
        "client_7": 0.6189211892118921,
        "client_8": 0.8799087990879909,
        "client_9": 0.8782887828878289
    },
    "client_5": {
        "client_0": 0.8648486484864849,
        "client_1": 0.8003480034800348,
        "client_2": 0.9586445864458645,
        "client_3": 0.9586595865958659,
        "client_4": 0.9586595865958659,
        "client_5": 0.9950649506495065,
        "client_6": 0.9952749527495275,
        "client_7": 0.9953949539495395,
        "client_8": 0.965379653796538,
        "client_9": 0.965709657096571
    },
    "client_6": {
        "client_0": 0.8663186631866319,
        "client_1": 0.8024330243302433,
        "client_2": 0.9606546065460655,
        "client_3": 0.9606846068460685,
        "client_4": 0.9606546065460655,
        "client_5": 0.9950649506495065,
        "client_6": 0.995379953799538,
        "client_7": 0.9956049560495605,
        "client_8": 0.9669846698466985,
        "client_9": 0.967479674796748
    },
    "client_7": {
        "client_0": 0.8660486604866049,
        "client_1": 0.8022380223802238,
        "client_2": 0.9608646086460865,
        "client_3": 0.9608796087960879,
        "client_4": 0.9608646086460865,
        "client_5": 0.9954549545495455,
        "client_6": 0.995919959199592,
        "client_7": 0.9961749617496175,
        "client_8": 0.9672846728467285,
        "client_9": 0.967509675096751
    },
    "client_8": {
        "client_0": 0.5423,
        "client_1": 0.55552,
        "client_2": 0.56437,
        "client_3": 0.54743,
        "client_4": 0.54555,
        "client_5": 0.41718,
        "client_6": 0.4076,
        "client_7": 0.38737,
        "client_8": 0.95598,
        "client_9": 0.95527
    },
    "client_9": {
        "client_0": 0.54371,
        "client_1": 0.55773,
        "client_2": 0.56602,
        "client_3": 0.54864,
        "client_4": 0.5471,
        "client_5": 0.41601,
        "client_6": 0.40613,
        "client_7": 0.38481,
        "client_8": 0.95564,
        "client_9": 0.95499
    }
}