{
    "client_0": {
        "client_0": 0.9995384491892759,
        "client_1": 0.9995484783721139,
        "client_2": 0.9160014749902391,
        "client_3": 0.8270164011383974,
        "client_4": 0.9350303404847019,
        "client_5": 0.7860304009837403,
        "client_6": 0.7726791561015238,
        "client_7": 0.7445953942812534,
        "client_8": 0.07511519848844159,
        "client_9": 0.07496818479811808
    },
    "client_1": {
        "client_0": 0.9996388370553182,
        "client_1": 0.9996438514208322,
        "client_2": 0.9141202609692367,
        "client_3": 0.8248380307359461,
        "client_4": 0.9343583236929507,
        "client_5": 0.7867707877195542,
        "client_6": 0.7735430282387226,
        "client_7": 0.7453077039198913,
        "client_8": 0.07212146366417961,
        "client_9": 0.07199397636883156
    },
    "client_2": {
        "client_0": 0.3107788980840709,
        "client_1": 0.30838457466302893,
        "client_2": 0.9760092867277184,
        "client_3": 0.9760154738878143,
        "client_4": 0.9762733720180529,
        "client_5": 0.08747921729121369,
        "client_6": 0.08428821130316565,
        "client_7": 0.0833453914050065,
        "client_8": 0.05588074611722469,
        "client_9": 0.09951456310679613
    },
    "client_3": {
        "client_0": 0.31434573087853696,
        "client_1": 0.3118580384309081,
        "client_2": 0.9764818968279398,
        "client_3": 0.9765474817377932,
        "client_4": 0.9763537327779558,
        "client_5": 0.08993312664941452,
        "client_6": 0.08610605509040166,
        "client_7": 0.0852728150651859,
        "client_8": 0.056167737985919806,
        "client_9": 0.09374055034774718
    },
    "client_4": {
        "client_0": 0.315978012476067,
        "client_1": 0.31342033780609846,
        "client_2": 0.9791414173630159,
        "client_3": 0.9789567657186584,
        "client_4": 0.9792065314453374,
        "client_5": 0.09206560057221683,
        "client_6": 0.08816975099312083,
        "client_7": 0.08719306692344728,
        "client_8": 0.050674105067410505,
        "client_9": 0.09125937943621983
    },
    "client_5": {
        "client_0": 0.05982468593690674,
        "client_1": 0.059908898864536576,
        "client_2": 0.0024534859946841138,
        "client_3": 0.0020294266869609334,
        "client_4": 0.00138811771238201,
        "client_5": 0.9475518382993554,
        "client_6": 0.947845804988662,
        "client_7": 0.9477546741219641,
        "client_8": 0.014414414414414413,
        "client_9": 0.048175699610343604
    },
    "client_6": {
        "client_0": 0.05550605550605551,
        "client_1": 0.05555830487784762,
        "client_2": 0.0016985138004246285,
        "client_3": 0.0024904015772543317,
        "client_4": 0.0014162299957513102,
        "client_5": 0.9476776207086469,
        "client_6": 0.9476391695756017,
        "client_7": 0.9481045270518954,
        "client_8": 0.014377601210745366,
        "client_9": 0.03958177744585512
    },
    "client_7": {
        "client_0": 0.055344079970871526,
        "client_1": 0.055560151557768986,
        "client_2": 0.00255863539445629,
        "client_3": 0.0029585798816568047,
        "client_4": 0.0025641025641025637,
        "client_5": 0.9521513353115728,
        "client_6": 0.9521158129175947,
        "client_7": 0.9518676825868797,
        "client_8": 0.013719512195121951,
        "client_9": 0.040586245772266064
    },
    "client_8": {
        "client_0": 0.6902138690861958,
        "client_1": 0.6905731477542089,
        "client_2": 0.5641890931151831,
        "client_3": 0.5665933609566867,
        "client_4": 0.5640301675130751,
        "client_5": 0.013712166126997157,
        "client_6": 0.014582130813865177,
        "client_7": 0.012879317153184897,
        "client_8": 0.9796443411892195,
        "client_9": 0.9801818678531007
    },
    "client_9": {
        "client_0": 0.690604678772834,
        "client_1": 0.6910320529694048,
        "client_2": 0.5677723776718727,
        "client_3": 0.5696593845431054,
        "client_4": 0.5675884705349733,
        "client_5": 0.01291104712835278,
        "client_6": 0.013808348600239223,
        "client_7": 0.012502648866285231,
        "client_8": 0.9796722430334194,
        "client_9": 0.9803684030689901
    }
}