{
    "client_0": {
        "client_0": 0.9998795543510991,
        "client_1": 0.9998193206456276,
        "client_2": 0.9129124883078463,
        "client_3": 0.7158019170971142,
        "client_4": 0.9375548102833392,
        "client_5": 0.744625534299006,
        "client_6": 0.7407889170229022,
        "client_7": 0.708637961961625,
        "client_8": 0.07513592719700768,
        "client_9": 0.07519086912932829
    },
    "client_1": {
        "client_0": 0.9998595139181569,
        "client_1": 0.9998394364218407,
        "client_2": 0.9113644161488317,
        "client_3": 0.7123762408126718,
        "client_4": 0.9368344910485389,
        "client_5": 0.7453424743694571,
        "client_6": 0.7414557820554074,
        "client_7": 0.7085262183317903,
        "client_8": 0.07208702954718767,
        "client_9": 0.07221798596565736
    },
    "client_2": {
        "client_0": 0.3133799166476601,
        "client_1": 0.3112556875501843,
        "client_2": 0.9763901432073281,
        "client_3": 0.9762073634663744,
        "client_4": 0.9760814905550899,
        "client_5": 0.08599657223510435,
        "client_6": 0.08266932270916334,
        "client_7": 0.08253953133930274,
        "client_8": 0.07434944237918216,
        "client_9": 0.07768479776847978
    },
    "client_3": {
        "client_0": 0.3170817986973802,
        "client_1": 0.31461138184521353,
        "client_2": 0.9767889202359579,
        "client_3": 0.9766786263454638,
        "client_4": 0.9766100608779237,
        "client_5": 0.08871945061603717,
        "client_6": 0.08407184493625894,
        "client_7": 0.08448353953610337,
        "client_8": 0.06950172402136434,
        "client_9": 0.07144329188706465
    },
    "client_4": {
        "client_0": 0.3187688468337319,
        "client_1": 0.3163851142042873,
        "client_2": 0.979516304001021,
        "client_3": 0.9793314621076804,
        "client_4": 0.9792689927919882,
        "client_5": 0.09059760153179483,
        "client_6": 0.086106971352873,
        "client_7": 0.08643411773086696,
        "client_8": 0.06744186046511627,
        "client_9": 0.06979492526937782
    },
    "client_5": {
        "client_0": 0.0603781055132139,
        "client_1": 0.06038208994621705,
        "client_2": 0.0030111412225233367,
        "client_3": 0.0014537369591243372,
        "client_4": 0.0010908694229300752,
        "client_5": 0.9487672670047211,
        "client_6": 0.9482127288578901,
        "client_7": 0.9483388415376587,
        "client_8": 0.015129682997118156,
        "client_9": 0.05160834217037822
    },
    "client_6": {
        "client_0": 0.05609048341357251,
        "client_1": 0.05612808547825944,
        "client_2": 0.0027985074626865674,
        "client_3": 0.0014701431227569506,
        "client_4": 0.0011747430249632895,
        "client_5": 0.9476594176188721,
        "client_6": 0.9479875022973718,
        "client_7": 0.9472140762463344,
        "client_8": 0.014372163388804841,
        "client_9": 0.041759880686055184
    },
    "client_7": {
        "client_0": 0.05612236461347664,
        "client_1": 0.05619315362989913,
        "client_2": 0.004360691481077713,
        "client_3": 0.0015648091802138574,
        "client_4": 0.001326259946949602,
        "client_5": 0.9537830786433097,
        "client_6": 0.9521335807050093,
        "client_7": 0.951657714391554,
        "client_8": 0.012962256957682043,
        "client_9": 0.04205782951558393
    },
    "client_8": {
        "client_0": 0.6912269281364851,
        "client_1": 0.6914582810815941,
        "client_2": 0.5661938758119188,
        "client_3": 0.5660964523490692,
        "client_4": 0.565715582279199,
        "client_5": 0.017538536230125017,
        "client_6": 0.01843094458591003,
        "client_7": 0.012555099559203527,
        "client_8": 0.9806907084748934,
        "client_9": 0.9800213583605509
    },
    "client_9": {
        "client_0": 0.6914691076135047,
        "client_1": 0.6917767858957079,
        "client_2": 0.5700361963652817,
        "client_3": 0.5692689064583373,
        "client_4": 0.5692259904554824,
        "client_5": 0.016547176089784312,
        "client_6": 0.017467248908296946,
        "client_7": 0.012389621798464171,
        "client_8": 0.9809229242730788,
        "client_9": 0.9800950660266899
    }
}