{
    "attacker_000": {
        "attacker_000": 0.007583965330444204,
        "attacker_001": 0.004966245053154342,
        "attacker_002": 0.005275407292474786,
        "client_000": 0.5352426329690818,
        "client_001": 0.43684696851233207,
        "client_002": 0.4325897187196896,
        "client_003": 0.43750887658003124,
        "client_004": 0.43487874465049925,
        "client_005": 0.07351274787535411,
        "client_006": 0.07132708155726057,
        "client_007": 0.0697657862888873,
        "client_008": 0.07451396253092966,
        "client_009": 0.07379603399433428,
        "client_010": 0.5714604883933957,
        "client_011": 0.5714285714285715,
        "client_012": 0.4350941923581793,
        "client_013": 0.43513427223385004,
        "client_014": 0.43526991558487627,
        "client_015": 0.12733591239918693,
        "client_016": 0.4393209854848346
    },
    "attacker_001": {
        "attacker_000": 0.007896570411086165,
        "attacker_001": 0.006050733069583431,
        "attacker_002": 0.006514657980456026,
        "client_000": 0.5347170104293366,
        "client_001": 0.43264147596239133,
        "client_002": 0.42966201928246295,
        "client_003": 0.43322706340772227,
        "client_004": 0.4319362413719491,
        "client_005": 0.07798617966436329,
        "client_006": 0.07589569641721433,
        "client_007": 0.07357527643889993,
        "client_008": 0.07864378165447383,
        "client_009": 0.0791939688578877,
        "client_010": 0.571300929235168,
        "client_011": 0.5712690151227466,
        "client_012": 0.44111684154365993,
        "client_013": 0.44115659565387494,
        "client_014": 0.44129151553943535,
        "client_015": 0.12904914599829853,
        "client_016": 0.4435446959828187
    },
    "attacker_002": {
        "attacker_000": 0.007436096049573975,
        "attacker_001": 0.005277454404346139,
        "attacker_002": 0.005431830526887561,
        "client_000": 0.5333678354250226,
        "client_001": 0.4380107072414765,
        "client_002": 0.4348475685674647,
        "client_003": 0.4381903890804193,
        "client_004": 0.436129579855708,
        "client_005": 0.07031027611727868,
        "client_006": 0.06975251408601384,
        "client_007": 0.06679539440749481,
        "client_008": 0.07163669959491151,
        "client_009": 0.07125079997155657,
        "client_010": 0.5714732422049495,
        "client_011": 0.5714413347926113,
        "client_012": 0.4364623129931803,
        "client_013": 0.43651813767495,
        "client_014": 0.4364467295058555,
        "client_015": 0.13306399061644728,
        "client_016": 0.4387708193359029
    },
    "client_000": {
        "attacker_000": 0.2812438689425152,
        "attacker_001": 0.5148486579097659,
        "attacker_002": 0.009004502251125562,
        "client_000": 0.9514589582765204,
        "client_001": 0.9481196815811146,
        "client_002": 0.9463522272789959,
        "client_003": 0.9481623697202414,
        "client_004": 0.9484083424807904,
        "client_005": 0.16533583842179428,
        "client_006": 0.17029418799330304,
        "client_007": 0.1905996758508914,
        "client_008": 0.18702793430044362,
        "client_009": 0.1776377217553688,
        "client_010": 0.13803662196092842,
        "client_011": 0.12567264573991033,
        "client_012": 0.3072203869749882,
        "client_013": 0.30685899322932,
        "client_014": 0.30594229515966587,
        "client_015": 0.3043298481894973,
        "client_016": 0.30774681152574396
    },
    "client_001": {
        "attacker_000": 0.2890522319038115,
        "attacker_001": 0.5242060691601976,
        "attacker_002": 0.010258976604528963,
        "client_000": 0.9518151815181518,
        "client_001": 0.9474664184067031,
        "client_002": 0.9440064145396231,
        "client_003": 0.9471307120085016,
        "client_004": 0.9477740863787375,
        "client_005": 0.17494800092442803,
        "client_006": 0.17553820676602794,
        "client_007": 0.19835593039393618,
        "client_008": 0.1933872502378687,
        "client_009": 0.18725467559455092,
        "client_010": 0.14215418261344998,
        "client_011": 0.13072042225840866,
        "client_012": 0.3121135386608563,
        "client_013": 0.3115341676949292,
        "client_014": 0.310750843145376,
        "client_015": 0.3088989797723654,
        "client_016": 0.31269167256428404
    },
    "client_002": {
        "attacker_000": 0.29332681495966756,
        "attacker_001": 0.5278170008472183,
        "attacker_002": 0.007228315054835494,
        "client_000": 0.9488583255441314,
        "client_001": 0.9458114831249159,
        "client_002": 0.9437229437229436,
        "client_003": 0.9456843237429415,
        "client_004": 0.9453030506652331,
        "client_005": 0.17523148148148146,
        "client_006": 0.17628318584070796,
        "client_007": 0.19811925625133578,
        "client_008": 0.19462531076121703,
        "client_009": 0.1885964912280702,
        "client_010": 0.13658122765557776,
        "client_011": 0.12469437652811735,
        "client_012": 0.30947775628626695,
        "client_013": 0.30900584795321634,
        "client_014": 0.308163505713276,
        "client_015": 0.30762010911010734,
        "client_016": 0.3098756744076941
    },
    "client_003": {
        "attacker_000": 0.29192151489944707,
        "attacker_001": 0.5193863319386332,
        "attacker_002": 0.008983156581409855,
        "client_000": 0.9517004102156942,
        "client_001": 0.9468637634838194,
        "client_002": 0.9434113712374582,
        "client_003": 0.9466542503658375,
        "client_004": 0.9466400532268796,
        "client_005": 0.17231897341888175,
        "client_006": 0.17916033212489765,
        "client_007": 0.1975984832525806,
        "client_008": 0.20016387685824652,
        "client_009": 0.18842560947824105,
        "client_010": 0.14336485753870248,
        "client_011": 0.1319808148188985,
        "client_012": 0.3099661175370954,
        "client_013": 0.30926994115247913,
        "client_014": 0.30800821355236135,
        "client_015": 0.3071340785392403,
        "client_016": 0.31054447628516285
    },
    "client_004": {
        "attacker_000": 0.2912364828497333,
        "attacker_001": 0.5209093460566938,
        "attacker_002": 0.007809547801990176,
        "client_000": 0.9497935810360899,
        "client_001": 0.9471845182099181,
        "client_002": 0.9434829637641968,
        "client_003": 0.9462250234678825,
        "client_004": 0.9465915190552873,
        "client_005": 0.17555504692149235,
        "client_006": 0.18430273300630695,
        "client_007": 0.19808510638297872,
        "client_008": 0.19901083372585965,
        "client_009": 0.1890467461044913,
        "client_010": 0.14125045350102794,
        "client_011": 0.1295259218186859,
        "client_012": 0.3099124674710196,
        "client_013": 0.3093427645151783,
        "client_014": 0.30730867422668173,
        "client_015": 0.3072092885492566,
        "client_016": 0.3099391001005144
    },
    "client_005": {
        "attacker_000": 0.633180830007463,
        "attacker_001": 0.004833401892225421,
        "attacker_002": 0.05983203299706804,
        "client_000": 0.5026049250881792,
        "client_001": 0.5033541821952879,
        "client_002": 0.4971314296954399,
        "client_003": 0.5046249716010517,
        "client_004": 0.5028940986257073,
        "client_005": 0.9550379746835443,
        "client_006": 0.9564269047377498,
        "client_007": 0.9549822964087001,
        "client_008": 0.9549896207786948,
        "client_009": 0.9552639578478063,
        "client_010": 0.6963688433202894,
        "client_011": 0.6921235809490349,
        "client_012": 0.010432806528251215,
        "client_013": 0.012678451785806318,
        "client_014": 0.010930088678077954,
        "client_015": 0.010632806854547332,
        "client_016": 0.010637748515362767
    },