{
    "attacker_000": {
        "attacker_000": 0.00818596030581512,
        "attacker_001": 0.002642829382044306,
        "attacker_002": 0.00031169640769890126,
        "client_000": 0.5646177187255759,
        "client_001": 0.5559733460257021,
        "client_002": 0.56005059851484,
        "client_003": 0.5572613124851932,
        "client_004": 0.5583926131813257,
        "client_005": 0.07655974621078605,
        "client_006": 0.07657594133408548,
        "client_007": 0.07632080129787686,
        "client_008": 0.0768200718866728,
        "client_009": 0.07720484643561566,
        "client_010": 0.571217844132043,
        "client_011": 0.5710964569129316,
        "client_012": 0.5252395482040577,
        "client_013": 0.5038683602771362,
        "client_014": 0.5347814843547971,
        "client_015": 0.43496771446817567,
        "client_016": 0.5437928028888059
    },
    "attacker_001": {
        "attacker_000": 0.006792744114241606,
        "attacker_001": 0.0026391368470076847,
        "attacker_002": 0.00015577537191370047,
        "client_000": 0.5664681399038793,
        "client_001": 0.5575832658312289,
        "client_002": 0.5628969881636001,
        "client_003": 0.5591234644025993,
        "client_004": 0.5608824777259228,
        "client_005": 0.08184179125429915,
        "client_006": 0.0819764177428411,
        "client_007": 0.08162405169991571,
        "client_008": 0.08250894548516101,
        "client_009": 0.08315221201710721,
        "client_010": 0.5711732243001094,
        "client_011": 0.5710710375187147,
        "client_012": 0.525215153221266,
        "client_013": 0.5067512983266014,
        "client_014": 0.534217479148319,
        "client_015": 0.44111684154365993,
        "client_016": 0.5437875277175673
    },
    "attacker_002": {
        "attacker_000": 0.008656670273612613,
        "attacker_001": 0.004040718004506954,
        "attacker_002": 0.00015582391897156215,
        "client_000": 0.5657242518817698,
        "client_001": 0.5565287761222449,
        "client_002": 0.560331507234162,
        "client_003": 0.5572985781990522,
        "client_004": 0.5591337099811675,
        "client_005": 0.0739743498901722,
        "client_006": 0.07398483452625611,
        "client_007": 0.07387975042541123,
        "client_008": 0.07370136772730494,
        "client_009": 0.07450424929178472,
        "client_010": 0.5711541039274385,
        "client_011": 0.5710646855099989,
        "client_012": 0.5234715276657526,
        "client_013": 0.5031457481661884,
        "client_014": 0.5353894000259167,
        "client_015": 0.4363506516693447,
        "client_016": 0.5444353090664474
    },
    "client_000": {
        "attacker_000": 0.06484836925424377,
        "attacker_001": 0.06644774966196638,
        "attacker_002": 0.0005165289256198347,
        "client_000": 0.9582081398524992,
        "client_001": 0.9613698630136986,
        "client_002": 0.9597921225382933,
        "client_003": 0.9609856262833677,
        "client_004": 0.9617755856966709,
        "client_005": 0.20604878048780487,
        "client_006": 0.20815752461322085,
        "client_007": 0.20524965462798497,
        "client_008": 0.2179214244242307,
        "client_009": 0.20723945902943514,
        "client_010": 0.15056240683019378,
        "client_011": 0.15603741496598642,
        "client_012": 0.10975202192366819,
        "client_013": 0.10972835541281947,
        "client_014": 0.10985050720768821,
        "client_015": 0.10889316267657007,
        "client_016": 0.10965673834646722
    },
    "client_001": {
        "attacker_000": 0.06947328676609403,
        "attacker_001": 0.06986564299424183,
        "attacker_002": 0.0005056890012642225,
        "client_000": 0.9574186723089129,
        "client_001": 0.962874251497006,
        "client_002": 0.9604459782320148,
        "client_003": 0.9619781972879552,
        "client_004": 0.9637816245006657,
        "client_005": 0.2107665969183945,
        "client_006": 0.21383893666927287,
        "client_007": 0.21014354066985647,
        "client_008": 0.2189449801474759,
        "client_009": 0.21264256717572008,
        "client_010": 0.15407347706360403,
        "client_011": 0.1612403100775194,
        "client_012": 0.108599705764344,
        "client_013": 0.10841196546878137,
        "client_014": 0.10901327640269531,
        "client_015": 0.10772398220096967,
        "client_016": 0.10831385642737895
    },
    "client_002": {
        "attacker_000": 0.06402439024390244,
        "attacker_001": 0.06783580651377916,
        "attacker_002": 0.0,
        "client_000": 0.9570798235058162,
        "client_001": 0.9604079989263186,
        "client_002": 0.9596460651561871,
        "client_003": 0.9597747385358004,
        "client_004": 0.9616986964117725,
        "client_005": 0.224330992598216,
        "client_006": 0.22768990431556338,
        "client_007": 0.22405208732286483,
        "client_008": 0.23353520060560184,
        "client_009": 0.22642237222757955,
        "client_010": 0.14949250520938362,
        "client_011": 0.1540181691125087,
        "client_012": 0.10593643813711771,
        "client_013": 0.10616278293383188,
        "client_014": 0.10588000266364786,
        "client_015": 0.10518646088626879,
        "client_016": 0.1058870538092701
    },
    "client_003": {
        "attacker_000": 0.067765228661359,
        "attacker_001": 0.06816479400749063,
        "attacker_002": 0.0009997500624843788,
        "client_000": 0.9571088165210484,
        "client_001": 0.9610424145725303,
        "client_002": 0.959405677898647,
        "client_003": 0.9602763385146805,
        "client_004": 0.9614464238234511,
        "client_005": 0.21947977976077462,
        "client_006": 0.2242013552758955,
        "client_007": 0.22120343839541545,
        "client_008": 0.23244461134059335,
        "client_009": 0.2230754463428681,
        "client_010": 0.15691773504273504,
        "client_011": 0.16194837635303916,
        "client_012": 0.1069086573491422,
        "client_013": 0.10713338636966323,
        "client_014": 0.10682374743530347,
        "client_015": 0.10624712000526627,
        "client_016": 0.10711684872558756
    },
    "client_004": {
        "attacker_000": 0.06496173231286166,
        "attacker_001": 0.06615006615006616,
        "attacker_002": 0.0005041593143433324,
        "client_000": 0.9578820697954272,
        "client_001": 0.9616004296455425,
        "client_002": 0.9591536092138745,
        "client_003": 0.9604398551696393,
        "client_004": 0.9609553200053669,
        "client_005": 0.22747024371811825,
        "client_006": 0.22867092280905393,
        "client_007": 0.22474891036573816,
        "client_008": 0.2346326836581709,
        "client_009": 0.22866959343386142,
        "client_010": 0.15324295587453482,
        "client_011": 0.1603404967903991,
        "client_012": 0.10486036519871104,
        "client_013": 0.10487394957983193,
        "client_014": 0.10514316368269296,
        "client_015": 0.1040053404539386,
        "client_016": 0.10460671897002614
    },
    "client_005": {
        "attacker_000": 0.25951819031927686,
        "attacker_001": 0.05185556670010031,
        "attacker_002": 0.0003123210660559055,
        "client_000": 0.5037209603313273,
        "client_001": 0.5033344124312076,
        "client_002": 0.5041418586590732,
        "client_003": 0.5044864760183332,
        "client_004": 0.50323289796974,
        "client_005": 0.9621295420257243,
        "client_006": 0.9629610681946078,
        "client_007": 0.9619456805278503,
        "client_008": 0.9622275534684294,
        "client_009": 0.9622193271515059,
        "client_010": 0.6880924040029979,
        "client_011": 0.6859004187994415,
        "client_012": 0.01108658830775548,
        "client_013": 0.01423232478369938,
        "client_014": 0.013793103448275864,
        "client_015": 0.01102467672968935,
        "client_016": 0.011773136773136775
    },