{
    "attacker_000": {
        "attacker_000": 0.9850346878097126,
        "attacker_001": 0.9848095813938079,
        "client_000": 0.8547428509492927,
        "client_001": 0.8380081596969255,
        "client_002": 0.9565374211000902,
        "client_003": 0.9598278335724534,
        "client_004": 0.9446310398723022,
        "client_005": 0.049938522652038214,
        "client_006": 0.049754067347710935,
        "client_007": 0.049938522652038214,
        "client_008": 0.049938522652038214,
        "client_009": 0.04987704142758055,
        "client_010": 0.9747807369807562,
        "client_011": 0.9747963953544407,
        "client_012": 0.9747963953544407,
        "client_013": 0.6956669138679945,
        "client_014": 0.7381044962446022,
        "client_015": 0.7564574154169529,
        "client_016": 0.7078474629687993,
        "client_017": 0.736063289063781
    },
    "attacker_001": {
        "attacker_000": 0.9845955505603121,
        "attacker_001": 0.9846194643330681,
        "client_000": 0.8539971797374987,
        "client_001": 0.8376753507014028,
        "client_002": 0.9554016802310317,
        "client_003": 0.9592326139088729,
        "client_004": 0.9434182060242969,
        "client_005": 0.05455461761370795,
        "client_006": 0.05455289930391508,
        "client_007": 0.05461417322834646,
        "client_008": 0.05461417322834646,
        "client_009": 0.05461417322834646,
        "client_010": 0.9744866810192475,
        "client_011": 0.9745023376873765,
        "client_012": 0.9744858611825193,
        "client_013": 0.694701536893946,
        "client_014": 0.7359280699593546,
        "client_015": 0.7558111282092816,
        "client_016": 0.7054807509956381,
        "client_017": 0.7338815789473685
    },
    "client_000": {
        "attacker_000": 0.3776014207225706,
        "attacker_001": 0.36789447208093456,
        "client_000": 0.9763071895424836,
        "client_001": 0.9763200870985302,
        "client_002": 0.9759019741320626,
        "client_003": 0.9764529740029944,
        "client_004": 0.9765858970868501,
        "client_005": 0.2069108214359611,
        "client_006": 0.19490146447297052,
        "client_007": 0.19122437248515042,
        "client_008": 0.20299364363338115,
        "client_009": 0.20729366602687135,
        "client_010": 0.30824618549631405,
        "client_011": 0.3040223321913463,
        "client_012": 0.31016971222709316,
        "client_013": 0.055838281029120716,
        "client_014": 0.10587041967795108,
        "client_015": 0.1070091648380018,
        "client_016": 0.10457275959298762,
        "client_017": 0.1010332950631458
    },
    "client_001": {
        "attacker_000": 0.3878427485959696,
        "attacker_001": 0.37737526391821313,
        "client_000": 0.9777070063694268,
        "client_001": 0.9775832338506433,
        "client_002": 0.9778426429613905,
        "client_003": 0.9774535809018567,
        "client_004": 0.978232014865941,
        "client_005": 0.21086780210867803,
        "client_006": 0.20095355818470773,
        "client_007": 0.19568075117370892,
        "client_008": 0.21073717948717952,
        "client_009": 0.21210230817217718,
        "client_010": 0.3165702036441586,
        "client_011": 0.31260575296108295,
        "client_012": 0.3191489361702128,
        "client_013": 0.05518323114216456,
        "client_014": 0.1046408137317228,
        "client_015": 0.10557640056928451,
        "client_016": 0.10234672564197075,
        "client_017": 0.09963680387409202
    },
    "client_002": {
        "attacker_000": 0.382034810300335,
        "attacker_001": 0.3738089962331044,
        "client_000": 0.9773973518790959,
        "client_001": 0.9766199064796259,
        "client_002": 0.9765948909990638,
        "client_003": 0.9766199064796259,
        "client_004": 0.9774033961759593,
        "client_005": 0.2217741935483871,
        "client_006": 0.2063322660974742,
        "client_007": 0.20532034469838892,
        "client_008": 0.22008803521408568,
        "client_009": 0.22406295299233797,
        "client_010": 0.3121495327102804,
        "client_011": 0.3078728934350633,
        "client_012": 0.31386704481973277,
        "client_013": 0.05268375584194873,
        "client_014": 0.1019374445992149,
        "client_015": 0.10216261310402362,
        "client_016": 0.10112152969295826,
        "client_017": 0.09716256276846755
    },
    "client_003": {
        "attacker_000": 0.3817935518829585,
        "attacker_001": 0.3734966105401269,
        "client_000": 0.9769342296032688,
        "client_001": 0.9768177028451002,
        "client_002": 0.9765295358649789,
        "client_003": 0.9769463838756424,
        "client_004": 0.9770690564048499,
        "client_005": 0.2217347956131605,
        "client_006": 0.2089393401915573,
        "client_007": 0.20672897196261683,
        "client_008": 0.2205036684513187,
        "client_009": 0.22276721847537298,
        "client_010": 0.3147632311977716,
        "client_011": 0.3114432430175761,
        "client_012": 0.31637357008707534,
        "client_013": 0.0569620253164557,
        "client_014": 0.10321850641186824,
        "client_015": 0.10501989985877519,
        "client_016": 0.10187602452795821,
        "client_017": 0.09972265766308935
    },
    "client_004": {
        "attacker_000": 0.3814438649464727,
        "attacker_001": 0.3728288527491979,
        "client_000": 0.9774636618215762,
        "client_001": 0.9774936742575576,
        "client_002": 0.9772091163534586,
        "client_003": 0.977760021307764,
        "client_004": 0.9778843591793233,
        "client_005": 0.22070351758793974,
        "client_006": 0.2072502210433245,
        "client_007": 0.20526217577906328,
        "client_008": 0.22066759944033582,
        "client_009": 0.22291149710504551,
        "client_010": 0.31280023806487267,
        "client_011": 0.30863472350423765,
        "client_012": 0.3143755112584492,
        "client_013": 0.05522822460424504,
        "client_014": 0.10157041540020265,
        "client_015": 0.10219447840916403,
        "client_016": 0.099215109148884,
        "client_017": 0.09677224005329135
    },
    "client_005": {
        "attacker_000": 0.40899417787592846,
        "attacker_001": 0.3245896090709088,
        "client_000": 0.50861985000487,
        "client_001": 0.5117422527010415,
        "client_002": 0.509271265560166,
        "client_003": 0.5186807523834064,
        "client_004": 0.5103461675463877,
        "client_005": 0.9732258231250324,
        "client_006": 0.977418267610381,
        "client_007": 0.9774856373893691,
        "client_008": 0.9768504100487907,
        "client_009": 0.9776969066805303,
        "client_010": 0.676501955207963,
        "client_011": 0.6770386504567376,
        "client_012": 0.6768652710681696,
        "client_013": 0.11077447453133876,
        "client_014": 0.11366213151927437,
        "client_015": 0.11028993746446845,
        "client_016": 0.11417508735480214,
        "client_017": 0.1158366768940288
    },
    "client_006": {
        "attacker_000": 0.4073508122888853,
        "attacker_001": 0.3192998852967416,
        "client_000": 0.5014537257848486,
        "client_001": 0.5051090139928408,
        "client_002": 0.5018096449183215,
        "client_003": 0.5126744148402343,
        "client_004": 0.5037780093798854,
        "client_005": 0.9733537043271099,
        "client_006": 0.9769601992631415,
        "client_007": 0.9760190604443985,
        "client_008": 0.9761583212133803,
        "client_009": 0.9774506489115452,
        "client_010": 0.6759711974397724,
        "client_011": 0.6768943436499466,
        "client_012": 0.6757711220384444,
        "client_013": 0.11322726193303254,
        "client_014": 0.1164993369956431,
        "client_015": 0.11204108807304548,
        "client_016": 0.11626035502958579,
        "client_017": 0.1178530859522908
    },
    "client_007": {
        "attacker_000": 0.4096607521928946,
        "attacker_001": 0.317948717948718,