{
    "attacker_000": {
        "attacker_000": 0.09284116331096197,
        "attacker_001": 0.09070548712206047,
        "client_000": 0.10182370820668693,
        "client_001": 0.10026262938359339,
        "client_002": 0.09946435929130615,
        "client_003": 0.10131559050355361,
        "client_004": 0.09894722814498932,
        "client_005": 0.08507638072855463,
        "client_006": 0.08687485325193708,
        "client_007": 0.08040565012676566,
        "client_008": 0.0838007258330584,
        "client_009": 0.0850963798777621,
        "client_010": 0.09550461446859185,
        "client_011": 0.09555562170690324,
        "client_012": 0.09544507293837451,
        "client_013": 0.08857779191854916,
        "client_014": 0.05339805825242718,
        "client_015": 0.054882970137207415,
        "client_016": 0.053419668150546336,
        "client_017": 0.053506282934738546
    },
    "attacker_001": {
        "attacker_000": 0.09508015478164732,
        "attacker_001": 0.09508015478164732,
        "client_000": 0.10206327372764787,
        "client_001": 0.10169231947316028,
        "client_002": 0.1014259144451333,
        "client_003": 0.10088575288995646,
        "client_004": 0.1012193085017538,
        "client_005": 0.0897025171624714,
        "client_006": 0.09099222679469594,
        "client_007": 0.07882479398065212,
        "client_008": 0.07981829980532122,
        "client_009": 0.09018081940947587,
        "client_010": 0.09623567921440263,
        "client_011": 0.09622995209331389,
        "client_012": 0.09617616426127064,
        "client_013": 0.09173143075551027,
        "client_014": 0.04153354632587859,
        "client_015": 0.03985651654045437,
        "client_016": 0.03998400639744103,
        "client_017": 0.04236610711430855
    },
    "client_000": {
        "attacker_000": 0.2284246575342466,
        "attacker_001": 0.23648468708388812,
        "client_000": 0.9771847898599066,
        "client_001": 0.9769117843320433,
        "client_002": 0.9765082754938601,
        "client_003": 0.9774456159081809,
        "client_004": 0.9766635551406854,
        "client_005": 0.0843399025217207,
        "client_006": 0.08758503401360544,
        "client_007": 0.10561892691170258,
        "client_008": 0.08570825416930547,
        "client_009": 0.07430340557275542,
        "client_010": 0.15714100289880154,
        "client_011": 0.15744403390567266,
        "client_012": 0.12678792159632704,
        "client_013": 0.10022257551669317,
        "client_014": 0.10162680666277787,
        "client_015": 0.10124139705409406,
        "client_016": 0.09889682024659312,
        "client_017": 0.10103992810373603
    },
    "client_001": {
        "attacker_000": 0.22980513348785303,
        "attacker_001": 0.23790232827316032,
        "client_000": 0.9764408358844668,
        "client_001": 0.9764345626414592,
        "client_002": 0.9756292449061127,
        "client_003": 0.9765583377730421,
        "client_004": 0.9761746306402237,
        "client_005": 0.07044927230542078,
        "client_006": 0.07281964436917866,
        "client_007": 0.08677337826453245,
        "client_008": 0.07130872483221476,
        "client_009": 0.05596707818930041,
        "client_010": 0.15926229154996338,
        "client_011": 0.15912434022670244,
        "client_012": 0.12296707655692185,
        "client_013": 0.10740646474930009,
        "client_014": 0.10914034179181771,
        "client_015": 0.10831622176591375,
        "client_016": 0.10535182065569522,
        "client_017": 0.10823288022569888
    },
    "client_002": {
        "attacker_000": 0.23065655695330003,
        "attacker_001": 0.23948394033060075,
        "client_000": 0.9767873723305478,
        "client_001": 0.976639235465888,
        "client_002": 0.9763863093658796,
        "client_003": 0.9766454352441615,
        "client_004": 0.9769169540992304,
        "client_005": 0.07778237484484898,
        "client_006": 0.08006672226855713,
        "client_007": 0.09661436829066887,
        "client_008": 0.07906114885731934,
        "client_009": 0.06566680178354276,
        "client_010": 0.15941282513520472,
        "client_011": 0.16017951152153273,
        "client_012": 0.1273890934595827,
        "client_013": 0.10651492871299789,
        "client_014": 0.10805539301735907,
        "client_015": 0.10732274312282061,
        "client_016": 0.10530431382770755,
        "client_017": 0.10681803521898987
    },
    "client_003": {
        "attacker_000": 0.23144762314476228,
        "attacker_001": 0.24065535610367517,
        "client_000": 0.9761521972132904,
        "client_001": 0.9764075067024129,
        "client_002": 0.9762702775170935,
        "client_003": 0.9766756032171582,
        "client_004": 0.9762957010847729,
        "client_005": 0.06104281475201357,
        "client_006": 0.06241983753740915,
        "client_007": 0.0791701947502117,
        "client_008": 0.06130589964308209,
        "client_009": 0.05217391304347826,
        "client_010": 0.15037593984962405,
        "client_011": 0.1504666811373996,
        "client_012": 0.12269129287598943,
        "client_013": 0.09559105431309904,
        "client_014": 0.097186034392913,
        "client_015": 0.0961488756784699,
        "client_016": 0.09471624266144815,
        "client_017": 0.09595666473205648
    },
    "client_004": {
        "attacker_000": 0.22724532851115128,
        "attacker_001": 0.23586342862263643,
        "client_000": 0.9774962942999595,
        "client_001": 0.9776280323450134,
        "client_002": 0.9773584905660377,
        "client_003": 0.9776280323450134,
        "client_004": 0.9772390572390572,
        "client_005": 0.07904802379940501,
        "client_006": 0.08226221079691516,
        "client_007": 0.10800508259212198,
        "client_008": 0.07981418918918919,
        "client_009": 0.0688082901554404,
        "client_010": 0.154890012532953,
        "client_011": 0.1555488043053687,
        "client_012": 0.12439938285210492,
        "client_013": 0.09947143857861555,
        "client_014": 0.10114615035938614,
        "client_015": 0.10061191626409019,
        "client_016": 0.09846713432060275,
        "client_017": 0.10005779975595656
    },
    "client_005": {
        "attacker_000": 0.22109499455018025,
        "attacker_001": 0.2234225181091153,
        "client_000": 0.5314519799726901,
        "client_001": 0.5310110450297365,
        "client_002": 0.5305553028235224,
        "client_003": 0.5300422017791542,
        "client_004": 0.5305540384732083,
        "client_005": 0.9755743651753325,
        "client_006": 0.9759175975627448,
        "client_007": 0.9728463062279559,
        "client_008": 0.9752562828684292,
        "client_009": 0.9757417608968784,
        "client_010": 0.7020729181918967,
        "client_011": 0.7006622239862959,
        "client_012": 0.7009870411719289,
        "client_013": 0.08353719307782913,
        "client_014": 0.08347684220067071,
        "client_015": 0.08363983108568315,
        "client_016": 0.08363354462127776,
        "client_017": 0.0880155747724906
    },
    "client_006": {
        "attacker_000": 0.2209439032583137,
        "attacker_001": 0.221942310114624,
        "client_000": 0.5380159304851556,
        "client_001": 0.5378582202111614,
        "client_002": 0.5372017975088217,
        "client_003": 0.5369666244190959,
        "client_004": 0.5370901082988927,
        "client_005": 0.9751075450722607,
        "client_006": 0.9750404716456859,
        "client_007": 0.9724903474903476,
        "client_008": 0.9753191077094485,
        "client_009": 0.9753849123992471,
        "client_010": 0.7045871559633028,
        "client_011": 0.7032564337469809,
        "client_012": 0.7038392745726051,
        "client_013": 0.07899412327456608,
        "client_014": 0.0789209878793402,
        "client_015": 0.07891615728491926,
        "client_016": 0.07891966124971389,
        "client_017": 0.0849378669944012
    },