{
    "attacker_000": {
        "attacker_000": 0.09070548712206047,
        "attacker_001": 0.09080717488789239,
        "client_000": 0.1006925137744528,
        "client_001": 0.10392473908569748,
        "client_002": 0.10065035614741406,
        "client_003": 0.10139217231415813,
        "client_004": 0.09943088899064564,
        "client_005": 0.08382838283828382,
        "client_006": 0.08443271767810027,
        "client_007": 0.08195637805684071,
        "client_008": 0.08382838283828382,
        "client_009": 0.083223249669749,
        "client_010": 0.09561231172233138,
        "client_011": 0.09556131106546396,
        "client_012": 0.09544791449581708,
        "client_013": 0.08826371738430151,
        "client_014": 0.08589168678854778,
        "client_015": 0.08314773570898293,
        "client_016": 0.051969143321153065,
        "client_017": 0.07369583218327352
    },
    "attacker_001": {
        "attacker_000": 0.09402654867256638,
        "attacker_001": 0.09513274336283185,
        "client_000": 0.0989999497462184,
        "client_001": 0.10342061118809716,
        "client_002": 0.10140932562021976,
        "client_003": 0.10083485520480041,
        "client_004": 0.10207095736650366,
        "client_005": 0.07919506653683868,
        "client_006": 0.07981829980532122,
        "client_007": 0.07922077922077922,
        "client_008": 0.07981829980532122,
        "client_009": 0.0792465086066905,
        "client_010": 0.09622995209331389,
        "client_011": 0.09622995209331389,
        "client_012": 0.09619047619047619,
        "client_013": 0.09231929333189702,
        "client_014": 0.09010254637631064,
        "client_015": 0.08916776750330252,
        "client_016": 0.040032025620496396,
        "client_017": 0.07277701778385773
    },
    "client_000": {
        "attacker_000": 0.21636907166518543,
        "attacker_001": 0.22060036285667162,
        "client_000": 0.9758827448367755,
        "client_001": 0.9752066115702479,
        "client_002": 0.9758441211797678,
        "client_003": 0.9757333333333332,
        "client_004": 0.9753234627184206,
        "client_005": 0.08,
        "client_006": 0.0853508411981945,
        "client_007": 0.07836528333684432,
        "client_008": 0.07028619528619529,
        "client_009": 0.07241523650062788,
        "client_010": 0.12761617594891805,
        "client_011": 0.12658339197748064,
        "client_012": 0.11163522012578617,
        "client_013": 0.10121692099671624,
        "client_014": 0.10346878097125865,
        "client_015": 0.10269525870548887,
        "client_016": 0.10235131396957123,
        "client_017": 0.10201954397394138
    },
    "client_001": {
        "attacker_000": 0.21851941944376874,
        "attacker_001": 0.22268229058838146,
        "client_000": 0.97422954303932,
        "client_001": 0.9739500265816056,
        "client_002": 0.9748569908208061,
        "client_003": 0.9743385188139875,
        "client_004": 0.9737927364640149,
        "client_005": 0.06222954873274263,
        "client_006": 0.07008964955175224,
        "client_007": 0.06149957877000843,
        "client_008": 0.05840634125990822,
        "client_009": 0.05458333333333333,
        "client_010": 0.1242093156986774,
        "client_011": 0.12268650185954934,
        "client_012": 0.10947616244849913,
        "client_013": 0.10851214640118563,
        "client_014": 0.1107748980397316,
        "client_015": 0.110246518014778,
        "client_016": 0.10964854547847835,
        "client_017": 0.10973704764384275
    },
    "client_002": {
        "attacker_000": 0.21888604092924857,
        "attacker_001": 0.22303443119990032,
        "client_000": 0.9744607648537779,
        "client_001": 0.9742978272390037,
        "client_002": 0.9750861383514445,
        "client_003": 0.974678509876707,
        "client_004": 0.9741687640747119,
        "client_005": 0.0682649329540837,
        "client_006": 0.07948615014050583,
        "client_007": 0.07021891780256093,
        "client_008": 0.064,
        "client_009": 0.06290849673202614,
        "client_010": 0.1286085768434043,
        "client_011": 0.12704649639816634,
        "client_012": 0.1121001662916952,
        "client_013": 0.10753801358783564,
        "client_014": 0.1098871930988719,
        "client_015": 0.10892327955218965,
        "client_016": 0.10800794176042355,
        "client_017": 0.10823529411764705
    },
    "client_003": {
        "attacker_000": 0.21981235530644572,
        "attacker_001": 0.22468735718143673,
        "client_000": 0.9745717344753747,
        "client_001": 0.97429718875502,
        "client_002": 0.975485599464166,
        "client_003": 0.9746886299718762,
        "client_004": 0.974015537101527,
        "client_005": 0.055544041450777196,
        "client_006": 0.061090610906109066,
        "client_007": 0.055590918735412685,
        "client_008": 0.0529718456725756,
        "client_009": 0.05135699373695197,
        "client_010": 0.12312312312312311,
        "client_011": 0.12185847283535119,
        "client_012": 0.10785222780733004,
        "client_013": 0.09665090367299346,
        "client_014": 0.09875887701599523,
        "client_015": 0.09814008705975463,
        "client_016": 0.09787149393276308,
        "client_017": 0.09764397905759162
    },
    "client_004": {
        "attacker_000": 0.21537334093314875,
        "attacker_001": 0.21959220962584608,
        "client_000": 0.9763122476446837,
        "client_001": 0.9761680355459808,
        "client_002": 0.9765688122811743,
        "client_003": 0.976030164287638,
        "client_004": 0.9754849137931035,
        "client_005": 0.06879299562226392,
        "client_006": 0.08100328947368421,
        "client_007": 0.07258064516129031,
        "client_008": 0.06813880126182964,
        "client_009": 0.06620574062434527,
        "client_010": 0.1251605474113114,
        "client_011": 0.12378364162356448,
        "client_012": 0.11083792289535799,
        "client_013": 0.10032841779895679,
        "client_014": 0.10225623433170603,
        "client_015": 0.10133717881489251,
        "client_016": 0.10100744057417528,
        "client_017": 0.1007867871773197
    },
    "client_005": {
        "attacker_000": 0.25021577411532614,
        "attacker_001": 0.25704816072670733,
        "client_000": 0.531768832975474,
        "client_001": 0.5323030303030304,
        "client_002": 0.5304047921582864,
        "client_003": 0.5304774600096946,
        "client_004": 0.5310282074613285,
        "client_005": 0.9718809587024209,
        "client_006": 0.9693563880883767,
        "client_007": 0.9720296553052185,
        "client_008": 0.9694680364747492,
        "client_009": 0.9717851721562297,
        "client_010": 0.7009433764929822,
        "client_011": 0.7000439174352218,
        "client_012": 0.7081611891959225,
        "client_013": 0.008557166627050155,
        "client_014": 0.008170633224074866,
        "client_015": 0.009528346831824679,
        "client_016": 0.0081546505492397,
        "client_017": 0.008276255707762557
    },
    "client_006": {
        "attacker_000": 0.2478773390487182,
        "attacker_001": 0.2552929591334318,
        "client_000": 0.5378136092894532,
        "client_001": 0.5387582881253767,
        "client_002": 0.5371724283178386,
        "client_003": 0.5372100030129557,
        "client_004": 0.5377122349889925,
        "client_005": 0.9712039359444338,
        "client_006": 0.9690701859628074,
        "client_007": 0.9715742388533499,
        "client_008": 0.9683962604244274,
        "client_009": 0.9715179968701095,
        "client_010": 0.7032944120100083,
        "client_011": 0.7028299920810236,
        "client_012": 0.7098484220988983,
        "client_013": 0.009054949244626603,
        "client_014": 0.008098708970511171,
        "client_015": 0.009450171821305841,
        "client_016": 0.00825890713531163,
        "client_017": 0.008394143177373968
    },
    "client_007": {
        "attacker_000": 0.24851049841804662,