{
    "attacker_000": {
        "attacker_000": 0.0906547285954113,
        "attacker_001": 0.07587768969422423,
        "client_000": 0.10229851614780332,
        "client_001": 0.1036208419193406,
        "client_002": 0.10417527904092601,
        "client_003": 0.1038893578339069,
        "client_004": 0.10037133718151402,
        "client_005": 0.08129543952412426,
        "client_006": 0.08319577418289864,
        "client_007": 0.08031861931629604,
        "client_008": 0.08382838283828382,
        "client_009": 0.08132231404958677,
        "client_010": 0.09551030129808263,
        "client_011": 0.09556415599880917,
        "client_012": 0.09555846630150036,
        "client_013": 0.0879547291835085,
        "client_014": 0.06378638976450955,
        "client_015": 0.08478425435276306,
        "client_016": 0.024377856780091415,
        "client_017": 0.05397727272727273
    },
    "attacker_001": {
        "attacker_000": 0.09402654867256638,
        "attacker_001": 0.08477412158393753,
        "client_000": 0.10028885037550549,
        "client_001": 0.10313802940531053,
        "client_002": 0.10122429851795442,
        "client_003": 0.10237589337454124,
        "client_004": 0.10233617396414929,
        "client_005": 0.07864803379915501,
        "client_006": 0.07919506653683868,
        "client_007": 0.07867360208062418,
        "client_008": 0.07979240999026922,
        "client_009": 0.07737321196358908,
        "client_010": 0.09624713550191959,
        "client_011": 0.09624427117433486,
        "client_012": 0.09624713550191959,
        "client_013": 0.09228613012775591,
        "client_014": 0.06491387126019944,
        "client_015": 0.09086131386861314,
        "client_016": 0.017955112219451373,
        "client_017": 0.044141689373297
    },
    "client_000": {
        "attacker_000": 0.20896567826289986,
        "attacker_001": 0.24325431132547662,
        "client_000": 0.9739222990952634,
        "client_001": 0.9752000000000002,
        "client_002": 0.9736454849498326,
        "client_003": 0.971314209472982,
        "client_004": 0.9751933849026407,
        "client_005": 0.04789150243695698,
        "client_006": 0.06900800985828712,
        "client_007": 0.10545752974969223,
        "client_008": 0.08218631557949332,
        "client_009": 0.07237783684318136,
        "client_010": 0.10747927656367745,
        "client_011": 0.10422865386349292,
        "client_012": 0.13792680684116962,
        "client_013": 0.10205011389521641,
        "client_014": 0.10380485218082992,
        "client_015": 0.10379109225874868,
        "client_016": 0.10040507337804636,
        "client_017": 0.10320284697508897
    },
    "client_001": {
        "attacker_000": 0.21134081050451364,
        "attacker_001": 0.24604118993135013,
        "client_000": 0.97304474837339,
        "client_001": 0.9735407525595001,
        "client_002": 0.9711846318036286,
        "client_003": 0.9694788751166199,
        "client_004": 0.9735266728748171,
        "client_005": 0.03795866722901729,
        "client_006": 0.057971014492753624,
        "client_007": 0.08631319358816276,
        "client_008": 0.06738437001594896,
        "client_009": 0.05459360358525158,
        "client_010": 0.10550501734971396,
        "client_011": 0.10250201775625505,
        "client_012": 0.13547084378633054,
        "client_013": 0.10963541666666668,
        "client_014": 0.11119181247936614,
        "client_015": 0.11127282349827995,
        "client_016": 0.10686618552605444,
        "client_017": 0.11064333640310485
    },
    "client_002": {
        "attacker_000": 0.21105763587275503,
        "attacker_001": 0.24529164381056864,
        "client_000": 0.972758529489553,
        "client_001": 0.9731232622798887,
        "client_002": 0.9721041445270989,
        "client_003": 0.9702838949323428,
        "client_004": 0.9737678855325914,
        "client_005": 0.043559427504667084,
        "client_006": 0.06372745490981964,
        "client_007": 0.09232009675468657,
        "client_008": 0.07262021589793916,
        "client_009": 0.062424969987995196,
        "client_010": 0.10784772238331305,
        "client_011": 0.10468812967357721,
        "client_012": 0.13791012189944812,
        "client_013": 0.10835893078883733,
        "client_014": 0.11018697185441478,
        "client_015": 0.10988279168886522,
        "client_016": 0.10626084634895207,
        "client_017": 0.10923535253227408
    },
    "client_003": {
        "attacker_000": 0.21209280524958987,
        "attacker_001": 0.24629324546952222,
        "client_000": 0.9732548809842203,
        "client_001": 0.974146014735432,
        "client_002": 0.9728713403169488,
        "client_003": 0.9707618025751072,
        "client_004": 0.9744002144484654,
        "client_005": 0.039662447257383965,
        "client_006": 0.051481103166496435,
        "client_007": 0.07902860670919942,
        "client_008": 0.05819051414906337,
        "client_009": 0.0501120391118354,
        "client_010": 0.10409932068400093,
        "client_011": 0.10094580662512888,
        "client_012": 0.13243259692045523,
        "client_013": 0.09781041038416155,
        "client_014": 0.09907450562620682,
        "client_015": 0.0990072623092811,
        "client_016": 0.09599465954606141,
        "client_017": 0.09840407920005298
    },
    "client_004": {
        "attacker_000": 0.2074497222004852,
        "attacker_001": 0.24150874301931702,
        "client_000": 0.9747107882701103,
        "client_001": 0.9761616161616161,
        "client_002": 0.9732649203348636,
        "client_003": 0.9719298245614034,
        "client_004": 0.976142337242216,
        "client_005": 0.04669921460411802,
        "client_006": 0.06672124437167416,
        "client_007": 0.10435497124075596,
        "client_008": 0.07519999999999999,
        "client_009": 0.06654343807763402,
        "client_010": 0.10684222901481308,
        "client_011": 0.10401041900570351,
        "client_012": 0.1360867446393762,
        "client_013": 0.10095622194757042,
        "client_014": 0.10287984111221449,
        "client_015": 0.10219365100404268,
        "client_016": 0.09928324926997611,
        "client_017": 0.10160568570676493
    },
    "client_005": {
        "attacker_000": 0.2768425291985501,
        "attacker_001": 0.2736586353512857,
        "client_000": 0.5302094684586511,
        "client_001": 0.5310457516339868,
        "client_002": 0.5305579087498489,
        "client_003": 0.5295078002176805,
        "client_004": 0.5296399563583464,
        "client_005": 0.9718928095064873,
        "client_006": 0.9681210870973158,
        "client_007": 0.9684943011397721,
        "client_008": 0.9686384436618032,
        "client_009": 0.9693916714642103,
        "client_010": 0.6996547756041427,
        "client_011": 0.6867691526929014,
        "client_012": 0.7069488917536492,
        "client_013": 0.008563680479566106,
        "client_014": 0.008106543138390272,
        "client_015": 0.00822288865241366,
        "client_016": 0.008124969773177927,
        "client_017": 0.008055235903337168
    },
    "client_006": {
        "attacker_000": 0.2721903066591148,
        "attacker_001": 0.26953236094746674,
        "client_000": 0.536986301369863,
        "client_001": 0.5379385041217882,
        "client_002": 0.537308942110964,
        "client_003": 0.5364445513591534,
        "client_004": 0.5366368267173042,
        "client_005": 0.9720445736434109,
        "client_006": 0.9672842317187162,
        "client_007": 0.966806470940683,
        "client_008": 0.967911877394636,
        "client_009": 0.968652638642573,
        "client_010": 0.7028075591339534,
        "client_011": 0.6897380234788291,
        "client_012": 0.7085052989609473,
        "client_013": 0.008681135225375626,
        "client_014": 0.00811241489207591,
        "client_015": 0.00813244263723497,
        "client_016": 0.008031739887749178,
        "client_017": 0.00797501801585395
    },