{
    "attacker_000": {
        "attacker_000": 0.007274415725119951,
        "attacker_001": 0.0054271980151961545,
        "client_000": 0.5641415187717239,
        "client_001": 0.5579459688227411,
        "client_002": 0.5628877868757929,
        "client_003": 0.5641768397820539,
        "client_004": 0.562899688329678,
        "client_005": 0.08915345746521769,
        "client_006": 0.08792123145194841,
        "client_007": 0.0786737847710031,
        "client_008": 0.08754769337495664,
        "client_009": 0.08849189862899874,
        "client_010": 0.571160295103957,
        "client_011": 0.5711475263240258,
        "client_012": 0.5711219904768292,
        "client_013": 0.5321297749869178,
        "client_014": 0.518266593527153,
        "client_015": 0.5155120649393974,
        "client_016": 0.47255552718917543,
        "client_017": 0.5242922055225445
    },
    "attacker_001": {
        "attacker_000": 0.006649141796814598,
        "attacker_001": 0.0054192149880003095,
        "client_000": 0.5662620073253324,
        "client_001": 0.5614985862393966,
        "client_002": 0.5655468786100458,
        "client_003": 0.5667818475005759,
        "client_004": 0.5655351031356951,
        "client_005": 0.09279558772836953,
        "client_006": 0.09143646408839778,
        "client_007": 0.08318769660957706,
        "client_008": 0.09114169144595809,
        "client_009": 0.09266409266409267,
        "client_010": 0.5709177059586071,
        "client_011": 0.5709815841230109,
        "client_012": 0.5709496457546432,
        "client_013": 0.531142729869245,
        "client_014": 0.5188743994509266,
        "client_015": 0.5162276314326998,
        "client_016": 0.47569055468424926,
        "client_017": 0.5235080156271049
    },
    "client_000": {
        "attacker_000": 0.05843293492695883,
        "attacker_001": 0.017671517671517672,
        "client_000": 0.9759019741320626,
        "client_001": 0.9752448313384112,
        "client_002": 0.9756230423532617,
        "client_003": 0.9760609357997825,
        "client_004": 0.9751189666893271,
        "client_005": 0.050877192982456146,
        "client_006": 0.05009887936717204,
        "client_007": 0.046419098143236075,
        "client_008": 0.046302539896605974,
        "client_009": 0.049415992812219235,
        "client_010": 0.13191285611683026,
        "client_011": 0.12404474471148522,
        "client_012": 0.13449661797862955,
        "client_013": 0.10622781542433042,
        "client_014": 0.10718476985265354,
        "client_015": 0.10660621761658032,
        "client_016": 0.10857748906270714,
        "client_017": 0.10443798204577066
    },
    "client_001": {
        "attacker_000": 0.06081525312294543,
        "attacker_001": 0.019191226867717615,
        "client_000": 0.9765469723068769,
        "client_001": 0.9756291390728478,
        "client_002": 0.9775772853920658,
        "client_003": 0.9762882500993509,
        "client_004": 0.9749900754267566,
        "client_005": 0.0512599612319621,
        "client_006": 0.04819277108433735,
        "client_007": 0.04371348193031811,
        "client_008": 0.04298692665632617,
        "client_009": 0.04725104879664385,
        "client_010": 0.13781451758884933,
        "client_011": 0.12857619948792162,
        "client_012": 0.13986702782565869,
        "client_013": 0.10506566604127578,
        "client_014": 0.10599138493669234,
        "client_015": 0.10533826295647662,
        "client_016": 0.10711208325048055,
        "client_017": 0.10287883581145207
    },
    "client_002": {
        "attacker_000": 0.057727197756886034,
        "attacker_001": 0.019876627827278958,
        "client_000": 0.9767379679144386,
        "client_001": 0.9761904761904762,
        "client_002": 0.9763083924508098,
        "client_003": 0.9770114942528736,
        "client_004": 0.9760791126553521,
        "client_005": 0.05348285529437136,
        "client_006": 0.05050723073602417,
        "client_007": 0.048145738451528954,
        "client_008": 0.04823008849557522,
        "client_009": 0.05054945054945056,
        "client_010": 0.13156328134301704,
        "client_011": 0.12288158984267183,
        "client_012": 0.13531272815770262,
        "client_013": 0.10283505154639176,
        "client_014": 0.103880907495287,
        "client_015": 0.10310077519379847,
        "client_016": 0.10462351387054161,
        "client_017": 0.10122428373091
    },
    "client_003": {
        "attacker_000": 0.059619722848855944,
        "attacker_001": 0.02016467820534364,
        "client_000": 0.9761496903412835,
        "client_001": 0.9753525767760642,
        "client_002": 0.9757319968346082,
        "client_003": 0.9761685319289005,
        "client_004": 0.9756290343828219,
        "client_005": 0.05857203933304831,
        "client_006": 0.05391527599486522,
        "client_007": 0.04856037816931672,
        "client_008": 0.04952881875958799,
        "client_009": 0.05548274355613805,
        "client_010": 0.13841441865944162,
        "client_011": 0.13060151199737044,
        "client_012": 0.14144435332143376,
        "client_013": 0.10390775144138373,
        "client_014": 0.10494306418219461,
        "client_015": 0.1040715250530649,
        "client_016": 0.10605164596885472,
        "client_017": 0.10236171145774606
    },
    "client_004": {
        "attacker_000": 0.05703112269838683,
        "attacker_001": 0.02070252842355337,
        "client_000": 0.9768308921438082,
        "client_001": 0.976038338658147,
        "client_002": 0.9771969595946126,
        "client_003": 0.9768370607028753,
        "client_004": 0.976304579339723,
        "client_005": 0.057523073620948696,
        "client_006": 0.05331040412725709,
        "client_007": 0.05227910995895442,
        "client_008": 0.05286343612334801,
        "client_009": 0.053697183098591554,
        "client_010": 0.13582584003786088,
        "client_011": 0.12679609520675658,
        "client_012": 0.13876480870071858,
        "client_013": 0.10135922330097087,
        "client_014": 0.10234625187896215,
        "client_015": 0.10181157067722875,
        "client_016": 0.10305851063829786,
        "client_017": 0.09956929313402585
    },
    "client_005": {
        "attacker_000": 0.29743322927506066,
        "attacker_001": 0.2891334730957373,
        "client_000": 0.516093588417787,
        "client_001": 0.5156900054826329,
        "client_002": 0.5160602339559232,
        "client_003": 0.5155091249113304,
        "client_004": 0.5156733746130031,
        "client_005": 0.966731597293418,
        "client_006": 0.9689504747241467,
        "client_007": 0.9669635752239649,
        "client_008": 0.9694235330514592,
        "client_009": 0.9680199010078732,
        "client_010": 0.6845429362880887,
        "client_011": 0.687020206476661,
        "client_012": 0.6862162282063795,
        "client_013": 0.011250190036993866,
        "client_014": 0.012468322351748605,
        "client_015": 0.010849176172370089,
        "client_016": 0.011655011655011656,
        "client_017": 0.021801090054502724
    },
    "client_006": {
        "attacker_000": 0.29728206684294944,
        "attacker_001": 0.2892302321522081,
        "client_000": 0.5093236306932624,
        "client_001": 0.5092265282957678,
        "client_002": 0.5096484958742122,
        "client_003": 0.509353824206465,
        "client_004": 0.5095471196550718,
        "client_005": 0.9651669830195455,
        "client_006": 0.9673407508286868,
        "client_007": 0.9652815254542183,
        "client_008": 0.9676336981209994,
        "client_009": 0.9667128987517337,
        "client_010": 0.6844542936288088,
        "client_011": 0.6876915951745584,
        "client_012": 0.6870869005899837,
        "client_013": 0.012692288165710514,
        "client_014": 0.01411382444027009,
        "client_015": 0.012188928390045707,
        "client_016": 0.013399654857374885,
        "client_017": 0.022482059517237918
    },