{
    "attacker_000": {
        "attacker_000": 0.0060408921933085506,
        "attacker_001": 0.006349698002168191,
        "client_000": 0.5617054839009,
        "client_001": 0.5599252249094521,
        "client_002": 0.5584072466503114,
        "client_003": 0.5416331051147805,
        "client_004": 0.5643907249833721,
        "client_005": 0.1375024276558555,
        "client_006": 0.13752023308514083,
        "client_007": 0.13766755164152042,
        "client_008": 0.13752023308514083,
        "client_009": 0.13585688358828105,
        "client_010": 0.5711603370811632,
        "client_011": 0.5711603370811632,
        "client_012": 0.5710964569129316,
        "client_013": 0.4467138174918061,
        "client_014": 0.4690831556503199,
        "client_015": 0.4595773007155932,
        "client_016": 0.4465925567907202,
        "client_017": 0.45078303592753083
    },
    "attacker_001": {
        "attacker_000": 0.005882352941176471,
        "attacker_001": 0.006036217303822937,
        "client_000": 0.5646249011673875,
        "client_001": 0.5638407494145199,
        "client_002": 0.5603672677362866,
        "client_003": 0.5449125997777103,
        "client_004": 0.5669515669515669,
        "client_005": 0.14387748536130235,
        "client_006": 0.14425427872860636,
        "client_007": 0.144015444015444,
        "client_008": 0.1441348690560453,
        "client_009": 0.14242443771347554,
        "client_010": 0.5709560631117865,
        "client_011": 0.5709560631117865,
        "client_012": 0.570968823332216,
        "client_013": 0.4503434706065104,
        "client_014": 0.47187662001036806,
        "client_015": 0.4615950018375598,
        "client_016": 0.44947626784664846,
        "client_017": 0.4533278666119995
    },
    "client_000": {
        "attacker_000": 0.3323764734624076,
        "attacker_001": 0.33738239847564605,
        "client_000": 0.976725193956717,
        "client_001": 0.9765858970868501,
        "client_002": 0.9765858970868501,
        "client_003": 0.9772634445200816,
        "client_004": 0.976858154097468,
        "client_005": 0.04684684684684685,
        "client_006": 0.059065934065934064,
        "client_007": 0.048097944905990384,
        "client_008": 0.04770558836892322,
        "client_009": 0.04803878360511239,
        "client_010": 0.3060308317804506,
        "client_011": 0.24049710734947502,
        "client_012": 0.30834841044197464,
        "client_013": 0.13230644507498987,
        "client_014": 0.11409210344350713,
        "client_015": 0.13880072059706614,
        "client_016": 0.11619544525135728,
        "client_017": 0.12016726579121123
    },
    "client_001": {
        "attacker_000": 0.3387911619696878,
        "attacker_001": 0.34280976072020847,
        "client_000": 0.9782377919320594,
        "client_001": 0.977712921199257,
        "client_002": 0.9784917684545936,
        "client_003": 0.9783676177836762,
        "client_004": 0.978232014865941,
        "client_005": 0.03941541186891054,
        "client_006": 0.055978504254366325,
        "client_007": 0.04398447606727038,
        "client_008": 0.04360400444938821,
        "client_009": 0.04495353360708883,
        "client_010": 0.3146571803667471,
        "client_011": 0.24907047309714092,
        "client_012": 0.31754106134413934,
        "client_013": 0.13066060704431098,
        "client_014": 0.11318650683022026,
        "client_015": 0.1369721936148301,
        "client_016": 0.11490661174632483,
        "client_017": 0.12000000000000002
    },
    "client_002": {
        "attacker_000": 0.3361405634656165,
        "attacker_001": 0.3404129444477311,
        "client_000": 0.9772666488365873,
        "client_001": 0.9775280898876404,
        "client_002": 0.9768747493650582,
        "client_003": 0.9776648388391066,
        "client_004": 0.9775280898876404,
        "client_005": 0.04760845383759733,
        "client_006": 0.055643519565709114,
        "client_007": 0.04930795847750864,
        "client_008": 0.048813255709807435,
        "client_009": 0.04962995211144972,
        "client_010": 0.3093225684369875,
        "client_011": 0.24213033860813338,
        "client_012": 0.31221468492683135,
        "client_013": 0.12750221078864857,
        "client_014": 0.11026773392216395,
        "client_015": 0.1338207787791192,
        "client_016": 0.11191666080101359,
        "client_017": 0.11673265874761696
    },
    "client_003": {
        "attacker_000": 0.33437537573644344,
        "attacker_001": 0.338031463828294,
        "client_000": 0.9770750988142292,
        "client_001": 0.9774614472123369,
        "client_002": 0.9774614472123369,
        "client_003": 0.9775902979172159,
        "client_004": 0.9774673870075109,
        "client_005": 0.049241591558584305,
        "client_006": 0.05890168290522586,
        "client_007": 0.0487909265996148,
        "client_008": 0.04951370468611847,
        "client_009": 0.0498067840274796,
        "client_010": 0.31238254332846105,
        "client_011": 0.24626328492187832,
        "client_012": 0.3147582697201018,
        "client_013": 0.12926652142338416,
        "client_014": 0.11176106255591496,
        "client_015": 0.13533577950337058,
        "client_016": 0.11424551530073865,
        "client_017": 0.11803567496146226
    },
    "client_004": {
        "attacker_000": 0.3343833292948873,
        "attacker_001": 0.33777304208843895,
        "client_000": 0.9778784648187635,
        "client_001": 0.9777540961769017,
        "client_002": 0.9776179056754596,
        "client_003": 0.9781449893390193,
        "client_004": 0.9777481678880746,
        "client_005": 0.051948051948051945,
        "client_006": 0.06305903398926653,
        "client_007": 0.055436183927804035,
        "client_008": 0.054294615042278595,
        "client_009": 0.05493079584775087,
        "client_010": 0.30923070459224405,
        "client_011": 0.2404153014765329,
        "client_012": 0.3123105171014988,
        "client_013": 0.12613200620053847,
        "client_014": 0.10850664255407942,
        "client_015": 0.13265394248207962,
        "client_016": 0.11045561162840288,
        "client_017": 0.115104708153869
    },
    "client_005": {
        "attacker_000": 0.33041121416169056,
        "attacker_001": 0.3224408277737644,
        "client_000": 0.5134750856330382,
        "client_001": 0.5132165708007497,
        "client_002": 0.5149735381437976,
        "client_003": 0.5112139551441793,
        "client_004": 0.5130575307045896,
        "client_005": 0.9765487184808551,
        "client_006": 0.977735154609782,
        "client_007": 0.9757937430571701,
        "client_008": 0.9758331608362657,
        "client_009": 0.9760148553154175,
        "client_010": 0.677997019108847,
        "client_011": 0.6874187077004476,
        "client_012": 0.6789228263537183,
        "client_013": 0.09854766812059627,
        "client_014": 0.10736591179976163,
        "client_015": 0.10447333205887976,
        "client_016": 0.10392334461553131,
        "client_017": 0.10563481082112697
    },
    "client_006": {
        "attacker_000": 0.3307079945799458,
        "attacker_001": 0.320521006257183,
        "client_000": 0.5068288241415193,
        "client_001": 0.5068279360124854,
        "client_002": 0.5087166834399246,
        "client_003": 0.5044463989055018,
        "client_004": 0.5067949801677613,
        "client_005": 0.9746290339317214,
        "client_006": 0.97669832373242,
        "client_007": 0.9747074172630273,
        "client_008": 0.9741943833311765,
        "client_009": 0.9745415151280663,
        "client_010": 0.6781123515545079,
        "client_011": 0.6879792015510708,
        "client_012": 0.678651083950397,
        "client_013": 0.09900418530812527,
        "client_014": 0.10824002296870514,
        "client_015": 0.10549029009829776,
        "client_016": 0.1028440103418558,
        "client_017": 0.1062912956047113
    },
    "client_007": {
        "attacker_000": 0.32873115365068606,