{
    "attacker_000": {
        "attacker_000": 0.006039956636208765,
        "attacker_001": 0.016669215476372533,
        "client_000": 0.5465480269157773,
        "client_001": 0.5634893205225685,
        "client_002": 0.5463988919667591,
        "client_003": 0.5428328243128222,
        "client_004": 0.5638517702162832,
        "client_005": 0.12447312961011592,
        "client_006": 0.12447312961011592,
        "client_007": 0.12447312961011592,
        "client_008": 0.12438237038013045,
        "client_009": 0.1243741765480896,
        "client_010": 0.5711411646361909,
        "client_011": 0.5711283977110156,
        "client_012": 0.5711156313565952,
        "client_013": 0.44634718961469405,
        "client_014": 0.4526821348846648,
        "client_015": 0.4555634015938666,
        "client_016": 0.446516124577032,
        "client_017": 0.44861477346666206
    },
    "attacker_001": {
        "attacker_000": 0.005881442501160811,
        "attacker_001": 0.017732935870977608,
        "client_000": 0.5478047693336305,
        "client_001": 0.5663610540172282,
        "client_002": 0.5497406883545497,
        "client_003": 0.5459842282384851,
        "client_004": 0.5665715863084284,
        "client_005": 0.1339888561127499,
        "client_006": 0.13422466902608468,
        "client_007": 0.13398007341373885,
        "client_008": 0.13400642496558055,
        "client_009": 0.13425106522451655,
        "client_010": 0.5709560631117865,
        "client_011": 0.570968823332216,
        "client_012": 0.570968823332216,
        "client_013": 0.44948639020509806,
        "client_014": 0.45642365233911186,
        "client_015": 0.4582208423326134,
        "client_016": 0.449438202247191,
        "client_017": 0.4519250566193124
    },
    "client_000": {
        "attacker_000": 0.3352675693101225,
        "attacker_001": 0.33616106775251664,
        "client_000": 0.976845546172705,
        "client_001": 0.976858154097468,
        "client_002": 0.9764337283748807,
        "client_003": 0.977124183006536,
        "client_004": 0.9769974139104396,
        "client_005": 0.04650132860938884,
        "client_006": 0.05852360895588561,
        "client_007": 0.05625562556255626,
        "client_008": 0.04754285714285714,
        "client_009": 0.04846014492753624,
        "client_010": 0.30915260060988703,
        "client_011": 0.3012772351615327,
        "client_012": 0.30814278947595053,
        "client_013": 0.13581580915967087,
        "client_014": 0.13788442041230145,
        "client_015": 0.13713893888746034,
        "client_016": 0.13499258282511953,
        "client_017": 0.13696107157806614
    },
    "client_001": {
        "attacker_000": 0.34155197657393854,
        "attacker_001": 0.3429411099807845,
        "client_000": 0.9786216969857919,
        "client_001": 0.9779665516325989,
        "client_002": 0.9782146652497343,
        "client_003": 0.9780963759458383,
        "client_004": 0.9784917684545936,
        "client_005": 0.03930989298973575,
        "client_006": 0.057105492589363545,
        "client_007": 0.04949182501104728,
        "client_008": 0.04471272076905881,
        "client_009": 0.044908848377056464,
        "client_010": 0.3177289125579797,
        "client_011": 0.3084423701975164,
        "client_012": 0.31747673216132366,
        "client_013": 0.13387660069848661,
        "client_014": 0.13622133852271764,
        "client_015": 0.13590402742073693,
        "client_016": 0.13338842975206613,
        "client_017": 0.13510798593671522
    },
    "client_002": {
        "attacker_000": 0.3378016085790884,
        "attacker_001": 0.3364190562203658,
        "client_000": 0.9779264214046823,
        "client_001": 0.9772666488365873,
        "client_002": 0.9776349270121869,
        "client_003": 0.9775280898876404,
        "client_004": 0.9779264214046823,
        "client_005": 0.047943699142291615,
        "client_006": 0.055078211059704785,
        "client_007": 0.05261984392419175,
        "client_008": 0.049538392253996845,
        "client_009": 0.049675542626985904,
        "client_010": 0.3123138456301592,
        "client_011": 0.3049249472770128,
        "client_012": 0.3121535181236673,
        "client_013": 0.13100148490348126,
        "client_014": 0.13308749580958767,
        "client_015": 0.13164814657731783,
        "client_016": 0.13007863695937089,
        "client_017": 0.1324018629407851
    },
    "client_003": {
        "attacker_000": 0.33662109938282286,
        "attacker_001": 0.3382663847780127,
        "client_000": 0.9777250560168711,
        "client_001": 0.9774673870075109,
        "client_002": 0.9773087071240105,
        "client_003": 0.9774614472123369,
        "client_004": 0.9777250560168711,
        "client_005": 0.04852686308492201,
        "client_006": 0.058925476603119586,
        "client_007": 0.05517845412743596,
        "client_008": 0.049855330514133094,
        "client_009": 0.05064963664391103,
        "client_010": 0.31569157930334796,
        "client_011": 0.3084716444956962,
        "client_012": 0.3148925346559837,
        "client_013": 0.1325062034739454,
        "client_014": 0.13503034389750504,
        "client_015": 0.13422017566299993,
        "client_016": 0.1320863073262778,
        "client_017": 0.13351090394539705
    },
    "client_004": {
        "attacker_000": 0.33549517966695885,
        "attacker_001": 0.33633802816901404,
        "client_000": 0.9779970662755033,
        "client_001": 0.9777540961769017,
        "client_002": 0.9781158259941286,
        "client_003": 0.9782753565240571,
        "client_004": 0.9781391628898961,
        "client_005": 0.05223068552774755,
        "client_006": 0.06349206349206349,
        "client_007": 0.058810523988503206,
        "client_008": 0.054512957998212694,
        "client_009": 0.05535872453498672,
        "client_010": 0.31305088354268684,
        "client_011": 0.3052980132450331,
        "client_012": 0.3123346137430644,
        "client_013": 0.12928583375146346,
        "client_014": 0.13139554648988608,
        "client_015": 0.13155172413793104,
        "client_016": 0.12841144753214434,
        "client_017": 0.13024821203197307
    },
    "client_005": {
        "attacker_000": 0.4199217189871395,
        "attacker_001": 0.4730360284555956,
        "client_000": 0.5119808047728673,
        "client_001": 0.5129381360038766,
        "client_002": 0.5100110153567032,
        "client_003": 0.5111326860841423,
        "client_004": 0.512636545795359,
        "client_005": 0.9767128610283642,
        "client_006": 0.9766110523737074,
        "client_007": 0.9784720603093184,
        "client_008": 0.978876707358163,
        "client_009": 0.9763434202719088,
        "client_010": 0.6779419301646723,
        "client_011": 0.6790315415370946,
        "client_012": 0.6787059951396786,
        "client_013": 0.10191995415034866,
        "client_014": 0.10789172703011818,
        "client_015": 0.1073198627525734,
        "client_016": 0.11360408974723092,
        "client_017": 0.10822119728020542
    },
    "client_006": {
        "attacker_000": 0.41868650507959365,
        "attacker_001": 0.47051601764818723,
        "client_000": 0.5051532941943901,
        "client_001": 0.5066172405944136,
        "client_002": 0.5027721609810188,
        "client_003": 0.5040072978432267,
        "client_004": 0.506502796202367,
        "client_005": 0.9751295336787565,
        "client_006": 0.9744925592551518,
        "client_007": 0.9773316734101049,
        "client_008": 0.9780302440795788,
        "client_009": 0.9753893035147071,
        "client_010": 0.6774818941504178,
        "client_011": 0.6792771191332535,
        "client_012": 0.6785395863052781,
        "client_013": 0.1016168497817013,
        "client_014": 0.10866134200583483,
        "client_015": 0.10724707007892849,
        "client_016": 0.11493925588458617,
        "client_017": 0.10866765253064925
    },
    "client_007": {
        "attacker_000": 0.4194810379241517,