{
    "attacker_000": {
        "attacker_000": 0.006199628022318661,
        "attacker_001": 0.004965859714463066,
        "client_000": 0.47141017385705086,
        "client_001": 0.4158274997192379,
        "client_002": 0.4203850005563592,
        "client_003": 0.4134187712024124,
        "client_004": 0.41498797354179195,
        "client_005": 0.12139263966110671,
        "client_006": 0.19989473068600505,
        "client_007": 0.09408026524832494,
        "client_008": 0.10448570266973845,
        "client_009": 0.12419982841681515,
        "client_010": 0.571313654950506,
        "client_011": 0.5714285714285715,
        "client_012": 0.571313654950506,
        "client_013": 0.4350787569178374,
        "client_014": 0.4350787569178374,
        "client_015": 0.43953504656536657,
        "client_016": 0.42878268710550044,
        "client_017": 0.5091083413231065
    },
    "attacker_001": {
        "attacker_000": 0.0072851274897310705,
        "attacker_001": 0.00636004033196308,
        "client_000": 0.4650337238196663,
        "client_001": 0.41216064617455683,
        "client_002": 0.4153151151595942,
        "client_003": 0.4094387274303592,
        "client_004": 0.4114337159576863,
        "client_005": 0.12399631433460574,
        "client_006": 0.20395542850475468,
        "client_007": 0.09538798412481184,
        "client_008": 0.11010406176569319,
        "client_009": 0.12762890650592937,
        "client_010": 0.5711987846834369,
        "client_011": 0.5712690151227466,
        "client_012": 0.5711987846834369,
        "client_013": 0.44122772699790164,
        "client_014": 0.44122772699790164,
        "client_015": 0.4455209210895816,
        "client_016": 0.4349271748165818,
        "client_017": 0.5119077887956607
    },
    "client_000": {
        "attacker_000": 0.253758268190018,
        "attacker_001": 0.471358135365307,
        "client_000": 0.946849315068493,
        "client_001": 0.948073244055753,
        "client_002": 0.948388858547242,
        "client_003": 0.9477581242287124,
        "client_004": 0.9496717724288841,
        "client_005": 0.20579174368453482,
        "client_006": 0.1948051948051948,
        "client_007": 0.25437010247136826,
        "client_008": 0.21230577998756991,
        "client_009": 0.19935344827586204,
        "client_010": 0.14230719876812523,
        "client_011": 0.11746570063203329,
        "client_012": 0.12447762857302057,
        "client_013": 0.10809743252139564,
        "client_014": 0.10772864453483796,
        "client_015": 0.10654035816247082,
        "client_016": 0.10788763897112033,
        "client_017": 0.10810454934492067
    },
    "client_001": {
        "attacker_000": 0.2592391304347826,
        "attacker_001": 0.47499113160695283,
        "client_000": 0.9473684210526315,
        "client_001": 0.9482346694982744,
        "client_002": 0.9481638605329444,
        "client_003": 0.9489673550966022,
        "client_004": 0.9495485926712692,
        "client_005": 0.2125993883792049,
        "client_006": 0.2054355400696864,
        "client_007": 0.2598178288786024,
        "client_008": 0.21802002224694103,
        "client_009": 0.20557259032129047,
        "client_010": 0.14625111763954526,
        "client_011": 0.12090343159952668,
        "client_012": 0.12949398937657255,
        "client_013": 0.10686519963104493,
        "client_014": 0.10638297872340426,
        "client_015": 0.10550965979314383,
        "client_016": 0.10654550243645461,
        "client_017": 0.10679483803002371
    },
    "client_002": {
        "attacker_000": 0.2638288559391585,
        "attacker_001": 0.4820137463179505,
        "client_000": 0.9442878238689757,
        "client_001": 0.9462279293739967,
        "client_002": 0.9462135402729462,
        "client_003": 0.945176027949476,
        "client_004": 0.9477351916376306,
        "client_005": 0.21214713430282295,
        "client_006": 0.20998182580735353,
        "client_007": 0.2618726591760299,
        "client_008": 0.2167875138257343,
        "client_009": 0.2089711167309996,
        "client_010": 0.14232162144990151,
        "client_011": 0.1165854908997693,
        "client_012": 0.12337626444088222,
        "client_013": 0.1045158745809505,
        "client_014": 0.1042486231313926,
        "client_015": 0.1033004158004158,
        "client_016": 0.10409410527699282,
        "client_017": 0.10445407962160032
    },
    "client_003": {
        "attacker_000": 0.2638228055783429,
        "attacker_001": 0.4720727080208241,
        "client_000": 0.9462336970987489,
        "client_001": 0.9474243228890069,
        "client_002": 0.9475640515067039,
        "client_003": 0.9471301105340258,
        "client_004": 0.9489497474076043,
        "client_005": 0.2190625376551392,
        "client_006": 0.2044456641053787,
        "client_007": 0.27015891701000583,
        "client_008": 0.22392042697719552,
        "client_009": 0.21200209643605872,
        "client_010": 0.14862316107129384,
        "client_011": 0.122295962308121,
        "client_012": 0.1304562133742264,
        "client_013": 0.10559330893883953,
        "client_014": 0.10522203411902592,
        "client_015": 0.10430517007680887,
        "client_016": 0.1050225328195415,
        "client_017": 0.10555192684519922
    },
    "client_004": {
        "attacker_000": 0.2627984483418019,
        "attacker_001": 0.471004243281471,
        "client_000": 0.9457031773696206,
        "client_001": 0.946325793066524,
        "client_002": 0.9459893048128343,
        "client_003": 0.9470856835885039,
        "client_004": 0.9482573726541554,
        "client_005": 0.21319552938348757,
        "client_006": 0.2114878892733564,
        "client_007": 0.2666073546856465,
        "client_008": 0.22138517618469014,
        "client_009": 0.2115511116958295,
        "client_010": 0.14599369085173503,
        "client_011": 0.12018129042114375,
        "client_012": 0.12854859158811532,
        "client_013": 0.1030995968541405,
        "client_014": 0.10248304024237634,
        "client_015": 0.1018875318398537,
        "client_016": 0.10199761873263662,
        "client_017": 0.10301789605758437
    },
    "client_005": {
        "attacker_000": 0.3821494920747855,
        "attacker_001": 0.0608903972848872,
        "client_000": 0.4798941798941799,
        "client_001": 0.4803003299078534,
        "client_002": 0.4802840308203656,
        "client_003": 0.47883698038918754,
        "client_004": 0.47896586914616174,
        "client_005": 0.9553772558151307,
        "client_006": 0.9552473042069558,
        "client_007": 0.9551148754881573,
        "client_008": 0.9541302972802023,
        "client_009": 0.9548354430379746,
        "client_010": 0.693960612691466,
        "client_011": 0.6963725148238576,
        "client_012": 0.686787627593201,
        "client_013": 0.010429574555968608,
        "client_014": 0.010634453564606886,
        "client_015": 0.011023540926183486,
        "client_016": 0.01065315198841599,
        "client_017": 0.010843186864253628
    },
    "client_006": {
        "attacker_000": 0.3832727847101563,
        "attacker_001": 0.06085435923057707,
        "client_000": 0.47151441393473786,
        "client_001": 0.47235797189981665,
        "client_002": 0.4720681006308429,
        "client_003": 0.4712073831134162,
        "client_004": 0.47092824276533446,
        "client_005": 0.9543221755203322,
        "client_006": 0.9542887532605666,
        "client_007": 0.9542802050032982,
        "client_008": 0.9535890619065704,
        "client_009": 0.9542841222804751,
        "client_010": 0.6942539814672829,
        "client_011": 0.6963435411297016,
        "client_012": 0.6874875934625819,
        "client_013": 0.012195752157511239,
        "client_014": 0.012092398325667924,
        "client_015": 0.012368583797155226,
        "client_016": 0.012113055181695826,
        "client_017": 0.012397334573066791
    },
    "client_007": {
        "attacker_000": 0.3852114060963618,