{
    "client_0": {
        "client_0": 0.9998594828970612,
        "client_1": 0.9998795543510991,
        "client_2": 0.9635859864679757,
        "client_3": 0.8981619309097725,
        "client_4": 0.9250838853996387,
        "client_5": 0.7148086565355812,
        "client_6": 0.755235414182901,
        "client_7": 0.7428131934637884,
        "client_8": 0.16044614462828963,
        "client_9": 0.15225176041676305
    },
    "client_1": {
        "client_0": 0.9998394477000884,
        "client_1": 0.9998695499473182,
        "client_2": 0.9634512181197257,
        "client_3": 0.8959322015170684,
        "client_4": 0.9235276062056748,
        "client_5": 0.7143584488570084,
        "client_6": 0.7558535520488993,
        "client_7": 0.7432967088352402,
        "client_8": 0.15458990784134294,
        "client_9": 0.14482873913366523
    },
    "client_2": {
        "client_0": 0.3170839191656349,
        "client_1": 0.31444894567362625,
        "client_2": 0.9760123807067319,
        "client_3": 0.9767201908815374,
        "client_4": 0.976462242858064,
        "client_5": 0.08831101956745623,
        "client_6": 0.09451901565995526,
        "client_7": 0.09157954453359267,
        "client_8": 0.18597088882006813,
        "client_9": 0.19900249376558604
    },
    "client_3": {
        "client_0": 0.3213570751238015,
        "client_1": 0.3184007004231723,
        "client_2": 0.9760974046779879,
        "client_3": 0.9770542238174593,
        "client_4": 0.9767978464299448,
        "client_5": 0.09091612703490622,
        "client_6": 0.09710377438149119,
        "client_7": 0.09372535153806402,
        "client_8": 0.1798511470881608,
        "client_9": 0.19221291276490882
    },
    "client_4": {
        "client_0": 0.3229842446709917,
        "client_1": 0.3197084851639771,
        "client_2": 0.9790816326530611,
        "client_3": 0.9795814190913731,
        "client_4": 0.9793314621076804,
        "client_5": 0.0929155733909554,
        "client_6": 0.0989007915419685,
        "client_7": 0.09540264017493184,
        "client_8": 0.17780883608975853,
        "client_9": 0.19124232874440206
    },
    "client_5": {
        "client_0": 0.060673154772723524,
        "client_1": 0.0607002347340232,
        "client_2": 0.021794427101399005,
        "client_3": 0.003993510545363784,
        "client_4": 0.005827667545441932,
        "client_5": 0.9484645252382633,
        "client_6": 0.9486319505736983,
        "client_7": 0.9481974098704936,
        "client_8": 0.07944250871080138,
        "client_9": 0.10249936884625094
    },
    "client_6": {
        "client_0": 0.056405937814765286,
        "client_1": 0.05640737558654418,
        "client_2": 0.02009318578916715,
        "client_3": 0.0039412624753671095,
        "client_4": 0.005425471159337522,
        "client_5": 0.9473098330241186,
        "client_6": 0.9476225854383358,
        "client_7": 0.9478148626221649,
        "client_8": 0.06701030927835051,
        "client_9": 0.09800266311584553
    },
    "client_7": {
        "client_0": 0.05660533593892321,
        "client_1": 0.056666611436051235,
        "client_2": 0.019804300697252007,
        "client_3": 0.0038061405734585133,
        "client_4": 0.007433881343817013,
        "client_5": 0.9529522024367385,
        "client_6": 0.9538461538461538,
        "client_7": 0.9532675479426549,
        "client_8": 0.07746219107340464,
        "client_9": 0.10210526315789474
    },
    "client_8": {
        "client_0": 0.6743249270886945,
        "client_1": 0.691320938540229,
        "client_2": 0.565968907999811,
        "client_3": 0.5662866296052012,
        "client_4": 0.5660234867650946,
        "client_5": 0.02731689706523864,
        "client_6": 0.010611211904072207,
        "client_7": 0.010361431096483208,
        "client_8": 0.9803463345095931,
        "client_9": 0.9810349667799992
    },
    "client_9": {
        "client_0": 0.6747515210546893,
        "client_1": 0.6915616234665947,
        "client_2": 0.5692540711402956,
        "client_3": 0.5693348471058484,
        "client_4": 0.5696750970385616,
        "client_5": 0.02591676040494938,
        "client_6": 0.010028109093671656,
        "client_7": 0.009808685089583966,
        "client_8": 0.9806015608652185,
        "client_9": 0.9810946045537412
    }
}