{
    "client_0": {
        "client_0": 0.99973,
        "client_1": 0.99971,
        "client_2": 0.92853,
        "client_3": 0.8599,
        "client_4": 0.86801,
        "client_5": 0.57061,
        "client_6": 0.69572,
        "client_7": 0.69974,
        "client_8": 0.05457,
        "client_9": 0.04905
    },
    "client_1": {
        "client_0": 0.99972,
        "client_1": 0.99968,
        "client_2": 0.92814,
        "client_3": 0.85701,
        "client_4": 0.86628,
        "client_5": 0.57069,
        "client_6": 0.6956,
        "client_7": 0.69916,
        "client_8": 0.05263,
        "client_9": 0.04629
    },
    "client_2": {
        "client_0": 0.5031050310503105,
        "client_1": 0.4950349503495035,
        "client_2": 0.994419944199442,
        "client_3": 0.994509945099451,
        "client_4": 0.994419944199442,
        "client_5": 0.484069840698407,
        "client_6": 0.5114751147511475,
        "client_7": 0.503240032400324,
        "client_8": 0.8441784417844178,
        "client_9": 0.8800288002880029
    },
    "client_3": {
        "client_0": 0.5073350733507335,
        "client_1": 0.49969999699997,
        "client_2": 0.994419944199442,
        "client_3": 0.9945849458494584,
        "client_4": 0.9944349443494435,
        "client_5": 0.4872648726487265,
        "client_6": 0.515780157801578,
        "client_7": 0.5079050790507905,
        "client_8": 0.8413284132841329,
        "client_9": 0.8780337803378033
    },
    "client_4": {
        "client_0": 0.508160081600816,
        "client_1": 0.500210002100021,
        "client_2": 0.995109951099511,
        "client_3": 0.9950949509495095,
        "client_4": 0.9950349503495035,
        "client_5": 0.4867248672486725,
        "client_6": 0.51440014400144,
        "client_7": 0.5064050640506405,
        "client_8": 0.8422434224342243,
        "client_9": 0.8781087810878109
    },
    "client_5": {
        "client_0": 0.15115651156511564,
        "client_1": 0.15360153601536014,
        "client_2": 0.577430774307743,
        "client_3": 0.9475144751447514,
        "client_4": 0.9298442984429844,
        "client_5": 0.995589955899559,
        "client_6": 0.9956049560495605,
        "client_7": 0.9955449554495545,
        "client_8": 0.96039960399604,
        "client_9": 0.9604746047460475
    },
    "client_6": {
        "client_0": 0.14764647646476464,
        "client_1": 0.15004650046500465,
        "client_2": 0.5814508145081451,
        "client_3": 0.9500045000450005,
        "client_4": 0.9326643266432665,
        "client_5": 0.995829958299583,
        "client_6": 0.995739957399574,
        "client_7": 0.9956949569495694,
        "client_8": 0.9620946209462095,
        "client_9": 0.962379623796238
    },
    "client_7": {
        "client_0": 0.14970149701497015,
        "client_1": 0.15229652296522966,
        "client_2": 0.5843308433084331,
        "client_3": 0.950619506195062,
        "client_4": 0.9327393273932739,
        "client_5": 0.9960849608496085,
        "client_6": 0.9962649626496265,
        "client_7": 0.99609996099961,
        "client_8": 0.962559625596256,
        "client_9": 0.9628746287462875
    },
    "client_8": {
        "client_0": 0.52243,
        "client_1": 0.5412,
        "client_2": 0.54062,
        "client_3": 0.53965,
        "client_4": 0.53944,
        "client_5": 0.3528,
        "client_6": 0.3507,
        "client_7": 0.35018,
        "client_8": 0.97277,
        "client_9": 0.97438
    },
    "client_9": {
        "client_0": 0.52262,
        "client_1": 0.54148,
        "client_2": 0.54224,
        "client_3": 0.54098,
        "client_4": 0.54117,
        "client_5": 0.35014,
        "client_6": 0.34817,
        "client_7": 0.34746,
        "client_8": 0.97291,
        "client_9": 0.97435
    }
}