{
    "attacker_000": {
        "attacker_000": 0.7492118197661896,
        "attacker_001": 0.7491333555298773,
        "attacker_002": 0.749074527470375,
        "client_000": 0.7407996817187188,
        "client_001": 0.7407687410472704,
        "client_002": 0.7408939903320139,
        "client_003": 0.7408645143323188,
        "client_004": 0.7409705648369133,
        "client_005": 0.08025291828793774,
        "client_006": 0.09088718615970315,
        "client_007": 0.07977041684906853,
        "client_008": 0.08015954083369814,
        "client_009": 0.08014784554031709,
        "client_010": 0.7495694379207765,
        "client_011": 0.7495254310260475,
        "client_012": 0.6094295095423764,
        "client_013": 0.6401887343126763,
        "client_014": 0.6247033845385288,
        "client_015": 0.6097735887716422,
        "client_016": 0.6004588830369714
    },
    "attacker_001": {
        "attacker_000": 0.7487217662154485,
        "attacker_001": 0.7487119208541483,
        "attacker_002": 0.7487020747213134,
        "client_000": 0.7420992890853695,
        "client_001": 0.7419772514491743,
        "client_002": 0.7420344113429982,
        "client_003": 0.7421140672295683,
        "client_004": 0.7421300997550923,
        "client_005": 0.08068828075633112,
        "client_006": 0.08941561882738354,
        "client_007": 0.0811546311594907,
        "client_008": 0.0808787790415087,
        "client_009": 0.08124787404635793,
        "client_010": 0.7491827346579231,
        "client_011": 0.7491680695298124,
        "client_012": 0.6077916730996862,
        "client_013": 0.6376239553638867,
        "client_014": 0.6220908384898665,
        "client_015": 0.6069380512767764,
        "client_016": 0.5989271228575167
    },
    "attacker_002": {
        "attacker_000": 0.7492167919799498,
        "attacker_001": 0.7491433159059312,
        "attacker_002": 0.749118821962873,
        "client_000": 0.7421406144429872,
        "client_001": 0.7420996144214334,
        "client_002": 0.7421701112877582,
        "client_003": 0.7421906048803752,
        "client_004": 0.7422758250710326,
        "client_005": 0.07479373138700385,
        "client_006": 0.08332526855705023,
        "client_007": 0.07505367948467695,
        "client_008": 0.07478277848286634,
        "client_009": 0.07535015372602606,
        "client_010": 0.7494472381474162,
        "client_011": 0.7494668466670579,
        "client_012": 0.6080201661650848,
        "client_013": 0.6387784472034539,
        "client_014": 0.6230272057718322,
        "client_015": 0.609962550659211,
        "client_016": 0.5980540879845164
    },
    "client_000": {
        "attacker_000": 0.09607756721022477,
        "attacker_001": 0.09370657137184833,
        "attacker_002": 0.09667135168489252,
        "client_000": 0.9761807540492718,
        "client_001": 0.9760544217687075,
        "client_002": 0.9754968690443779,
        "client_003": 0.9764529740029944,
        "client_004": 0.9763200870985302,
        "client_005": 0.1842840047865975,
        "client_006": 0.20763723150357996,
        "client_007": 0.17398181099248716,
        "client_008": 0.20864025482779214,
        "client_009": 0.15273178807947022,
        "client_010": 0.11102085025724343,
        "client_011": 0.12148211608481474,
        "client_012": 0.10533681063545576,
        "client_013": 0.1052564753682072,
        "client_014": 0.10478302185619258,
        "client_015": 0.10700819139253671,
        "client_016": 0.10321541416269127
    },
    "client_001": {
        "attacker_000": 0.09883307965499746,
        "attacker_001": 0.09683290862759375,
        "attacker_002": 0.09881274164300133,
        "client_000": 0.9774535809018567,
        "client_001": 0.9774535809018567,
        "client_002": 0.9773179466772782,
        "client_003": 0.978361874419222,
        "client_004": 0.978232014865941,
        "client_005": 0.18997464404134973,
        "client_006": 0.21262587141750583,
        "client_007": 0.18153727307840867,
        "client_008": 0.21485359705254992,
        "client_009": 0.15824441312663579,
        "client_010": 0.1147907982090474,
        "client_011": 0.12611301369863015,
        "client_012": 0.10461930551130934,
        "client_013": 0.10441409971419498,
        "client_014": 0.10397514740379128,
        "client_015": 0.10640791872883565,
        "client_016": 0.101671826625387
    },
    "client_002": {
        "attacker_000": 0.09727454773784068,
        "attacker_001": 0.0950488491472098,
        "attacker_002": 0.09787905827441828,
        "client_000": 0.9768685653162187,
        "client_001": 0.9769991976464295,
        "client_002": 0.9760599170790424,
        "client_003": 0.9775280898876404,
        "client_004": 0.9773913043478262,
        "client_005": 0.20646910710827038,
        "client_006": 0.22540112120626327,
        "client_007": 0.19465281784958646,
        "client_008": 0.22548262548262546,
        "client_009": 0.16599678456591643,
        "client_010": 0.11170294889609389,
        "client_011": 0.12256601189711985,
        "client_012": 0.10214985370817962,
        "client_013": 0.10196178020443147,
        "client_014": 0.10108303249097474,
        "client_015": 0.10349523377212892,
        "client_016": 0.09987005754594394
    },
    "client_003": {
        "attacker_000": 0.10252761401368841,
        "attacker_001": 0.099659650398176,
        "attacker_002": 0.10295728368017523,
        "client_000": 0.9768238082696866,
        "client_001": 0.9769524562096668,
        "client_002": 0.9760147601476015,
        "client_003": 0.9773386034255601,
        "client_004": 0.9772098537742063,
        "client_005": 0.19945567651632973,
        "client_006": 0.22162266332626712,
        "client_007": 0.18941717791411045,
        "client_008": 0.22560153994225216,
        "client_009": 0.16425702811244983,
        "client_010": 0.11690254286043034,
        "client_011": 0.12741116751269038,
        "client_012": 0.10328934907506787,
        "client_013": 0.10305511811023624,
        "client_014": 0.10231271995977878,
        "client_015": 0.1044275203304505,
        "client_016": 0.10103244837758113
    },
    "client_004": {
        "attacker_000": 0.0992288961038961,
        "attacker_001": 0.09699647225610761,
        "attacker_002": 0.09985305676109764,
        "client_000": 0.9773574853489612,
        "client_001": 0.9774936742575576,
        "client_002": 0.9768123667377397,
        "client_003": 0.9773514521715961,
        "client_004": 0.9773514521715961,
        "client_005": 0.20503875968992247,
        "client_006": 0.22638593780181576,
        "client_007": 0.19604074572362096,
        "client_008": 0.22689562029712523,
        "client_009": 0.16733708769107,
        "client_010": 0.11477673776277429,
        "client_011": 0.12496273265471272,
        "client_012": 0.10134660795200713,
        "client_013": 0.10110141974915643,
        "client_014": 0.10026049939640384,
        "client_015": 0.1019290928050052,
        "client_016": 0.09915401841254043
    },
    "client_005": {
        "attacker_000": 0.7156026684513915,
        "attacker_001": 0.692292459680081,
        "attacker_002": 0.6482138303544521,
        "client_000": 0.5208366802686116,
        "client_001": 0.5231341846884425,
        "client_002": 0.5237241467631427,
        "client_003": 0.520105513736087,
        "client_004": 0.5212670264713442,
        "client_005": 0.9708577901348986,
        "client_006": 0.9718854784627289,
        "client_007": 0.9734861222483768,
        "client_008": 0.9705413603413707,
        "client_009": 0.9724618961508655,
        "client_010": 0.7009981257900013,
        "client_011": 0.6955985372516192,
        "client_012": 0.022476440054427258,
        "client_013": 0.024262559146280078,
        "client_014": 0.02227373513404556,
        "client_015": 0.02426133789701515,
        "client_016": 0.02321608040201005
    },
    "client_006": {
        "attacker_000": 0.7142425550280536,