{
    "attacker_000": {
        "attacker_000": 0.7497311354881602,
        "attacker_001": 0.7496968511637003,
        "attacker_002": 0.7496331657308316,
        "client_000": 0.7359210050977402,
        "client_001": 0.7201029964491144,
        "client_002": 0.7231741051153958,
        "client_003": 0.7251644736842104,
        "client_004": 0.732536262669175,
        "client_005": 0.07383108935128518,
        "client_006": 0.07200313910143222,
        "client_007": 0.06370999604899248,
        "client_008": 0.07401967983551183,
        "client_009": 0.07171940152072602,
        "client_010": 0.7494472381474163,
        "client_011": 0.7496234276883351,
        "client_012": 0.7025570264326679,
        "client_013": 0.6912397642748361,
        "client_014": 0.6831944817701334,
        "client_015": 0.510525215729599,
        "client_016": 0.697173737769933
    },
    "attacker_001": {
        "attacker_000": 0.7492957746478872,
        "attacker_001": 0.7492174049146972,
        "attacker_002": 0.7490752519816029,
        "client_000": 0.7383515424164526,
        "client_001": 0.7214955603152488,
        "client_002": 0.7245771473470906,
        "client_003": 0.7267936181163149,
        "client_004": 0.7339653984846644,
        "client_005": 0.07557855678156429,
        "client_006": 0.07394004596801801,
        "client_007": 0.0664072121779398,
        "client_008": 0.07576275323407371,
        "client_009": 0.07384224167440952,
        "client_010": 0.749222006928542,
        "client_011": 0.7491781465247339,
        "client_012": 0.7022116733196677,
        "client_013": 0.6894842806256775,
        "client_014": 0.6814109616723175,
        "client_015": 0.5154503616042079,
        "client_016": 0.6956521739130435
    },
    "attacker_002": {
        "attacker_000": 0.7496969933925011,
        "attacker_001": 0.7496382620937782,
        "attacker_002": 0.7494914723830387,
        "client_000": 0.7382722481614331,
        "client_001": 0.7210451977401129,
        "client_002": 0.7240930770342535,
        "client_003": 0.7266150083242554,
        "client_004": 0.73411936012296,
        "client_005": 0.06833914281506209,
        "client_006": 0.06610269525870549,
        "client_007": 0.05849747599722854,
        "client_008": 0.06843397152675502,
        "client_009": 0.0659156869496778,
        "client_010": 0.7494082898108484,
        "client_011": 0.7494964113195002,
        "client_012": 0.703811557626351,
        "client_013": 0.6910934490469128,
        "client_014": 0.6826933878541419,
        "client_015": 0.5123392005757295,
        "client_016": 0.6986053211689984
    },
    "client_000": {
        "attacker_000": 0.2097902097902098,
        "attacker_001": 0.15651522715926108,
        "attacker_002": 0.10716943686430164,
        "client_000": 0.9600547195622435,
        "client_001": 0.9607225947721364,
        "client_002": 0.9613486842105263,
        "client_003": 0.9582537517053206,
        "client_004": 0.9599453178400547,
        "client_005": 0.211978221415608,
        "client_006": 0.22612435047482535,
        "client_007": 0.21031307550644568,
        "client_008": 0.23141095393543706,
        "client_009": 0.2299495232753786,
        "client_010": 0.14268362846001406,
        "client_011": 0.12843719375108087,
        "client_012": 0.10958355579284569,
        "client_013": 0.10925543948366491,
        "client_014": 0.1097136740701097,
        "client_015": 0.10910544195030973,
        "client_016": 0.10968603874415497
    },
    "client_001": {
        "attacker_000": 0.21428571428571425,
        "attacker_001": 0.15955674054324276,
        "attacker_002": 0.11032418952618453,
        "client_000": 0.962608117099135,
        "client_001": 0.9604354753053638,
        "client_002": 0.9641572285143237,
        "client_003": 0.9595544357512266,
        "client_004": 0.9630220803405162,
        "client_005": 0.2154449794899233,
        "client_006": 0.23333916389714884,
        "client_007": 0.21445305460443323,
        "client_008": 0.2383917452410603,
        "client_009": 0.23540179388614316,
        "client_010": 0.14664804469273743,
        "client_011": 0.133912539820446,
        "client_012": 0.10823812387251955,
        "client_013": 0.10794243070362473,
        "client_014": 0.10847730012053033,
        "client_015": 0.10779801214061771,
        "client_016": 0.1083104900715384
    },
    "client_002": {
        "attacker_000": 0.21278972354091036,
        "attacker_001": 0.1554855294800564,
        "attacker_002": 0.10508658542602002,
        "client_000": 0.9606658611894213,
        "client_001": 0.9600214649852428,
        "client_002": 0.9627136895948312,
        "client_003": 0.9573472389356865,
        "client_004": 0.9605580896163133,
        "client_005": 0.22635494155154093,
        "client_006": 0.24205378973105132,
        "client_007": 0.22505842171490206,
        "client_008": 0.24455077086656038,
        "client_009": 0.24503190519598908,
        "client_010": 0.1412878787878788,
        "client_011": 0.127674179155703,
        "client_012": 0.10600706713780919,
        "client_013": 0.10576667552484718,
        "client_014": 0.10618405235741951,
        "client_015": 0.10531220876048461,
        "client_016": 0.10605656350053361
    },
    "client_003": {
        "attacker_000": 0.21582894259987176,
        "attacker_001": 0.15951930200016462,
        "attacker_002": 0.11245768117364212,
        "client_000": 0.9608077587352198,
        "client_001": 0.9593949044585989,
        "client_002": 0.961584474278878,
        "client_003": 0.9586535913066526,
        "client_004": 0.9606905710491368,
        "client_005": 0.22447167465814238,
        "client_006": 0.2391608391608392,
        "client_007": 0.22306170174491813,
        "client_008": 0.24224153218655792,
        "client_009": 0.24224735497993435,
        "client_010": 0.149630658501168,
        "client_011": 0.1345062429057889,
        "client_012": 0.1071239406779661,
        "client_013": 0.10688836104513064,
        "client_014": 0.10722579788998739,
        "client_015": 0.10632107907960857,
        "client_016": 0.10730608730211301
    },
    "client_004": {
        "attacker_000": 0.21364372243621949,
        "attacker_001": 0.15618149480911608,
        "attacker_002": 0.10944831333036995,
        "client_000": 0.9588967733297631,
        "client_001": 0.9599356827013266,
        "client_002": 0.9616004296455425,
        "client_003": 0.9568585548283691,
        "client_004": 0.9582441113490364,
        "client_005": 0.22472305257605069,
        "client_006": 0.2400138937130948,
        "client_007": 0.22700587084148727,
        "client_008": 0.24288224956063273,
        "client_009": 0.24072398190045247,
        "client_010": 0.1456610918270748,
        "client_011": 0.1324488161958138,
        "client_012": 0.10479704797047971,
        "client_013": 0.10434084676610261,
        "client_014": 0.10484575576315613,
        "client_015": 0.10394313304721031,
        "client_016": 0.10476126519374118
    },
    "client_005": {
        "attacker_000": 0.7697828745564266,
        "attacker_001": 0.7007207636198352,
        "attacker_002": 0.6089203993076138,
        "client_000": 0.5061724394906523,
        "client_001": 0.506184832588563,
        "client_002": 0.5054282658716012,
        "client_003": 0.5056401305795274,
        "client_004": 0.5055841507235117,
        "client_005": 0.961893587716166,
        "client_006": 0.9625311815914066,
        "client_007": 0.9626273485895664,
        "client_008": 0.9616434860278168,
        "client_009": 0.9620855505525993,
        "client_010": 0.6899371345671957,
        "client_011": 0.6901392953810267,
        "client_012": 0.023903161550640994,
        "client_013": 0.024167643909651756,
        "client_014": 0.02451678535096643,
        "client_015": 0.012359666289010198,
        "client_016": 0.023968585853434646
    },
    "client_006": {
        "attacker_000": 0.7690517742873764,