{
    "attacker_000": {
        "attacker_000": 0.7489760322966272,
        "attacker_001": 0.7490450351622951,
        "attacker_002": 0.749084213206919,
        "client_000": 0.7408542043804331,
        "client_001": 0.7407481098288897,
        "client_002": 0.7406935795149321,
        "client_003": 0.7321963866158956,
        "client_004": 0.7408099936346276,
        "client_005": 0.09150012039489525,
        "client_006": 0.0910711704331904,
        "client_007": 0.08052516411378556,
        "client_008": 0.07998443125425707,
        "client_009": 0.08015954083369814,
        "client_010": 0.7496771163555241,
        "client_011": 0.7495400994168069,
        "client_012": 0.5879161791298798,
        "client_013": 0.5891069389489338,
        "client_014": 0.5804122322511113,
        "client_015": 0.5793858348386401,
        "client_016": 0.5776804067943307
    },
    "attacker_001": {
        "attacker_000": 0.7485494746746119,
        "attacker_001": 0.7485794897919198,
        "attacker_002": 0.7486088251430363,
        "client_000": 0.7419843071653324,
        "client_001": 0.7418210798963937,
        "client_002": 0.7419521912350598,
        "client_003": 0.7332968347628607,
        "client_004": 0.7421140672295683,
        "client_005": 0.09032692955847658,
        "client_006": 0.08950334794546944,
        "client_007": 0.08161282487247996,
        "client_008": 0.08059890136600069,
        "client_009": 0.08078156897054536,
        "client_010": 0.749226854570366,
        "client_011": 0.7491680695298124,
        "client_012": 0.5865046370322993,
        "client_013": 0.5883136252263769,
        "client_014": 0.5791293075510424,
        "client_015": 0.5795199913609244,
        "client_016": 0.5763548133488763
    },
    "attacker_002": {
        "attacker_000": 0.7488586264328402,
        "attacker_001": 0.7489718381575339,
        "attacker_002": 0.7489718381575339,
        "client_000": 0.7421156177341468,
        "client_001": 0.741979087981553,
        "client_002": 0.7420598640537425,
        "client_003": 0.734224307001759,
        "client_004": 0.7421656101583769,
        "client_005": 0.08404255319148937,
        "client_006": 0.08350670085635492,
        "client_007": 0.07532809679465288,
        "client_008": 0.07468879668049792,
        "client_009": 0.07488406150842078,
        "client_010": 0.749471706973468,
        "client_011": 0.7494961748420044,
        "client_012": 0.585907078465888,
        "client_013": 0.5884951042997021,
        "client_014": 0.5792645032289442,
        "client_015": 0.5787153482082488,
        "client_016": 0.5768259913687811
    },
    "client_000": {
        "attacker_000": 0.08191239280866139,
        "attacker_001": 0.08769874476987449,
        "attacker_002": 0.09015178256265442,
        "client_000": 0.976845546172705,
        "client_001": 0.976718856364874,
        "client_002": 0.9761677788369877,
        "client_003": 0.976718856364874,
        "client_004": 0.976718856364874,
        "client_005": 0.1965829145728643,
        "client_006": 0.2082057562767912,
        "client_007": 0.2174089068825911,
        "client_008": 0.18838814453917985,
        "client_009": 0.10106609808102347,
        "client_010": 0.10854039577443832,
        "client_011": 0.15548641360713544,
        "client_012": 0.1054911453688368,
        "client_013": 0.10619469026548672,
        "client_014": 0.10627647285329227,
        "client_015": 0.10633498743313785,
        "client_016": 0.1035792094615624
    },
    "client_001": {
        "attacker_000": 0.08468367380614501,
        "attacker_001": 0.09079386257505004,
        "attacker_002": 0.09421766317712359,
        "client_000": 0.9784860557768925,
        "client_001": 0.9779665516325989,
        "client_002": 0.978232014865941,
        "client_003": 0.9777070063694268,
        "client_004": 0.978226234731811,
        "client_005": 0.2050373868555687,
        "client_006": 0.2098740755546672,
        "client_007": 0.21882446386020651,
        "client_008": 0.18807157057654073,
        "client_009": 0.10269254852849093,
        "client_010": 0.11182795698924733,
        "client_011": 0.15888276490820935,
        "client_012": 0.10436335799948965,
        "client_013": 0.10537814046135062,
        "client_014": 0.10525638551116259,
        "client_015": 0.10559648442548793,
        "client_016": 0.10228617703855977
    },
    "client_002": {
        "attacker_000": 0.08490940351805316,
        "attacker_001": 0.08882205513784462,
        "attacker_002": 0.09158529276976768,
        "client_000": 0.9768623779590745,
        "client_001": 0.9775280898876404,
        "client_002": 0.9768499933092466,
        "client_003": 0.9768747493650582,
        "client_004": 0.9777896708589777,
        "client_005": 0.21862821512081063,
        "client_006": 0.22482621648460774,
        "client_007": 0.23234714003944773,
        "client_008": 0.19996040388041975,
        "client_009": 0.10488926034266612,
        "client_010": 0.10935529341939314,
        "client_011": 0.1558807677956967,
        "client_012": 0.10205509957370999,
        "client_013": 0.10267914369952572,
        "client_014": 0.10241273100616016,
        "client_015": 0.10287774415759995,
        "client_016": 0.09972677595628414
    },
    "client_003": {
        "attacker_000": 0.08693932702765053,
        "attacker_001": 0.09352278033486759,
        "attacker_002": 0.09557609192171193,
        "client_000": 0.977596204533474,
        "client_001": 0.9772038476742654,
        "client_002": 0.9765357237015555,
        "client_003": 0.9770811380400423,
        "client_004": 0.9774673870075109,
        "client_005": 0.21318208488167414,
        "client_006": 0.21671949286846276,
        "client_007": 0.2272548247341473,
        "client_008": 0.19968429360694553,
        "client_009": 0.10532889258950874,
        "client_010": 0.11411477952581432,
        "client_011": 0.1588187038556194,
        "client_012": 0.1030589719331441,
        "client_013": 0.1039654295882054,
        "client_014": 0.10363949263815414,
        "client_015": 0.1037982764123843,
        "client_016": 0.10105496946141032
    },
    "client_004": {
        "attacker_000": 0.08527744826677211,
        "attacker_001": 0.09022256229415483,
        "attacker_002": 0.09290867499560092,
        "client_000": 0.9778666666666668,
        "client_001": 0.9784057584644096,
        "client_002": 0.9775999999999999,
        "client_003": 0.9781449893390193,
        "client_004": 0.9783999999999999,
        "client_005": 0.21740827478532396,
        "client_006": 0.2285601109130521,
        "client_007": 0.2355257975580938,
        "client_008": 0.20521945432977462,
        "client_009": 0.11032472939217317,
        "client_010": 0.11177099856136338,
        "client_011": 0.15593108292360452,
        "client_012": 0.1009080445069702,
        "client_013": 0.10195018343309521,
        "client_014": 0.10150061183744445,
        "client_015": 0.10134436401240952,
        "client_016": 0.0990630855715178
    },
    "client_005": {
        "attacker_000": 0.6229089878083357,
        "attacker_001": 0.5941993899191401,
        "attacker_002": 0.5644665012406949,
        "client_000": 0.521521264293974,
        "client_001": 0.5113224637681159,
        "client_002": 0.5228649254927095,
        "client_003": 0.522506336424011,
        "client_004": 0.5155569885539254,
        "client_005": 0.9754683780146982,
        "client_006": 0.9735501719368099,
        "client_007": 0.9739584680234814,
        "client_008": 0.9754418652796109,
        "client_009": 0.9747677337543024,
        "client_010": 0.7032871596682444,
        "client_011": 0.6958647113224997,
        "client_012": 0.023699538059851376,
        "client_013": 0.023888387032018465,
        "client_014": 0.02187830821192721,
        "client_015": 0.025551452240742588,
        "client_016": 0.024791729398775466
    },
    "client_006": {
        "attacker_000": 0.6229492739958514,