{
    "client_000": {
        "client_000": 0.9689788310477965,
        "client_001": 0.9605245550649003,
        "client_002": 0.9619404985258644,
        "client_003": 0.9624664879356568,
        "client_004": 0.9620694276906581,
        "client_005": 0.23608903020667726,
        "client_006": 0.2332418659349275,
        "client_007": 0.22687747035573125,
        "client_008": 0.27558451513990034,
        "client_009": 0.22743538767395627,
        "client_010": 0.13231645685932186,
        "client_011": 0.13264928822333147,
        "client_012": 0.12480602970516516,
        "client_013": 0.12831401354298175,
        "client_014": 0.11172320479366,
        "client_015": 0.0974472263132057,
        "client_016": 0.10444281622593753,
        "client_017": 0.10464573751916284,
        "client_018": 0.10430839002267574,
        "client_019": 0.10428057074276571
    },
    "client_001": {
        "client_000": 0.9662503321817698,
        "client_001": 0.960074527548576,
        "client_002": 0.9617486338797814,
        "client_003": 0.9624883193165132,
        "client_004": 0.962241494329553,
        "client_005": 0.21739996018315746,
        "client_006": 0.21463606042770256,
        "client_007": 0.2067193675889328,
        "client_008": 0.262169413568417,
        "client_009": 0.2084911301574646,
        "client_010": 0.1285982334904581,
        "client_011": 0.12879484820607176,
        "client_012": 0.12273652925312346,
        "client_013": 0.12524907486478792,
        "client_014": 0.11038929791636591,
        "client_015": 0.10423254682558988,
        "client_016": 0.11200954400848356,
        "client_017": 0.11220159151193633,
        "client_018": 0.11163469834738168,
        "client_019": 0.1115902607311086
    },
    "client_002": {
        "client_000": 0.9655445544554455,
        "client_001": 0.9579742807901366,
        "client_002": 0.9598831030818278,
        "client_003": 0.9597449182941411,
        "client_004": 0.9601381876162636,
        "client_005": 0.22278978388998033,
        "client_006": 0.22127163134357383,
        "client_007": 0.21449501855831218,
        "client_008": 0.26291793313069906,
        "client_009": 0.21540880503144658,
        "client_010": 0.13335157568294795,
        "client_011": 0.13378601578271243,
        "client_012": 0.12629957643434733,
        "client_013": 0.12892580791989075,
        "client_014": 0.11321481909717206,
        "client_015": 0.10315221390899056,
        "client_016": 0.11148286937901498,
        "client_017": 0.11132694755174492,
        "client_018": 0.11052243310307824,
        "client_019": 0.11044095965688246
    },
    "client_003": {
        "client_000": 0.9675177115358908,
        "client_001": 0.9610633727175081,
        "client_002": 0.9628932508738908,
        "client_003": 0.9626143087681548,
        "client_004": 0.9632620104965685,
        "client_005": 0.20938628158844763,
        "client_006": 0.2074278941129988,
        "client_007": 0.20326173428798727,
        "client_008": 0.2530959752321982,
        "client_009": 0.2042860004005608,
        "client_010": 0.12771216698709148,
        "client_011": 0.12788452698354325,
        "client_012": 0.12091124717303768,
        "client_013": 0.12373607540702655,
        "client_014": 0.10801444043321298,
        "client_015": 0.09206972747360667,
        "client_016": 0.09961839726852782,
        "client_017": 0.0995644891122278,
        "client_018": 0.09936971972643155,
        "client_019": 0.09934307547928677
    },
    "client_004": {
        "client_000": 0.9685314685314687,
        "client_001": 0.9624932541824069,
        "client_002": 0.9641843492363834,
        "client_003": 0.9640443363071101,
        "client_004": 0.9645754461871281,
        "client_005": 0.23520031891568666,
        "client_006": 0.2341597796143251,
        "client_007": 0.22918318794607456,
        "client_008": 0.27286761868004633,
        "client_009": 0.23083067092651757,
        "client_010": 0.1298321057687909,
        "client_011": 0.12987012987012989,
        "client_012": 0.1244817865236858,
        "client_013": 0.12788632326820604,
        "client_014": 0.11094510578823076,
        "client_015": 0.0958251953125,
        "client_016": 0.10347808738445169,
        "client_017": 0.10301457376721901,
        "client_018": 0.10257093379512455,
        "client_019": 0.10252996005326231
    },
    "client_005": {
        "client_000": 0.5317419549780934,
        "client_001": 0.5304694099191504,
        "client_002": 0.5308515138695836,
        "client_003": 0.5316180467475993,
        "client_004": 0.5306406264171479,
        "client_005": 0.9665587918015102,
        "client_006": 0.9675995875002998,
        "client_007": 0.9683902532617038,
        "client_008": 0.9676460719934813,
        "client_009": 0.9690323204019518,
        "client_010": 0.7002570479195837,
        "client_011": 0.6988532735162785,
        "client_012": 0.699972825518928,
        "client_013": 0.6973297506087833,
        "client_014": 0.6973772414948886,
        "client_015": 0.01086852893507484,
        "client_016": 0.008986186128770135,
        "client_017": 0.010507713617041602,
        "client_018": 0.009724161170750494,
        "client_019": 0.01703707228858326
    },
    "client_006": {
        "client_000": 0.5389264772214705,
        "client_001": 0.5375956776226924,
        "client_002": 0.5381122771145924,
        "client_003": 0.5392657573754732,
        "client_004": 0.5379965717378884,
        "client_005": 0.9654048873981792,
        "client_006": 0.9667537572808552,
        "client_007": 0.9668137348935353,
        "client_008": 0.9663481114224809,
        "client_009": 0.9677700137817646,
        "client_010": 0.7023973316656243,
        "client_011": 0.7010572061343028,
        "client_012": 0.7021595930959726,
        "client_013": 0.6998263198644039,
        "client_014": 0.6998349938383776,
        "client_015": 0.011841665472950388,
        "client_016": 0.009964071856287424,
        "client_017": 0.011583935666076304,
        "client_018": 0.010215390545945165,
        "client_019": 0.017464331726869304
    },
    "client_007": {
        "client_000": 0.535307928481127,
        "client_001": 0.5342103682345168,
        "client_002": 0.5346290390516878,
        "client_003": 0.5350418095409973,
        "client_004": 0.5342164684630438,
        "client_005": 0.966183574879227,
        "client_006": 0.9683485250843322,
        "client_007": 0.9685197588747487,
        "client_008": 0.9670650095602294,
        "client_009": 0.9692574567532405,
        "client_010": 0.7032307788447519,
        "client_011": 0.7020232601841605,
        "client_012": 0.7030022709752693,
        "client_013": 0.7005772609386766,
        "client_014": 0.7005595456823116,
        "client_015": 0.010286693970854367,
        "client_016": 0.008782816229116946,
        "client_017": 0.009352929948463446,
        "client_018": 0.008736139778236451,
        "client_019": 0.018339034587609274
    },
    "client_008": {
        "client_000": 0.5333857743623878,
        "client_001": 0.532572601581839,
        "client_002": 0.5329301481705473,
        "client_003": 0.5337725528121128,
        "client_004": 0.5327968050344911,
        "client_005": 0.9666034428945283,
        "client_006": 0.9681819273347261,
        "client_007": 0.9684266128838628,
        "client_008": 0.9676103646833013,
        "client_009": 0.968310029512797,
        "client_010": 0.7016862032219646,
        "client_011": 0.700064952752111,
        "client_012": 0.7013187869667898,
        "client_013": 0.6984366803063687,
        "client_014": 0.6983495308310992,
        "client_015": 0.011548556430446194,
        "client_016": 0.009483667017913594,
        "client_017": 0.010434616121003255,
        "client_018": 0.009635303752950812,
        "client_019": 0.017928666793820332
    },
    "client_009": {
        "client_000": 0.5334019121384485,
        "client_001": 0.5324283559577677,