{
    "client_000": {
        "client_000": 0.9750832778147901,
        "client_001": 0.9754404698344902,
        "client_002": 0.9744068248467075,
        "client_003": 0.9753168779186123,
        "client_004": 0.9751867662753468,
        "client_005": 0.11957446808510638,
        "client_006": 0.087459807073955,
        "client_007": 0.08068406051304537,
        "client_008": 0.11914893617021276,
        "client_009": 0.11475067807218861,
        "client_010": 0.13062108159307204,
        "client_011": 0.1643578514612566,
        "client_012": 0.13094367227505485,
        "client_013": 0.13164184592756023,
        "client_014": 0.1633225269429598,
        "client_015": 0.08852050490275747,
        "client_016": 0.09223356659401169,
        "client_017": 0.0971256231919739,
        "client_018": 0.09510640856077913,
        "client_019": 0.09780315253816557
    },
    "client_001": {
        "client_000": 0.9740863787375416,
        "client_001": 0.9732606092856193,
        "client_002": 0.9729011689691817,
        "client_003": 0.9735407525595001,
        "client_004": 0.9740518962075849,
        "client_005": 0.10485933503836317,
        "client_006": 0.07332761578044597,
        "client_007": 0.06632989237865143,
        "client_008": 0.10378562313908975,
        "client_009": 0.09657190635451504,
        "client_010": 0.12664599343849714,
        "client_011": 0.16640014214641077,
        "client_012": 0.12716341774458007,
        "client_013": 0.1278446815330372,
        "client_014": 0.1658540832317604,
        "client_015": 0.09450431034482758,
        "client_016": 0.09884847793866149,
        "client_017": 0.10375343301800428,
        "client_018": 0.10198469631755142,
        "client_019": 0.10469914393052904
    },
    "client_002": {
        "client_000": 0.9730372720063442,
        "client_001": 0.9735169491525424,
        "client_002": 0.9721304979527143,
        "client_003": 0.9733880577254072,
        "client_004": 0.9740466101694915,
        "client_005": 0.11087778244435113,
        "client_006": 0.08049142130904469,
        "client_007": 0.07775377969762418,
        "client_008": 0.11092436974789915,
        "client_009": 0.10316967060285892,
        "client_010": 0.13149655604257984,
        "client_011": 0.16787123664257528,
        "client_012": 0.1321165894851539,
        "client_013": 0.13279824881430136,
        "client_014": 0.16715223724833672,
        "client_015": 0.0927238301325399,
        "client_016": 0.09741003896401557,
        "client_017": 0.10246632634233346,
        "client_018": 0.10018039687312086,
        "client_019": 0.10315292949354517
    },
    "client_003": {
        "client_000": 0.9748461332619749,
        "client_001": 0.9742834181623359,
        "client_002": 0.9740433502809741,
        "client_003": 0.9746954076850984,
        "client_004": 0.97429718875502,
        "client_005": 0.09223509223509224,
        "client_006": 0.06266205704407951,
        "client_007": 0.05814977973568282,
        "client_008": 0.0920968087384879,
        "client_009": 0.08723269108617404,
        "client_010": 0.12645949344350638,
        "client_011": 0.1573635795302313,
        "client_012": 0.12640692640692638,
        "client_013": 0.12713107241063243,
        "client_014": 0.1564700223028819,
        "client_015": 0.08296376419686317,
        "client_016": 0.08765581021310817,
        "client_017": 0.0919738626556528,
        "client_018": 0.09019749518304432,
        "client_019": 0.09263288778364935
    },
    "client_004": {
        "client_000": 0.9747107882701103,
        "client_001": 0.9753535353535354,
        "client_002": 0.9741866093035763,
        "client_003": 0.9757543103448275,
        "client_004": 0.9756228956228956,
        "client_005": 0.11991434689507495,
        "client_006": 0.08149111400086692,
        "client_007": 0.08125413998675204,
        "client_008": 0.11827497865072586,
        "client_009": 0.11331086773378266,
        "client_010": 0.1293022000269942,
        "client_011": 0.16351303106033557,
        "client_012": 0.1286912139992709,
        "client_013": 0.1294225481209899,
        "client_014": 0.16232999518957447,
        "client_015": 0.08759439050701187,
        "client_016": 0.09184138559708295,
        "client_017": 0.09555937193326791,
        "client_018": 0.09414864945798647,
        "client_019": 0.09634530950466884
    },
    "client_005": {
        "client_000": 0.5465883199424392,
        "client_001": 0.5330752245848583,
        "client_002": 0.5475706079463858,
        "client_003": 0.5330064469263597,
        "client_004": 0.5304576984824161,
        "client_005": 0.9691128043650699,
        "client_006": 0.9712563298770195,
        "client_007": 0.9694926681274229,
        "client_008": 0.9688378462795224,
        "client_009": 0.9709865535688467,
        "client_010": 0.7004369368427654,
        "client_011": 0.6998073540497529,
        "client_012": 0.6993703324059161,
        "client_013": 0.6993349228259506,
        "client_014": 0.6983748509757168,
        "client_015": 0.021457813749941178,
        "client_016": 0.020542433852416338,
        "client_017": 0.018865254916757064,
        "client_018": 0.01828690543869623,
        "client_019": 0.017648733276401936
    },
    "client_006": {
        "client_000": 0.5532752654814461,
        "client_001": 0.5400330976380322,
        "client_002": 0.5539478385137548,
        "client_003": 0.5396825396825397,
        "client_004": 0.5374367012298046,
        "client_005": 0.9673485066743494,
        "client_006": 0.9696414803392445,
        "client_007": 0.9681733984459573,
        "client_008": 0.9672866914676587,
        "client_009": 0.9698355762054937,
        "client_010": 0.702324127149557,
        "client_011": 0.7017990566431522,
        "client_012": 0.7018575270498468,
        "client_013": 0.7016073550566013,
        "client_014": 0.7011671529804085,
        "client_015": 0.022246311919687043,
        "client_016": 0.021250355753723558,
        "client_017": 0.02012566731232579,
        "client_018": 0.018806990881458964,
        "client_019": 0.01835909631391201
    },
    "client_007": {
        "client_000": 0.5499656644672021,
        "client_001": 0.5379592573646677,
        "client_002": 0.5508653817510203,
        "client_003": 0.5375974945041708,
        "client_004": 0.5342664092664093,
        "client_005": 0.9689476710753306,
        "client_006": 0.9709779028108394,
        "client_007": 0.9697639232450347,
        "client_008": 0.9688128772635815,
        "client_009": 0.971480742894212,
        "client_010": 0.7033502791899324,
        "client_011": 0.702718491164382,
        "client_012": 0.702320635516357,
        "client_013": 0.702478477476914,
        "client_014": 0.7015737363210006,
        "client_015": 0.023848645603492796,
        "client_016": 0.02240499149177538,
        "client_017": 0.021832211923022628,
        "client_018": 0.020987946112030254,
        "client_019": 0.019704433497536946
    },
    "client_008": {
        "client_000": 0.5483793517406963,
        "client_001": 0.5350765692149386,
        "client_002": 0.5490536655486343,
        "client_003": 0.5346180650243918,
        "client_004": 0.5324923431482549,
        "client_005": 0.9686928921804367,
        "client_006": 0.970743590362027,
        "client_007": 0.969052783803326,
        "client_008": 0.9681498040912477,
        "client_009": 0.9712315223419903,
        "client_010": 0.701868026244306,
        "client_011": 0.7009981376467388,
        "client_012": 0.7007610604666722,
        "client_013": 0.7007796659768817,
        "client_014": 0.6997847394929884,
        "client_015": 0.022883510688388734,
        "client_016": 0.021981145482969353,
        "client_017": 0.02143025725749351,
        "client_018": 0.02076518276205376,
        "client_019": 0.01937966085593502
    },
    "client_009": {
        "client_000": 0.5471086290758421,
        "client_001": 0.5349104549854792,