{
    "client_000": {
        "client_000": 0.9771847898599066,
        "client_001": 0.9763716459751702,
        "client_002": 0.9768932816882596,
        "client_003": 0.9771787001201122,
        "client_004": 0.9769117843320433,
        "client_005": 0.09563138448163443,
        "client_006": 0.08843830888697153,
        "client_007": 0.09760201935212452,
        "client_008": 0.09295221470652411,
        "client_009": 0.09589041095890412,
        "client_010": 0.16597998822836962,
        "client_011": 0.1686602318385443,
        "client_012": 0.1685936708277673,
        "client_013": 0.16768167040615414,
        "client_014": 0.16909726954704465,
        "client_015": 0.08324831667006734,
        "client_016": 0.08305093318496788,
        "client_017": 0.08032866118898019,
        "client_018": 0.08756832819180604,
        "client_019": 0.08509970168001257
    },
    "client_001": {
        "client_000": 0.9764345626414592,
        "client_001": 0.976149233844104,
        "client_002": 0.9761365151313158,
        "client_003": 0.9766946331069384,
        "client_004": 0.9766884241374716,
        "client_005": 0.08403725362789691,
        "client_006": 0.0729548888409238,
        "client_007": 0.08352668213457076,
        "client_008": 0.08043715846994536,
        "client_009": 0.08408940030980305,
        "client_010": 0.1680989876265467,
        "client_011": 0.17072051399724641,
        "client_012": 0.17059227075234393,
        "client_013": 0.1696363636363636,
        "client_014": 0.17108878778323347,
        "client_015": 0.09052995626080763,
        "client_016": 0.08946783802888014,
        "client_017": 0.08646979347616289,
        "client_018": 0.0941404566996984,
        "client_019": 0.09159668248917636
    },
    "client_002": {
        "client_000": 0.9769169540992304,
        "client_001": 0.9763737722325458,
        "client_002": 0.9766330323951141,
        "client_003": 0.977052659503913,
        "client_004": 0.977052659503913,
        "client_005": 0.09168443496801705,
        "client_006": 0.08142493638676844,
        "client_007": 0.08983156581409857,
        "client_008": 0.09022556390977444,
        "client_009": 0.09312445604873804,
        "client_010": 0.16942000359130904,
        "client_011": 0.17201246334310855,
        "client_012": 0.17217756667884543,
        "client_013": 0.17126520239607915,
        "client_014": 0.1726281646995225,
        "client_015": 0.08850462986647567,
        "client_016": 0.08692575933693839,
        "client_017": 0.08379699066234457,
        "client_018": 0.0916806313854803,
        "client_019": 0.0894505033557047
    },
    "client_003": {
        "client_000": 0.9770808202653799,
        "client_001": 0.9765258215962441,
        "client_002": 0.9767940979208585,
        "client_003": 0.9770808202653799,
        "client_004": 0.9770808202653799,
        "client_005": 0.07263180923211551,
        "client_006": 0.06278415241394242,
        "client_007": 0.0743731406714832,
        "client_008": 0.06798245614035087,
        "client_009": 0.07260579064587973,
        "client_010": 0.15931527941309664,
        "client_011": 0.16188278726349795,
        "client_012": 0.16165707710011507,
        "client_013": 0.1606620336503292,
        "client_014": 0.1618407915040392,
        "client_015": 0.0791866762031266,
        "client_016": 0.07837577844159789,
        "client_017": 0.07559771561320298,
        "client_018": 0.08197696425674579,
        "client_019": 0.0800376647834275
    },
    "client_004": {
        "client_000": 0.977765799757445,
        "client_001": 0.9774841580153701,
        "client_002": 0.9777538088175812,
        "client_003": 0.9776220005392289,
        "client_004": 0.9772206496832457,
        "client_005": 0.09542569490041586,
        "client_006": 0.0822096563723358,
        "client_007": 0.09711620016963528,
        "client_008": 0.09038800705467373,
        "client_009": 0.09583240472476043,
        "client_010": 0.16567137169743035,
        "client_011": 0.1681346552916763,
        "client_012": 0.167816091954023,
        "client_013": 0.16720727305952762,
        "client_014": 0.16781630059901978,
        "client_015": 0.08303932095924733,
        "client_016": 0.08232274945906506,
        "client_017": 0.0790720154664089,
        "client_018": 0.08669833729216153,
        "client_019": 0.08434932761236984
    },
    "client_005": {
        "client_000": 0.5421027306628172,
        "client_001": 0.4999534147023199,
        "client_002": 0.4992084432717679,
        "client_003": 0.5157891512756899,
        "client_004": 0.5235978320443334,
        "client_005": 0.9742881376469164,
        "client_006": 0.9743005934358726,
        "client_007": 0.9752074111699683,
        "client_008": 0.97668907481743,
        "client_009": 0.9757624281243177,
        "client_010": 0.6903268056699834,
        "client_011": 0.6907791823447343,
        "client_012": 0.6977241292593989,
        "client_013": 0.6974844479819031,
        "client_014": 0.6974571655984249,
        "client_015": 0.019809451938496366,
        "client_016": 0.022105164142601823,
        "client_017": 0.022303783173348392,
        "client_018": 0.020001886970468914,
        "client_019": 0.020639932142688847
    },
    "client_006": {
        "client_000": 0.5464297485991669,
        "client_001": 0.5037908092217237,
        "client_002": 0.5031539888682746,
        "client_003": 0.5221392655797653,
        "client_004": 0.5303030303030303,
        "client_005": 0.973368196784815,
        "client_006": 0.9742708459397312,
        "client_007": 0.9747679814385151,
        "client_008": 0.9758337361043983,
        "client_009": 0.9756121212121212,
        "client_010": 0.6942610889215893,
        "client_011": 0.6941884442200059,
        "client_012": 0.7001817080557238,
        "client_013": 0.7000688920899355,
        "client_014": 0.7000688920899355,
        "client_015": 0.021073521073521072,
        "client_016": 0.022622301819210107,
        "client_017": 0.02283341982355994,
        "client_018": 0.021178027796161486,
        "client_019": 0.021625194768402665
    },
    "client_007": {
        "client_000": 0.5444634139036152,
        "client_001": 0.5021950163853336,
        "client_002": 0.5024085968379447,
        "client_003": 0.5203326327332541,
        "client_004": 0.5266701034054038,
        "client_005": 0.9741273100616017,
        "client_006": 0.9749076243147294,
        "client_007": 0.9758789368418517,
        "client_008": 0.9777477759830275,
        "client_009": 0.975613296559733,
        "client_010": 0.6932822628167353,
        "client_011": 0.6934624697336561,
        "client_012": 0.700307152259763,
        "client_013": 0.7001378388538491,
        "client_014": 0.7000668281680729,
        "client_015": 0.023136609452151423,
        "client_016": 0.024590548594490592,
        "client_017": 0.024788732394366197,
        "client_018": 0.023051230182998542,
        "client_019": 0.023134433629566933
    },
    "client_008": {
        "client_000": 0.5405910735826297,
        "client_001": 0.5006839945280438,
        "client_002": 0.4998135951286194,
        "client_003": 0.5175605271222801,
        "client_004": 0.5245861658994604,
        "client_005": 0.9741899522574704,
        "client_006": 0.9748188361891373,
        "client_007": 0.9749806426635695,
        "client_008": 0.9773271710987974,
        "client_009": 0.9759638729727106,
        "client_010": 0.6925171503957783,
        "client_011": 0.692364558031471,
        "client_012": 0.6987300389790017,
        "client_013": 0.6984964610294426,
        "client_014": 0.6984545797210705,
        "client_015": 0.022377490321971484,
        "client_016": 0.023635764395687178,
        "client_017": 0.024038461538461536,
        "client_018": 0.022288331680596872,
        "client_019": 0.02263510327265868
    },
    "client_009": {
        "client_000": 0.5404524886877827,
        "client_001": 0.500668262207441,