{
    "attacker_000": {
        "attacker_000": 0.9833678466949348,
        "attacker_001": 0.9834475730229958,
        "client_000": 0.9654725239098719,
        "client_001": 0.9581211646429038,
        "client_002": 0.9581708093287418,
        "client_003": 0.964179104477612,
        "client_004": 0.9623368390253417,
        "client_005": 0.08694864048338369,
        "client_006": 0.08507936507936507,
        "client_007": 0.08517969954357223,
        "client_008": 0.08731884057971015,
        "client_009": 0.08701165388563492,
        "client_010": 0.9784529679195748,
        "client_011": 0.9784529679195748,
        "client_012": 0.9784379952297866,
        "client_013": 0.8800934715933986,
        "client_014": 0.880818321716303,
        "client_015": 0.8696368127344251,
        "client_016": 0.675974025974026,
        "client_017": 0.8613041055173695
    },
    "attacker_001": {
        "attacker_000": 0.9826823452018748,
        "attacker_001": 0.9827937886564022,
        "client_000": 0.9650519760634415,
        "client_001": 0.9567562267111198,
        "client_002": 0.9566510837229069,
        "client_003": 0.9635522363828233,
        "client_004": 0.9615928944414621,
        "client_005": 0.09345625451916123,
        "client_006": 0.09172043659169028,
        "client_007": 0.09164355480525745,
        "client_008": 0.09353167911346665,
        "client_009": 0.09351759853069581,
        "client_010": 0.9781947424033812,
        "client_011": 0.978210403291654,
        "client_012": 0.978210403291654,
        "client_013": 0.8785368084133516,
        "client_014": 0.8796763307812329,
        "client_015": 0.8683356258596975,
        "client_016": 0.674919244693997,
        "client_017": 0.8598332588953402
    },
    "client_000": {
        "attacker_000": 0.0510879848628193,
        "attacker_001": 0.10725643249494074,
        "client_000": 0.9628719628719629,
        "client_001": 0.9639344262295083,
        "client_002": 0.9622719165866374,
        "client_003": 0.9612086565945285,
        "client_004": 0.9651210504718917,
        "client_005": 0.1975107120995715,
        "client_006": 0.19897013388259524,
        "client_007": 0.1988112318097971,
        "client_008": 0.19635627530364372,
        "client_009": 0.19831656743995074,
        "client_010": 0.15973645680819912,
        "client_011": 0.14047965576156424,
        "client_012": 0.12473311608045846,
        "client_013": 0.11001070663811563,
        "client_014": 0.10973900273679993,
        "client_015": 0.1098636728147554,
        "client_016": 0.10938644993671306,
        "client_017": 0.10970970970970972
    },
    "client_001": {
        "attacker_000": 0.049463369108726084,
        "attacker_001": 0.10655147588192945,
        "client_000": 0.9620219663887787,
        "client_001": 0.9640631216019095,
        "client_002": 0.9650666666666667,
        "client_003": 0.9612587597514214,
        "client_004": 0.9666267783539424,
        "client_005": 0.20036064916850332,
        "client_006": 0.20161290322580647,
        "client_007": 0.2006433453960595,
        "client_008": 0.19932766462329443,
        "client_009": 0.20152855993563956,
        "client_010": 0.16536638716733504,
        "client_011": 0.1447575814891873,
        "client_012": 0.1301052155221179,
        "client_013": 0.10942941334047683,
        "client_014": 0.10911519198664442,
        "client_015": 0.10929034847167413,
        "client_016": 0.10852299272508842,
        "client_017": 0.10913705583756345
    },
    "client_002": {
        "attacker_000": 0.05083179297597043,
        "attacker_001": 0.09795216955463268,
        "client_000": 0.9618831081984753,
        "client_001": 0.9634489222118088,
        "client_002": 0.9633521961735382,
        "client_003": 0.9598720170643914,
        "client_004": 0.9647121964309674,
        "client_005": 0.214072154674108,
        "client_006": 0.21532919751851112,
        "client_007": 0.21468475658419794,
        "client_008": 0.21181102362204723,
        "client_009": 0.21494206951658013,
        "client_010": 0.159680928208847,
        "client_011": 0.1398724988954112,
        "client_012": 0.12399283795881827,
        "client_013": 0.10620533030525683,
        "client_014": 0.10595761695321872,
        "client_015": 0.10612735282338809,
        "client_016": 0.10545236668663871,
        "client_017": 0.10597880423915217
    },
    "client_003": {
        "attacker_000": 0.048189073050951506,
        "attacker_001": 0.10916289592760181,
        "client_000": 0.9610046265697291,
        "client_001": 0.9626588983050848,
        "client_002": 0.9620960234073681,
        "client_003": 0.9605071985206711,
        "client_004": 0.964318875182385,
        "client_005": 0.2128585558852621,
        "client_006": 0.21366163621922157,
        "client_007": 0.21288404360753224,
        "client_008": 0.20964278742924072,
        "client_009": 0.21315372424722662,
        "client_010": 0.16646372036387078,
        "client_011": 0.14575049701789264,
        "client_012": 0.1303746333905152,
        "client_013": 0.10710730639060322,
        "client_014": 0.10713812740034433,
        "client_015": 0.10705757495356859,
        "client_016": 0.10637734850489548,
        "client_017": 0.10699860954777196
    },
    "client_004": {
        "attacker_000": 0.057107767884556335,
        "attacker_001": 0.10890527509926262,
        "client_000": 0.9625868519508285,
        "client_001": 0.9640037468218922,
        "client_002": 0.9627638123403683,
        "client_003": 0.9613127001067236,
        "client_004": 0.9652954575907812,
        "client_005": 0.215506958250497,
        "client_006": 0.21666999800119927,
        "client_007": 0.21607640270592918,
        "client_008": 0.2138364779874214,
        "client_009": 0.21599045346062054,
        "client_010": 0.16437962497305839,
        "client_011": 0.1432129514321295,
        "client_012": 0.1284332258423218,
        "client_013": 0.10558170813718898,
        "client_014": 0.10534084809447129,
        "client_015": 0.10542573193661027,
        "client_016": 0.10439449849043944,
        "client_017": 0.10535498590793181
    },
    "client_005": {
        "attacker_000": 0.40277173575290537,
        "attacker_001": 0.37608078258125593,
        "client_000": 0.5155869146889032,
        "client_001": 0.5157192352110869,
        "client_002": 0.5048506014745828,
        "client_003": 0.5053916187770389,
        "client_004": 0.5156094587223666,
        "client_005": 0.9651127049180327,
        "client_006": 0.965393488849013,
        "client_007": 0.964383702146209,
        "client_008": 0.9646343333162977,
        "client_009": 0.9661525828222433,
        "client_010": 0.6866402116402116,
        "client_011": 0.6909138770675206,
        "client_012": 0.6886069257203279,
        "client_013": 0.021425670186839964,
        "client_014": 0.0225140712945591,
        "client_015": 0.021808591570725767,
        "client_016": 0.021361000915471468,
        "client_017": 0.02170935835658128
    },
    "client_006": {
        "attacker_000": 0.4059264769698097,
        "attacker_001": 0.37309139190086305,
        "client_000": 0.509175347502177,
        "client_001": 0.5097925337979543,
        "client_002": 0.4972005208333334,
        "client_003": 0.49785575048732944,
        "client_004": 0.509711557075563,
        "client_005": 0.9640723169637133,
        "client_006": 0.9643278755838423,
        "client_007": 0.9640335789284522,
        "client_008": 0.9635029028875418,
        "client_009": 0.9653737477523762,
        "client_010": 0.6869613137881627,
        "client_011": 0.6900821003644028,
        "client_012": 0.6888359998237031,
        "client_013": 0.023116089613034622,
        "client_014": 0.024104963384865747,
        "client_015": 0.02339538195504018,
        "client_016": 0.023136115782500126,
        "client_017": 0.023284189120488054
    },
    "client_007": {
        "attacker_000": 0.4003485079503376,