{
    "attacker_000": {
        "attacker_000": 0.9835225312546205,
        "attacker_001": 0.9834724321482553,
        "client_000": 0.9604926605952983,
        "client_001": 0.9648809909851481,
        "client_002": 0.9613444831288842,
        "client_003": 0.9631361850011368,
        "client_004": 0.9631157525458415,
        "client_005": 0.09132502558545542,
        "client_006": 0.0900629537034248,
        "client_007": 0.09057785540064439,
        "client_008": 0.09052035654059264,
        "client_009": 0.09035056017347307,
        "client_010": 0.9783910106604347,
        "client_011": 0.9784066716821667,
        "client_012": 0.9784393757503,
        "client_013": 0.6888437266017756,
        "client_014": 0.7096652640834015,
        "client_015": 0.6961885315637231,
        "client_016": 0.6886754102569589,
        "client_017": 0.6885870146539737
    },
    "attacker_001": {
        "attacker_000": 0.9826718837339294,
        "attacker_001": 0.9827047644099562,
        "client_000": 0.9590851251264315,
        "client_001": 0.9640591280079184,
        "client_002": 0.9602944529494152,
        "client_003": 0.9624802976877204,
        "client_004": 0.9623392877460463,
        "client_005": 0.09612207503529482,
        "client_006": 0.09526671675432007,
        "client_007": 0.09549278846153847,
        "client_008": 0.09549565792241355,
        "client_009": 0.0953811942182288,
        "client_010": 0.9781470630613323,
        "client_011": 0.9781634221311476,
        "client_012": 0.9781477627471384,
        "client_013": 0.6878923574657725,
        "client_014": 0.7075669774082473,
        "client_015": 0.6955614244334639,
        "client_016": 0.6876968904699655,
        "client_017": 0.6877798967194497
    },
    "client_000": {
        "attacker_000": 0.13833115294920653,
        "attacker_001": 0.11944904840829855,
        "client_000": 0.9764465622872703,
        "client_001": 0.9764529740029944,
        "client_002": 0.9759085340955491,
        "client_003": 0.9769974139104396,
        "client_004": 0.9768518518518519,
        "client_005": 0.10358408822371012,
        "client_006": 0.09019788311090658,
        "client_007": 0.1501721170395869,
        "client_008": 0.08933454876937102,
        "client_009": 0.09001599268905644,
        "client_010": 0.16323375619515298,
        "client_011": 0.16226432074877378,
        "client_012": 0.16523001542509755,
        "client_013": 0.10454888162854989,
        "client_014": 0.10460881577294989,
        "client_015": 0.10499019669850106,
        "client_016": 0.1046277665995976,
        "client_017": 0.10205328770471767
    },
    "client_001": {
        "attacker_000": 0.13857677902621723,
        "attacker_001": 0.11990407673860912,
        "client_000": 0.9778426429613905,
        "client_001": 0.9781138081973736,
        "client_002": 0.9779782435659325,
        "client_003": 0.9783733581000397,
        "client_004": 0.9786273728926059,
        "client_005": 0.10958373668925458,
        "client_006": 0.08709457926967568,
        "client_007": 0.1527835914608623,
        "client_008": 0.08683974932855863,
        "client_009": 0.08723021582733813,
        "client_010": 0.16810403832991103,
        "client_011": 0.16660659578302395,
        "client_012": 0.16974774610691193,
        "client_013": 0.1031950285606679,
        "client_014": 0.10329228449359135,
        "client_015": 0.1038796916466574,
        "client_016": 0.10335072609542968,
        "client_017": 0.10055525047287815
    },
    "client_002": {
        "attacker_000": 0.1322742380710946,
        "attacker_001": 0.11328036322360954,
        "client_000": 0.9775280898876404,
        "client_001": 0.9767379679144386,
        "client_002": 0.9769868878779769,
        "client_003": 0.9772727272727273,
        "client_004": 0.9775220765319775,
        "client_005": 0.1164449585502217,
        "client_006": 0.09029345372460497,
        "client_007": 0.16165413533834586,
        "client_008": 0.08993288590604026,
        "client_009": 0.09025594970812752,
        "client_010": 0.1640218816402188,
        "client_011": 0.16264601888734728,
        "client_012": 0.1661555114558903,
        "client_013": 0.10117072559944906,
        "client_014": 0.10127376545146516,
        "client_015": 0.10162858224971595,
        "client_016": 0.10119907087701677,
        "client_017": 0.09885885152865075
    },
    "client_003": {
        "attacker_000": 0.1368215975507932,
        "attacker_001": 0.11785774245900722,
        "client_000": 0.9771978384078029,
        "client_001": 0.9770811380400423,
        "client_002": 0.9766644693473963,
        "client_003": 0.9773386034255601,
        "client_004": 0.9778539414711311,
        "client_005": 0.10857805255023184,
        "client_006": 0.09036009841198837,
        "client_007": 0.15833333333333333,
        "client_008": 0.09078830823737821,
        "client_009": 0.09052584867983136,
        "client_010": 0.16777498202731847,
        "client_011": 0.16728178220463338,
        "client_012": 0.1700582698341551,
        "client_013": 0.10218433007654491,
        "client_014": 0.10231167050906599,
        "client_015": 0.10268948655256724,
        "client_016": 0.10231804586241275,
        "client_017": 0.09998175515416895
    },
    "client_004": {
        "attacker_000": 0.13186689227298365,
        "attacker_001": 0.11567248809253798,
        "client_000": 0.9777363018264231,
        "client_001": 0.9769671148981494,
        "client_002": 0.9769487008660892,
        "client_003": 0.9776238678742675,
        "client_004": 0.9776119402985076,
        "client_005": 0.11510235612205484,
        "client_006": 0.09538807649043869,
        "client_007": 0.16105971404541633,
        "client_008": 0.0964716391246092,
        "client_009": 0.09585666293393057,
        "client_010": 0.1643847996023677,
        "client_011": 0.1632835553965841,
        "client_012": 0.16635859519408502,
        "client_013": 0.09991820298244511,
        "client_014": 0.10019534942340412,
        "client_015": 0.1006145853133118,
        "client_016": 0.10009454774661204,
        "client_017": 0.09817379580830986
    },
    "client_005": {
        "attacker_000": 0.38270766094785125,
        "attacker_001": 0.3481199098942991,
        "client_000": 0.5170904409398134,
        "client_001": 0.5173055930135491,
        "client_002": 0.5197153298711291,
        "client_003": 0.5176947060525217,
        "client_004": 0.5168748595099707,
        "client_005": 0.9713114754098361,
        "client_006": 0.9779486247110464,
        "client_007": 0.9751522470899607,
        "client_008": 0.9770893334371189,
        "client_009": 0.9774615704196093,
        "client_010": 0.6825652452072624,
        "client_011": 0.6842082046757829,
        "client_012": 0.6841524750727962,
        "client_013": 0.10309376942571608,
        "client_014": 0.10363784119699793,
        "client_015": 0.026243576310931497,
        "client_016": 0.10344168260038242,
        "client_017": 0.10309869931140016
    },
    "client_006": {
        "attacker_000": 0.38007077140835105,
        "attacker_001": 0.3455001875522982,
        "client_000": 0.511158548418397,
        "client_001": 0.5116038862528647,
        "client_002": 0.5142120528520786,
        "client_003": 0.5124543662972894,
        "client_004": 0.5113937124782131,
        "client_005": 0.9705814460488855,
        "client_006": 0.976722411506151,
        "client_007": 0.973023016587373,
        "client_008": 0.9751623798389192,
        "client_009": 0.9766293186367536,
        "client_010": 0.681520083026034,
        "client_011": 0.6833631484794276,
        "client_012": 0.6833620423126187,
        "client_013": 0.10341847512963318,
        "client_014": 0.10337380621010701,
        "client_015": 0.027313656828414204,
        "client_016": 0.10338372930165586,
        "client_017": 0.10234480107630213
    },
    "client_007": {
        "attacker_000": 0.383882369574438,