{
    "attacker_000": {
        "attacker_000": 0.9836006309977652,
        "attacker_001": 0.9835526856279061,
        "client_000": 0.965068970547712,
        "client_001": 0.9605548048903577,
        "client_002": 0.959021606196494,
        "client_003": 0.9605978703311733,
        "client_004": 0.9631205443414151,
        "client_005": 0.08543290435623226,
        "client_006": 0.08358028424553976,
        "client_007": 0.08207238833071057,
        "client_008": 0.08352738379653432,
        "client_009": 0.08531722054380665,
        "client_010": 0.9784536577557227,
        "client_011": 0.978437304903232,
        "client_012": 0.9784536577557227,
        "client_013": 0.882675258951814,
        "client_014": 0.8929835221789327,
        "client_015": 0.8523043785048464,
        "client_016": 0.6797281260114361,
        "client_017": 0.8885653689924153
    },
    "attacker_001": {
        "attacker_000": 0.982782720231537,
        "attacker_001": 0.9827342388265861,
        "client_000": 0.9645811034348545,
        "client_001": 0.959230581139457,
        "client_002": 0.9579313384592781,
        "client_003": 0.9593413759373981,
        "client_004": 0.9623947736210876,
        "client_005": 0.09200457914080859,
        "client_006": 0.09016344008202158,
        "client_007": 0.08814562139644397,
        "client_008": 0.09005368236926233,
        "client_009": 0.09171713519539605,
        "client_010": 0.978210403291654,
        "client_011": 0.978210403291654,
        "client_012": 0.9781947424033812,
        "client_013": 0.8816389020522728,
        "client_014": 0.891695328174262,
        "client_015": 0.8531886831008155,
        "client_016": 0.6792681082715863,
        "client_017": 0.8877604307348783
    },
    "client_000": {
        "attacker_000": 0.057646873523389514,
        "attacker_001": 0.11937483158178389,
        "client_000": 0.9703320631464344,
        "client_001": 0.9707283866575902,
        "client_002": 0.9660180871471636,
        "client_003": 0.9707522786015509,
        "client_004": 0.9661597479106727,
        "client_005": 0.19678142187818293,
        "client_006": 0.19909315746084089,
        "client_007": 0.08770764119601328,
        "client_008": 0.19685521748008986,
        "client_009": 0.08671023965141612,
        "client_010": 0.11392665842604037,
        "client_011": 0.11076633756464506,
        "client_012": 0.13232155560825232,
        "client_013": 0.10855977366932033,
        "client_014": 0.10655314757481942,
        "client_015": 0.10672674605729,
        "client_016": 0.10921910336570441,
        "client_017": 0.10747511547719732
    },
    "client_001": {
        "attacker_000": 0.054273237679351216,
        "attacker_001": 0.12219251336898396,
        "client_000": 0.9711258278145695,
        "client_001": 0.9717693836978132,
        "client_002": 0.9689291905587413,
        "client_003": 0.9712544707908333,
        "client_004": 0.9691958927857048,
        "client_005": 0.20135836995605275,
        "client_006": 0.2030211480362538,
        "client_007": 0.0835509138381201,
        "client_008": 0.2026431718061674,
        "client_009": 0.0825491873396065,
        "client_010": 0.11862567811934902,
        "client_011": 0.11404584473162911,
        "client_012": 0.13766839624886942,
        "client_013": 0.10746464978625453,
        "client_014": 0.10563652779569199,
        "client_015": 0.1054800695472986,
        "client_016": 0.10863045651449518,
        "client_017": 0.10626951092611862
    },
    "client_002": {
        "attacker_000": 0.05732679337829552,
        "attacker_001": 0.10668431502316347,
        "client_000": 0.9710241687808786,
        "client_001": 0.9713980219192729,
        "client_002": 0.9684806034482759,
        "client_003": 0.9710319049526098,
        "client_004": 0.9678287791088975,
        "client_005": 0.21441334127456818,
        "client_006": 0.2158273381294964,
        "client_007": 0.08746481922494045,
        "client_008": 0.2144420131291028,
        "client_009": 0.08682634730538923,
        "client_010": 0.11409809152472808,
        "client_011": 0.11006333567909922,
        "client_012": 0.13240220827631766,
        "client_013": 0.10457259069736928,
        "client_014": 0.1032706670100438,
        "client_015": 0.10261014557814403,
        "client_016": 0.10534716679968076,
        "client_017": 0.1036430937073836
    },
    "client_003": {
        "attacker_000": 0.05928428812778375,
        "attacker_001": 0.12175282078194699,
        "client_000": 0.9714059823428647,
        "client_001": 0.9716620535125874,
        "client_002": 0.9658562508303442,
        "client_003": 0.9716769859043605,
        "client_004": 0.9658653207597291,
        "client_005": 0.2123719464144996,
        "client_006": 0.21414382201032975,
        "client_007": 0.08879310344827586,
        "client_008": 0.21175078864353314,
        "client_009": 0.08738069989395546,
        "client_010": 0.12023356181772023,
        "client_011": 0.11744483159117303,
        "client_012": 0.13895781637717125,
        "client_013": 0.10553779923031767,
        "client_014": 0.10410256410256412,
        "client_015": 0.10366866930844944,
        "client_016": 0.10625784708914293,
        "client_017": 0.1045633511908604
    },
    "client_004": {
        "attacker_000": 0.06449621971917914,
        "attacker_001": 0.11632814560801899,
        "client_000": 0.971352431712192,
        "client_001": 0.9716189207195203,
        "client_002": 0.9671008459782463,
        "client_003": 0.9718854097268488,
        "client_004": 0.9669709989258861,
        "client_005": 0.21666666666666667,
        "client_006": 0.2174609531437725,
        "client_007": 0.09377700950734659,
        "client_008": 0.21683876092136617,
        "client_009": 0.09292412617220801,
        "client_010": 0.11732925586136594,
        "client_011": 0.11375685982699284,
        "client_012": 0.13612024424612493,
        "client_013": 0.10387719994706894,
        "client_014": 0.10234486332426478,
        "client_015": 0.10183273102736191,
        "client_016": 0.10435365036838581,
        "client_017": 0.10321145921904637
    },
    "client_005": {
        "attacker_000": 0.46810408921933083,
        "attacker_001": 0.4613599857219347,
        "client_000": 0.5158681770047813,
        "client_001": 0.515543293445831,
        "client_002": 0.5170600307850179,
        "client_003": 0.5162428246159766,
        "client_004": 0.5157377995957263,
        "client_005": 0.965529586252749,
        "client_006": 0.9654554759467759,
        "client_007": 0.9694160300401399,
        "client_008": 0.9679322729604927,
        "client_009": 0.9694453755511436,
        "client_010": 0.6887804449133914,
        "client_011": 0.6909761074178898,
        "client_012": 0.6886075949367089,
        "client_013": 0.02250820085793591,
        "client_014": 0.02316330127398157,
        "client_015": 0.022474174855127236,
        "client_016": 0.02149992393894833,
        "client_017": 0.02250479362195984
    },
    "client_006": {
        "attacker_000": 0.46622847455610744,
        "attacker_001": 0.4593250126597361,
        "client_000": 0.5092658358623362,
        "client_001": 0.5095368726803292,
        "client_002": 0.510391119142894,
        "client_003": 0.5100354953210713,
        "client_004": 0.5095216577367503,
        "client_005": 0.9640033770818942,
        "client_006": 0.9640542133176193,
        "client_007": 0.967904048908116,
        "client_008": 0.9664646672144618,
        "client_009": 0.9685661195416538,
        "client_010": 0.6888698366638087,
        "client_011": 0.6906847570747986,
        "client_012": 0.6886437206844157,
        "client_013": 0.02396481116335507,
        "client_014": 0.024619110079709412,
        "client_015": 0.02392610166069355,
        "client_016": 0.023188405797101453,
        "client_017": 0.02405133646607044
    },
    "client_007": {
        "attacker_000": 0.46494596766991164,