{
    "attacker_0": {
        "attacker_0": 0.07363687464867903,
        "attacker_1": 0.07449856733524354,
        "attacker_2": 0.07351290684624018,
        "attacker_3": 0.07451312447078748,
        "client_0": 0.1733828207847296,
        "client_1": 0.0052585451358457495,
        "client_2": 0.011754334410813987,
        "client_3": 0.010594467333725722,
        "client_4": 0.011706175007316359,
        "client_5": 0.0023008340523439745,
        "client_6": 0.6569591527987897,
        "client_7": 0.013761467889908258
    },
    "attacker_1": {
        "attacker_0": 0.07502083912197834,
        "attacker_1": 0.077116512992456,
        "attacker_2": 0.07690148751052482,
        "attacker_3": 0.077116512992456,
        "client_0": 0.20069948883508204,
        "client_1": 0.002310135720473578,
        "client_2": 0.00865051903114187,
        "client_3": 0.008225616921269096,
        "client_4": 0.00935125657510228,
        "client_5": 0.004062681369704005,
        "client_6": 0.6467872258560985,
        "client_7": 0.012861736334405145
    },
    "attacker_2": {
        "attacker_0": 0.08085222616771373,
        "attacker_1": 0.08190941144561975,
        "attacker_2": 0.08194482381862879,
        "attacker_3": 0.07971607971607972,
        "client_0": 0.16360245137223553,
        "client_1": 0.003491416933372127,
        "client_2": 0.014148273910582909,
        "client_3": 0.0116634268258817,
        "client_4": 0.013544018058690745,
        "client_5": 0.005311301268810858,
        "client_6": 0.6151027885202524,
        "client_7": 0.01643525077925758
    },
    "attacker_3": {
        "attacker_0": 0.07074307650123389,
        "attacker_1": 0.07209175314036045,
        "attacker_2": 0.07082538817760829,
        "attacker_3": 0.07231576041954181,
        "client_0": 0.1632,
        "client_1": 0.0029498525073746317,
        "client_2": 0.009327846364883404,
        "client_3": 0.007592190889370933,
        "client_4": 0.008125677139761646,
        "client_5": 0.0047463660634826455,
        "client_6": 0.6201708011386742,
        "client_7": 0.014480162177816393
    },
    "client_0": {
        "attacker_0": 0.02583278029259982,
        "attacker_1": 0.10599538158907545,
        "attacker_2": 0.6811712158808932,
        "attacker_3": 0.12566183593052016,
        "client_0": 0.0035659194262475714,
        "client_1": 0.019809652486637925,
        "client_2": 0.04613635026764182,
        "client_3": 0.25860668268180825,
        "client_4": 0.22584951672333076,
        "client_5": 0.7551869293128645,
        "client_6": 0.21719141323792487,
        "client_7": 0.7521958243340533
    },
    "client_1": {
        "attacker_0": 0.026142237537876537,
        "attacker_1": 0.029616449189402923,
        "attacker_2": 0.18536691944249728,
        "attacker_3": 0.026513538933716156,
        "client_0": 0.001163233789936022,
        "client_1": 0.005802669227844809,
        "client_2": 0.009903658962711526,
        "client_3": 0.2392650501302946,
        "client_4": 0.22720278911746133,
        "client_5": 0.7587933127860278,
        "client_6": 0.22191299383624574,
        "client_7": 0.4304128378963614
    },
    "client_2": {
        "attacker_0": 0.20279612843754802,
        "attacker_1": 0.13215149073327961,
        "attacker_2": 0.05309440849510536,
        "attacker_3": 0.055555555555555566,
        "client_0": 0.07085187015982865,
        "client_1": 0.07607994842037395,
        "client_2": 0.27276650841605526,
        "client_3": 0.30628087508821455,
        "client_4": 0.27590187590187587,
        "client_5": 0.16250779787897693,
        "client_6": 0.24585594836438318,
        "client_7": 0.06663400293973543
    },
    "client_3": {
        "attacker_0": 0.17251275510204084,
        "attacker_1": 0.11478144811478146,
        "attacker_2": 0.06011854360711262,
        "attacker_3": 0.05158865732832252,
        "client_0": 0.07042253521126761,
        "client_1": 0.0778443113772455,
        "client_2": 0.2794429306690887,
        "client_3": 0.30374109263657956,
        "client_4": 0.28236355435272886,
        "client_5": 0.14970536709667143,
        "client_6": 0.22031642762087833,
        "client_7": 0.08253762744780709
    },
    "client_4": {
        "attacker_0": 0.1913482791285128,
        "attacker_1": 0.11424840868287905,
        "attacker_2": 0.05658139928849737,
        "attacker_3": 0.06886177502924955,
        "client_0": 0.06787795680493658,
        "client_1": 0.07224462365591397,
        "client_2": 0.2743216909009144,
        "client_3": 0.3069601427721595,
        "client_4": 0.27571770334928225,
        "client_5": 0.155229531471841,
        "client_6": 0.23179929198091426,
        "client_7": 0.07964011996001333
    },
    "client_5": {
        "attacker_0": 0.18609079619152752,
        "attacker_1": 0.18558153021913534,
        "attacker_2": 0.21884572636829405,
        "attacker_3": 0.2185028957398039,
        "client_0": 0.122131288273336,
        "client_1": 0.17758450616169053,
        "client_2": 0.21761826637560505,
        "client_3": 0.18573262120647538,
        "client_4": 0.24793895573757369,
        "client_5": 0.033766778523489936,
        "client_6": 0.034821401838378396,
        "client_7": 0.1701926157017312
    },
    "client_6": {
        "attacker_0": 0.1853692012077958,
        "attacker_1": 0.20605107202430192,
        "attacker_2": 0.23403260913109084,
        "attacker_3": 0.2154311730771829,
        "client_0": 0.11565363862163473,
        "client_1": 0.17774035940044716,
        "client_2": 0.2206272471418376,
        "client_3": 0.1866688601902882,
        "client_4": 0.3012882261524037,
        "client_5": 0.0334161546129469,
        "client_6": 0.03216639638165236,
        "client_7": 0.17201000926271548
    },
    "client_7": {
        "attacker_0": 0.0931615460852329,
        "attacker_1": 0.09777880879197356,
        "attacker_2": 0.11726907630522088,
        "attacker_3": 0.09197139701180165,
        "client_0": 0.1533826037521319,
        "client_1": 0.643652282676673,
        "client_2": 0.1000815565653035,
        "client_3": 0.07241257506181561,
        "client_4": 0.030882887247184205,
        "client_5": 0.6113825319276591,
        "client_6": 0.6142095156816727,
        "client_7": 0.0331910288016355
    }
}