{
    "attacker_0": {
        "attacker_0": 0.01955555555555556,
        "attacker_1": 0.012382075471698114,
        "attacker_2": 0.027842227378190254,
        "attacker_3": 0.01720047449584816,
        "client_0": 0.5834542815674891,
        "client_1": 0.001749271137026239,
        "client_2": 0.004080443019527834,
        "client_3": 0.01575262543757293,
        "client_4": 0.009979454065159965,
        "client_5": 0.005291005291005292,
        "client_6": 0.0028901734104046246,
        "client_7": 0.013641755634638198
    },
    "attacker_1": {
        "attacker_0": 0.018044237485448193,
        "attacker_1": 0.013737836290784202,
        "attacker_2": 0.02432126696832579,
        "attacker_3": 0.01455604075691412,
        "client_0": 0.574688358335094,
        "client_1": 0.002407463135720734,
        "client_2": 0.0052417006406523,
        "client_3": 0.013949433304272014,
        "client_4": 0.011587485515643104,
        "client_5": 0.001774098166765228,
        "client_6": 0.0018083182640144665,
        "client_7": 0.01054172767203514
    },
    "attacker_2": {
        "attacker_0": 0.02141448295294449,
        "attacker_1": 0.014840182648401827,
        "attacker_2": 0.030190828823696954,
        "attacker_3": 0.023856858846918492,
        "client_0": 0.6046228710462288,
        "client_1": 0.0011782032400589103,
        "client_2": 0.007441327990841443,
        "client_3": 0.016032064128256515,
        "client_4": 0.01322219028456453,
        "client_5": 0.002952465308532625,
        "client_6": 0.001136040897472309,
        "client_7": 0.012507106310403639
    },
    "attacker_3": {
        "attacker_0": 0.013973799126637553,
        "attacker_1": 0.00920863309352518,
        "attacker_2": 0.018481085763788624,
        "attacker_3": 0.012219959266802444,
        "client_0": 0.6087482362426931,
        "client_1": 0.004647110078419983,
        "client_2": 0.0044767767207610516,
        "client_3": 0.014962593516209478,
        "client_4": 0.010526315789473684,
        "client_5": 0.003992015968063872,
        "client_6": 0.0017321016166281756,
        "client_7": 0.011409942950285249
    },
    "client_0": {
        "attacker_0": 0.0018244882410730398,
        "attacker_1": 0.37638183995503166,
        "attacker_2": 0.4964736941353951,
        "attacker_3": 0.751345290075236,
        "client_0": 0.00010034820828274109,
        "client_1": 0.00010034619437057849,
        "client_2": 0.22095078279807917,
        "client_3": 0.23691425943287756,
        "client_4": 0.4352911622941297,
        "client_5": 0.4501866251944012,
        "client_6": 0.7466279311060385,
        "client_7": 0.7485920577617328
    },
    "client_1": {
        "attacker_0": 0.0011231222799382282,
        "attacker_1": 0.37529036832967905,
        "attacker_2": 0.040250904514708204,
        "attacker_3": 0.7556509959860919,
        "client_0": 0.0001605233059774866,
        "client_1": 0.00020063400345090486,
        "client_2": 0.22788005938358416,
        "client_3": 0.23284513635235296,
        "client_4": 0.3940770817220933,
        "client_5": 0.39560510323177844,
        "client_6": 0.7513185092389603,
        "client_7": 0.7504388164493481
    },
    "client_2": {
        "attacker_0": 0.02638058389025677,
        "attacker_1": 0.1306058221872541,
        "attacker_2": 0.037662106946171614,
        "attacker_3": 0.040111786947229985,
        "client_0": 0.11750038959015116,
        "client_1": 0.007974746635653764,
        "client_2": 0.2094523630907727,
        "client_3": 0.13936736611337303,
        "client_4": 0.19173997316236768,
        "client_5": 0.006418485237483954,
        "client_6": 0.03326679973386561,
        "client_7": 0.05963389318739385
    },
    "client_3": {
        "attacker_0": 0.02262931034482759,
        "attacker_1": 0.1172680412371134,
        "attacker_2": 0.030440297155281754,
        "attacker_3": 0.03487775688151821,
        "client_0": 0.10771992818671454,
        "client_1": 0.0101763907734057,
        "client_2": 0.20911006646133895,
        "client_3": 0.13131144809198467,
        "client_4": 0.18912,
        "client_5": 0.010596026490066225,
        "client_6": 0.031292984869325996,
        "client_7": 0.0629650829994276
    },
    "client_4": {
        "attacker_0": 0.02463768115942029,
        "attacker_1": 0.10871662914120296,
        "attacker_2": 0.03110135382363703,
        "attacker_3": 0.028911564625850334,
        "client_0": 0.10240572171651495,
        "client_1": 0.006433166547533954,
        "client_2": 0.1969147005444646,
        "client_3": 0.1257761502945391,
        "client_4": 0.17988424839668388,
        "client_5": 0.006259780907668232,
        "client_6": 0.027938671209540033,
        "client_7": 0.05707537886242865
    },
    "client_5": {
        "attacker_0": 0.1446259406192204,
        "attacker_1": 0.18159190220698046,
        "attacker_2": 0.14014631592353083,
        "attacker_3": 0.1649842006655295,
        "client_0": 0.13807086446709865,
        "client_1": 0.0362460903009533,
        "client_2": 0.32124749364631355,
        "client_3": 0.30830212475708785,
        "client_4": 0.2904888333593628,
        "client_5": 0.1551195930183535,
        "client_6": 0.15759006350812116,
        "client_7": 0.18302012306668883
    },
    "client_6": {
        "attacker_0": 0.14162450815064645,
        "attacker_1": 0.18635055502261205,
        "attacker_2": 0.13822991416912905,
        "attacker_3": 0.1713969877020865,
        "client_0": 0.13451737233697109,
        "client_1": 0.03646755875742375,
        "client_2": 0.32720881121887685,
        "client_3": 0.32770804100774903,
        "client_4": 0.28795980992580894,
        "client_5": 0.15626395712371596,
        "client_6": 0.1602909820644676,
        "client_7": 0.18637412126537786
    },
    "client_7": {
        "attacker_0": 0.020687152189692717,
        "attacker_1": 0.02271361615190482,
        "attacker_2": 0.030197723187537447,
        "attacker_3": 0.09906976744186045,
        "client_0": 0.5266784532390408,
        "client_1": 0.0032828743388655843,
        "client_2": 0.027311178247734137,
        "client_3": 0.12000925818770976,
        "client_4": 0.583893789850642,
        "client_5": 0.01564600904534898,
        "client_6": 0.00463980463980464,
        "client_7": 0.01477176413609396
    }
}