{
    "attacker_0": {
        "attacker_0": 0.06412825651302606,
        "attacker_1": 0.01857764876632801,
        "attacker_2": 0.014055636896046853,
        "attacker_3": 0.01810747663551402,
        "client_0": 0.023346303501945526,
        "client_1": 0.016661878770468253,
        "client_2": 0.011229646266142618,
        "client_3": 0.009523809523809525,
        "client_4": 0.009672830725462305,
        "client_5": 0.19815195071868583,
        "client_6": 0.030050083472454088,
        "client_7": 0.014743407995463566
    },
    "attacker_1": {
        "attacker_0": 0.07107709130672497,
        "attacker_1": 0.016036655211912946,
        "attacker_2": 0.014392630972941854,
        "attacker_3": 0.015588914549653578,
        "client_0": 0.004129793510324485,
        "client_1": 0.004221954161640531,
        "client_2": 0.010897619730427301,
        "client_3": 0.00563063063063063,
        "client_4": 0.007371703997731784,
        "client_5": 0.20507399577167018,
        "client_6": 0.0286368843069874,
        "client_7": 0.01407624633431085
    },
    "attacker_2": {
        "attacker_0": 0.07995618838992333,
        "attacker_1": 0.02203389830508475,
        "attacker_2": 0.019858156028368795,
        "attacker_3": 0.022115111993195352,
        "client_0": 0.0041031652989449,
        "client_1": 0.0029137529137529135,
        "client_2": 0.013479359730412805,
        "client_3": 0.0061504053676265024,
        "client_4": 0.0116634268258817,
        "client_5": 0.17557251908396945,
        "client_6": 0.030144927536231887,
        "client_7": 0.01408450704225352
    },
    "attacker_3": {
        "attacker_0": 0.06919642857142858,
        "attacker_1": 0.013864818024263429,
        "attacker_2": 0.010935251798561151,
        "attacker_3": 0.013921113689095127,
        "client_0": 0.004625614339404453,
        "client_1": 0.005277044854881267,
        "client_2": 0.011434794445956985,
        "client_3": 0.007995735607675906,
        "client_4": 0.010374010374010374,
        "client_5": 0.17707795560144554,
        "client_6": 0.02245298905416784,
        "client_7": 0.012816778327993009
    },
    "client_0": {
        "attacker_0": 0.2521549267368753,
        "attacker_1": 0.04932810037876935,
        "attacker_2": 0.14352908303450848,
        "attacker_3": 0.03467113696874075,
        "client_0": 0.005324099556658628,
        "client_1": 0.0006619925977191346,
        "client_2": 0.2757511008071144,
        "client_3": 0.00636222677937278,
        "client_4": 0.03925195030053811,
        "client_5": 0.23185294274206425,
        "client_6": 0.7596786338828421,
        "client_7": 0.23790579248886057
    },
    "client_1": {
        "attacker_0": 0.2346877324736973,
        "attacker_1": 0.04184758050256391,
        "attacker_2": 0.1363959314935308,
        "attacker_3": 0.034104245771487754,
        "client_0": 0.010420201616927836,
        "client_1": 0.0006620125180548869,
        "client_2": 0.08788742122075456,
        "client_3": 0.0035657408427568387,
        "client_4": 0.00678,
        "client_5": 0.23426966789798648,
        "client_6": 0.7630182637350362,
        "client_7": 0.24133398032555473
    },
    "client_2": {
        "attacker_0": 0.040957886044591246,
        "attacker_1": 0.0037529853292391675,
        "attacker_2": 0.004420265215912955,
        "attacker_3": 0.037240232751454695,
        "client_0": 0.019527235354573486,
        "client_1": 0.06579155464178395,
        "client_2": 0.1370203510952307,
        "client_3": 0.1535155050660117,
        "client_4": 0.13254511512134412,
        "client_5": 0.1042793900639449,
        "client_6": 0.07978985388277786,
        "client_7": 0.040924970886707705
    },
    "client_3": {
        "attacker_0": 0.03378263095034977,
        "attacker_1": 0.0031098825155494126,
        "attacker_2": 0.004838430965958183,
        "attacker_3": 0.030427350427350425,
        "client_0": 0.01901850908473425,
        "client_1": 0.06985726280436608,
        "client_2": 0.14062242713650586,
        "client_3": 0.13587047237522953,
        "client_4": 0.1322314049586777,
        "client_5": 0.11180322632167385,
        "client_6": 0.0814111261872456,
        "client_7": 0.04493243243243243
    },
    "client_4": {
        "attacker_0": 0.03415623943185661,
        "attacker_1": 0.003088008234688626,
        "attacker_2": 0.004483531643386791,
        "attacker_3": 0.032443393038188585,
        "client_0": 0.016960886119764623,
        "client_1": 0.06064645118293902,
        "client_2": 0.1289710763394974,
        "client_3": 0.14701759850490578,
        "client_4": 0.11776,
        "client_5": 0.10422582261566729,
        "client_6": 0.07504565830981239,
        "client_7": 0.04276645506181089
    },
    "client_5": {
        "attacker_0": 0.21858101240089448,
        "attacker_1": 0.2625685769052813,
        "attacker_2": 0.2594608914497649,
        "attacker_3": 0.2579156722354813,
        "client_0": 0.18617183810661406,
        "client_1": 0.11550274118086053,
        "client_2": 0.2984134391040597,
        "client_3": 0.3165128205128205,
        "client_4": 0.2858858388482072,
        "client_5": 0.1681160229477534,
        "client_6": 0.17604156536960114,
        "client_7": 0.14822653009396428
    },
    "client_6": {
        "attacker_0": 0.22767014339844951,
        "attacker_1": 0.26781156328128064,
        "attacker_2": 0.26176497629273543,
        "attacker_3": 0.2595150701872097,
        "client_0": 0.18223878322782622,
        "client_1": 0.1128672687778667,
        "client_2": 0.3565700645257543,
        "client_3": 0.368532728035331,
        "client_4": 0.2899071655762716,
        "client_5": 0.16737726546767587,
        "client_6": 0.17409590216098061,
        "client_7": 0.14691929824561403
    },
    "client_7": {
        "attacker_0": 0.0960233918128655,
        "attacker_1": 0.013902439024390242,
        "attacker_2": 0.057972746832416926,
        "attacker_3": 0.014014135998050207,
        "client_0": 0.017761557177615572,
        "client_1": 0.12238306707422572,
        "client_2": 0.011043689320388348,
        "client_3": 0.015089747490112566,
        "client_4": 0.009177118384827165,
        "client_5": 0.1716622779987674,
        "client_6": 0.025539091675701724,
        "client_7": 0.006599046804350483
    }
}