{
    "attacker_000": {
        "attacker_000": 0.9466807443579254,
        "attacker_001": 0.9467346299137263,
        "client_000": 0.8549297575768647,
        "client_001": 0.8498695955625758,
        "client_002": 0.8036040892551164,
        "client_003": 0.6947737126503063,
        "client_004": 0.8719080162872878,
        "client_005": 0.15607835666888908,
        "client_006": 0.15602476583584696,
        "client_007": 0.15648806500761808,
        "client_008": 0.10074161580363589,
        "client_009": 0.1006726825266612,
        "client_010": 0.9467590301830777,
        "client_011": 0.9469083472151211,
        "client_012": 0.9467902619251831,
        "client_013": 0.7769040309002674,
        "client_014": 0.7629656390494541,
        "client_015": 0.741132570631894,
        "client_016": 0.6909418811859931,
        "client_017": 0.724956282787909
    },
    "attacker_001": {
        "attacker_000": 0.9465676567656766,
        "attacker_001": 0.9465711834202363,
        "client_000": 0.852528655656059,
        "client_001": 0.8478728687303426,
        "client_002": 0.8025899946041779,
        "client_003": 0.6930184804928132,
        "client_004": 0.8694370021397875,
        "client_005": 0.15905631659056316,
        "client_006": 0.15899793879816077,
        "client_007": 0.15940650561156552,
        "client_008": 0.10088942859956021,
        "client_009": 0.10095175582540204,
        "client_010": 0.9467119807305243,
        "client_011": 0.9467311150337364,
        "client_012": 0.9466789850529581,
        "client_013": 0.7749772123806127,
        "client_014": 0.7617021276595745,
        "client_015": 0.7372247781794281,
        "client_016": 0.6868847868697094,
        "client_017": 0.722126107347577
    },
    "client_000": {
        "attacker_000": 0.31319401941068464,
        "attacker_001": 0.3144637528523785,
        "client_000": 0.9764401470788506,
        "client_001": 0.9765858970868501,
        "client_002": 0.9760283301552711,
        "client_003": 0.9763200870985302,
        "client_004": 0.9761937151407972,
        "client_005": 0.20931174089068824,
        "client_006": 0.20577540106951872,
        "client_007": 0.20826513911620298,
        "client_008": 0.21121304791029563,
        "client_009": 0.2127031019202363,
        "client_010": 0.30358047627090023,
        "client_011": 0.30310103367789265,
        "client_012": 0.308039901099838,
        "client_013": 0.10193966835954231,
        "client_014": 0.10315933213332505,
        "client_015": 0.10181106216348508,
        "client_016": 0.10229799851742032,
        "client_017": 0.09986295656318893
    },
    "client_001": {
        "attacker_000": 0.3222163865546218,
        "attacker_001": 0.3234337931640454,
        "client_000": 0.9777010883992567,
        "client_001": 0.9771822764659059,
        "client_002": 0.9779607010090281,
        "client_003": 0.9773179466772782,
        "client_004": 0.976811978269511,
        "client_005": 0.2153785018875422,
        "client_006": 0.21382062591892456,
        "client_007": 0.21514423076923078,
        "client_008": 0.21742605915267785,
        "client_009": 0.2213047068538398,
        "client_010": 0.3116894089814541,
        "client_011": 0.31083163286553117,
        "client_012": 0.31619339984650807,
        "client_013": 0.10101504219151278,
        "client_014": 0.10227766399801402,
        "client_015": 0.10097799511002445,
        "client_016": 0.10177237077749646,
        "client_017": 0.0983099262080457
    },
    "client_002": {
        "attacker_000": 0.3167424734676197,
        "attacker_001": 0.3176603511211542,
        "client_000": 0.9767192935509766,
        "client_001": 0.9762032085561496,
        "client_002": 0.9767005891805035,
        "client_003": 0.9769930444087748,
        "client_004": 0.9763463851396499,
        "client_005": 0.2274788093830081,
        "client_006": 0.22669711438654763,
        "client_007": 0.22788844621513943,
        "client_008": 0.23057046312860266,
        "client_009": 0.23367556468172487,
        "client_010": 0.3072089808570352,
        "client_011": 0.30614525139664805,
        "client_012": 0.31152805949966195,
        "client_013": 0.09827438502019335,
        "client_014": 0.09930572774609472,
        "client_015": 0.09829242915723117,
        "client_016": 0.09878982464806126,
        "client_017": 0.0962617938612206
    },
    "client_003": {
        "attacker_000": 0.31892659011740415,
        "attacker_001": 0.320293609671848,
        "client_000": 0.9769403083410199,
        "client_001": 0.9769524562096668,
        "client_002": 0.9765295358649789,
        "client_003": 0.9770811380400423,
        "client_004": 0.9770932069510269,
        "client_005": 0.2258694802657288,
        "client_006": 0.21676300578034682,
        "client_007": 0.22621397552309513,
        "client_008": 0.22821168601219757,
        "client_009": 0.23168999797119091,
        "client_010": 0.3100387548443555,
        "client_011": 0.3100168800691671,
        "client_012": 0.3146265647315803,
        "client_013": 0.1000426491196003,
        "client_014": 0.10075939988886831,
        "client_015": 0.10009765624999999,
        "client_016": 0.10039370078740156,
        "client_017": 0.09819460168027172
    },
    "client_004": {
        "attacker_000": 0.31648694296479146,
        "attacker_001": 0.3179286335944299,
        "client_000": 0.9770849986677324,
        "client_001": 0.9773574853489612,
        "client_002": 0.9772030395947208,
        "client_003": 0.9776238678742675,
        "client_004": 0.9775056568614401,
        "client_005": 0.2293794186959937,
        "client_006": 0.22369786262710106,
        "client_007": 0.23038728897715988,
        "client_008": 0.2321075523922499,
        "client_009": 0.23579893747445854,
        "client_010": 0.3070476828961703,
        "client_011": 0.30716412971542023,
        "client_012": 0.3127380448582311,
        "client_013": 0.09818962872046641,
        "client_014": 0.0994647080791734,
        "client_015": 0.0979887171940152,
        "client_016": 0.0981921743437345,
        "client_017": 0.09529503198421713
    },
    "client_005": {
        "attacker_000": 0.6748737373737373,
        "attacker_001": 0.6582498116481359,
        "client_000": 0.5181130252777331,
        "client_001": 0.5181870855597761,
        "client_002": 0.5199215358394701,
        "client_003": 0.5166322846828262,
        "client_004": 0.5186971480016719,
        "client_005": 0.970804420457466,
        "client_006": 0.9749226891193056,
        "client_007": 0.9746858401347325,
        "client_008": 0.9695430169604597,
        "client_009": 0.9730597034238244,
        "client_010": 0.6861307420494699,
        "client_011": 0.6871417232560191,
        "client_012": 0.6868302187583032,
        "client_013": 0.011253041362530414,
        "client_014": 0.012765310774530166,
        "client_015": 0.012759493670886076,
        "client_016": 0.012866622764804214,
        "client_017": 0.018581166372128248
    },
    "client_006": {
        "attacker_000": 0.6745412740633876,
        "attacker_001": 0.6575511322132944,
        "client_000": 0.5111471160077771,
        "client_001": 0.511418483366266,
        "client_002": 0.5143245165879842,
        "client_003": 0.5102464332036317,
        "client_004": 0.5129830234438156,
        "client_005": 0.9701650063067934,
        "client_006": 0.9738533184171501,
        "client_007": 0.9730990514694449,
        "client_008": 0.9684713621296607,
        "client_009": 0.9722898430621018,
        "client_010": 0.6867299624641201,
        "client_011": 0.6877534826309293,
        "client_012": 0.6870313433165963,
        "client_013": 0.012994264250545657,
        "client_014": 0.014004465191800283,
        "client_015": 0.013999492772001014,
        "client_016": 0.014105946823624923,
        "client_017": 0.019325137856022665
    },
    "client_007": {
        "attacker_000": 0.6752936402371666,