{
    "attacker_000": {
        "attacker_000": 0.8225401976692728,
        "attacker_001": 0.8224967730038724,
        "client_000": 0.8084353229147053,
        "client_001": 0.8053396865014086,
        "client_002": 0.7912002788644021,
        "client_003": 0.8074929800425907,
        "client_004": 0.806263931391439,
        "client_005": 0.13152992629788615,
        "client_006": 0.13119002307972627,
        "client_007": 0.13063738401069733,
        "client_008": 0.13091910722242475,
        "client_009": 0.1311847113126569,
        "client_010": 0.8229051514481539,
        "client_011": 0.8229354755499872,
        "client_012": 0.8229268382556146,
        "client_013": 0.7857731392474595,
        "client_014": 0.7884423779475258,
        "client_015": 0.7830477054450076,
        "client_016": 0.6663071512309496,
        "client_017": 0.7820902594069569
    },
    "attacker_001": {
        "attacker_000": 0.8221340957299641,
        "attacker_001": 0.8221123694986535,
        "client_000": 0.8105857977020156,
        "client_001": 0.8076624581195934,
        "client_002": 0.7937123253154498,
        "client_003": 0.8090036037055905,
        "client_004": 0.8082484359347535,
        "client_005": 0.13479966037278132,
        "client_006": 0.1348160129397493,
        "client_007": 0.13436399692419765,
        "client_008": 0.13477873958417605,
        "client_009": 0.1348160129397493,
        "client_010": 0.8226989568358583,
        "client_011": 0.8226989568358583,
        "client_012": 0.8226837943935568,
        "client_013": 0.7835970319186526,
        "client_014": 0.7860019550342131,
        "client_015": 0.7799984200963741,
        "client_016": 0.6638469852906621,
        "client_017": 0.779435890340561
    },
    "client_000": {
        "attacker_000": 0.11102528451516556,
        "attacker_001": 0.18279179524414593,
        "client_000": 0.9712964222554754,
        "client_001": 0.9723320158102767,
        "client_002": 0.974296205630355,
        "client_003": 0.9741777656972003,
        "client_004": 0.9723244717109748,
        "client_005": 0.04922279792746114,
        "client_006": 0.049801674746584396,
        "client_007": 0.04991007194244605,
        "client_008": 0.045627376425855515,
        "client_009": 0.050889439315469485,
        "client_010": 0.11492459698387936,
        "client_011": 0.10558889722430607,
        "client_012": 0.1309679835236847,
        "client_013": 0.10696018128844287,
        "client_014": 0.10169077702496489,
        "client_015": 0.1041888422766264,
        "client_016": 0.10831085082582088,
        "client_017": 0.10550429525930641
    },
    "client_001": {
        "attacker_000": 0.11458280238544269,
        "attacker_001": 0.18934271030565325,
        "client_000": 0.9715495567023951,
        "client_001": 0.9735899137358991,
        "client_002": 0.9761589403973511,
        "client_003": 0.975642043950225,
        "client_004": 0.9733315642828712,
        "client_005": 0.050074262677699974,
        "client_006": 0.04995655951346655,
        "client_007": 0.04856512141280353,
        "client_008": 0.040519709315128834,
        "client_009": 0.04993371630578877,
        "client_010": 0.11946672221643578,
        "client_011": 0.10964419475655432,
        "client_012": 0.13604613004547375,
        "client_013": 0.10588996763754045,
        "client_014": 0.10080743821874234,
        "client_015": 0.10273415503972971,
        "client_016": 0.10779786251484365,
        "client_017": 0.1041785918717802
    },
    "client_002": {
        "attacker_000": 0.11343589743589744,
        "attacker_001": 0.1823377087239932,
        "client_000": 0.9709333333333335,
        "client_001": 0.9734939759036144,
        "client_002": 0.9753944905054828,
        "client_003": 0.9748864547154689,
        "client_004": 0.9734939759036144,
        "client_005": 0.05241849563179204,
        "client_006": 0.05254016500217108,
        "client_007": 0.05261994251602919,
        "client_008": 0.04664466446644664,
        "client_009": 0.05305039787798408,
        "client_010": 0.11498654522873113,
        "client_011": 0.10587850161343121,
        "client_012": 0.13100721097929752,
        "client_013": 0.10294497545853783,
        "client_014": 0.09874732661167125,
        "client_015": 0.10062578222778473,
        "client_016": 0.10469480476723513,
        "client_017": 0.1017853739119385
    },
    "client_003": {
        "attacker_000": 0.11935833290349204,
        "attacker_001": 0.19345559151384395,
        "client_000": 0.972218564845293,
        "client_001": 0.9732013201320132,
        "client_002": 0.9749604638903532,
        "client_003": 0.9754876120189773,
        "client_004": 0.973336853220697,
        "client_005": 0.0561727101236638,
        "client_006": 0.055782021025531,
        "client_007": 0.055398037077426396,
        "client_008": 0.0470383275261324,
        "client_009": 0.05725524475524475,
        "client_010": 0.1214512657579174,
        "client_011": 0.11118305429654982,
        "client_012": 0.13742218123126584,
        "client_013": 0.10438359686335004,
        "client_014": 0.09921164342025468,
        "client_015": 0.10115858975956146,
        "client_016": 0.10582079790712884,
        "client_017": 0.10276829730754644
    },
    "client_004": {
        "attacker_000": 0.11634433841914578,
        "attacker_001": 0.18787498880630427,
        "client_000": 0.9719153467323307,
        "client_001": 0.973311982919669,
        "client_002": 0.9757656458055924,
        "client_003": 0.9751230544100039,
        "client_004": 0.9735647530040054,
        "client_005": 0.05639177443290227,
        "client_006": 0.05626487773209262,
        "client_007": 0.05622666373819459,
        "client_008": 0.050721469173589856,
        "client_009": 0.057117750439367315,
        "client_010": 0.11779808976070656,
        "client_011": 0.10817084493964717,
        "client_012": 0.1346742052090092,
        "client_013": 0.10212710596500359,
        "client_014": 0.09732509028585419,
        "client_015": 0.09961011193560557,
        "client_016": 0.10366741692042897,
        "client_017": 0.100727690540023
    },
    "client_005": {
        "attacker_000": 0.6939823048695378,
        "attacker_001": 0.5881860899943415,
        "client_000": 0.514730869105248,
        "client_001": 0.5151281557140104,
        "client_002": 0.516346369790497,
        "client_003": 0.5164044943820225,
        "client_004": 0.5146596522743312,
        "client_005": 0.9662352279122115,
        "client_006": 0.9681463214138923,
        "client_007": 0.9682907965970611,
        "client_008": 0.9683967112024666,
        "client_009": 0.9684638337277498,
        "client_010": 0.68609341591906,
        "client_011": 0.6923026330212878,
        "client_012": 0.6881160826515536,
        "client_013": 0.024038219763640938,
        "client_014": 0.026027328695129887,
        "client_015": 0.024672784714908982,
        "client_016": 0.023284065600323953,
        "client_017": 0.024467285033843066
    },
    "client_006": {
        "attacker_000": 0.692503205200297,
        "attacker_001": 0.5883767731801894,
        "client_000": 0.5082855116384034,
        "client_001": 0.508704499208682,
        "client_002": 0.5102758509437005,
        "client_003": 0.5101671938544962,
        "client_004": 0.5086921464279955,
        "client_005": 0.9651127049180328,
        "client_006": 0.967006382540663,
        "client_007": 0.966357697968036,
        "client_008": 0.9669300254780347,
        "client_009": 0.966839298137126,
        "client_010": 0.6865757168360037,
        "client_011": 0.6908971121115626,
        "client_012": 0.6884371141294761,
        "client_013": 0.02589159782389684,
        "client_014": 0.02819162277401555,
        "client_015": 0.026532663316582914,
        "client_016": 0.025169998985080686,
        "client_017": 0.02622851974675912
    },
    "client_007": {
        "attacker_000": 0.6949380721593968,