{
    "attacker_000": {
        "attacker_000": 0.8225794557923458,
        "attacker_001": 0.8225053939919229,
        "client_000": 0.7677969862626833,
        "client_001": 0.7673400197768047,
        "client_002": 0.7676975529060501,
        "client_003": 0.7668100749358702,
        "client_004": 0.7674240284111545,
        "client_005": 0.15630959949141768,
        "client_006": 0.15623013350286077,
        "client_007": 0.15630338908975328,
        "client_008": 0.1562363412405134,
        "client_009": 0.15542393767142346,
        "client_010": 0.8229268382556146,
        "client_011": 0.8230026533018867,
        "client_012": 0.8230655858511422,
        "client_013": 0.6642172448715231,
        "client_014": 0.7224341192787795,
        "client_015": 0.7201774028741004,
        "client_016": 0.6411831847876241,
        "client_017": 0.6810428065658193
    },
    "attacker_001": {
        "attacker_000": 0.8222341072976411,
        "attacker_001": 0.8220906424658292,
        "client_000": 0.7683005742942651,
        "client_001": 0.7680200683781432,
        "client_002": 0.7683005742942651,
        "client_003": 0.7673386688278796,
        "client_004": 0.7681511143469644,
        "client_005": 0.1565376071088543,
        "client_006": 0.1565376071088543,
        "client_007": 0.15661073426157326,
        "client_008": 0.15631819083515175,
        "client_009": 0.15618427840165072,
        "client_010": 0.8226989568358583,
        "client_011": 0.8227141198370718,
        "client_012": 0.8227337227945377,
        "client_013": 0.6597986862624639,
        "client_014": 0.7204699659664867,
        "client_015": 0.7181727300386839,
        "client_016": 0.6359581779630035,
        "client_017": 0.6770295202952029
    },
    "client_000": {
        "attacker_000": 0.22784494578087994,
        "attacker_001": 0.32588300220750555,
        "client_000": 0.9756495714868725,
        "client_001": 0.976718856364874,
        "client_002": 0.9759150904885018,
        "client_003": 0.976858154097468,
        "client_004": 0.9763200870985302,
        "client_005": 0.049818840579710144,
        "client_006": 0.058796718322698276,
        "client_007": 0.05245460659045057,
        "client_008": 0.04847435619995672,
        "client_009": 0.04956071187204326,
        "client_010": 0.29509394148439716,
        "client_011": 0.28975011936972783,
        "client_012": 0.2984645701617538,
        "client_013": 0.09341500765696785,
        "client_014": 0.09445335397887519,
        "client_015": 0.09356021228866881,
        "client_016": 0.09650125771781384,
        "client_017": 0.08927735289527079
    },
    "client_001": {
        "attacker_000": 0.232252464504929,
        "attacker_001": 0.3338229893499816,
        "client_000": 0.9761589403973511,
        "client_001": 0.9779607010090281,
        "client_002": 0.9773239623392123,
        "client_003": 0.978232014865941,
        "client_004": 0.9779723991507431,
        "client_005": 0.045069165551093256,
        "client_006": 0.05917955615332886,
        "client_007": 0.05222734254992319,
        "client_008": 0.044349680170575695,
        "client_009": 0.0477770404777704,
        "client_010": 0.30234254681040773,
        "client_011": 0.29650793650793644,
        "client_012": 0.3056875921980003,
        "client_013": 0.0915316882269812,
        "client_014": 0.09238561911578483,
        "client_015": 0.09152247252149309,
        "client_016": 0.09482512694699607,
        "client_017": 0.08758142901457967
    },
    "client_002": {
        "attacker_000": 0.23195604259150032,
        "attacker_001": 0.32870602157389284,
        "client_000": 0.9759486905398183,
        "client_001": 0.9773791995716772,
        "client_002": 0.9764642952661139,
        "client_003": 0.9772544822049772,
        "client_004": 0.976725521669342,
        "client_005": 0.05008944543828265,
        "client_006": 0.059829059829059825,
        "client_007": 0.05387502759991168,
        "client_008": 0.05057865409344193,
        "client_009": 0.0519768991559307,
        "client_010": 0.29861475707766244,
        "client_011": 0.29324886161156205,
        "client_012": 0.3017975787714507,
        "client_013": 0.09061524133019229,
        "client_014": 0.09134242323467465,
        "client_015": 0.09052504526252263,
        "client_016": 0.09352765664448015,
        "client_017": 0.08697922105043332
    },
    "client_003": {
        "attacker_000": 0.2347220071240514,
        "attacker_001": 0.3309878213802436,
        "client_000": 0.9755134281200631,
        "client_001": 0.9769220625082421,
        "client_002": 0.9764070119942007,
        "client_003": 0.9770630108093857,
        "client_004": 0.9768177028451002,
        "client_005": 0.049071618037135285,
        "client_006": 0.06355555555555556,
        "client_007": 0.05781351880026081,
        "client_008": 0.04897614523960313,
        "client_009": 0.05229619863766204,
        "client_010": 0.30201396132552355,
        "client_011": 0.29583939024869366,
        "client_012": 0.3051795412174759,
        "client_013": 0.09117679136219872,
        "client_014": 0.09207189326276326,
        "client_015": 0.09077535007900617,
        "client_016": 0.09458611443892977,
        "client_017": 0.08698811439248455
    },
    "client_004": {
        "attacker_000": 0.23155287196160398,
        "attacker_001": 0.32822657635132063,
        "client_000": 0.9753956643170634,
        "client_001": 0.9774816788807462,
        "client_002": 0.9771033013844516,
        "client_003": 0.9776179056754596,
        "client_004": 0.9770911028236547,
        "client_005": 0.05342831700801424,
        "client_006": 0.06333630686886707,
        "client_007": 0.05923650724001755,
        "client_008": 0.05421558164354322,
        "client_009": 0.05581395348837209,
        "client_010": 0.2982025815272025,
        "client_011": 0.29252343811549675,
        "client_012": 0.30176238349139156,
        "client_013": 0.08878198119396456,
        "client_014": 0.08964143426294821,
        "client_015": 0.08896913985554826,
        "client_016": 0.0914980221292209,
        "client_017": 0.08480749219562957
    },
    "client_005": {
        "attacker_000": 0.7529303608365893,
        "attacker_001": 0.5785283833048137,
        "client_000": 0.5155747200411893,
        "client_001": 0.5149990323204954,
        "client_002": 0.514918407415752,
        "client_003": 0.5147172734314485,
        "client_004": 0.5151446872887631,
        "client_005": 0.9713521575888495,
        "client_006": 0.9708353675771513,
        "client_007": 0.9703871266258804,
        "client_008": 0.9720785403638796,
        "client_009": 0.9706056624674757,
        "client_010": 0.6884258648731812,
        "client_011": 0.689805057955743,
        "client_012": 0.6894975161559767,
        "client_013": 0.028804320648097216,
        "client_014": 0.03552238805970149,
        "client_015": 0.028584278646744295,
        "client_016": 0.02762347995796427,
        "client_017": 0.031429284110750806
    },
    "client_006": {
        "attacker_000": 0.7512986877516534,
        "attacker_001": 0.5799604156358239,
        "client_000": 0.5095182595182596,
        "client_001": 0.5085647547365688,
        "client_002": 0.5087259187307753,
        "client_003": 0.5079076413470595,
        "client_004": 0.5088577258153318,
        "client_005": 0.9698545501351525,
        "client_006": 0.9702679743609546,
        "client_007": 0.9690668588192909,
        "client_008": 0.9709872570472391,
        "client_009": 0.969981431813493,
        "client_010": 0.6886636917192411,
        "client_011": 0.6897036841642487,
        "client_012": 0.6894746105781924,
        "client_013": 0.03204807210816225,
        "client_014": 0.038183540202382724,
        "client_015": 0.03182068344423875,
        "client_016": 0.030675154127612653,
        "client_017": 0.03377298161470823
    },
    "client_007": {
        "attacker_000": 0.7528558325689985,