{
    "attacker_000": {
        "attacker_000": 0.8225336529596166,
        "attacker_001": 0.8225053939919229,
        "client_000": 0.8062413812645219,
        "client_001": 0.8015367351984632,
        "client_002": 0.7683160334576238,
        "client_003": 0.8005791910377807,
        "client_004": 0.8004726600468849,
        "client_005": 0.15630959949141768,
        "client_006": 0.1554362949711787,
        "client_007": 0.15468470260592798,
        "client_008": 0.15558293914218707,
        "client_009": 0.15594944757968365,
        "client_010": 0.8229354755499872,
        "client_011": 0.8230026533018867,
        "client_012": 0.8229874891750962,
        "client_013": 0.7504458545891917,
        "client_014": 0.7662203496262685,
        "client_015": 0.7406142625266131,
        "client_016": 0.6761189880455934,
        "client_017": 0.7607459817594372
    },
    "attacker_001": {
        "attacker_000": 0.8221340957299641,
        "attacker_001": 0.8220906424658292,
        "client_000": 0.8080727836728518,
        "client_001": 0.804173568667771,
        "client_002": 0.7688484848484848,
        "client_003": 0.8034706331045003,
        "client_004": 0.8031658243539621,
        "client_005": 0.1563119892089185,
        "client_006": 0.15603793801341323,
        "client_007": 0.155264203416766,
        "client_008": 0.15604413048654656,
        "client_009": 0.1562450404697667,
        "client_010": 0.8226772582339607,
        "client_011": 0.8227141198370718,
        "client_012": 0.8226772582339607,
        "client_013": 0.7481909974912401,
        "client_014": 0.7615490785093773,
        "client_015": 0.7372643401524269,
        "client_016": 0.6724874605238714,
        "client_017": 0.7556093359038517
    },
    "client_000": {
        "attacker_000": 0.241081261471717,
        "attacker_001": 0.34375913475591935,
        "client_000": 0.9757757212847032,
        "client_001": 0.9757954854500952,
        "client_002": 0.9754768392370572,
        "client_003": 0.9761937151407972,
        "client_004": 0.9765858970868501,
        "client_005": 0.049079754601226995,
        "client_006": 0.05037440435670524,
        "client_007": 0.04695259593679458,
        "client_008": 0.05210975328568135,
        "client_009": 0.05116796440489432,
        "client_010": 0.16346970713167897,
        "client_011": 0.1574736485628413,
        "client_012": 0.16714932126696833,
        "client_013": 0.0949292782467714,
        "client_014": 0.09609065155807366,
        "client_015": 0.09785189045220312,
        "client_016": 0.10518978518471579,
        "client_017": 0.09179624664879356
    },
    "client_001": {
        "attacker_000": 0.24589238888704482,
        "attacker_001": 0.3519759199922323,
        "client_000": 0.9766763848396501,
        "client_001": 0.9761652542372882,
        "client_002": 0.9774296335634626,
        "client_003": 0.9769291964996022,
        "client_004": 0.9779782435659325,
        "client_005": 0.04748040313549831,
        "client_006": 0.04803202134756504,
        "client_007": 0.04468038044680381,
        "client_008": 0.05115436849253056,
        "client_009": 0.05062186340824787,
        "client_010": 0.1676652061164267,
        "client_011": 0.1608010477840213,
        "client_012": 0.1714052879391525,
        "client_013": 0.09364884473713585,
        "client_014": 0.0943876109195727,
        "client_015": 0.09578212451676187,
        "client_016": 0.103596757852077,
        "client_017": 0.08989602772593974
    },
    "client_002": {
        "attacker_000": 0.24520333854287896,
        "attacker_001": 0.34715050909617334,
        "client_000": 0.9762032085561496,
        "client_001": 0.9764768778401497,
        "client_002": 0.9761585855879988,
        "client_003": 0.9763400614891057,
        "client_004": 0.976725521669342,
        "client_005": 0.05101812486014769,
        "client_006": 0.05233728472377544,
        "client_007": 0.05068919519786572,
        "client_008": 0.054837978699297525,
        "client_009": 0.05342675717100942,
        "client_010": 0.16284760845383758,
        "client_011": 0.15749693873242412,
        "client_012": 0.16683895905433954,
        "client_013": 0.09237511940214643,
        "client_014": 0.09294398363822293,
        "client_015": 0.0944260773737022,
        "client_016": 0.10112643969117832,
        "client_017": 0.08922332706261757
    },
    "client_003": {
        "attacker_000": 0.24903577603404708,
        "attacker_001": 0.35068046770174427,
        "client_000": 0.97550052687039,
        "client_001": 0.975886151008038,
        "client_002": 0.9754617414248022,
        "client_003": 0.9761496903412835,
        "client_004": 0.9768054823405378,
        "client_005": 0.052492280546978375,
        "client_006": 0.053339210932334145,
        "client_007": 0.04873765093304062,
        "client_008": 0.05546857526280473,
        "client_009": 0.05738942826321467,
        "client_010": 0.16799964650258495,
        "client_011": 0.1610659515628928,
        "client_012": 0.17137493295190417,
        "client_013": 0.09315557538907794,
        "client_014": 0.09439728353140917,
        "client_015": 0.09580492314804115,
        "client_016": 0.10207296326633483,
        "client_017": 0.08955064002999304
    },
    "client_004": {
        "attacker_000": 0.2452717499502289,
        "attacker_001": 0.34698400462516865,
        "client_000": 0.976304579339723,
        "client_001": 0.9768432259781741,
        "client_002": 0.9766697773630184,
        "client_003": 0.9765645805592542,
        "client_004": 0.9770972037283622,
        "client_005": 0.055172413793103454,
        "client_006": 0.05634427684117125,
        "client_007": 0.05399424651471565,
        "client_008": 0.05854537266381446,
        "client_009": 0.05756650675970344,
        "client_010": 0.1643458980044346,
        "client_011": 0.1574611181168558,
        "client_012": 0.16770018873011594,
        "client_013": 0.09041510279536161,
        "client_014": 0.09167329319550153,
        "client_015": 0.09327687220836477,
        "client_016": 0.09967538667175863,
        "client_017": 0.08716629141202958
    },
    "client_005": {
        "attacker_000": 0.6858587911219489,
        "attacker_001": 0.5797460207441146,
        "client_000": 0.5143443938129774,
        "client_001": 0.5149719878936184,
        "client_002": 0.5149287418585156,
        "client_003": 0.5150325114272839,
        "client_004": 0.5152158527954706,
        "client_005": 0.969019728729963,
        "client_006": 0.9711798490740979,
        "client_007": 0.9707472260300546,
        "client_008": 0.9712735727202274,
        "client_009": 0.9688101655756642,
        "client_010": 0.6848068555778872,
        "client_011": 0.6908020474066914,
        "client_012": 0.6870174972902426,
        "client_013": 0.02810702675668917,
        "client_014": 0.02751513332332783,
        "client_015": 0.02498745609633718,
        "client_016": 0.025862068965517238,
        "client_017": 0.027491752474257725
    },
    "client_006": {
        "attacker_000": 0.6830962097810647,
        "attacker_001": 0.5807424249913499,
        "client_000": 0.5077777060608016,
        "client_001": 0.5085338601548078,
        "client_002": 0.5087594082533091,
        "client_003": 0.5086435739721593,
        "client_004": 0.5089014048035218,
        "client_005": 0.9677303232110257,
        "client_006": 0.9694064280007217,
        "client_007": 0.9691116692126454,
        "client_008": 0.9708134961705651,
        "client_009": 0.9681332236842105,
        "client_010": 0.6853434002251805,
        "client_011": 0.6901101801147985,
        "client_012": 0.6873023944814167,
        "client_013": 0.03125469571750564,
        "client_014": 0.030965026555767113,
        "client_015": 0.027339431098602873,
        "client_016": 0.029116465863453816,
        "client_017": 0.030627564808327498
    },
    "client_007": {
        "attacker_000": 0.6847605748006668,