{
    "attacker_000": {
        "attacker_000": 0.8224902264512798,
        "attacker_001": 0.8225598289022458,
        "client_000": 0.7671492902001171,
        "client_001": 0.7673672097389619,
        "client_002": 0.76610375164324,
        "client_003": 0.7481978519641855,
        "client_004": 0.7673494097467461,
        "client_005": 0.1565169030310253,
        "client_006": 0.15629717918156535,
        "client_007": 0.1562363412405134,
        "client_008": 0.15623013350286077,
        "client_009": 0.1562239262584926,
        "client_010": 0.8229571625978812,
        "client_011": 0.8230807494611176,
        "client_012": 0.8230807494611176,
        "client_013": 0.6464670832026633,
        "client_014": 0.7103484828408639,
        "client_015": 0.7132661352306915,
        "client_016": 0.6392951884932707,
        "client_017": 0.682550966587933
    },
    "attacker_001": {
        "attacker_000": 0.8220906424658292,
        "attacker_001": 0.8221189316806846,
        "client_000": 0.7678669014512113,
        "client_001": 0.7679261702859687,
        "client_002": 0.7670849636101931,
        "client_003": 0.749781386633354,
        "client_004": 0.7680886785201367,
        "client_005": 0.15682386070677826,
        "client_006": 0.15661073426157326,
        "client_007": 0.1564706815837499,
        "client_008": 0.15639133539633418,
        "client_009": 0.15661073426157326,
        "client_010": 0.8226989568358583,
        "client_011": 0.822748885039254,
        "client_012": 0.822748885039254,
        "client_013": 0.6419824790668409,
        "client_014": 0.7065944990610847,
        "client_015": 0.7108251158500427,
        "client_016": 0.6354118364856619,
        "client_017": 0.6784424664780698
    },
    "client_000": {
        "attacker_000": 0.23543570894187293,
        "attacker_001": 0.3114789806142453,
        "client_000": 0.976313640076232,
        "client_001": 0.9757889009793255,
        "client_002": 0.9765731408335604,
        "client_003": 0.976718856364874,
        "client_004": 0.976725193956717,
        "client_005": 0.04963570127504554,
        "client_006": 0.05716837874050916,
        "client_007": 0.048409405255878286,
        "client_008": 0.04751131221719457,
        "client_009": 0.053133514986376015,
        "client_010": 0.29919960392771683,
        "client_011": 0.2884280512901694,
        "client_012": 0.29865371155667175,
        "client_013": 0.09418129623495637,
        "client_014": 0.09397815227534721,
        "client_015": 0.0921917070543888,
        "client_016": 0.09336904826982999,
        "client_017": 0.08627646326276464
    },
    "client_001": {
        "attacker_000": 0.2397649489861811,
        "attacker_001": 0.31812652068126523,
        "client_000": 0.9775832338506433,
        "client_001": 0.9770709078860172,
        "client_002": 0.978226234731811,
        "client_003": 0.9779723991507431,
        "client_004": 0.9777188328912467,
        "client_005": 0.04590459045904591,
        "client_006": 0.05050952591936198,
        "client_007": 0.04539264639128462,
        "client_008": 0.04343931930138826,
        "client_009": 0.04736371760500446,
        "client_010": 0.30666008067835676,
        "client_011": 0.2952776131199368,
        "client_012": 0.3062759442686285,
        "client_013": 0.09213347259633885,
        "client_014": 0.09170305676855894,
        "client_015": 0.09055350158066763,
        "client_016": 0.09127502175805048,
        "client_017": 0.08451542505703799
    },
    "client_002": {
        "attacker_000": 0.23899127061105727,
        "attacker_001": 0.31411942228928647,
        "client_000": 0.9769930444087748,
        "client_001": 0.9762095696337879,
        "client_002": 0.9767192935509766,
        "client_003": 0.977123745819398,
        "client_004": 0.9767317464562716,
        "client_005": 0.049966239027684003,
        "client_006": 0.05365853658536585,
        "client_007": 0.05032872364543188,
        "client_008": 0.04917299955297273,
        "client_009": 0.05147717099373321,
        "client_010": 0.3021665233239137,
        "client_011": 0.29210381004969627,
        "client_012": 0.3022970653151312,
        "client_013": 0.09102471934966543,
        "client_014": 0.0910840987844453,
        "client_015": 0.08957804311416068,
        "client_016": 0.09035583091178244,
        "client_017": 0.08352923523233133
    },
    "client_003": {
        "attacker_000": 0.24198598960519094,
        "attacker_001": 0.3171232876712329,
        "client_000": 0.9760210803689064,
        "client_001": 0.976162254708284,
        "client_002": 0.9762658227848101,
        "client_003": 0.9768054823405378,
        "client_004": 0.9772038476742654,
        "client_005": 0.04906333630686887,
        "client_006": 0.05378003085739475,
        "client_007": 0.048977757807234325,
        "client_008": 0.04791481810115351,
        "client_009": 0.050531914893617025,
        "client_010": 0.3062263305778393,
        "client_011": 0.2947994987468672,
        "client_012": 0.30574750020323554,
        "client_013": 0.09169464472453079,
        "client_014": 0.09153117643838615,
        "client_015": 0.08956344524294754,
        "client_016": 0.09079513869965666,
        "client_017": 0.08434453948677142
    },
    "client_004": {
        "attacker_000": 0.23863636363636365,
        "attacker_001": 0.31310700472711644,
        "client_000": 0.9769548421473291,
        "client_001": 0.976317189994678,
        "client_002": 0.9774696707105719,
        "client_003": 0.9773574853489612,
        "client_004": 0.9774936742575576,
        "client_005": 0.053255761915417324,
        "client_006": 0.05913503971756398,
        "client_007": 0.0550417324610873,
        "client_008": 0.05346402316774337,
        "client_009": 0.05488621151271754,
        "client_010": 0.30269607843137253,
        "client_011": 0.2911943518336929,
        "client_012": 0.3026170742661169,
        "client_013": 0.08907061553762845,
        "client_014": 0.08913067370040663,
        "client_015": 0.08799266727772687,
        "client_016": 0.08812595670238355,
        "client_017": 0.08202460738221466
    },
    "client_005": {
        "attacker_000": 0.6659314401249885,
        "attacker_001": 0.6783440928174801,
        "client_000": 0.5158020466797948,
        "client_001": 0.515235457063712,
        "client_002": 0.5153960364082371,
        "client_003": 0.5146010131973799,
        "client_004": 0.515387586917332,
        "client_005": 0.97167845659164,
        "client_006": 0.9776059371513092,
        "client_007": 0.9740760883640225,
        "client_008": 0.9752715985514744,
        "client_009": 0.9728210417741104,
        "client_010": 0.6864403047518387,
        "client_011": 0.6914169384672635,
        "client_012": 0.6905123297916804,
        "client_013": 0.02822964112317934,
        "client_014": 0.03508771929824561,
        "client_015": 0.030924235622724325,
        "client_016": 0.030695872448219336,
        "client_017": 0.03628410954818828
    },
    "client_006": {
        "attacker_000": 0.663533188123352,
        "attacker_001": 0.677795574003474,
        "client_000": 0.509316366941505,
        "client_001": 0.5091686645499903,
        "client_002": 0.5089729028070744,
        "client_003": 0.5077932198986881,
        "client_004": 0.5090979731917373,
        "client_005": 0.9709252916484253,
        "client_006": 0.9764192593362073,
        "client_007": 0.9728048116558214,
        "client_008": 0.9741613428859635,
        "client_009": 0.9718371666795734,
        "client_010": 0.6874738626108775,
        "client_011": 0.6907863000482393,
        "client_012": 0.6898297994143162,
        "client_013": 0.03126565788155126,
        "client_014": 0.03832371092972328,
        "client_015": 0.03406593406593406,
        "client_016": 0.034163346613545816,
        "client_017": 0.03862425961873475
    },
    "client_007": {
        "attacker_000": 0.6658883852950601,