{
    "attacker_000": {
        "attacker_000": 0.0002070607723366808,
        "client_000": 0.45163466528282303,
        "client_001": 0.411511547685535,
        "client_002": 0.4292945933802606,
        "client_003": 0.39622574580539893,
        "client_004": 0.4226424361493123,
        "client_005": 0.08855694851960523,
        "client_006": 0.10419532324621734,
        "client_007": 0.09183853340384276,
        "client_008": 0.08453479000626847,
        "client_009": 0.0888651915044877,
        "client_010": 0.4614014823370874,
        "client_011": 0.46143850614818205,
        "client_012": 0.4614274026661533,
        "client_013": 0.4614014823370874,
        "client_014": 0.4294138253152732,
        "client_015": 0.43021260506645725,
        "client_016": 0.42826451631890294,
        "client_017": 0.3677326740569423,
        "client_018": 0.429234948733678
    },
    "client_000": {
        "attacker_000": 0.0044742729306487695,
        "client_000": 0.9596388014776305,
        "client_001": 0.9597701149425288,
        "client_002": 0.9601860719660692,
        "client_003": 0.958350402840366,
        "client_004": 0.9621399176954732,
        "client_005": 0.1998923380584963,
        "client_006": 0.19988728160811572,
        "client_007": 0.20872214816225484,
        "client_008": 0.22093240966111213,
        "client_009": 0.21207547169811325,
        "client_010": 0.1416419386745796,
        "client_011": 0.15366297800812437,
        "client_012": 0.143989687399291,
        "client_013": 0.15137141678696642,
        "client_014": 0.10862239841427156,
        "client_015": 0.10791272344900106,
        "client_016": 0.10791981597108115,
        "client_017": 0.10714752384685744,
        "client_018": 0.1082006055021719
    },
    "client_001": {
        "attacker_000": 0.006050826946349335,
        "client_000": 0.9605944009552873,
        "client_001": 0.9603185136031852,
        "client_002": 0.960573476702509,
        "client_003": 0.9586973788721207,
        "client_004": 0.9645427885897093,
        "client_005": 0.20524475524475522,
        "client_006": 0.20394016782196278,
        "client_007": 0.2141796585003712,
        "client_008": 0.22254919992643002,
        "client_009": 0.21688527618695733,
        "client_010": 0.14494080711622737,
        "client_011": 0.1588563458856346,
        "client_012": 0.14711526160931304,
        "client_013": 0.15626710454296663,
        "client_014": 0.10769638362697045,
        "client_015": 0.10689337023856599,
        "client_016": 0.1069215557020435,
        "client_017": 0.10617494586258941,
        "client_018": 0.10710512414157422
    },
    "client_002": {
        "attacker_000": 0.007300750354897586,
        "client_000": 0.9597747385358004,
        "client_001": 0.9594957081545065,
        "client_002": 0.9598819267409098,
        "client_003": 0.9578933297687475,
        "client_004": 0.9625941872981703,
        "client_005": 0.21497457478520077,
        "client_006": 0.2183740430185928,
        "client_007": 0.22452760281585774,
        "client_008": 0.2343264485468836,
        "client_009": 0.22622107969151672,
        "client_010": 0.1423324150596878,
        "client_011": 0.15305698045196173,
        "client_012": 0.14315007048571063,
        "client_013": 0.14994232987312572,
        "client_014": 0.10488126649076515,
        "client_015": 0.10456486042692939,
        "client_016": 0.10447466982061897,
        "client_017": 0.1034324942791762,
        "client_018": 0.10462670872765509
    },
    "client_003": {
        "attacker_000": 0.005509641873278237,
        "client_000": 0.9592892189364806,
        "client_001": 0.9582394272835741,
        "client_002": 0.9593949044585989,
        "client_003": 0.9577651264398253,
        "client_004": 0.961819874950113,
        "client_005": 0.21268395234758233,
        "client_006": 0.21684555211933781,
        "client_007": 0.22271550129485754,
        "client_008": 0.2317941230151488,
        "client_009": 0.22283406754772395,
        "client_010": 0.14674862504043998,
        "client_011": 0.16035849706997585,
        "client_012": 0.14961230456336597,
        "client_013": 0.1579232017306652,
        "client_014": 0.10605762289164535,
        "client_015": 0.10546951578121935,
        "client_016": 0.10545573342045082,
        "client_017": 0.10457176302269623,
        "client_018": 0.10583464154892727
    },
    "client_004": {
        "attacker_000": 0.006334125098970704,
        "client_000": 0.960171650797908,
        "client_001": 0.9604610642005094,
        "client_002": 0.9605898123324398,
        "client_003": 0.9589077767367153,
        "client_004": 0.9626344086021505,
        "client_005": 0.21923546866817942,
        "client_006": 0.21979621542940317,
        "client_007": 0.22600332901793974,
        "client_008": 0.23370950127411724,
        "client_009": 0.22909423604757545,
        "client_010": 0.14444588128798655,
        "client_011": 0.15811201321040322,
        "client_012": 0.14642494929006086,
        "client_013": 0.15582655826558264,
        "client_014": 0.10407390177444008,
        "client_015": 0.1031677799087362,
        "client_016": 0.1032223913187322,
        "client_017": 0.10214841175695269,
        "client_018": 0.10328389830508473
    },
    "client_005": {
        "attacker_000": 0.0009285530049006964,
        "client_000": 0.5039426290683714,
        "client_001": 0.5037484178755719,
        "client_002": 0.5050511633969889,
        "client_003": 0.5040808394869802,
        "client_004": 0.5046341305334111,
        "client_005": 0.9623991242585473,
        "client_006": 0.96294218164197,
        "client_007": 0.9628209062084484,
        "client_008": 0.9622448979591838,
        "client_009": 0.9623910717015747,
        "client_010": 0.6772559955382043,
        "client_011": 0.6813527769159169,
        "client_012": 0.6879802717044279,
        "client_013": 0.6842011729162965,
        "client_014": 0.010834014717906786,
        "client_015": 0.01449793251314513,
        "client_016": 0.013450858511234523,
        "client_017": 0.01071778224352038,
        "client_018": 0.012644029774650758
    },
    "client_006": {
        "attacker_000": 0.00041352217512664115,
        "client_000": 0.49630936050689134,
        "client_001": 0.49604859251518524,
        "client_002": 0.4975728155339807,
        "client_003": 0.49659398324696064,
        "client_004": 0.49683730029344636,
        "client_005": 0.9614169215086646,
        "client_006": 0.9618359584407629,
        "client_007": 0.9620343839541547,
        "client_008": 0.9614903023024046,
        "client_009": 0.9621293319042515,
        "client_010": 0.6764955546620203,
        "client_011": 0.6820145797788659,
        "client_012": 0.6877849983478357,
        "client_013": 0.6846177791612932,
        "client_014": 0.01239500102438025,
        "client_015": 0.016172782639848508,
        "client_016": 0.01481935714650723,
        "client_017": 0.01217310568937948,
        "client_018": 0.013700030671710458
    },
    "client_007": {
        "attacker_000": 0.00134110486408418,
        "client_000": 0.5065791611163456,
        "client_001": 0.5062558902863086,
        "client_002": 0.5073740537718612,
        "client_003": 0.5064349855739618,
        "client_004": 0.5068302021480255,
        "client_005": 0.9634676496758612,
        "client_006": 0.9641002138710664,
        "client_007": 0.963584862326792,
        "client_008": 0.9630309052459936,
        "client_009": 0.9640902959814724,
        "client_010": 0.6783730114460385,
        "client_011": 0.6820276497695853,
        "client_012": 0.6883866419948894,
        "client_013": 0.6851123408227215,
        "client_014": 0.009922766098920772,
        "client_015": 0.014406130268199233,
        "client_016": 0.01315655277919429,
        "client_017": 0.009695219431695117,
        "client_018": 0.011838546716334133
    },
    "client_008": {
        "attacker_000": 0.0005180541884681137,