{
    "attacker_000": {
        "attacker_000": 0.00944558521560575,
        "client_000": 0.4406480280407364,
        "client_001": 0.44127801830437885,
        "client_002": 0.44394533892572047,
        "client_003": 0.4293638616782722,
        "client_004": 0.4436980252999973,
        "client_005": 0.12804180957047198,
        "client_006": 0.1290375203915171,
        "client_007": 0.12767696583292465,
        "client_008": 0.1281946599167143,
        "client_009": 0.128611065774441,
        "client_010": 0.46138299408113176,
        "client_011": 0.46142001299232493,
        "client_012": 0.46138299408113176,
        "client_013": 0.4613348732014822,
        "client_014": 0.3753167270884497,
        "client_015": 0.3192015021247159,
        "client_016": 0.20142590157126045,
        "client_017": 0.05060379528464635,
        "client_018": 0.22418185381148345
    },
    "client_000": {
        "attacker_000": 0.34065059144676973,
        "client_000": 0.9763071895424836,
        "client_001": 0.9764529740029944,
        "client_002": 0.9761807540492718,
        "client_003": 0.9761872363586883,
        "client_004": 0.976313640076232,
        "client_005": 0.058912061922167275,
        "client_006": 0.0689802913453299,
        "client_007": 0.06025885847655421,
        "client_008": 0.060357835740461316,
        "client_009": 0.06164685160722149,
        "client_010": 0.12910678804121806,
        "client_011": 0.16680339075745146,
        "client_012": 0.16462676529926026,
        "client_013": 0.1679248757134966,
        "client_014": 0.10332608019894311,
        "client_015": 0.10392364793213149,
        "client_016": 0.1041888422766264,
        "client_017": 0.10330912025827282,
        "client_018": 0.10240667976424361
    },
    "client_001": {
        "attacker_000": 0.3451086956521739,
        "client_000": 0.9775891791539584,
        "client_001": 0.977459559798462,
        "client_002": 0.9781021897810218,
        "client_003": 0.9770648283176454,
        "client_004": 0.9778367617783675,
        "client_005": 0.06469344608879492,
        "client_006": 0.07618250313938886,
        "client_007": 0.06661115736885928,
        "client_008": 0.06608769328532091,
        "client_009": 0.06521269704167566,
        "client_010": 0.1328651944932089,
        "client_011": 0.17044573201332178,
        "client_012": 0.1678773204196933,
        "client_013": 0.17217198745155932,
        "client_014": 0.10242015968063871,
        "client_015": 0.10273415503972971,
        "client_016": 0.103237975479409,
        "client_017": 0.10239162929745889,
        "client_018": 0.10088473826492997
    },
    "client_002": {
        "attacker_000": 0.3406537571275335,
        "client_000": 0.9767441860465116,
        "client_001": 0.9770053475935828,
        "client_002": 0.9761968440759561,
        "client_003": 0.9770114942528736,
        "client_004": 0.9771298649190853,
        "client_005": 0.06498194945848376,
        "client_006": 0.06935927257348276,
        "client_007": 0.06586951961401301,
        "client_008": 0.06569965870307166,
        "client_009": 0.06631989596879063,
        "client_010": 0.1293637322812973,
        "client_011": 0.16680242555887412,
        "client_012": 0.16434080877435464,
        "client_013": 0.16799195685951923,
        "client_014": 0.09968186638388123,
        "client_015": 0.09989373007438894,
        "client_016": 0.10032646911099947,
        "client_017": 0.09947089947089947,
        "client_018": 0.09856993801018843
    },
    "client_003": {
        "attacker_000": 0.341691221437705,
        "client_000": 0.9769342296032688,
        "client_001": 0.9769463838756424,
        "client_002": 0.9770630108093857,
        "client_003": 0.9768177028451002,
        "client_004": 0.9769342296032688,
        "client_005": 0.06669445602334306,
        "client_006": 0.07436643124221023,
        "client_007": 0.06748085282550197,
        "client_008": 0.06902321690023008,
        "client_009": 0.07007049775688955,
        "client_010": 0.13529653097506494,
        "client_011": 0.17140279657194404,
        "client_012": 0.16901283360717617,
        "client_013": 0.17162585744787173,
        "client_014": 0.10050686116948943,
        "client_015": 0.10063204858098895,
        "client_016": 0.1012390262125646,
        "client_017": 0.1007905138339921,
        "client_018": 0.09946367625548512
    },
    "client_004": {
        "attacker_000": 0.3407657657657657,
        "client_000": 0.9770972037283622,
        "client_001": 0.9774936742575576,
        "client_002": 0.9778843591793233,
        "client_003": 0.9772273272073512,
        "client_004": 0.9778843591793233,
        "client_005": 0.07200338839474799,
        "client_006": 0.07734342160571668,
        "client_007": 0.0717281879194631,
        "client_008": 0.07333615938957184,
        "client_009": 0.07202932930774208,
        "client_010": 0.13214890791702916,
        "client_011": 0.1674738604988005,
        "client_012": 0.16501268301366206,
        "client_013": 0.1690076405728142,
        "client_014": 0.09857393044783588,
        "client_015": 0.09862601166948992,
        "client_016": 0.09914443885254152,
        "client_017": 0.0985836401073189,
        "client_018": 0.09721537703302119
    },
    "client_005": {
        "attacker_000": 0.4339756193472276,
        "client_000": 0.5137626548500824,
        "client_001": 0.5142063799560893,
        "client_002": 0.51758114374034,
        "client_003": 0.5144428271065826,
        "client_004": 0.5116625149623111,
        "client_005": 0.9712198760319951,
        "client_006": 0.9746636018492213,
        "client_007": 0.9729673957903425,
        "client_008": 0.9727989284426355,
        "client_009": 0.9749463505442513,
        "client_010": 0.6811813370101855,
        "client_011": 0.6792009921162193,
        "client_012": 0.6898976139209914,
        "client_013": 0.6804824415272873,
        "client_014": 0.10638196463466947,
        "client_015": 0.105845332316201,
        "client_016": 0.10458452722063037,
        "client_017": 0.1098702656465333,
        "client_018": 0.10665268776210447
    },
    "client_006": {
        "attacker_000": 0.4318307412962817,
        "client_000": 0.5067187245810965,
        "client_001": 0.5075373619233268,
        "client_002": 0.5121098303328585,
        "client_003": 0.5081647257823173,
        "client_004": 0.5039236755559896,
        "client_005": 0.9700808486533808,
        "client_006": 0.9733109417387935,
        "client_007": 0.9714226761580522,
        "client_008": 0.9719057683385742,
        "client_009": 0.9734188343590009,
        "client_010": 0.6817079411699264,
        "client_011": 0.6794985381412244,
        "client_012": 0.6898416886543536,
        "client_013": 0.6804132874125097,
        "client_014": 0.10654679355363206,
        "client_015": 0.1059076775890935,
        "client_016": 0.1048039121679931,
        "client_017": 0.10920883208545948,
        "client_018": 0.10698919590783057
    },
    "client_007": {
        "attacker_000": 0.4342699941049322,
        "client_000": 0.5155380033665673,
        "client_001": 0.5155385958671539,
        "client_002": 0.519647980400374,
        "client_003": 0.5165069911962713,
        "client_004": 0.5136343027398147,
        "client_005": 0.9704546037939267,
        "client_006": 0.9734490484406788,
        "client_007": 0.9717092742142893,
        "client_008": 0.9720716322807739,
        "client_009": 0.9740430467843794,
        "client_010": 0.6826198154119871,
        "client_011": 0.6806739433657316,
        "client_012": 0.6904358912360143,
        "client_013": 0.6820665452445471,
        "client_014": 0.1021751574127075,
        "client_015": 0.10215079402928132,
        "client_016": 0.10063073394495413,
        "client_017": 0.10459693537641572,
        "client_018": 0.10223154682433722
    },
    "client_008": {
        "attacker_000": 0.43449850417257124,
        "client_000": 0.5112762436317617,