{
    "attacker_000": {
        "attacker_000": 0.00863486842105263,
        "client_000": 0.4456492420564277,
        "client_001": 0.43035804038671904,
        "client_002": 0.4457408943720395,
        "client_003": 0.45050964971283697,
        "client_004": 0.45083152566883583,
        "client_005": 0.08820129812394414,
        "client_006": 0.08790035587188612,
        "client_007": 0.08676287190450739,
        "client_008": 0.08710366939793372,
        "client_009": 0.0875990385471379,
        "client_010": 0.4613644567440741,
        "client_011": 0.4613903794787882,
        "client_012": 0.46139409542600035,
        "client_013": 0.4613052266820675,
        "client_014": 0.42800883107583987,
        "client_015": 0.4273483876741342,
        "client_016": 0.4205540937935304,
        "client_017": 0.39369627507163324,
        "client_018": 0.4276737052148792
    },
    "client_000": {
        "attacker_000": 0.43537528052530966,
        "client_000": 0.9753707987481289,
        "client_001": 0.9752178649237472,
        "client_002": 0.9717698154180239,
        "client_003": 0.976725193956717,
        "client_004": 0.9752246120337599,
        "client_005": 0.09249045396690708,
        "client_006": 0.09249527012823208,
        "client_007": 0.09573542210617929,
        "client_008": 0.16168421052631582,
        "client_009": 0.09406256650351137,
        "client_010": 0.12821948488241883,
        "client_011": 0.14358436106008923,
        "client_012": 0.12761506276150628,
        "client_013": 0.13060289273951026,
        "client_014": 0.10256726734139716,
        "client_015": 0.10383266533066134,
        "client_016": 0.10337749580145549,
        "client_017": 0.1044663133989402,
        "client_018": 0.09983858432474443
    },
    "client_001": {
        "attacker_000": 0.4421225832990539,
        "client_000": 0.9767996818242078,
        "client_001": 0.9766640148501724,
        "client_002": 0.9739590218109716,
        "client_003": 0.9774535809018567,
        "client_004": 0.9765407554671969,
        "client_005": 0.0917393109173931,
        "client_006": 0.09398727683152064,
        "client_007": 0.09639065817409767,
        "client_008": 0.16543816543816545,
        "client_009": 0.09311993348576181,
        "client_010": 0.13274831964152353,
        "client_011": 0.14819843342036554,
        "client_012": 0.1319141193595342,
        "client_013": 0.13591768365637713,
        "client_014": 0.10139557860936149,
        "client_015": 0.1030811623246493,
        "client_016": 0.1021689142999192,
        "client_017": 0.10336766285461553,
        "client_018": 0.09853687667960585
    },
    "client_002": {
        "attacker_000": 0.43828839970319067,
        "client_000": 0.9764705882352941,
        "client_001": 0.9756423982869379,
        "client_002": 0.9728144989339019,
        "client_003": 0.9766011498863484,
        "client_004": 0.9756684491978609,
        "client_005": 0.09569377990430622,
        "client_006": 0.09685430463576158,
        "client_007": 0.10019185674696227,
        "client_008": 0.17816915830432112,
        "client_009": 0.09619406106231701,
        "client_010": 0.1291908184558312,
        "client_011": 0.1445545581902143,
        "client_012": 0.12805513989026437,
        "client_013": 0.1321711118480269,
        "client_014": 0.09915416435142312,
        "client_015": 0.10060765520265615,
        "client_016": 0.0994777418552599,
        "client_017": 0.10063686234945457,
        "client_018": 0.09651378341206722
    },
    "client_003": {
        "attacker_000": 0.4396405149380617,
        "client_000": 0.975886151008038,
        "client_001": 0.97521750593198,
        "client_002": 0.9735491512041058,
        "client_003": 0.9766767690077744,
        "client_004": 0.97521750593198,
        "client_005": 0.09449143800288838,
        "client_006": 0.09321340964840555,
        "client_007": 0.09742724588781104,
        "client_008": 0.17338464654648572,
        "client_009": 0.09421487603305785,
        "client_010": 0.1354478816098843,
        "client_011": 0.15125789419194535,
        "client_012": 0.13422094278517455,
        "client_013": 0.1383505446314896,
        "client_014": 0.10012285012285012,
        "client_015": 0.10142492688693923,
        "client_016": 0.10050003086610283,
        "client_017": 0.10136574364114774,
        "client_018": 0.09733722523381189
    },
    "client_004": {
        "attacker_000": 0.4412079321978113,
        "client_000": 0.9762919552477357,
        "client_001": 0.9762856381561418,
        "client_002": 0.9742089869715501,
        "client_003": 0.9770911028236547,
        "client_004": 0.9761555881177567,
        "client_005": 0.10085079892093796,
        "client_006": 0.10259579728059333,
        "client_007": 0.10553083280356007,
        "client_008": 0.17643455176638762,
        "client_009": 0.10118675827607743,
        "client_010": 0.13190665067798174,
        "client_011": 0.14799110605512178,
        "client_012": 0.13077891707141573,
        "client_013": 0.13531275117015745,
        "client_014": 0.09803557042820846,
        "client_015": 0.09968573224387177,
        "client_016": 0.0986407282703579,
        "client_017": 0.09948042073248003,
        "client_018": 0.09578751276966528
    },
    "client_005": {
        "attacker_000": 0.3515201999167013,
        "client_000": 0.515400012914057,
        "client_001": 0.5157667107768776,
        "client_002": 0.5173025445867062,
        "client_003": 0.514892381167511,
        "client_004": 0.5161269534396649,
        "client_005": 0.9678231170231889,
        "client_006": 0.9706344099858448,
        "client_007": 0.9693514266549714,
        "client_008": 0.9693317883352646,
        "client_009": 0.9696299534548821,
        "client_010": 0.6792998376370631,
        "client_011": 0.6859434918675894,
        "client_012": 0.6909585793621178,
        "client_013": 0.6879279120102478,
        "client_014": 0.09695104357026066,
        "client_015": 0.02625143484553576,
        "client_016": 0.026239648807742193,
        "client_017": 0.09740634005763689,
        "client_018": 0.10279703562036815
    },
    "client_006": {
        "attacker_000": 0.3492129764936746,
        "client_000": 0.5088688194399325,
        "client_001": 0.5095442150370081,
        "client_002": 0.5111147168586728,
        "client_003": 0.5078756779578448,
        "client_004": 0.5099005087986518,
        "client_005": 0.9665620659498946,
        "client_006": 0.9696344795586945,
        "client_007": 0.9682584777499419,
        "client_008": 0.9681627181562733,
        "client_009": 0.9682670513084689,
        "client_010": 0.6795861608632773,
        "client_011": 0.686804591623152,
        "client_012": 0.690526408295984,
        "client_013": 0.6884057971014492,
        "client_014": 0.09532087498189194,
        "client_015": 0.02741644986992195,
        "client_016": 0.027114913202261243,
        "client_017": 0.09565175425896434,
        "client_018": 0.10231799203340211
    },
    "client_007": {
        "attacker_000": 0.3478260869565218,
        "client_000": 0.5179200465371813,
        "client_001": 0.5182863789092789,
        "client_002": 0.5193462954589496,
        "client_003": 0.517029664577005,
        "client_004": 0.5183656357831599,
        "client_005": 0.9674573663290166,
        "client_006": 0.9699008680466382,
        "client_007": 0.9686269463389525,
        "client_008": 0.9684032059186191,
        "client_009": 0.9694495789689875,
        "client_010": 0.6804563955428038,
        "client_011": 0.6873788119160938,
        "client_012": 0.691163873575084,
        "client_013": 0.6888874163408654,
        "client_014": 0.09225287688381723,
        "client_015": 0.025132143213324024,
        "client_016": 0.025215527981262774,
        "client_017": 0.09255784865540963,
        "client_018": 0.09822881761608425
    },
    "client_008": {
        "attacker_000": 0.3517005668556185,
        "client_000": 0.5139823925427239,