{
  "r1": {
    "client_001": 0.20052396648428827,
    "client_002": 0.19904181535471974,
    "client_004": 0.20049043583464443,
    "client_003": 0.20014614236859105,
    "client_000": 0.19979763995775646,
    "attacker_001": 0.1999916111524585,
    "attacker_000": 0.19997903456506808,
    "client_010": 0.20001255320246258,
    "client_011": 0.20000424787754822,
    "client_012": 0.20001255320246258,
    "client_007": 0.20002599069653304,
    "client_008": 0.20003435259606217,
    "client_005": 0.20004694069045031,
    "client_009": 0.19987092728490044,
    "client_006": 0.20002178873205398,
    "client_017": 0.20039984272717362,
    "client_016": 0.19942811760027293,
    "client_015": 0.20011434747917423,
    "client_013": 0.20008846360959942,
    "client_014": 0.19996922858377977
  },
  "r2": {
    "client_011": 0.19999518643411335,
    "client_012": 0.20000028856752838,
    "client_010": 0.20001645367416213,
    "attacker_001": 0.19999870178974502,
    "attacker_000": 0.19998936953445104,
    "client_014": 0.20025206564319706,
    "client_016": 0.20017567124553168,
    "client_013": 0.20006385975552599,
    "client_015": 0.1997588874913005,
    "client_017": 0.19974951586444475,
    "client_008": 0.20006106628893786,
    "client_009": 0.20002354457205798,
    "client_007": 0.20005271088735282,
    "client_005": 0.199858955749789,
    "client_006": 0.2000037225018623,
    "client_004": 0.20016104106446878,
    "client_002": 0.19960804813971914,
    "client_003": 0.20005341457866702,
    "client_000": 0.1997811389617146,
    "client_001": 0.2003963572554305
  },
  "r3": {
    "client_003": 0.1997965555771553,
    "client_002": 0.2005999515147359,
    "client_004": 0.20012191976806468,
    "client_000": 0.19960718520792092,
    "client_001": 0.19987438793212317,
    "attacker_000": 0.19999704022224526,
    "attacker_001": 0.19999965834401523,
    "client_010": 0.20000761684436877,
    "client_012": 0.1999940341724523,
    "client_011": 0.20000165041691848,
    "client_013": 0.20008443442557744,
    "client_016": 0.19990529659578932,
    "client_015": 0.2001361166147295,
    "client_014": 0.19999387856251824,
    "client_017": 0.19988027380138548,
    "client_007": 0.199803582167786,
    "client_005": 0.20010733324922392,
    "client_008": 0.20007433442720024,
    "client_009": 0.1997745346100961,
    "client_006": 0.2002402155456938
  },
  "r4": {
    "client_006": 0.19980328471304126,
    "client_005": 0.2002339250789767,
    "client_008": 0.2002679754250303,
    "client_009": 0.19979503886919373,
    "client_007": 0.199899775913758,
    "client_002": 0.20018799739890286,
    "client_000": 0.19985158072081513,
    "client_001": 0.19995577499137676,
    "client_003": 0.1999504545882993,
    "client_004": 0.20005419230060606,
    "attacker_000": 0.19997375627892747,
    "attacker_001": 0.19997452677673358,
    "client_012": 0.20001416692956334,
    "client_010": 0.20001816422985427,
    "client_011": 0.20001938578492137,
    "client_017": 0.2000488152304816,
    "client_016": 0.19978399146119313,
    "client_013": 0.20006648083533538,
    "client_015": 0.2001174295017305,
    "client_014": 0.19998328297125945
  },
  "r5": {
    "client_017": 0.2002097165618558,
    "client_016": 0.19988750321731757,
    "client_013": 0.1999510282619997,
    "client_015": 0.19964904726990015,
    "client_014": 0.20030270468892672,
    "attacker_001": 0.19995133816592292,
    "attacker_000": 0.19995105516424483,
    "client_011": 0.200029248398422,
    "client_012": 0.2000365165071576,
    "client_010": 0.2000318417642527,
    "client_003": 0.20003306497881934,
    "client_004": 0.20006105633063717,
    "client_000": 0.19986826597514076,
    "client_001": 0.1999684185390181,
    "client_002": 0.20006919417638466,
    "client_008": 0.2001857320398697,
    "client_009": 0.19980176996468768,
    "client_005": 0.20036375552965555,
    "client_006": 0.19963921100628507,
    "client_007": 0.20000953145950198
  },
  "r6": {
    "client_013": 0.19968974847752702,
    "client_015": 0.19998650270303203,
    "client_014": 0.2003269786640073,
    "client_016": 0.19970910330636524,
    "client_017": 0.20028766684906843,
    "attacker_000": 0.1999449016445782,
    "attacker_001": 0.19993617565472638,
    "client_012": 0.20004674099968742,
    "client_011": 0.20003860605774837,
    "client_010": 0.20003357564325966,
    "client_007": 0.2001177625480734,
    "client_006": 0.19957105807954595,
    "client_009": 0.20019414151640602,
    "client_005": 0.19979358603251227,
    "client_008": 0.20032345182346237,
    "client_003": 0.20000126328646317,
    "client_001": 0.2000479930931333,
    "client_002": 0.20002643115130356,
    "client_004": 0.19996945933515578,
    "client_000": 0.19995485313394415
  },
  "r7": {
    "client_008": 0.20024743718039653,
    "client_009": 0.20014552089359533,
    "client_005": 0.20008329510354347,
    "client_006": 0.19968876001078495,
    "client_007": 0.1998349868116797,
    "client_002": 0.19994423739174916,
    "client_001": 0.20003390857834993,
    "client_003": 0.1999854415954366,
    "client_004": 0.20001036644388048,
    "client_000": 0.20002604599058377,
    "client_014": 0.2000614407834365,
    "client_017": 0.20036856097324948,
    "client_016": 0.2000181266929908,
    "client_013": 0.19990592755375308,
    "client_015": 0.19964594399657007,
    "attacker_000": 0.19993425457174782,
    "attacker_001": 0.19993754204440792,
    "client_010": 0.20003704400340447,
    "client_012": 0.20004679928998145,
    "client_011": 0.20004436009045842
  },
  "r8": {
    "client_003": 0.19998532124702356,
    "client_001": 0.20002278241167987,
    "client_004": 0.19999279101751455,
    "client_002": 0.19997582600767283,
    "client_000": 0.2000232793161092,
    "attacker_001": 0.19993441899955341,
    "attacker_000": 0.19993343291215807,
    "client_011": 0.20004550488259953,
    "client_012": 0.2000462365278946,
    "client_010": 0.20004040667779432,
    "client_015": 0.19987423913867813,
    "client_017": 0.200026145461023,
    "client_014": 0.20012592372630894,
    "client_016": 0.19990614478643645,
    "client_013": 0.20006754688755346,
    "client_005": 0.19998762335174722,
    "client_009": 0.20019854062324985,
    "client_008": 0.1999793277779434,
    "client_006": 0.2001077431932802,
    "client_007": 0.19972676505377931
  },
  "r9": {
    "client_015": 0.1996121768012851,
    "client_017": 0.20002981476638695,
    "client_014": 0.20029891252689516,
    "client_016": 0.1997070260654615,
    "client_013": 0.20035206983997125,
    "client_002": 0.19994517745477808,
    "client_003": 0.20001679004370881,
    "client_001": 0.2000481046817666,
    "client_004": 0.19998465026389128,
    "client_000": 0.20000527755585518,
    "client_008": 0.20000697094201939,
    "client_009": 0.20006121656729023,
    "client_005": 0.2000037407079906,
    "client_006": 0.2001314697126876,
    "client_007": 0.19979660207001215,
    "attacker_001": 0.19993290132481709,
    "attacker_000": 0.19993260551219122,
    "client_012": 0.20004548717372114,
    "client_011": 0.20004526769021802,
    "client_010": 0.20004373829905256
  },
  "r10": {
    "client_005": 0.20010882603003302,
    "client_009": 0.19966292821342324,
    "client_008": 0.19987154615638497,
    "client_006": 0.20022333799850667,
    "client_007": 0.2001333616016521,
    "client_000": 0.19998691388956238,
    "client_004": 0.19999918011564385,
    "client_002": 0.1999623397094743,
    "client_001": 0.2000401270229107,
    "client_003": 0.20001143926240872,
    "client_012": 0.20004013598093934,
    "client_010": 0.20004435208948784,
    "client_011": 0.20004435208948784,
    "attacker_000": 0.19993557992004252,
    "attacker_001": 0.19993557992004252,
    "client_014": 0.20008635058975627,
    "client_015": 0.20021670452650359,
    "client_017": 0.1996939825156211,
    "client_013": 0.1999249987380763,
    "client_016": 0.2000779636300428
  }
}