{
    "attacker_000": {
        "attacker_000": 0.8882936162810925,
        "attacker_001": 0.8883167490084198,
        "client_000": 0.8151764007733685,
        "client_001": 0.600682261208577,
        "client_002": 0.5871364680882607,
        "client_003": 0.5918643234607349,
        "client_004": 0.7730888826071154,
        "client_005": 0.15463917525773194,
        "client_006": 0.2029736734415496,
        "client_007": 0.1187961221241499,
        "client_008": 0.128932624622899,
        "client_009": 0.13632466418976852,
        "client_010": 0.8883127729542568,
        "client_011": 0.8882896362149655,
        "client_012": 0.8883127729542568,
        "client_013": 0.6070483083574187,
        "client_014": 0.607105563515384,
        "client_015": 0.6113140010157933,
        "client_016": 0.005227840199750312,
        "client_017": 0.6668493150684931
    },
    "attacker_001": {
        "attacker_000": 0.8878486783719353,
        "attacker_001": 0.8878950299317833,
        "client_000": 0.8167563324462485,
        "client_001": 0.6038425903350076,
        "client_002": 0.5902959632392905,
        "client_003": 0.5953744439255781,
        "client_004": 0.7730185361120657,
        "client_005": 0.15780204297287778,
        "client_006": 0.20540945632920019,
        "client_007": 0.12172845745640952,
        "client_008": 0.13196659617934842,
        "client_009": 0.14042340865350345,
        "client_010": 0.8880147596337941,
        "client_011": 0.8879568395405499,
        "client_012": 0.8880147596337941,
        "client_013": 0.6048424382528289,
        "client_014": 0.6048028028515121,
        "client_015": 0.6091105029908216,
        "client_016": 0.005386416861826698,
        "client_017": 0.6650638824014287
    },
    "client_000": {
        "attacker_000": 0.1300533171357225,
        "attacker_001": 0.14093737343985863,
        "client_000": 0.9525238744884037,
        "client_001": 0.9565929565929566,
        "client_002": 0.9494535519125682,
        "client_003": 0.9544279689838118,
        "client_004": 0.9560829241680304,
        "client_005": 0.254097030666883,
        "client_006": 0.2104065965311345,
        "client_007": 0.2336350974930362,
        "client_008": 0.23956606900708152,
        "client_009": 0.16844455470106673,
        "client_010": 0.14140143414265946,
        "client_011": 0.12751150521944102,
        "client_012": 0.12159914140059028,
        "client_013": 0.30659683399046667,
        "client_014": 0.10777188502586262,
        "client_015": 0.30551809065853514,
        "client_016": 0.30464273184422874,
        "client_017": 0.30332305185357616
    },
    "client_001": {
        "attacker_000": 0.13225926050760053,
        "attacker_001": 0.1429253424406008,
        "client_000": 0.9531993654151242,
        "client_001": 0.9548216644649935,
        "client_002": 0.9490851233094669,
        "client_003": 0.9542276744492811,
        "client_004": 0.955981493721084,
        "client_005": 0.2572062084257206,
        "client_006": 0.21907433380084151,
        "client_007": 0.23959390862944163,
        "client_008": 0.24307920059215396,
        "client_009": 0.17428711897738444,
        "client_010": 0.1445903067255646,
        "client_011": 0.13127542207611298,
        "client_012": 0.1260806529560221,
        "client_013": 0.3113723185424625,
        "client_014": 0.10640807233652207,
        "client_015": 0.3106238273921201,
        "client_016": 0.30941808833839685,
        "client_017": 0.3084889742247047
    },
    "client_002": {
        "attacker_000": 0.1299797434166104,
        "attacker_001": 0.1405755501582395,
        "client_000": 0.9492385786802031,
        "client_001": 0.9541994925891307,
        "client_002": 0.9463832063110041,
        "client_003": 0.9523175279701652,
        "client_004": 0.9533208855694851,
        "client_005": 0.26063232225966937,
        "client_006": 0.2182882631725676,
        "client_007": 0.24654259859996583,
        "client_008": 0.24300725173893742,
        "client_009": 0.1796217205613179,
        "client_010": 0.1412602260663211,
        "client_011": 0.12765481779566284,
        "client_012": 0.12029193969420916,
        "client_013": 0.30906110981034884,
        "client_014": 0.10370273623718411,
        "client_015": 0.3078987282697468,
        "client_016": 0.30721769499417934,
        "client_017": 0.30603498204563884
    },
    "client_003": {
        "attacker_000": 0.13331543263744378,
        "attacker_001": 0.14348270325499926,
        "client_000": 0.9527214938418752,
        "client_001": 0.9548882127265511,
        "client_002": 0.9487519915029209,
        "client_003": 0.9541551063548686,
        "client_004": 0.9557054079069153,
        "client_005": 0.26693916050935385,
        "client_006": 0.222130923034785,
        "client_007": 0.2402141184342589,
        "client_008": 0.2525178806013721,
        "client_009": 0.17606734816596512,
        "client_010": 0.146503884572697,
        "client_011": 0.13281682346430548,
        "client_012": 0.1269656377402446,
        "client_013": 0.30916297505245977,
        "client_014": 0.1046549373498669,
        "client_015": 0.3080587996049038,
        "client_016": 0.30713954566527585,
        "client_017": 0.3062990309183203
    },
    "client_004": {
        "attacker_000": 0.1311718014260729,
        "attacker_001": 0.14142081315132832,
        "client_000": 0.9509333333333333,
        "client_001": 0.9555229063710432,
        "client_002": 0.947016323253947,
        "client_003": 0.951709458560596,
        "client_004": 0.9540306462358428,
        "client_005": 0.26761006289308176,
        "client_006": 0.2228350799779371,
        "client_007": 0.2472398795583807,
        "client_008": 0.2502913752913753,
        "client_009": 0.18021500181181302,
        "client_010": 0.14411291321035039,
        "client_011": 0.1314736608135141,
        "client_012": 0.12470075011969996,
        "client_013": 0.30875412930627655,
        "client_014": 0.10208908159243199,
        "client_015": 0.30835344675339965,
        "client_016": 0.3072947257136145,
        "client_017": 0.3061295971978984
    },
    "client_005": {
        "attacker_000": 0.7358116429063432,
        "attacker_001": 0.720056334421612,
        "client_000": 0.5024499464581238,
        "client_001": 0.503673971449843,
        "client_002": 0.5037051545718669,
        "client_003": 0.5138603696098563,
        "client_004": 0.5037382270123313,
        "client_005": 0.9554224207961008,
        "client_006": 0.9557136707770998,
        "client_007": 0.9553353658536585,
        "client_008": 0.9554793650793652,
        "client_009": 0.954455646182684,
        "client_010": 0.6990438939591482,
        "client_011": 0.7017285128716737,
        "client_012": 0.6939302437530085,
        "client_013": 0.010431728981615368,
        "client_014": 0.010328977947632082,
        "client_015": 0.010822510822510824,
        "client_016": 0.01041398154353766,
        "client_017": 0.010726625754215872
    },
    "client_006": {
        "attacker_000": 0.7362309154326532,
        "attacker_001": 0.7205810103599273,
        "client_000": 0.49481442828256467,
        "client_001": 0.496434966628683,
        "client_002": 0.49606040709126725,
        "client_003": 0.508524833209785,
        "client_004": 0.4964211348256116,
        "client_005": 0.9544900446972775,
        "client_006": 0.9542460478313741,
        "client_007": 0.9545916810739346,
        "client_008": 0.9545177355422299,
        "client_009": 0.9537518055801931,
        "client_010": 0.6989750397144909,
        "client_011": 0.7014250955856796,
        "client_012": 0.6937513703135277,
        "client_013": 0.012197012765517599,
        "client_014": 0.012094273309902832,
        "client_015": 0.012372409526755336,
        "client_016": 0.01217624600144464,
        "client_017": 0.012387736141220192
    },
    "client_007": {
        "attacker_000": 0.7356057597859934,