{
    "client_0": {
        "client_0": 0.9994681544961015,
        "client_1": 0.9995284154759994,
        "client_2": 0.9317819675111487,
        "client_3": 0.9723838181210298,
        "client_4": 0.9824847333492918,
        "client_5": 0.925844607320827,
        "client_6": 0.8864606644381072,
        "client_7": 0.9124977518108142,
        "client_8": 0.1532014098970331,
        "client_9": 0.15883144906954869
    },
    "client_1": {
        "client_0": 0.9995434958187227,
        "client_1": 0.9995385371628062,
        "client_2": 0.929404009710767,
        "client_3": 0.9717758952558387,
        "client_4": 0.9820490479320483,
        "client_5": 0.9255794425724775,
        "client_6": 0.8862846204929881,
        "client_7": 0.9116609315439024,
        "client_8": 0.150915085951393,
        "client_9": 0.15730897009966777
    },
    "client_2": {
        "client_0": 0.26029522585220977,
        "client_1": 0.26476947757550395,
        "client_2": 0.9620171117448795,
        "client_3": 0.9620367970976937,
        "client_4": 0.9625883420864942,
        "client_5": 0.11212310525104395,
        "client_6": 0.10249407830569876,
        "client_7": 0.10636722606120434,
        "client_8": 0.34618665756696804,
        "client_9": 0.33867467868469364
    },
    "client_3": {
        "client_0": 0.2558139534883721,
        "client_1": 0.26462034409054275,
        "client_2": 0.9642121524201854,
        "client_3": 0.9640926640926641,
        "client_4": 0.9642788183046921,
        "client_5": 0.11466054444080026,
        "client_6": 0.10436906678509963,
        "client_7": 0.10795367269822738,
        "client_8": 0.3327929004181244,
        "client_9": 0.3259853039412157
    },
    "client_4": {
        "client_0": 0.26043273256070154,
        "client_1": 0.2684933416997839,
        "client_2": 0.967514576792465,
        "client_3": 0.9677047289504037,
        "client_4": 0.9678205128205128,
        "client_5": 0.1174618789965568,
        "client_6": 0.1061086098604858,
        "client_7": 0.11056201847816077,
        "client_8": 0.34023972602739727,
        "client_9": 0.3330260621805078
    },
    "client_5": {
        "client_0": 0.02506906362099534,
        "client_1": 0.03153751418705175,
        "client_2": 0.0007249003262051467,
        "client_3": 0.0014492753623188404,
        "client_4": 0.0007249003262051467,
        "client_5": 0.9478123352662098,
        "client_6": 0.9449781659388647,
        "client_7": 0.9469977108645888,
        "client_8": 0.07933194154488518,
        "client_9": 0.10829335161069226
    },
    "client_6": {
        "client_0": 0.026689731867045596,
        "client_1": 0.030948056665455866,
        "client_2": 0.0015214910612400153,
        "client_3": 0.0037979491074819596,
        "client_4": 0.003800836183960471,
        "client_5": 0.9455418128115193,
        "client_6": 0.9451073985680192,
        "client_7": 0.9441154700222057,
        "client_8": 0.08312067079839591,
        "client_9": 0.1050737675422814
    },
    "client_7": {
        "client_0": 0.025608194622279132,
        "client_1": 0.029635368747276163,
        "client_2": 0.0007648183556405354,
        "client_3": 0.0030569354222392056,
        "client_4": 0.0015308075009567545,
        "client_5": 0.953180376795374,
        "client_6": 0.951251158480074,
        "client_7": 0.952701439521406,
        "client_8": 0.08794430194210334,
        "client_9": 0.1114327062228654
    },
    "client_8": {
        "client_0": 0.7567065737743297,
        "client_1": 0.6611769516571372,
        "client_2": 0.5673895612996831,
        "client_3": 0.572770487603541,
        "client_4": 0.5683046565940614,
        "client_5": 0.07729553400330598,
        "client_6": 0.3202776799637809,
        "client_7": 0.07538225181066648,
        "client_8": 0.9656634232130926,
        "client_9": 0.9651451900055252
    },
    "client_9": {
        "client_0": 0.7560008046670691,
        "client_1": 0.6631460357696101,
        "client_2": 0.5705273758514874,
        "client_3": 0.575551526140828,
        "client_4": 0.5715885048528951,
        "client_5": 0.07836620457427734,
        "client_6": 0.3237672395608369,
        "client_7": 0.07558453302994501,
        "client_8": 0.9660896480568611,
        "client_9": 0.9656942110890484
    }
}