{
    "client_0": {
        "client_0": 0.9993729338169268,
        "client_1": 0.9993779472258453,
        "client_2": 0.8937027707808564,
        "client_3": 0.9837965905219969,
        "client_4": 0.9146336164758532,
        "client_5": 0.6869511946089443,
        "client_6": 0.699320686752413,
        "client_7": 0.6466865833785986,
        "client_8": 0.220488448609464,
        "client_9": 0.2327170987391982
    },
    "client_1": {
        "client_0": 0.9994031587447275,
        "client_1": 0.9994081712491599,
        "client_2": 0.8930741661912069,
        "client_3": 0.9842303998048493,
        "client_4": 0.914090094006412,
        "client_5": 0.6870847299139333,
        "client_6": 0.6993978693839741,
        "client_7": 0.6481142438667156,
        "client_8": 0.21846324133252398,
        "client_9": 0.23031506533572102
    },
    "client_2": {
        "client_0": 0.20664925406171145,
        "client_1": 0.18732230809274017,
        "client_2": 0.9525533290239171,
        "client_3": 0.9515151515151515,
        "client_4": 0.9519938056523423,
        "client_5": 0.10524642289348171,
        "client_6": 0.106083442901581,
        "client_7": 0.10231001866031787,
        "client_8": 0.25929844551151626,
        "client_9": 0.2560615989515072
    },
    "client_3": {
        "client_0": 0.20305065148752613,
        "client_1": 0.1841354078719897,
        "client_2": 0.9563486968802156,
        "client_3": 0.9556580802255543,
        "client_4": 0.9561982941063297,
        "client_5": 0.10809076029397605,
        "client_6": 0.10892273859189548,
        "client_7": 0.10586403736377788,
        "client_8": 0.2480695765260506,
        "client_9": 0.2455021262675826
    },
    "client_4": {
        "client_0": 0.20184865773296184,
        "client_1": 0.1830997196635963,
        "client_2": 0.95975469528555,
        "client_3": 0.9586787399566382,
        "client_4": 0.9594025277671391,
        "client_5": 0.11097654258031615,
        "client_6": 0.11167447532250818,
        "client_7": 0.10867535812007083,
        "client_8": 0.2521888552491613,
        "client_9": 0.2506789564644885
    },
    "client_5": {
        "client_0": 0.011365593249526433,
        "client_1": 0.007836011583669297,
        "client_2": 0.0010435690060005217,
        "client_3": 0.0031233732431025507,
        "client_4": 0.0005321979776476848,
        "client_5": 0.9400446658649717,
        "client_6": 0.9414430115022656,
        "client_7": 0.9439805149617256,
        "client_8": 0.25205826472450915,
        "client_9": 0.3590963139120095
    },
    "client_6": {
        "client_0": 0.012231889051597899,
        "client_1": 0.00710740072202166,
        "client_2": 0.0005417118093174431,
        "client_3": 0.0016233766233766235,
        "client_4": 0.0005520287054926856,
        "client_5": 0.9378960709759189,
        "client_6": 0.9387605427209387,
        "client_7": 0.9433339446176416,
        "client_8": 0.25620655412115195,
        "client_9": 0.3568309419837804
    },
    "client_7": {
        "client_0": 0.01363008971704624,
        "client_1": 0.00834790456314513,
        "client_2": 0.0005537098560354375,
        "client_3": 0.0016579165515335729,
        "client_4": 0.0005603810591202018,
        "client_5": 0.9456740442655935,
        "client_6": 0.9454140363906425,
        "client_7": 0.9490457661663888,
        "client_8": 0.24588511924756465,
        "client_9": 0.3644333124608641
    },
    "client_8": {
        "client_0": 0.6805180935690129,
        "client_1": 0.6792414062339478,
        "client_2": 0.5272614622057,
        "client_3": 0.5354490857109965,
        "client_4": 0.5261207354147566,
        "client_5": 0.010706439335334345,
        "client_6": 0.010178906698527475,
        "client_7": 0.009963529137890899,
        "client_8": 0.9594172736732569,
        "client_9": 0.9607191893778428
    },
    "client_9": {
        "client_0": 0.681147625072667,
        "client_1": 0.6800440591925674,
        "client_2": 0.5296937545213407,
        "client_3": 0.5378837111510378,
        "client_4": 0.5283207538099131,
        "client_5": 0.010103343652297125,
        "client_6": 0.00942157695574948,
        "client_7": 0.00929959526678407,
        "client_8": 0.9597928723728297,
        "client_9": 0.961135921218367
    }
}