{
    "attacker_000": {
        "attacker_000": 0.09035136642498605,
        "attacker_001": 0.0889877641824249,
        "attacker_002": 0.08826815642458101,
        "client_000": 0.09853733641262509,
        "client_001": 0.09959374615289918,
        "client_002": 0.09956563260528017,
        "client_003": 0.09949544671425053,
        "client_004": 0.09966756956414677,
        "client_005": 0.08632107787166018,
        "client_006": 0.0863013698630137,
        "client_007": 0.08673818762839533,
        "client_008": 0.0867171369580179,
        "client_009": 0.08675799086757992,
        "client_010": 0.09613381350635435,
        "client_011": 0.09624713550191957,
        "client_012": 0.09443668449562226,
        "client_013": 0.09446182956116729,
        "client_014": 0.09411134083773642,
        "client_015": 0.09382507903055848,
        "client_016": 0.09474740715958514
    },
    "attacker_001": {
        "attacker_000": 0.0883668903803132,
        "attacker_001": 0.08923591745677635,
        "attacker_002": 0.0883668903803132,
        "client_000": 0.1000523350675738,
        "client_001": 0.10097840132914897,
        "client_002": 0.1009454007945062,
        "client_003": 0.10102128706779868,
        "client_004": 0.10099704579025112,
        "client_005": 0.08989266547406081,
        "client_006": 0.09031969595349877,
        "client_007": 0.08987256874580819,
        "client_008": 0.09025594970812752,
        "client_009": 0.09033989266547406,
        "client_010": 0.09650740762777414,
        "client_011": 0.09656977954957903,
        "client_012": 0.09439487843083838,
        "client_013": 0.0939499709133217,
        "client_014": 0.09322422759253596,
        "client_015": 0.0928230876334332,
        "client_016": 0.09490616621983915
    },
    "attacker_002": {
        "attacker_000": 0.09328151027207107,
        "attacker_001": 0.0932297447280799,
        "attacker_002": 0.09439200444197668,
        "client_000": 0.0999201621322852,
        "client_001": 0.10069071373752878,
        "client_002": 0.10059298860109994,
        "client_003": 0.10065981279729937,
        "client_004": 0.10058335891925085,
        "client_005": 0.08555176336746302,
        "client_006": 0.0855128496702297,
        "client_007": 0.0855128496702297,
        "client_008": 0.08554437328453797,
        "client_009": 0.08557123350022758,
        "client_010": 0.09662065683008092,
        "client_011": 0.09661490867987389,
        "client_012": 0.09680614859094791,
        "client_013": 0.09640135632770626,
        "client_014": 0.09683968588393028,
        "client_015": 0.09612952188211485,
        "client_016": 0.09619709327694426
    },
    "client_000": {
        "attacker_000": 0.21952733744464217,
        "attacker_001": 0.21152158302082502,
        "attacker_002": 0.2564705882352941,
        "client_000": 0.9748402012783898,
        "client_001": 0.9749864056552475,
        "client_002": 0.9748196542806588,
        "client_003": 0.9759281925744594,
        "client_004": 0.9749864056552475,
        "client_005": 0.09154929577464789,
        "client_006": 0.16243231986672219,
        "client_007": 0.1477069684335914,
        "client_008": 0.2029161603888214,
        "client_009": 0.09464932850138565,
        "client_010": 0.1262826282628263,
        "client_011": 0.16806952090631969,
        "client_012": 0.10208958882284452,
        "client_013": 0.10081398854386493,
        "client_014": 0.10259572106788334,
        "client_015": 0.1060460344938129,
        "client_016": 0.09634285714285713
    },
    "client_001": {
        "attacker_000": 0.2233338845708616,
        "attacker_001": 0.21524378109452735,
        "attacker_002": 0.2591171757393289,
        "client_000": 0.9751191106405505,
        "client_001": 0.9749900754267566,
        "client_002": 0.9762756792577866,
        "client_003": 0.9765407554671969,
        "client_004": 0.9751256946282084,
        "client_005": 0.0917057265131445,
        "client_006": 0.1694501018329939,
        "client_007": 0.15531335149863762,
        "client_008": 0.20988142292490117,
        "client_009": 0.09420138162026377,
        "client_010": 0.13024302430243026,
        "client_011": 0.17219387755102042,
        "client_012": 0.10095447870778268,
        "client_013": 0.0994401974357431,
        "client_014": 0.10168864784913104,
        "client_015": 0.10504687299345063,
        "client_016": 0.09468533060202572
    },
    "client_002": {
        "attacker_000": 0.22231394724893713,
        "attacker_001": 0.21565425214100775,
        "attacker_002": 0.2603573341122633,
        "client_000": 0.9756879508415709,
        "client_001": 0.9755576332309336,
        "client_002": 0.9752508361204013,
        "client_003": 0.9763463851396499,
        "client_004": 0.9758247629223987,
        "client_005": 0.09473470217523888,
        "client_006": 0.17794892582083505,
        "client_007": 0.1634559252772913,
        "client_008": 0.22183098591549294,
        "client_009": 0.0977035490605428,
        "client_010": 0.12621576800681278,
        "client_011": 0.167547783651891,
        "client_012": 0.09908031882280811,
        "client_013": 0.09782608695652173,
        "client_014": 0.09903917220990392,
        "client_015": 0.10285641091328296,
        "client_016": 0.09358533791523484
    },
    "client_003": {
        "attacker_000": 0.22449910814286303,
        "attacker_001": 0.21589456869009585,
        "attacker_002": 0.2624158766026428,
        "client_000": 0.9751086527064401,
        "client_001": 0.9751152073732718,
        "client_002": 0.9753460777851021,
        "client_003": 0.9758925042813859,
        "client_004": 0.9753850204027906,
        "client_005": 0.09584013050570962,
        "client_006": 0.17670845127375656,
        "client_007": 0.1577213718271653,
        "client_008": 0.222353172264781,
        "client_009": 0.09783513738551207,
        "client_010": 0.1323012589528004,
        "client_011": 0.1725331535176444,
        "client_012": 0.09982326771893472,
        "client_013": 0.09866170557522654,
        "client_014": 0.10024539877300613,
        "client_015": 0.10355161639992348,
        "client_016": 0.09490674727656417
    },
    "client_004": {
        "attacker_000": 0.22315561839807035,
        "attacker_001": 0.21497197758206563,
        "attacker_002": 0.2602511281145772,
        "client_000": 0.97551237689646,
        "client_001": 0.9763234902899708,
        "client_002": 0.9757656458055924,
        "client_003": 0.9761746306402237,
        "client_004": 0.9761936427716453,
        "client_005": 0.10244000806614238,
        "client_006": 0.18082964156262585,
        "client_007": 0.16374269005847955,
        "client_008": 0.2266067591326431,
        "client_009": 0.10423588039867111,
        "client_010": 0.12917038358608385,
        "client_011": 0.1690701143709597,
        "client_012": 0.09848578111535147,
        "client_013": 0.09713211665555085,
        "client_014": 0.09879757034833272,
        "client_015": 0.10169054071493096,
        "client_016": 0.09259365498250244
    },
    "client_005": {
        "attacker_000": 0.2803417335680247,
        "attacker_001": 0.3123636973662138,
        "attacker_002": 0.2738126135478847,
        "client_000": 0.5212460938758418,
        "client_001": 0.5209382922055,
        "client_002": 0.508311375687193,
        "client_003": 0.5213337191730169,
        "client_004": 0.5198396150761829,
        "client_005": 0.9675229499344287,
        "client_006": 0.9676422889798441,
        "client_007": 0.9667403485323601,
        "client_008": 0.966721446179129,
        "client_009": 0.9687161779106324,
        "client_010": 0.6953494482396216,
        "client_011": 0.6911800365936996,
        "client_012": 0.02383226909346875,
        "client_013": 0.02686373395915514,
        "client_014": 0.023557837511325883,
        "client_015": 0.0251881585549423,
        "client_016": 0.024370674957376392
    },