{
    "attacker_000": {
        "attacker_000": 0.09359331476323118,
        "attacker_001": 0.09040178571428571,
        "attacker_002": 0.09035136642498605,
        "client_000": 0.09833446008235511,
        "client_001": 0.0985482283464567,
        "client_002": 0.09840207162256048,
        "client_003": 0.09830375270155216,
        "client_004": 0.0984363457276533,
        "client_005": 0.09759162303664923,
        "client_006": 0.09493087557603687,
        "client_007": 0.0949090071412117,
        "client_008": 0.09508423724901914,
        "client_009": 0.094974642692485,
        "client_010": 0.09617616426127064,
        "client_011": 0.0962837335237585,
        "client_012": 0.09444742010355293,
        "client_013": 0.09463962677330287,
        "client_014": 0.094348140122788,
        "client_015": 0.09390172849096912,
        "client_016": 0.09450128941019881
    },
    "attacker_001": {
        "attacker_000": 0.09050279329608939,
        "attacker_001": 0.09050279329608939,
        "attacker_002": 0.09050279329608939,
        "client_000": 0.09931738515466454,
        "client_001": 0.0998954296610691,
        "client_002": 0.0993616079893812,
        "client_003": 0.0982437780030742,
        "client_004": 0.09984917972236755,
        "client_005": 0.09682051282051282,
        "client_006": 0.10096912328149651,
        "client_007": 0.1009009009009009,
        "client_008": 0.10124293785310734,
        "client_009": 0.10096912328149651,
        "client_010": 0.09650453666517922,
        "client_011": 0.09667440061871616,
        "client_012": 0.09421132683188692,
        "client_013": 0.09450328269516461,
        "client_014": 0.09456222031370068,
        "client_015": 0.09520571234274057,
        "client_016": 0.09238722588176436
    },
    "attacker_002": {
        "attacker_000": 0.09534368070953438,
        "attacker_001": 0.09433962264150944,
        "attacker_002": 0.09539656128674433,
        "client_000": 0.0993529790561467,
        "client_001": 0.09992332464345959,
        "client_002": 0.09922246356281678,
        "client_003": 0.10075138843515191,
        "client_004": 0.09988335686659709,
        "client_005": 0.09547738693467336,
        "client_006": 0.09484536082474228,
        "client_007": 0.09469350411710888,
        "client_008": 0.09495412844036696,
        "client_009": 0.0948888379555352,
        "client_010": 0.09661203486123919,
        "client_011": 0.09660916121356335,
        "client_012": 0.09732381801962534,
        "client_013": 0.09549351084718165,
        "client_014": 0.09708124689854288,
        "client_015": 0.09505777259928148,
        "client_016": 0.09648283038501561
    },
    "client_000": {
        "attacker_000": 0.23126614987080102,
        "attacker_001": 0.22333751568381432,
        "attacker_002": 0.30112489183732327,
        "client_000": 0.9764465622872703,
        "client_001": 0.976313640076232,
        "client_002": 0.9760283301552711,
        "client_003": 0.9764529740029944,
        "client_004": 0.976313640076232,
        "client_005": 0.08946322067594432,
        "client_006": 0.06990364632533536,
        "client_007": 0.07502374169040836,
        "client_008": 0.09327387588257152,
        "client_009": 0.061163387510692904,
        "client_010": 0.16219380403458214,
        "client_011": 0.30475869051636856,
        "client_012": 0.1022734273920276,
        "client_013": 0.10216308255029323,
        "client_014": 0.10133041735010023,
        "client_015": 0.10267433773787697,
        "client_016": 0.09826757054290514
    },
    "client_001": {
        "attacker_000": 0.23440388666752654,
        "attacker_001": 0.22656641604010025,
        "attacker_002": 0.3035378567766194,
        "client_000": 0.978226234731811,
        "client_001": 0.9780963759458383,
        "client_002": 0.9784860557768925,
        "client_003": 0.9781021897810218,
        "client_004": 0.978361874419222,
        "client_005": 0.09108755398508049,
        "client_006": 0.07361733931240658,
        "client_007": 0.07576233888714241,
        "client_008": 0.09602649006622517,
        "client_009": 0.06494866959983239,
        "client_010": 0.16611146124065906,
        "client_011": 0.31233662197487144,
        "client_012": 0.10136716344377386,
        "client_013": 0.10212712238843653,
        "client_014": 0.10038281582305401,
        "client_015": 0.101905183872397,
        "client_016": 0.0960046323103648
    },
    "client_002": {
        "attacker_000": 0.23369821850182443,
        "attacker_001": 0.2267422474158053,
        "attacker_002": 0.3047379550780134,
        "client_000": 0.9771298649190853,
        "client_001": 0.9772544822049772,
        "client_002": 0.9765760942310265,
        "client_003": 0.9770053475935828,
        "client_004": 0.9772605671482076,
        "client_005": 0.09343236903831117,
        "client_006": 0.07352117932450085,
        "client_007": 0.07583385777218378,
        "client_008": 0.09858896829759942,
        "client_009": 0.06577293674067868,
        "client_010": 0.1629311501811837,
        "client_011": 0.3081103678929766,
        "client_012": 0.09925405338758402,
        "client_013": 0.09862529953335855,
        "client_014": 0.09785188340534291,
        "client_015": 0.0988309636650869,
        "client_016": 0.09481654047757716
    },
    "client_003": {
        "attacker_000": 0.2356696139745525,
        "attacker_001": 0.22816936801105664,
        "attacker_002": 0.3049270701734237,
        "client_000": 0.9769220625082421,
        "client_001": 0.976928147659855,
        "client_002": 0.97638210845758,
        "client_003": 0.9769342296032688,
        "client_004": 0.9771918259723138,
        "client_005": 0.09227761485826003,
        "client_006": 0.07705130579736988,
        "client_007": 0.0802391441157961,
        "client_008": 0.0995789859051803,
        "client_009": 0.06919689662403021,
        "client_010": 0.16741578033910376,
        "client_011": 0.3115954084179005,
        "client_012": 0.10050867193724336,
        "client_013": 0.1004949564563624,
        "client_014": 0.09964844223542248,
        "client_015": 0.10050188205771643,
        "client_016": 0.09597128965038203
    },
    "client_004": {
        "attacker_000": 0.23369893773210118,
        "attacker_001": 0.22658280922431864,
        "attacker_002": 0.3042572882924572,
        "client_000": 0.9772091163534586,
        "client_001": 0.9774876781670441,
        "client_002": 0.9773393761663557,
        "client_003": 0.9774936742575576,
        "client_004": 0.9776119402985076,
        "client_005": 0.09953161592505856,
        "client_006": 0.07733980945264338,
        "client_007": 0.08169014084507042,
        "client_008": 0.1018688164162697,
        "client_009": 0.0703223105902051,
        "client_010": 0.16324338837427843,
        "client_011": 0.3092438381386785,
        "client_012": 0.09865692888531287,
        "client_013": 0.09867796824593587,
        "client_014": 0.09680565715679104,
        "client_015": 0.09834198202759145,
        "client_016": 0.09319664492078286
    },
    "client_005": {
        "attacker_000": 0.2734792348785111,
        "attacker_001": 0.2907398710669,
        "attacker_002": 0.22268226822682266,
        "client_000": 0.536583805227629,
        "client_001": 0.535414933776953,
        "client_002": 0.5319101195627784,
        "client_003": 0.5358879222108496,
        "client_004": 0.5239262221075712,
        "client_005": 0.9747912155892361,
        "client_006": 0.9773865455108679,
        "client_007": 0.9765554320572801,
        "client_008": 0.9758731142798099,
        "client_009": 0.9773882377346749,
        "client_010": 0.6880652989190381,
        "client_011": 0.6855487750950738,
        "client_012": 0.10020616579565612,
        "client_013": 0.10232825524576027,
        "client_014": 0.027617148554336987,
        "client_015": 0.10416766124027307,
        "client_016": 0.10473601373587066
    },