{
    "attacker_000": {
        "attacker_000": 0.7497654417513683,
        "attacker_001": 0.7497898790094017,
        "client_000": 0.5086576838820034,
        "client_001": 0.50761329849536,
        "client_002": 0.5090102245809721,
        "client_003": 0.5086393088552915,
        "client_004": 0.507034632034632,
        "client_005": 0.11289178839880867,
        "client_006": 0.13925857702049274,
        "client_007": 0.07776368426187921,
        "client_008": 0.10798500735398776,
        "client_009": 0.07860730482274345,
        "client_010": 0.7496772679262997,
        "client_011": 0.7496479424190268,
        "client_012": 0.7496723460026211,
        "client_013": 0.5309642319712929,
        "client_014": 0.5309642319712929,
        "client_015": 0.5309949644035423,
        "client_016": 0.00010414496979795876,
        "client_017": 0.5309642319712929
    },
    "attacker_001": {
        "attacker_000": 0.7493693658460275,
        "attacker_001": 0.7493938208838482,
        "client_000": 0.5067370884974343,
        "client_001": 0.5063808065339459,
        "client_002": 0.5074465853585448,
        "client_003": 0.5068114985296764,
        "client_004": 0.5049168496075542,
        "client_005": 0.11452790204850481,
        "client_006": 0.14224058769513317,
        "client_007": 0.07824056052938887,
        "client_008": 0.11029133560348091,
        "client_009": 0.07903947112580206,
        "client_010": 0.7492222504842592,
        "client_011": 0.7492467227548426,
        "client_012": 0.7491781465247339,
        "client_013": 0.5347534608352439,
        "client_014": 0.5347534608352439,
        "client_015": 0.5347379418422428,
        "client_016": 0.00010428072370822254,
        "client_017": 0.5347534608352439
    },
    "client_000": {
        "attacker_000": 0.2108340595395384,
        "attacker_001": 0.22990492653414,
        "client_000": 0.9458128078817734,
        "client_001": 0.9484761514281809,
        "client_002": 0.950191570881226,
        "client_003": 0.9500000000000001,
        "client_004": 0.9505953195565896,
        "client_005": 0.20734284204965664,
        "client_006": 0.18266925448110516,
        "client_007": 0.18571428571428572,
        "client_008": 0.20431654676258992,
        "client_009": 0.19939135727328058,
        "client_010": 0.14221319281315473,
        "client_011": 0.11400975804042617,
        "client_012": 0.12123159303882196,
        "client_013": 0.10916567183976655,
        "client_014": 0.29212410501193314,
        "client_015": 0.10880486515071391,
        "client_016": 0.30452965777228014,
        "client_017": 0.3057691179059804
    },
    "client_001": {
        "attacker_000": 0.21522854020121626,
        "attacker_001": 0.2346169236925539,
        "client_000": 0.9469767441860465,
        "client_001": 0.948612402071438,
        "client_002": 0.9499136442141624,
        "client_003": 0.948615548455804,
        "client_004": 0.9496746779976099,
        "client_005": 0.21490196078431373,
        "client_006": 0.18860688099266779,
        "client_007": 0.19060023879300986,
        "client_008": 0.2093466857415355,
        "client_009": 0.20645627559624188,
        "client_010": 0.1452211665513119,
        "client_011": 0.11803475134811263,
        "client_012": 0.12553648068669526,
        "client_013": 0.10777807273692594,
        "client_014": 0.29596572652624065,
        "client_015": 0.10742872263015148,
        "client_016": 0.3090052972336669,
        "client_017": 0.31064204045734384
    },
    "client_002": {
        "attacker_000": 0.2136548436842843,
        "attacker_001": 0.23287333661902418,
        "client_000": 0.9435278336686788,
        "client_001": 0.9464811345999465,
        "client_002": 0.947975328506302,
        "client_003": 0.947467672413793,
        "client_004": 0.9477631931422448,
        "client_005": 0.21532846715328466,
        "client_006": 0.18966099786011942,
        "client_007": 0.1902794389474829,
        "client_008": 0.20874303992417959,
        "client_009": 0.2056797583081571,
        "client_010": 0.14149933908226853,
        "client_011": 0.11382275461007009,
        "client_012": 0.1197980334839224,
        "client_013": 0.10508205399682372,
        "client_014": 0.2928885195298588,
        "client_015": 0.1047217093115273,
        "client_016": 0.3077553409423471,
        "client_017": 0.30808759124087587
    },
    "client_003": {
        "attacker_000": 0.21688704616763782,
        "attacker_001": 0.23591538485155505,
        "client_000": 0.945730247406225,
        "client_001": 0.9475501261452663,
        "client_002": 0.9485577562142762,
        "client_003": 0.9471301105340258,
        "client_004": 0.9493418428400479,
        "client_005": 0.22219361483007208,
        "client_006": 0.19504609574586246,
        "client_007": 0.19638850304519712,
        "client_008": 0.21614035087719297,
        "client_009": 0.21045130641330168,
        "client_010": 0.14832416208104052,
        "client_011": 0.11907104900610116,
        "client_012": 0.12658227848101264,
        "client_013": 0.1063717746182201,
        "client_014": 0.29318691699138033,
        "client_015": 0.10612619703528796,
        "client_016": 0.3075666530540809,
        "client_017": 0.3079872204472843
    },
    "client_004": {
        "attacker_000": 0.2148069151324652,
        "attacker_001": 0.23381339241752833,
        "client_000": 0.9445634708087841,
        "client_001": 0.9467202141900938,
        "client_002": 0.9471288984071743,
        "client_003": 0.9486421080935736,
        "client_004": 0.9484536082474228,
        "client_005": 0.2176940933711633,
        "client_006": 0.19185078272454759,
        "client_007": 0.19348597226701064,
        "client_008": 0.21184456928838952,
        "client_009": 0.2079561696045736,
        "client_010": 0.14560491197293401,
        "client_011": 0.11686259014126248,
        "client_012": 0.12451527224435592,
        "client_013": 0.10369185659069706,
        "client_014": 0.2926770995102138,
        "client_015": 0.10307498173606962,
        "client_016": 0.3069838833461243,
        "client_017": 0.30745724863371926
    },
    "client_005": {
        "attacker_000": 0.7698909207571383,
        "attacker_001": 0.7530881842497499,
        "client_000": 0.47901925914714893,
        "client_001": 0.47854385832135016,
        "client_002": 0.4803027436140018,
        "client_003": 0.47945567945567946,
        "client_004": 0.4789626885419423,
        "client_005": 0.9558033451596553,
        "client_006": 0.9554530711534563,
        "client_007": 0.9540038372210441,
        "client_008": 0.9556862546265781,
        "client_009": 0.955000126617539,
        "client_010": 0.6972312667992396,
        "client_011": 0.7011546741470416,
        "client_012": 0.690597539543058,
        "client_013": 0.01032844453625284,
        "client_014": 0.012073057476008668,
        "client_015": 0.01032577830553978,
        "client_016": 0.010445754473058228,
        "client_017": 0.010318852543597152
    },
    "client_006": {
        "attacker_000": 0.7692369429563194,
        "attacker_001": 0.7518855390904445,
        "client_000": 0.4715651544585381,
        "client_001": 0.4716240423828944,
        "client_002": 0.4729626808834729,
        "client_003": 0.4723491773308959,
        "client_004": 0.4715731790851663,
        "client_005": 0.9545373868505794,
        "client_006": 0.9545535193774872,
        "client_007": 0.9534202283520258,
        "client_008": 0.9543206432140411,
        "client_009": 0.9539178679097104,
        "client_010": 0.6968662464985994,
        "client_011": 0.7009343758848255,
        "client_012": 0.6907427364902017,
        "client_013": 0.012094898433865716,
        "client_014": 0.013428364838343148,
        "client_015": 0.012091148659122617,
        "client_016": 0.012214056515888626,
        "client_017": 0.012083656080557708
    },
    "client_007": {
        "attacker_000": 0.7701437478698451,