{
    "attacker_000": {
        "attacker_000": 0.7487454916104751,
        "attacker_001": 0.7489811912225705,
        "client_000": 0.741105855229161,
        "client_001": 0.7411336949395005,
        "client_002": 0.7408482631087073,
        "client_003": 0.7423244744149148,
        "client_004": 0.7420475065981387,
        "client_005": 0.14810068649885583,
        "client_006": 0.14810068649885583,
        "client_007": 0.1466856017224793,
        "client_008": 0.1473645647295874,
        "client_009": 0.1481854377374033,
        "client_010": 0.7495254310260475,
        "client_011": 0.7495254310260475,
        "client_012": 0.7495254310260475,
        "client_013": 0.6878431546891325,
        "client_014": 0.645821325648415,
        "client_015": 0.6504939888108558,
        "client_016": 0.592113597972973,
        "client_017": 0.6507796690870135
    },
    "attacker_001": {
        "attacker_000": 0.7482601109608109,
        "attacker_001": 0.7485352614974625,
        "client_000": 0.7423546031556538,
        "client_001": 0.7426457425860732,
        "client_002": 0.742407960199005,
        "client_003": 0.7432394869554857,
        "client_004": 0.7430886558627264,
        "client_005": 0.14968283667229498,
        "client_006": 0.1495983935742972,
        "client_007": 0.14903429067165883,
        "client_008": 0.1492101177974614,
        "client_009": 0.14968283667229498,
        "client_010": 0.7491435842223745,
        "client_011": 0.7491680695298124,
        "client_012": 0.7491534049758256,
        "client_013": 0.6875346875346875,
        "client_014": 0.6461146619251285,
        "client_015": 0.6509380059041996,
        "client_016": 0.5904238452594864,
        "client_017": 0.6505685204166766
    },
    "client_000": {
        "attacker_000": 0.2642264590307088,
        "attacker_001": 0.33466660392452124,
        "client_000": 0.9760348583877996,
        "client_001": 0.975357385976855,
        "client_002": 0.9752246120337599,
        "client_003": 0.9759281925744594,
        "client_004": 0.9754968690443779,
        "client_005": 0.08675213675213675,
        "client_006": 0.07543103448275862,
        "client_007": 0.056706652126499446,
        "client_008": 0.05254954353150745,
        "client_009": 0.09000861326442722,
        "client_010": 0.16509964460839446,
        "client_011": 0.2913738019169329,
        "client_012": 0.30227604927959906,
        "client_013": 0.10346333853354137,
        "client_014": 0.10465850271430374,
        "client_015": 0.10402306053390149,
        "client_016": 0.10673245471661365,
        "client_017": 0.10225877731401915
    },
    "client_001": {
        "attacker_000": 0.26881098662811703,
        "attacker_001": 0.34321636329517735,
        "client_000": 0.9779665516325989,
        "client_001": 0.9773119278227411,
        "client_002": 0.9773119278227411,
        "client_003": 0.9766887417218544,
        "client_004": 0.9773179466772782,
        "client_005": 0.08481012658227848,
        "client_006": 0.07164052564646037,
        "client_007": 0.05614338155905852,
        "client_008": 0.05273566249176005,
        "client_009": 0.09042890344390449,
        "client_010": 0.16814438093523562,
        "client_011": 0.2976640534840225,
        "client_012": 0.30925084420727894,
        "client_013": 0.10278211941231635,
        "client_014": 0.10373837687393256,
        "client_015": 0.1030500815865445,
        "client_016": 0.10528368102944041,
        "client_017": 0.10094559744565883
    },
    "client_002": {
        "attacker_000": 0.2674920817736827,
        "attacker_001": 0.3381224717533826,
        "client_000": 0.9772544822049772,
        "client_001": 0.9769683985002678,
        "client_002": 0.9757794727686339,
        "client_003": 0.9762286324786326,
        "client_004": 0.9761904761904762,
        "client_005": 0.08338571129268803,
        "client_006": 0.0737618545837724,
        "client_007": 0.05854700854700854,
        "client_008": 0.05188576411597994,
        "client_009": 0.0879074658254469,
        "client_010": 0.16493831575183263,
        "client_011": 0.29458225838460017,
        "client_012": 0.30540607666197533,
        "client_013": 0.10057543157368025,
        "client_014": 0.10159211523881728,
        "client_015": 0.10093528340970435,
        "client_016": 0.10328516814618027,
        "client_017": 0.09935444205348909
    },
    "client_003": {
        "attacker_000": 0.2709742408979709,
        "attacker_001": 0.3402076124567474,
        "client_000": 0.9767993672554706,
        "client_001": 0.9759957794777103,
        "client_002": 0.9758607043925603,
        "client_003": 0.9764380676582862,
        "client_004": 0.9762720801476403,
        "client_005": 0.08625336927223719,
        "client_006": 0.07852965747702588,
        "client_007": 0.06333122229259024,
        "client_008": 0.05865861548414923,
        "client_009": 0.09216589861751151,
        "client_010": 0.1694462975316878,
        "client_011": 0.2972248502049826,
        "client_012": 0.3090302106087458,
        "client_013": 0.10158335920521579,
        "client_014": 0.10230339546852445,
        "client_015": 0.10187433837723396,
        "client_016": 0.10427273313140425,
        "client_017": 0.10041534326899586
    },
    "client_004": {
        "attacker_000": 0.26723734848757325,
        "attacker_001": 0.33726875522915306,
        "client_000": 0.9769487008660892,
        "client_001": 0.9770666666666666,
        "client_002": 0.9769364084788695,
        "client_003": 0.9769732463729536,
        "client_004": 0.9765520916600052,
        "client_005": 0.08871137271389531,
        "client_006": 0.08192567567567567,
        "client_007": 0.06292808219178082,
        "client_008": 0.05938864628820961,
        "client_009": 0.09365112845391269,
        "client_010": 0.16571326421165533,
        "client_011": 0.29451106098381413,
        "client_012": 0.3062204920069577,
        "client_013": 0.09949874686716793,
        "client_014": 0.10031069684864626,
        "client_015": 0.09987405541561713,
        "client_016": 0.1013086789504525,
        "client_017": 0.09835459419486041
    },
    "client_005": {
        "attacker_000": 0.6359985910531878,
        "attacker_001": 0.6270778183205742,
        "client_000": 0.5187139960737619,
        "client_001": 0.519500529644015,
        "client_002": 0.5211751484989565,
        "client_003": 0.5225847728726808,
        "client_004": 0.5187133190083705,
        "client_005": 0.9670205961366253,
        "client_006": 0.9716036351466159,
        "client_007": 0.9732426772834208,
        "client_008": 0.972728681369764,
        "client_009": 0.9687891413818666,
        "client_010": 0.6859903381642513,
        "client_011": 0.6909106860852781,
        "client_012": 0.6872270019854402,
        "client_013": 0.027115940584189015,
        "client_014": 0.024368231046931407,
        "client_015": 0.02394486644197394,
        "client_016": 0.025372090700229742,
        "client_017": 0.030843994842804718
    },
    "client_006": {
        "attacker_000": 0.6355363760026268,
        "attacker_001": 0.6274799342653679,
        "client_000": 0.5130046583850932,
        "client_001": 0.5140054214534657,
        "client_002": 0.5154086934073381,
        "client_003": 0.5178238807887469,
        "client_004": 0.5133427871599844,
        "client_005": 0.965771674523468,
        "client_006": 0.969854684118314,
        "client_007": 0.9708582214982028,
        "client_008": 0.9704040978941376,
        "client_009": 0.96751253453392,
        "client_010": 0.6864539460627577,
        "client_011": 0.6906329558423318,
        "client_012": 0.6875110248721116,
        "client_013": 0.02889133260021994,
        "client_014": 0.027021597187343045,
        "client_015": 0.026192514985140785,
        "client_016": 0.027465918203688853,
        "client_017": 0.032328658112006366
    },
    "client_007": {
        "attacker_000": 0.6356440281030445,