{
    "client_0": {
        "client_0": 0.99828,
        "client_1": 0.99833,
        "client_2": 0.42819,
        "client_3": 0.441,
        "client_4": 0.39313,
        "client_5": 0.47976,
        "client_6": 0.47977,
        "client_7": 0.47973,
        "client_8": 0.04291,
        "client_9": 0.05058
    },
    "client_1": {
        "client_0": 0.99856,
        "client_1": 0.99862,
        "client_2": 0.4295,
        "client_3": 0.44243,
        "client_4": 0.3939,
        "client_5": 0.48108,
        "client_6": 0.48109,
        "client_7": 0.48105,
        "client_8": 0.04134,
        "client_9": 0.04848
    },
    "client_2": {
        "client_0": 0.544070440704407,
        "client_1": 0.5928059280592806,
        "client_2": 0.9868748687486875,
        "client_3": 0.9861848618486185,
        "client_4": 0.9866648666486665,
        "client_5": 0.5786307863078631,
        "client_6": 0.5783757837578376,
        "client_7": 0.5758107581075811,
        "client_8": 0.8574235742357423,
        "client_9": 0.8630636306363063
    },
    "client_3": {
        "client_0": 0.5468304683046831,
        "client_1": 0.5933459334593346,
        "client_2": 0.9877148771487715,
        "client_3": 0.9868148681486815,
        "client_4": 0.9876098760987609,
        "client_5": 0.5843458434584345,
        "client_6": 0.5839858398583986,
        "client_7": 0.5821408214082141,
        "client_8": 0.8554885548855489,
        "client_9": 0.8610986109861098
    },
    "client_4": {
        "client_0": 0.544040440404404,
        "client_1": 0.5907959079590795,
        "client_2": 0.988419884198842,
        "client_3": 0.9877148771487715,
        "client_4": 0.9883148831488315,
        "client_5": 0.5825158251582516,
        "client_6": 0.5822158221582215,
        "client_7": 0.5798157981579816,
        "client_8": 0.8553685536855369,
        "client_9": 0.8618036180361803
    },
    "client_5": {
        "client_0": 0.4909249092490925,
        "client_1": 0.16042660426604266,
        "client_2": 0.9510545105451055,
        "client_3": 0.9510095100951009,
        "client_4": 0.9520595205952059,
        "client_5": 0.9939999399994,
        "client_6": 0.9942249422494225,
        "client_7": 0.9942249422494225,
        "client_8": 0.964689646896469,
        "client_9": 0.96639966399664
    },
    "client_6": {
        "client_0": 0.48897488974889747,
        "client_1": 0.15810158101581015,
        "client_2": 0.9530945309453095,
        "client_3": 0.9530645306453065,
        "client_4": 0.9541745417454175,
        "client_5": 0.9942849428494285,
        "client_6": 0.9943749437494375,
        "client_7": 0.9944049440494405,
        "client_8": 0.9666546665466654,
        "client_9": 0.968079680796808
    },
    "client_7": {
        "client_0": 0.4861248612486125,
        "client_1": 0.15942159421594215,
        "client_2": 0.9534545345453455,
        "client_3": 0.9534095340953409,
        "client_4": 0.954609546095461,
        "client_5": 0.9949749497494975,
        "client_6": 0.9951249512495125,
        "client_7": 0.9951249512495125,
        "client_8": 0.9664746647466474,
        "client_9": 0.9683196831968319
    },
    "client_8": {
        "client_0": 0.55146,
        "client_1": 0.55408,
        "client_2": 0.55731,
        "client_3": 0.5565,
        "client_4": 0.55616,
        "client_5": 0.36364,
        "client_6": 0.3638,
        "client_7": 0.36315,
        "client_8": 0.94941,
        "client_9": 0.94875
    },
    "client_9": {
        "client_0": 0.55322,
        "client_1": 0.55594,
        "client_2": 0.55619,
        "client_3": 0.55531,
        "client_4": 0.55493,
        "client_5": 0.36015,
        "client_6": 0.36022,
        "client_7": 0.35961,
        "client_8": 0.94904,
        "client_9": 0.94885
    }
}