{
    "client_0": {
        "client_0": 0.9994932644306751,
        "client_1": 0.9994832300629658,
        "client_2": 0.8262572752526886,
        "client_3": 0.9365342868088367,
        "client_4": 0.7112916747275423,
        "client_5": 0.7562110832428656,
        "client_6": 0.7768247189908212,
        "client_7": 0.7912763519289885,
        "client_8": 0.07890024836827816,
        "client_9": 0.08352699406533891
    },
    "client_1": {
        "client_0": 0.9995334861625977,
        "client_1": 0.9995234536069545,
        "client_2": 0.8250199896524152,
        "client_3": 0.9367386239107999,
        "client_4": 0.7094441000206654,
        "client_5": 0.7572445253200054,
        "client_6": 0.7774371927071201,
        "client_7": 0.7913057708976078,
        "client_8": 0.07596595892325338,
        "client_9": 0.08066299404882082
    },
    "client_2": {
        "client_0": 0.13173916636821953,
        "client_1": 0.15091579750699569,
        "client_2": 0.9536372453928226,
        "client_3": 0.9513687600644124,
        "client_4": 0.9539992247060344,
        "client_5": 0.10587554641295963,
        "client_6": 0.10576645380739981,
        "client_7": 0.10532374100719426,
        "client_8": 0.22799696509863426,
        "client_9": 0.2299349240780911
    },
    "client_3": {
        "client_0": 0.12861575972514686,
        "client_1": 0.14660984607556293,
        "client_2": 0.9571024916516825,
        "client_3": 0.955374863947756,
        "client_4": 0.9581353537947863,
        "client_5": 0.10889610389610391,
        "client_6": 0.10872452781287457,
        "client_7": 0.10840529090262281,
        "client_8": 0.2217829238444884,
        "client_9": 0.22423044337757697
    },
    "client_4": {
        "client_0": 0.12843529899185194,
        "client_1": 0.14688403724536814,
        "client_2": 0.9606289147385914,
        "client_3": 0.958516536035175,
        "client_4": 0.9618730808597747,
        "client_5": 0.11151195000966309,
        "client_6": 0.11127539213165337,
        "client_7": 0.11095798211595782,
        "client_8": 0.21917289675404564,
        "client_9": 0.22184429327286473
    },
    "client_5": {
        "client_0": 0.017220470531166623,
        "client_1": 0.024666126361041613,
        "client_2": 0.0005762028233938346,
        "client_3": 0.0015624999999999999,
        "client_4": 0.0010432968179447052,
        "client_5": 0.9456125108601215,
        "client_6": 0.9436521739130435,
        "client_7": 0.941991341991342,
        "client_8": 0.231336110221083,
        "client_9": 0.24594852240228787
    },
    "client_6": {
        "client_0": 0.0183044022087312,
        "client_1": 0.0240163156229122,
        "client_2": 0.0005989817310572027,
        "client_3": 0.0016238159675236806,
        "client_4": 0.0005420054200542005,
        "client_5": 0.9430507233107489,
        "client_6": 0.9422759758108851,
        "client_7": 0.942188071716063,
        "client_8": 0.23312059119919387,
        "client_9": 0.2507482540738277
    },
    "client_7": {
        "client_0": 0.01812982904422948,
        "client_1": 0.024397983288086594,
        "client_2": 0.0006080875646093037,
        "client_3": 0.0016579165515335729,
        "client_4": 0.0005534034311012728,
        "client_5": 0.948438366290889,
        "client_6": 0.9469206584057702,
        "client_7": 0.9483775811209441,
        "client_8": 0.21896316507503408,
        "client_9": 0.23767724510465904
    },
    "client_8": {
        "client_0": 0.6978913301304601,
        "client_1": 0.6963826803459637,
        "client_2": 0.5273302563209382,
        "client_3": 0.5314544055405925,
        "client_4": 0.5235584875363944,
        "client_5": 0.010284834488067746,
        "client_6": 0.010301601092217947,
        "client_7": 0.010355786373149368,
        "client_8": 0.9661445718284084,
        "client_9": 0.9656143049413575
    },
    "client_9": {
        "client_0": 0.6992244223318187,
        "client_1": 0.6975487797521297,
        "client_2": 0.5302598103461568,
        "client_3": 0.5336540765375068,
        "client_4": 0.5256887278055176,
        "client_5": 0.009421946690809768,
        "client_6": 0.009422013530629268,
        "client_7": 0.009474431379810513,
        "client_8": 0.9665608384653636,
        "client_9": 0.9656660900978126
    }
}