{
    "client_0": {
        "client_0": 0.9995635269032986,
        "client_1": 0.9995534975191519,
        "client_2": 0.9571967385010252,
        "client_3": 0.9227021637789335,
        "client_4": 0.9209168250129556,
        "client_5": 0.7519267340606546,
        "client_6": 0.8161423796831125,
        "client_7": 0.8208400101704737,
        "client_8": 0.07428279182869993,
        "client_9": 0.07448502098509335
    },
    "client_1": {
        "client_0": 0.9996488658366522,
        "client_1": 0.9996438514208322,
        "client_2": 0.9564245810055866,
        "client_3": 0.9209168250129557,
        "client_4": 0.919426770529821,
        "client_5": 0.7525225371660059,
        "client_6": 0.8160014244591507,
        "client_7": 0.8208777892714644,
        "client_8": 0.07137681509463127,
        "client_9": 0.07158175389787283
    },
    "client_2": {
        "client_0": 0.30765481243780085,
        "client_1": 0.30483121896298676,
        "client_2": 0.9754336191888581,
        "client_3": 0.9761444229529336,
        "client_4": 0.9759370363202373,
        "client_5": 0.09146096863049233,
        "client_6": 0.09746916082701107,
        "client_7": 0.09594350185169236,
        "client_8": 0.06762574818859604,
        "client_9": 0.09854782173259889
    },
    "client_3": {
        "client_0": 0.3114423605595944,
        "client_1": 0.3082843097751632,
        "client_2": 0.9756503908753045,
        "client_3": 0.9761035300147352,
        "client_4": 0.9758850692662903,
        "client_5": 0.09423464588092997,
        "client_6": 0.10044968755475094,
        "client_7": 0.0989708653428033,
        "client_8": 0.06934382115504037,
        "client_9": 0.09293089753772836
    },
    "client_4": {
        "client_0": 0.312901057263338,
        "client_1": 0.30953340317511485,
        "client_2": 0.9788292309654381,
        "client_3": 0.9790816326530611,
        "client_4": 0.9788130185067008,
        "client_5": 0.09617597473841956,
        "client_6": 0.10232018561484921,
        "client_7": 0.10080401141177489,
        "client_8": 0.061554512258737606,
        "client_9": 0.09015326054292296
    },
    "client_5": {
        "client_0": 0.05872285272760505,
        "client_1": 0.058182664958999354,
        "client_2": 0.0006763611768684477,
        "client_3": 0.005672609400324148,
        "client_4": 0.002477930927675391,
        "client_5": 0.9475913181577555,
        "client_6": 0.9476439790575917,
        "client_7": 0.9465648854961831,
        "client_8": 0.06802244039270688,
        "client_9": 0.0847810979847116
    },
    "client_6": {
        "client_0": 0.05468295520651542,
        "client_1": 0.05417186590133932,
        "client_2": 0.0007048458149779735,
        "client_3": 0.003784693019343986,
        "client_4": 0.0025469595670168732,
        "client_5": 0.9474661221459068,
        "client_6": 0.946980854197349,
        "client_7": 0.9460596087036021,
        "client_8": 0.054835124120044466,
        "client_9": 0.08111070515162587
    },
    "client_7": {
        "client_0": 0.054019828376239275,
        "client_1": 0.05366732263767052,
        "client_2": 0.0007095973035302467,
        "client_3": 0.0054806070826306915,
        "client_4": 0.003832641328648994,
        "client_5": 0.9525950908750235,
        "client_6": 0.9513192121887774,
        "client_7": 0.950765259081689,
        "client_8": 0.06386929075380615,
        "client_9": 0.09290416971470372
    },
    "client_8": {
        "client_0": 0.69025558028188,
        "client_1": 0.6901982995192534,
        "client_2": 0.5646776282821024,
        "client_3": 0.5641301882513041,
        "client_4": 0.5550341459692495,
        "client_5": 0.014912706110572261,
        "client_6": 0.01108438137580316,
        "client_7": 0.010958403725857265,
        "client_8": 0.9779262654908512,
        "client_9": 0.978309357829537
    },
    "client_9": {
        "client_0": 0.6905244719911073,
        "client_1": 0.6905499717065022,
        "client_2": 0.5683950942650339,
        "client_3": 0.5669549179942225,
        "client_4": 0.5579835445683775,
        "client_5": 0.01459214501510574,
        "client_6": 0.010532865880495988,
        "client_7": 0.010253609998786554,
        "client_8": 0.9780901134922845,
        "client_9": 0.978414151410193
    }
}