{
    "client_0": {
        "client_0": 0.99975,
        "client_1": 0.99974,
        "client_2": 0.9057,
        "client_3": 0.11717,
        "client_4": 0.84088,
        "client_5": 0.55448,
        "client_6": 0.62193,
        "client_7": 0.58962,
        "client_8": 0.04043,
        "client_9": 0.04038
    },
    "client_1": {
        "client_0": 0.99972,
        "client_1": 0.99975,
        "client_2": 0.90461,
        "client_3": 0.11304,
        "client_4": 0.83801,
        "client_5": 0.55389,
        "client_6": 0.62257,
        "client_7": 0.59041,
        "client_8": 0.0387,
        "client_9": 0.03866
    },
    "client_2": {
        "client_0": 0.508340083400834,
        "client_1": 0.4985449854498545,
        "client_2": 0.994449944499445,
        "client_3": 0.994539945399454,
        "client_4": 0.9945549455494554,
        "client_5": 0.46153961539615396,
        "client_6": 0.5219452194521945,
        "client_7": 0.5109051090510905,
        "client_8": 0.7524375243752438,
        "client_9": 0.7675876758767588
    },
    "client_3": {
        "client_0": 0.5133951339513395,
        "client_1": 0.502940029400294,
        "client_2": 0.9944949449494495,
        "client_3": 0.9946149461494614,
        "client_4": 0.994569945699457,
        "client_5": 0.46432964329643295,
        "client_6": 0.5273902739027391,
        "client_7": 0.516470164701647,
        "client_8": 0.7482824828248282,
        "client_9": 0.7639576395763957
    },
    "client_4": {
        "client_0": 0.513560135601356,
        "client_1": 0.5038250382503825,
        "client_2": 0.9951249512495125,
        "client_3": 0.9951849518495185,
        "client_4": 0.9951849518495185,
        "client_5": 0.46437464374643744,
        "client_6": 0.5252302523025231,
        "client_7": 0.5142951429514295,
        "client_8": 0.7487624876248763,
        "client_9": 0.7641226412264123
    },
    "client_5": {
        "client_0": 0.15015150151501516,
        "client_1": 0.14838148381483815,
        "client_2": 0.5158251582515825,
        "client_3": 0.51530015300153,
        "client_4": 0.5489754897548975,
        "client_5": 0.995649956499565,
        "client_6": 0.995619956199562,
        "client_7": 0.9955749557495575,
        "client_8": 0.960009600096001,
        "client_9": 0.9604146041460414
    },
    "client_6": {
        "client_0": 0.14649146491464915,
        "client_1": 0.14416644166441664,
        "client_2": 0.5198601986019861,
        "client_3": 0.517520175201752,
        "client_4": 0.5512705127051271,
        "client_5": 0.995889958899589,
        "client_6": 0.99579995799958,
        "client_7": 0.995709957099571,
        "client_8": 0.9615846158461585,
        "client_9": 0.9620046200462005
    },
    "client_7": {
        "client_0": 0.14844148441484414,
        "client_1": 0.14650646506465065,
        "client_2": 0.5215852158521586,
        "client_3": 0.520520205202052,
        "client_4": 0.5534455344553445,
        "client_5": 0.996189961899619,
        "client_6": 0.996309963099631,
        "client_7": 0.9962499624996249,
        "client_8": 0.9619746197461975,
        "client_9": 0.962559625596256
    },
    "client_8": {
        "client_0": 0.52621,
        "client_1": 0.54396,
        "client_2": 0.54154,
        "client_3": 0.5399,
        "client_4": 0.54105,
        "client_5": 0.35146,
        "client_6": 0.35118,
        "client_7": 0.35061,
        "client_8": 0.97638,
        "client_9": 0.97598
    },
    "client_9": {
        "client_0": 0.52639,
        "client_1": 0.54454,
        "client_2": 0.54319,
        "client_3": 0.54115,
        "client_4": 0.54305,
        "client_5": 0.34874,
        "client_6": 0.34843,
        "client_7": 0.34805,
        "client_8": 0.97654,
        "client_9": 0.97612
    }
}