{
    "client_0": {
        "client_0": 0.99899,
        "client_1": 0.99901,
        "client_2": 0.92312,
        "client_3": 0.95455,
        "client_4": 0.87325,
        "client_5": 0.70495,
        "client_6": 0.74362,
        "client_7": 0.74701,
        "client_8": 0.04886,
        "client_9": 0.04941
    },
    "client_1": {
        "client_0": 0.9992,
        "client_1": 0.99916,
        "client_2": 0.92386,
        "client_3": 0.95529,
        "client_4": 0.87307,
        "client_5": 0.70415,
        "client_6": 0.7432,
        "client_7": 0.74676,
        "client_8": 0.04645,
        "client_9": 0.04698
    },
    "client_2": {
        "client_0": 0.4161941619416194,
        "client_1": 0.4061440614406144,
        "client_2": 0.990309903099031,
        "client_3": 0.992379923799238,
        "client_4": 0.9924249242492424,
        "client_5": 0.5812108121081211,
        "client_6": 0.5832808328083281,
        "client_7": 0.5800408004080041,
        "client_8": 0.8772837728377284,
        "client_9": 0.8773587735877358
    },
    "client_3": {
        "client_0": 0.41751417514175143,
        "client_1": 0.4060540605406054,
        "client_2": 0.9911649116491165,
        "client_3": 0.992559925599256,
        "client_4": 0.9926049260492605,
        "client_5": 0.5870158701587016,
        "client_6": 0.5882608826088261,
        "client_7": 0.586040860408604,
        "client_8": 0.8752437524375244,
        "client_9": 0.8757387573875739
    },
    "client_4": {
        "client_0": 0.4187891878918789,
        "client_1": 0.4082140821408214,
        "client_2": 0.991989919899199,
        "client_3": 0.993459934599346,
        "client_4": 0.993639936399364,
        "client_5": 0.5847208472084721,
        "client_6": 0.5863408634086341,
        "client_7": 0.5835358353583536,
        "client_8": 0.8756037560375604,
        "client_9": 0.8757537575375753
    },
    "client_5": {
        "client_0": 0.15675156751567515,
        "client_1": 0.15723157231572316,
        "client_2": 0.9459244592445925,
        "client_3": 0.9425644256442565,
        "client_4": 0.9422644226442265,
        "client_5": 0.9954849548495485,
        "client_6": 0.9954249542495425,
        "client_7": 0.995319953199532,
        "client_8": 0.9633846338463384,
        "client_9": 0.963819638196382
    },
    "client_6": {
        "client_0": 0.15340653406534066,
        "client_1": 0.15379653796537965,
        "client_2": 0.948429484294843,
        "client_3": 0.9447994479944799,
        "client_4": 0.9446944469444695,
        "client_5": 0.995439954399544,
        "client_6": 0.995469954699547,
        "client_7": 0.9953949539495395,
        "client_8": 0.9650946509465095,
        "client_9": 0.965559655596556
    },
    "client_7": {
        "client_0": 0.15520655206552064,
        "client_1": 0.15552155521555217,
        "client_2": 0.9494044940449404,
        "client_3": 0.9459394593945939,
        "client_4": 0.9458494584945849,
        "client_5": 0.9960549605496055,
        "client_6": 0.9960549605496055,
        "client_7": 0.995859958599586,
        "client_8": 0.9651846518465185,
        "client_9": 0.9656346563465634
    },
    "client_8": {
        "client_0": 0.54931,
        "client_1": 0.55058,
        "client_2": 0.51326,
        "client_3": 0.51928,
        "client_4": 0.51619,
        "client_5": 0.35471,
        "client_6": 0.35552,
        "client_7": 0.35498,
        "client_8": 0.96039,
        "client_9": 0.95959
    },
    "client_9": {
        "client_0": 0.55077,
        "client_1": 0.55216,
        "client_2": 0.51389,
        "client_3": 0.52035,
        "client_4": 0.51704,
        "client_5": 0.35206,
        "client_6": 0.35284,
        "client_7": 0.35224,
        "client_8": 0.96063,
        "client_9": 0.95978
    }
}