{
    "client_0": {
        "client_0": 0.9994982841317305,
        "client_1": 0.9995484783721139,
        "client_2": 0.9723841543032808,
        "client_3": 0.9790048363950217,
        "client_4": 0.966397286551159,
        "client_5": 0.8125975062225345,
        "client_6": 0.8621819011753966,
        "client_7": 0.8673817206744535,
        "client_8": 0.11415287791878893,
        "client_9": 0.10016659526869438
    },
    "client_1": {
        "client_0": 0.9995635882078524,
        "client_1": 0.999603737905228,
        "client_2": 0.9725614770951558,
        "client_3": 0.9789457554397794,
        "client_4": 0.9663795153934456,
        "client_5": 0.8126517784867386,
        "client_6": 0.8617305365987264,
        "client_7": 0.8673118206290251,
        "client_8": 0.11065787107581938,
        "client_9": 0.09781800857551214
    },
    "client_2": {
        "client_0": 0.16430037632569278,
        "client_1": 0.1301764884436928,
        "client_2": 0.9730670103092783,
        "client_3": 0.9737417943107222,
        "client_4": 0.9741740194499904,
        "client_5": 0.10074388947927736,
        "client_6": 0.10381947713649059,
        "client_7": 0.10450553283236627,
        "client_8": 0.18119787717968158,
        "client_9": 0.20496264182271012
    },
    "client_3": {
        "client_0": 0.16404286849509245,
        "client_1": 0.1280198493884125,
        "client_2": 0.9731702631747454,
        "client_3": 0.9731285988483684,
        "client_4": 0.9736303123399898,
        "client_5": 0.10375506197079395,
        "client_6": 0.10690168975683988,
        "client_7": 0.10747454044706334,
        "client_8": 0.16491725768321513,
        "client_9": 0.19867914144193727
    },
    "client_4": {
        "client_0": 0.16656657515442688,
        "client_1": 0.13039789414144928,
        "client_2": 0.9770049047710045,
        "client_3": 0.9766997708174179,
        "client_4": 0.9772568006625469,
        "client_5": 0.10604906292853877,
        "client_6": 0.10942708005785799,
        "client_7": 0.11010165184243967,
        "client_8": 0.16592395941974022,
        "client_9": 0.19528805448187006
    },
    "client_5": {
        "client_0": 0.05723619514309048,
        "client_1": 0.057324202438617,
        "client_2": 0.0010370754472387865,
        "client_3": 0.00478755236385398,
        "client_4": 0.0018767007600638077,
        "client_5": 0.9468531468531468,
        "client_6": 0.9473498855432294,
        "client_7": 0.9459602182714311,
        "client_8": 0.18725361366622864,
        "client_9": 0.20837390457643623
    },
    "client_6": {
        "client_0": 0.0530749086784648,
        "client_1": 0.0531884663602173,
        "client_2": 0.001081665765278529,
        "client_3": 0.005298553087426126,
        "client_4": 0.002074688796680498,
        "client_5": 0.94620486366986,
        "client_6": 0.9448352462051093,
        "client_7": 0.9452460229374768,
        "client_8": 0.185146804835924,
        "client_9": 0.20546075085324236
    },
    "client_7": {
        "client_0": 0.052561187642102436,
        "client_1": 0.052740035852502136,
        "client_2": 0.0005526388505111909,
        "client_3": 0.004992718951529021,
        "client_4": 0.002071953286871351,
        "client_5": 0.9510515540666294,
        "client_6": 0.9533795169443925,
        "client_7": 0.9510097232610321,
        "client_8": 0.1794066317626527,
        "client_9": 0.2006896551724138
    },
    "client_8": {
        "client_0": 0.6988656516647148,
        "client_1": 0.6995696377058945,
        "client_2": 0.541015026065624,
        "client_3": 0.5382408535707776,
        "client_4": 0.5368763870075223,
        "client_5": 0.010700240831631253,
        "client_6": 0.010631168514682586,
        "client_7": 0.010098073715938126,
        "client_8": 0.9706629992196374,
        "client_9": 0.9700268266472875
    },
    "client_9": {
        "client_0": 0.7004850930763988,
        "client_1": 0.7012462828694578,
        "client_2": 0.5437708830548926,
        "client_3": 0.5411396033171552,
        "client_4": 0.5398547604695888,
        "client_5": 0.00978292242020994,
        "client_6": 0.009806302750622381,
        "client_7": 0.009181167929966904,
        "client_8": 0.97106885366866,
        "client_9": 0.970529424431661
    }
}