{
    "client_0": {
        "client_0": 0.9995434500127935,
        "client_1": 0.9995484829025526,
        "client_2": 0.9683009909165979,
        "client_3": 0.9728832716810522,
        "client_4": 0.9651498679919243,
        "client_5": 0.7930566987846802,
        "client_6": 0.8532241461605259,
        "client_7": 0.8629360581144728,
        "client_8": 0.09868239284319237,
        "client_9": 0.0993314413058799
    },
    "client_1": {
        "client_0": 0.9996388298085798,
        "client_1": 0.999593710029343,
        "client_2": 0.9681329403079846,
        "client_3": 0.9726865817372671,
        "client_4": 0.9652773464190322,
        "client_5": 0.7947120700384873,
        "client_6": 0.8529139472700613,
        "client_7": 0.8626927791556201,
        "client_8": 0.09640323441910138,
        "client_9": 0.0970899697844881
    },
    "client_2": {
        "client_0": 0.30187335562105594,
        "client_1": 0.3007643211724844,
        "client_2": 0.974795332946561,
        "client_3": 0.9749500933736879,
        "client_4": 0.9749210237895687,
        "client_5": 0.0960945529290853,
        "client_6": 0.10047530232837976,
        "client_7": 0.10237172531390482,
        "client_8": 0.09852614577024026,
        "client_9": 0.17882127455678004
    },
    "client_3": {
        "client_0": 0.30491868306227693,
        "client_1": 0.30369448887309203,
        "client_2": 0.9753940792003077,
        "client_3": 0.9746576219121976,
        "client_4": 0.9748125360507595,
        "client_5": 0.0984992237364154,
        "client_6": 0.1032861000697879,
        "client_7": 0.10534226842863408,
        "client_8": 0.09311173408089708,
        "client_9": 0.16141356255969436
    },
    "client_4": {
        "client_0": 0.30626450116009285,
        "client_1": 0.30500779692465607,
        "client_2": 0.9785199821531009,
        "client_3": 0.9774551012609859,
        "client_4": 0.9780640224461166,
        "client_5": 0.10063683353799582,
        "client_6": 0.1053139222955662,
        "client_7": 0.10780415061513608,
        "client_8": 0.09046036063261813,
        "client_9": 0.16266102672562968
    },
    "client_5": {
        "client_0": 0.0573102139980697,
        "client_1": 0.05747222175948292,
        "client_2": 0.0007840062720501764,
        "client_3": 0.0032980623883468465,
        "client_4": 0.0007267441860465116,
        "client_5": 0.9468870911009497,
        "client_6": 0.9471288515406163,
        "client_7": 0.9476098077262304,
        "client_8": 0.10312822275696114,
        "client_9": 0.10573292138688636
    },
    "client_6": {
        "client_0": 0.053139774921755346,
        "client_1": 0.05329644690353977,
        "client_2": 0.000814663951120163,
        "client_3": 0.0036146253301821214,
        "client_4": 0.0007354743809757293,
        "client_5": 0.9468616922792075,
        "client_6": 0.9464944649446495,
        "client_7": 0.9457105799518251,
        "client_8": 0.09844372059355773,
        "client_9": 0.1005061460592914
    },
    "client_7": {
        "client_0": 0.05276331597917501,
        "client_1": 0.0528566655529569,
        "client_2": 0.00040975209997951245,
        "client_3": 0.0036231884057971015,
        "client_4": 0.00097799511002445,
        "client_5": 0.9534840276480478,
        "client_6": 0.9510333271271645,
        "client_7": 0.9530050552331024,
        "client_8": 0.10465116279069765,
        "client_9": 0.10808850199492201
    },
    "client_8": {
        "client_0": 0.6917761163871489,
        "client_1": 0.6988372793541779,
        "client_2": 0.5478750346435772,
        "client_3": 0.5602216003630313,
        "client_4": 0.5392317005207833,
        "client_5": 0.011086238140923143,
        "client_6": 0.010990014612761813,
        "client_7": 0.010599415204678362,
        "client_8": 0.9720399826700501,
        "client_9": 0.9725859690991647
    },
    "client_9": {
        "client_0": 0.6927233696054482,
        "client_1": 0.7002633725049799,
        "client_2": 0.5504812498214948,
        "client_3": 0.5630795590408858,
        "client_4": 0.5425058604028131,
        "client_5": 0.010381253035454105,
        "client_6": 0.010256410256410256,
        "client_7": 0.009834125020867163,
        "client_8": 0.9724281831550905,
        "client_9": 0.9730742539902845
    }
}