{
    "client_0": {
        "client_0": 0.9994732009813514,
        "client_1": 0.9994431205317948,
        "client_2": 0.794312464558474,
        "client_3": 0.941955565436961,
        "client_4": 0.7565983499458693,
        "client_5": 0.7850809031904196,
        "client_6": 0.7649150631295922,
        "client_7": 0.8143381368986375,
        "client_8": 0.08289219595146367,
        "client_9": 0.08123467474397808
    },
    "client_1": {
        "client_0": 0.9995284722500902,
        "client_1": 0.9995134454582391,
        "client_2": 0.7933514058528398,
        "client_3": 0.9420737839411422,
        "client_4": 0.7545448313255265,
        "client_5": 0.7850880666760084,
        "client_6": 0.7664033552106595,
        "client_7": 0.8142140189805677,
        "client_8": 0.08,
        "client_9": 0.07817388876587306
    },
    "client_2": {
        "client_0": 0.1290967550187782,
        "client_1": 0.14851849579780382,
        "client_2": 0.9519814121595457,
        "client_3": 0.9524546803432037,
        "client_4": 0.9520737921692576,
        "client_5": 0.10601525538283287,
        "client_6": 0.10545186797707848,
        "client_7": 0.10523961661341855,
        "client_8": 0.21926847662141777,
        "client_9": 0.22501416965803892
    },
    "client_3": {
        "client_0": 0.12601504576192935,
        "client_1": 0.14407402867998528,
        "client_2": 0.9560587593816152,
        "client_3": 0.956231976930471,
        "client_4": 0.9560981862462348,
        "client_5": 0.10898456539398862,
        "client_6": 0.10857124381648289,
        "client_7": 0.10840686512169107,
        "client_8": 0.21313320825515947,
        "client_9": 0.21954207104494486
    },
    "client_4": {
        "client_0": 0.12635633680555555,
        "client_1": 0.14429201371876532,
        "client_2": 0.9596578577811822,
        "client_3": 0.9596017614397856,
        "client_4": 0.9594844637274295,
        "client_5": 0.11158383291432993,
        "client_6": 0.11109684872601246,
        "client_7": 0.11086204688100423,
        "client_8": 0.2112609638781477,
        "client_9": 0.21656412683388546
    },
    "client_5": {
        "client_0": 0.03318663018912811,
        "client_1": 0.052557943531394855,
        "client_2": 0.0010422094841063055,
        "client_3": 0.0015624999999999999,
        "client_4": 0.0010432968179447052,
        "client_5": 0.9458559663571053,
        "client_6": 0.9448348559381587,
        "client_7": 0.9441642024699948,
        "client_8": 0.23416506717850283,
        "client_9": 0.25039619651347067
    },
    "client_6": {
        "client_0": 0.031291677448892254,
        "client_1": 0.04921156927228265,
        "client_2": 0.000541858574911948,
        "client_3": 0.0016238159675236806,
        "client_4": 0.0005420054200542005,
        "client_5": 0.9426987060998151,
        "client_6": 0.9432007400555042,
        "client_7": 0.9438738077769626,
        "client_8": 0.2382067581130813,
        "client_9": 0.25513585155732277
    },
    "client_7": {
        "client_0": 0.03025598152792707,
        "client_1": 0.04844817093785922,
        "client_2": 0.0005530973451327434,
        "client_3": 0.0016579165515335729,
        "client_4": 0.0005534034311012728,
        "client_5": 0.9498415066194293,
        "client_6": 0.9488233096750093,
        "client_7": 0.9485375786745649,
        "client_8": 0.22614601018675723,
        "client_9": 0.24285233770602085
    },
    "client_8": {
        "client_0": 0.6975718031423723,
        "client_1": 0.6988506670415219,
        "client_2": 0.5272343801397031,
        "client_3": 0.5307333615938957,
        "client_4": 0.524211564685061,
        "client_5": 0.010333359115167454,
        "client_6": 0.0101195095452429,
        "client_7": 0.010355144243438901,
        "client_8": 0.9675766736667205,
        "client_9": 0.9668393623072548
    },
    "client_9": {
        "client_0": 0.6987803326122047,
        "client_1": 0.7005781892316434,
        "client_2": 0.5301469525415562,
        "client_3": 0.5331784716689544,
        "client_4": 0.5263746217742402,
        "client_5": 0.009460708782742681,
        "client_6": 0.009331355827462612,
        "client_7": 0.009473992809640636,
        "client_8": 0.9678026535265583,
        "client_9": 0.9671518053123064
    }
}