{
    "client_0": {
        "client_0": 0.99973,
        "client_1": 0.99959,
        "client_2": 0.69591,
        "client_3": 0.11872,
        "client_4": 0.79612,
        "client_5": 0.54789,
        "client_6": 0.53974,
        "client_7": 0.51129,
        "client_8": 0.04072,
        "client_9": 0.04075
    },
    "client_1": {
        "client_0": 0.99971,
        "client_1": 0.99963,
        "client_2": 0.6921,
        "client_3": 0.11451,
        "client_4": 0.79286,
        "client_5": 0.54778,
        "client_6": 0.53943,
        "client_7": 0.51161,
        "client_8": 0.03883,
        "client_9": 0.03883
    },
    "client_2": {
        "client_0": 0.5128251282512825,
        "client_1": 0.5060000600006,
        "client_2": 0.9944949449494495,
        "client_3": 0.9944649446494465,
        "client_4": 0.9944649446494465,
        "client_5": 0.518930189301893,
        "client_6": 0.5054450544505446,
        "client_7": 0.4957549575495755,
        "client_8": 0.7782227822278223,
        "client_9": 0.7860678606786068
    },
    "client_3": {
        "client_0": 0.518210182101821,
        "client_1": 0.5106951069510695,
        "client_2": 0.9945849458494584,
        "client_3": 0.9945549455494554,
        "client_4": 0.994539945399454,
        "client_5": 0.522860228602286,
        "client_6": 0.5095850958509585,
        "client_7": 0.5007050070500705,
        "client_8": 0.7741877418774188,
        "client_9": 0.7815678156781568
    },
    "client_4": {
        "client_0": 0.5190351903519035,
        "client_1": 0.511130111301113,
        "client_2": 0.9951699516995169,
        "client_3": 0.9951249512495125,
        "client_4": 0.995079950799508,
        "client_5": 0.5210002100021001,
        "client_6": 0.508370083700837,
        "client_7": 0.4984849848498485,
        "client_8": 0.7748477484774847,
        "client_9": 0.7824228242282423
    },
    "client_5": {
        "client_0": 0.13962139621396213,
        "client_1": 0.14010140101401014,
        "client_2": 0.5257252572525726,
        "client_3": 0.51440014400144,
        "client_4": 0.508910089100891,
        "client_5": 0.9956349563495634,
        "client_6": 0.995589955899559,
        "client_7": 0.9955449554495545,
        "client_8": 0.960009600096001,
        "client_9": 0.9602646026460264
    },
    "client_6": {
        "client_0": 0.13576635766357664,
        "client_1": 0.13620136201362013,
        "client_2": 0.5274652746527465,
        "client_3": 0.516830168301683,
        "client_4": 0.5116251162511625,
        "client_5": 0.995859958599586,
        "client_6": 0.9957849578495785,
        "client_7": 0.995769957699577,
        "client_8": 0.9617796177961779,
        "client_9": 0.9620946209462095
    },
    "client_7": {
        "client_0": 0.13846638466384664,
        "client_1": 0.13885638856388563,
        "client_2": 0.529310293102931,
        "client_3": 0.5187351873518735,
        "client_4": 0.512720127201272,
        "client_5": 0.996279962799628,
        "client_6": 0.9962049620496205,
        "client_7": 0.9960849608496085,
        "client_8": 0.962229622296223,
        "client_9": 0.9624846248462484
    },
    "client_8": {
        "client_0": 0.52844,
        "client_1": 0.52751,
        "client_2": 0.54129,
        "client_3": 0.53969,
        "client_4": 0.53958,
        "client_5": 0.35155,
        "client_6": 0.35085,
        "client_7": 0.34909,
        "client_8": 0.97561,
        "client_9": 0.97553
    },
    "client_9": {
        "client_0": 0.52919,
        "client_1": 0.52801,
        "client_2": 0.54257,
        "client_3": 0.54101,
        "client_4": 0.54085,
        "client_5": 0.34874,
        "client_6": 0.34836,
        "client_7": 0.34664,
        "client_8": 0.97579,
        "client_9": 0.97573
    }
}