{
    "client_0": {
        "client_0": 0.99911,
        "client_1": 0.99907,
        "client_2": 0.92104,
        "client_3": 0.95593,
        "client_4": 0.9368,
        "client_5": 0.75642,
        "client_6": 0.7488,
        "client_7": 0.75813,
        "client_8": 0.06304,
        "client_9": 0.06319
    },
    "client_1": {
        "client_0": 0.99929,
        "client_1": 0.99923,
        "client_2": 0.92025,
        "client_3": 0.95568,
        "client_4": 0.93637,
        "client_5": 0.75568,
        "client_6": 0.74842,
        "client_7": 0.7574,
        "client_8": 0.06066,
        "client_9": 0.06084
    },
    "client_2": {
        "client_0": 0.41538415384153843,
        "client_1": 0.4129841298412984,
        "client_2": 0.993819938199382,
        "client_3": 0.9939249392493925,
        "client_4": 0.9940149401494015,
        "client_5": 0.5632556325563256,
        "client_6": 0.553820538205382,
        "client_7": 0.5688056880568806,
        "client_8": 0.8759937599375994,
        "client_9": 0.8756337563375634
    },
    "client_3": {
        "client_0": 0.4173641736417364,
        "client_1": 0.4149041490414904,
        "client_2": 0.9938049380493805,
        "client_3": 0.993849938499385,
        "client_4": 0.993879938799388,
        "client_5": 0.5679656796567966,
        "client_6": 0.5596555965559655,
        "client_7": 0.5743407434074341,
        "client_8": 0.8733087330873309,
        "client_9": 0.8737287372873729
    },
    "client_4": {
        "client_0": 0.4186841868418684,
        "client_1": 0.4160891608916089,
        "client_2": 0.9946449464494644,
        "client_3": 0.9946449464494644,
        "client_4": 0.9946749467494675,
        "client_5": 0.5665256652566526,
        "client_6": 0.5576605766057661,
        "client_7": 0.5724507245072451,
        "client_8": 0.8733087330873309,
        "client_9": 0.8734137341373414
    },
    "client_5": {
        "client_0": 0.14685146851468514,
        "client_1": 0.15246152461524615,
        "client_2": 0.8904389043890439,
        "client_3": 0.8401284012840129,
        "client_4": 0.8558635586355864,
        "client_5": 0.9955749557495575,
        "client_6": 0.9955149551495515,
        "client_7": 0.9952449524495245,
        "client_8": 0.9606546065460655,
        "client_9": 0.9633246332463324
    },
    "client_6": {
        "client_0": 0.14290642906429063,
        "client_1": 0.14932649326493264,
        "client_2": 0.8917289172891729,
        "client_3": 0.8408184081840818,
        "client_4": 0.8568835688356884,
        "client_5": 0.9956049560495605,
        "client_6": 0.9955149551495515,
        "client_7": 0.9954549545495455,
        "client_8": 0.9624846248462484,
        "client_9": 0.9649896498964989
    },
    "client_7": {
        "client_0": 0.14514145141451415,
        "client_1": 0.15073650736507366,
        "client_2": 0.8926589265892659,
        "client_3": 0.8406834068340684,
        "client_4": 0.8570035700357004,
        "client_5": 0.996129961299613,
        "client_6": 0.9962649626496265,
        "client_7": 0.9958749587495875,
        "client_8": 0.9628896288962889,
        "client_9": 0.9651096510965109
    },
    "client_8": {
        "client_0": 0.54327,
        "client_1": 0.543,
        "client_2": 0.52015,
        "client_3": 0.52218,
        "client_4": 0.51864,
        "client_5": 0.35084,
        "client_6": 0.35061,
        "client_7": 0.35249,
        "client_8": 0.96513,
        "client_9": 0.96233
    },
    "client_9": {
        "client_0": 0.54472,
        "client_1": 0.54425,
        "client_2": 0.52115,
        "client_3": 0.52299,
        "client_4": 0.51985,
        "client_5": 0.34813,
        "client_6": 0.34807,
        "client_7": 0.34993,
        "client_8": 0.96575,
        "client_9": 0.96293
    }
}