{
    "client_000": {
        "client_000": 0.9558941459502807,
        "client_001": 0.9583444592790387,
        "client_002": 0.9594848403541723,
        "client_003": 0.959452201933405,
        "client_004": 0.9588527007103607,
        "client_005": 0.27351690999815187,
        "client_006": 0.26781461806191614,
        "client_007": 0.22788153178645534,
        "client_008": 0.27386981804539484,
        "client_009": 0.23005495546712146,
        "client_010": 0.13303301864187475,
        "client_011": 0.13517118719430857,
        "client_012": 0.15147019152953872,
        "client_013": 0.1402868646200302,
        "client_014": 0.12711066821679678,
        "client_015": 0.1021470396877033,
        "client_016": 0.10465968935404306,
        "client_017": 0.10423886963476406,
        "client_018": 0.10116939525559639,
        "client_019": 0.10422366050577167
    },
    "client_001": {
        "client_000": 0.9554462029525203,
        "client_001": 0.9576304954177182,
        "client_002": 0.9591891170978928,
        "client_003": 0.9590174876518489,
        "client_004": 0.9578891257995736,
        "client_005": 0.2625482625482625,
        "client_006": 0.2567937260623746,
        "client_007": 0.21127819548872181,
        "client_008": 0.26252804786836204,
        "client_009": 0.21505784183576715,
        "client_010": 0.13113189539988548,
        "client_011": 0.13332021449303882,
        "client_012": 0.14839098146785307,
        "client_013": 0.13668304209937193,
        "client_014": 0.12534269108454874,
        "client_015": 0.10981610981610981,
        "client_016": 0.1123640222870788,
        "client_017": 0.11154585847867896,
        "client_018": 0.10804337702082363,
        "client_019": 0.11162790697674418
    },
    "client_002": {
        "client_000": 0.9518503780342221,
        "client_001": 0.9559465537769546,
        "client_002": 0.9560819803034336,
        "client_003": 0.9561625582944703,
        "client_004": 0.9548232792984321,
        "client_005": 0.2637242385555353,
        "client_006": 0.2554875854623965,
        "client_007": 0.2159746788307578,
        "client_008": 0.26328457693019813,
        "client_009": 0.22013170272812796,
        "client_010": 0.13471354290893478,
        "client_011": 0.13709280582619823,
        "client_012": 0.1526056244168999,
        "client_013": 0.14071410860401687,
        "client_014": 0.12862547288776796,
        "client_015": 0.109036301906503,
        "client_016": 0.11184034288775785,
        "client_017": 0.11041876046901172,
        "client_018": 0.10748354158269514,
        "client_019": 0.11053725937353276
    },
    "client_003": {
        "client_000": 0.9553679131483717,
        "client_001": 0.958070997990623,
        "client_002": 0.960958535271944,
        "client_003": 0.9607552258934592,
        "client_004": 0.9593649085037675,
        "client_005": 0.2514008218154651,
        "client_006": 0.24446085672082715,
        "client_007": 0.20202405957609318,
        "client_008": 0.25089741167579827,
        "client_009": 0.20459770114942527,
        "client_010": 0.1287237603404581,
        "client_011": 0.13112335235097383,
        "client_012": 0.1458207452165156,
        "client_013": 0.13499467785360966,
        "client_014": 0.12279059523154012,
        "client_015": 0.09722040976119013,
        "client_016": 0.09983918520503887,
        "client_017": 0.09928982982714726,
        "client_018": 0.0969908651262762,
        "client_019": 0.09945641232132073
    },
    "client_004": {
        "client_000": 0.9578947368421054,
        "client_001": 0.9608080808080808,
        "client_002": 0.9614082599864591,
        "client_003": 0.9614967462039046,
        "client_004": 0.9597188429305218,
        "client_005": 0.2718662952646239,
        "client_006": 0.2640819312362838,
        "client_007": 0.2288312180337185,
        "client_008": 0.2729500471253535,
        "client_009": 0.23125357756153403,
        "client_010": 0.13141271056661563,
        "client_011": 0.13419507622477675,
        "client_012": 0.1509763134939274,
        "client_013": 0.13990480961923846,
        "client_014": 0.1264538889807618,
        "client_015": 0.10064365125804564,
        "client_016": 0.1036524516000266,
        "client_017": 0.10246856078248719,
        "client_018": 0.09993995596770965,
        "client_019": 0.1023658780406531
    },
    "client_005": {
        "client_000": 0.5171478218455628,
        "client_001": 0.5304137722742374,
        "client_002": 0.517763398852399,
        "client_003": 0.5173695758166748,
        "client_004": 0.5176484907497565,
        "client_005": 0.9653427534848196,
        "client_006": 0.9649917331608081,
        "client_007": 0.9656013778585781,
        "client_008": 0.9645556299626901,
        "client_009": 0.9652300844719903,
        "client_010": 0.7001590224305323,
        "client_011": 0.700223947759476,
        "client_012": 0.6986932484503265,
        "client_013": 0.6948595966825244,
        "client_014": 0.6984299769729956,
        "client_015": 0.009361417586091606,
        "client_016": 0.00872985418265541,
        "client_017": 0.008712302537099089,
        "client_018": 0.008123791102514507,
        "client_019": 0.010284011725695612
    },
    "client_006": {
        "client_000": 0.526641020204162,
        "client_001": 0.5376990087113247,
        "client_002": 0.5270565396748362,
        "client_003": 0.5269627880219215,
        "client_004": 0.5271083426567084,
        "client_005": 0.9646188715257068,
        "client_006": 0.9641796762762188,
        "client_007": 0.9641175204991513,
        "client_008": 0.9639792528144943,
        "client_009": 0.9640439223942011,
        "client_010": 0.702555010950047,
        "client_011": 0.7022808372112433,
        "client_012": 0.7011148690968307,
        "client_013": 0.6978714480444584,
        "client_014": 0.7009517448655869,
        "client_015": 0.010524301569077688,
        "client_016": 0.009321545262348645,
        "client_017": 0.009308127818827368,
        "client_018": 0.008128114567710098,
        "client_019": 0.011261369652052553
    },
    "client_007": {
        "client_000": 0.5214303059737736,
        "client_001": 0.5337945555722666,
        "client_002": 0.5218157510938259,
        "client_003": 0.521633594271497,
        "client_004": 0.5216574217210754,
        "client_005": 0.96502963791749,
        "client_006": 0.964225116501374,
        "client_007": 0.964558290402595,
        "client_008": 0.9641341155148567,
        "client_009": 0.964564392583578,
        "client_010": 0.7031015507753878,
        "client_011": 0.7030533077500625,
        "client_012": 0.7016906700062617,
        "client_013": 0.6981405001991573,
        "client_014": 0.7016314098552175,
        "client_015": 0.008873199122221162,
        "client_016": 0.008229665071770335,
        "client_017": 0.008126195028680689,
        "client_018": 0.007710843373493976,
        "client_019": 0.009019382076376896
    },
    "client_008": {
        "client_000": 0.5206122697889987,
        "client_001": 0.5322409988210043,
        "client_002": 0.5211022612835302,
        "client_003": 0.52069743339633,
        "client_004": 0.521575071511168,
        "client_005": 0.9654892213565317,
        "client_006": 0.9648255674456547,
        "client_007": 0.965048032005366,
        "client_008": 0.9648303765950825,
        "client_009": 0.9654197320808072,
        "client_010": 0.7015306122448979,
        "client_011": 0.7014997176263884,
        "client_012": 0.6998388143434302,
        "client_013": 0.6962885080433183,
        "client_014": 0.6994768780079514,
        "client_015": 0.010046404822274316,
        "client_016": 0.009128909815980395,
        "client_017": 0.009113146913521032,
        "client_018": 0.0084171826625387,
        "client_019": 0.010109763142692086
    },
    "client_009": {
        "client_000": 0.5193949743839961,
        "client_001": 0.5319958909903921,