{
  "r1": {
    "client_008": 0.15078817986073628,
    "client_009": 0.24946562340905296,
    "client_007": 0.20481316205868555,
    "client_005": 0.21015774704628465,
    "client_006": 0.18477528762524056,
    "attacker_001": 0.0015011478535915642,
    "attacker_000": 0.0010929265347080902,
    "client_011": 0.3324686418705668,
    "client_012": 0.3324686418705668,
    "client_010": 0.3324686418705668,
    "client_001": 0.24008614944891266,
    "client_003": 0.2786263527190559,
    "client_004": 0.10899211237556135,
    "client_002": 0.17344510860177986,
    "client_000": 0.19885027685469017,
    "client_015": 0.0070455017403529855,
    "client_016": 0.044694122382652,
    "client_013": 0.275893067605007,
    "client_014": 0.33397783576412104,
    "client_017": 0.33838947250786705
  },
  "r2": {
    "client_015": 0.1577090136675144,
    "client_016": 0.11543649084377662,
    "client_013": 0.2309595371970201,
    "client_014": 0.20087743008704734,
    "client_017": 0.29501752820464155,
    "client_005": 0.17302056241235458,
    "client_009": 0.22394637991711652,
    "client_008": 0.18468570055476632,
    "client_006": 0.18855577773294172,
    "client_007": 0.22979157938282088,
    "client_001": 0.13493969805178038,
    "client_004": 0.17870098823209235,
    "client_003": 0.26310167342927004,
    "client_000": 0.24903266315798647,
    "client_002": 0.17422497712887072,
    "client_010": 0.33327339610725254,
    "client_011": 0.3316918720420874,
    "client_012": 0.3331226031368212,
    "attacker_001": 0.001010611505511571,
    "attacker_000": 0.0009015172083273283
  },
  "r3": {
    "client_000": 0.12467081320997324,
    "client_001": 0.10489969882728413,
    "client_003": 0.11576526216700425,
    "client_004": 0.34676189029924465,
    "client_002": 0.3079023354964937,
    "attacker_001": 0.0014189459254309903,
    "attacker_000": 0.0007050688524259462,
    "client_011": 0.3324919240760887,
    "client_012": 0.33259543880280773,
    "client_010": 0.3327886223432467,
    "client_015": 0.06967160957674758,
    "client_016": 0.2094539330039028,
    "client_013": 0.27825968164126946,
    "client_014": 0.2923453848895826,
    "client_017": 0.1502693908884976,
    "client_005": 0.17495190312428094,
    "client_008": 0.2172115041745856,
    "client_009": 0.2044188239910011,
    "client_006": 0.19067927762112655,
    "client_007": 0.21273849108900594
  },
  "r4": {
    "client_000": 0.19744819065577177,
    "client_001": 0.12115987769688898,
    "client_002": 0.23892564090557888,
    "client_003": 0.18894861934681045,
    "client_004": 0.25351767139494985,
    "client_009": 0.2280067313063128,
    "client_006": 0.17105012969054048,
    "client_008": 0.2550695675398535,
    "client_005": 0.18400689493051622,
    "client_007": 0.16186667653277698,
    "client_011": 0.33259385071674574,
    "client_012": 0.332893804339999,
    "client_010": 0.3328125251597286,
    "attacker_000": 0.0007311513878783705,
    "attacker_001": 0.0009686683956482595,
    "client_014": 0.273340135376515,
    "client_015": 0.07387273014887093,
    "client_017": 0.2353044862548214,
    "client_016": 0.21650878769822773,
    "client_013": 0.200973860521565
  },
  "r5": {
    "client_008": 0.26025410791468195,
    "client_005": 0.1406566389586446,
    "client_009": 0.25678809474364606,
    "client_006": 0.16979283250936847,
    "client_007": 0.17250832587365877,
    "attacker_001": 0.0007752565237413443,
    "attacker_000": 0.0007793056417317878,
    "client_011": 0.3327648369808298,
    "client_012": 0.3328515322035692,
    "client_010": 0.3328290686501278,
    "client_000": 0.20613254865917544,
    "client_001": 0.16968668085214167,
    "client_003": 0.2072604631500217,
    "client_004": 0.21943912564193982,
    "client_002": 0.19748118169672146,
    "client_016": 0.24793895509762318,
    "client_017": 0.24872108092519954,
    "client_015": 0.2068928667831029,
    "client_013": 0.21793853166315855,
    "client_014": 0.07850856553091581
  },
  "r6": {
    "client_016": 0.2683451756527683,
    "client_013": 0.155939257880585,
    "client_015": 0.18974591659496706,
    "client_017": 0.20828140732994094,
    "client_014": 0.17768824254173876,
    "client_001": 0.2099460827863415,
    "client_000": 0.18338313609557202,
    "client_002": 0.1871963242468935,
    "client_004": 0.19375931969527568,
    "client_003": 0.2257151371759173,
    "client_007": 0.1479921116836005,
    "client_009": 0.20119562136603436,
    "client_005": 0.24975096886541484,
    "client_008": 0.16387718619495253,
    "client_006": 0.23718411188999775,
    "attacker_000": 0.0010189665312921225,
    "attacker_001": 0.0006999246447670589,
    "client_010": 0.33263003767764926,
    "client_012": 0.3329063141904324,
    "client_011": 0.33274475695585926
  },
  "r7": {
    "client_002": 0.18120311519379662,
    "client_004": 0.20051292666278453,
    "client_003": 0.2228499929952068,
    "client_001": 0.19438692443374972,
    "client_000": 0.20104704071446222,
    "client_012": 0.33290911294692954,
    "client_011": 0.33272681330620635,
    "client_010": 0.3326926547196899,
    "attacker_001": 0.0007592267970251812,
    "attacker_000": 0.0009121922301489817,
    "client_016": 0.28824559696658786,
    "client_017": 0.20160475792092405,
    "client_015": 0.19307423327210377,
    "client_013": 0.17441467927049925,
    "client_014": 0.14266073256988518,
    "client_009": 0.12352696529149684,
    "client_005": 0.2878284859787695,
    "client_008": 0.1892277078480208,
    "client_006": 0.2510661536242551,
    "client_007": 0.1483506872574578
  },
  "r8": {
    "client_002": 0.18850688378436248,
    "client_004": 0.21531134131335541,
    "client_003": 0.2065118328799859,
    "client_000": 0.1962859829463909,
    "client_001": 0.19338395907590525,
    "client_013": 0.20497334174674425,
    "client_015": 0.21897541130215817,
    "client_017": 0.22517291789373037,
    "client_014": 0.20363725426415105,
    "client_016": 0.1472410747932162,
    "attacker_000": 0.0007960810255728775,
    "attacker_001": 0.0007399715932268435,
    "client_010": 0.3326670054264804,
    "client_012": 0.332860914300932,
    "client_011": 0.3329360276537878,
    "client_007": 0.1510311448926064,
    "client_009": 0.15646762215237736,
    "client_005": 0.26103534091537883,
    "client_006": 0.22004442047137185,
    "client_008": 0.21142147156826546
  },
  "r9": {
    "client_005": 0.22900458785091296,
    "client_009": 0.21553880549996776,
    "client_008": 0.13588928876100223,
    "client_006": 0.27080296904633383,
    "client_007": 0.1487643488417833,
    "client_013": 0.12216344970512748,
    "client_015": 0.23608406233223914,
    "client_014": 0.16111884080347916,
    "client_017": 0.30303901688656193,
    "client_016": 0.17759463027259234,
    "attacker_001": 0.0012581851703686502,
    "attacker_000": 0.000705800696928567,
    "client_011": 0.3327166105388298,
    "client_012": 0.33269060551379154,
    "client_010": 0.33262879808008144,
    "client_003": 0.21035007495589236,
    "client_004": 0.20843043985878804,
    "client_002": 0.18304552475487207,
    "client_000": 0.20546290408194245,
    "client_001": 0.19271105634850502
  },
  "r10": {
    "client_008": 0.24163271036456205,
    "client_009": 0.26503412986522085,
    "client_005": 0.2120538933337873,
    "client_006": 0.1248622505024425,
    "client_007": 0.15641701593398732,
    "client_000": 0.1976491582879201,
    "client_001": 0.19243436436121913,
    "client_003": 0.20679559726552635,
    "client_002": 0.18202255228784922,
    "client_004": 0.2210983277974851,
    "client_013": 0.03006024396701788,
    "client_015": 0.22273777279646262,
    "client_016": 0.18285020518072562,
    "client_017": 0.30841710977256653,
    "client_014": 0.2559346682832273,
    "client_011": 0.3326277078490084,
    "client_012": 0.3326300255002551,
    "client_010": 0.3324178834355791,
    "attacker_000": 0.0006497104168921054,
    "attacker_001": 0.0016746727982652214
  }
}