{
  "r1": {
    "client_008": 0.19984327770264487,
    "client_009": 0.200157561306799,
    "client_007": 0.2000150850082297,
    "client_005": 0.20003185040178115,
    "client_006": 0.1999522255805453,
    "attacker_001": 0.19868808592794981,
    "attacker_000": 0.19863491884476486,
    "client_011": 0.20089233174242843,
    "client_012": 0.20089233174242843,
    "client_010": 0.20089233174242843,
    "client_001": 0.20012825545338567,
    "client_003": 0.2002589470056757,
    "client_004": 0.19969802309859402,
    "client_002": 0.19991733212054588,
    "client_000": 0.1999974423217987,
    "client_015": 0.19896183587055272,
    "client_016": 0.19941274777868048,
    "client_013": 0.20032374987485052,
    "client_014": 0.2006335043916902,
    "client_017": 0.200668162084226
  },
  "r2": {
    "client_015": 0.1998650915512916,
    "client_016": 0.19972058074459534,
    "client_013": 0.20009645846189783,
    "client_014": 0.20000175634125972,
    "client_017": 0.2003161129009555,
    "client_005": 0.19991500310585372,
    "client_009": 0.2000752426609096,
    "client_008": 0.19995188304129752,
    "client_006": 0.19996405108427745,
    "client_007": 0.20009382010766175,
    "client_001": 0.19978994948324233,
    "client_004": 0.19993282453051608,
    "client_003": 0.20020279021504717,
    "client_000": 0.20015578584292443,
    "client_002": 0.19991864992826994,
    "client_010": 0.2009358433846904,
    "client_011": 0.2009045027628232,
    "client_012": 0.20093269357080523,
    "attacker_001": 0.19862277330825404,
    "attacker_000": 0.1986041869734272
  },
  "r3": {
    "client_000": 0.19974613977748074,
    "client_001": 0.19967419286339863,
    "client_003": 0.19971446909601848,
    "client_004": 0.20051956302464924,
    "client_002": 0.20034563523845292,
    "attacker_001": 0.19867915949832074,
    "attacker_000": 0.19856478659274288,
    "client_011": 0.2009160578475661,
    "client_012": 0.2009180855210451,
    "client_010": 0.20092191054032518,
    "client_015": 0.19953429923228833,
    "client_016": 0.20003584660102813,
    "client_013": 0.20026539065395163,
    "client_014": 0.2003182296468292,
    "client_017": 0.19984623386590267,
    "client_005": 0.19992122601632525,
    "client_008": 0.20005407540342762,
    "client_009": 0.2000138863882929,
    "client_006": 0.19997081548836815,
    "client_007": 0.20003999670358608
  },
  "r4": {
    "client_000": 0.19999324335508029,
    "client_001": 0.1997428288801245,
    "client_002": 0.20012474673382383,
    "client_003": 0.19996653366721387,
    "client_004": 0.20017264736375756,
    "client_009": 0.200087694511386,
    "client_006": 0.1999084023437922,
    "client_008": 0.20017552179711687,
    "client_005": 0.19994939433594025,
    "client_007": 0.19987898701176474,
    "client_011": 0.2009339962527566,
    "client_012": 0.20094034135089517,
    "client_010": 0.20093860703510213,
    "attacker_000": 0.19857091372813307,
    "attacker_001": 0.19861614163311297,
    "client_014": 0.2002510773476498,
    "client_015": 0.19955564431406214,
    "client_017": 0.20012137079628414,
    "client_016": 0.2000606812133247,
    "client_013": 0.20001122632867913
  },
  "r5": {
    "client_008": 0.2001926808174187,
    "client_005": 0.19980910221364515,
    "client_009": 0.20018104615237356,
    "client_006": 0.19990426357169272,
    "client_007": 0.19991290724486985,
    "attacker_001": 0.19858039751961676,
    "attacker_000": 0.1985812288069403,
    "client_011": 0.2009450237404543,
    "client_012": 0.20094692148289361,
    "client_010": 0.20094642845009508,
    "client_000": 0.2000193048991901,
    "client_001": 0.1999045124913517,
    "client_003": 0.20002284259082928,
    "client_004": 0.20006115100448194,
    "client_002": 0.19999218901414695,
    "client_016": 0.20016282939500268,
    "client_017": 0.20016544828321622,
    "client_015": 0.20002978425893167,
    "client_013": 0.20006499459558763,
    "client_014": 0.19957694346726176
  },
  "r6": {
    "client_016": 0.20021973251308475,
    "client_013": 0.19985936591131911,
    "client_015": 0.19996693836473148,
    "client_017": 0.20002496103071934,
    "client_014": 0.1999290021801453,
    "client_001": 0.20003113608044176,
    "client_000": 0.19994779806344695,
    "client_002": 0.199959796399753,
    "client_004": 0.1999803968969802,
    "client_003": 0.2000808725593781,
    "client_007": 0.19983409139795633,
    "client_009": 0.20000380311323251,
    "client_005": 0.200158573189026,
    "client_008": 0.19988588010405645,
    "client_006": 0.20011765219572863,
    "attacker_000": 0.19862440465865994,
    "attacker_001": 0.19856399606063965,
    "client_010": 0.20093444598611948,
    "client_012": 0.20094029439891073,
    "client_011": 0.2009368588956701
  },
  "r7": {
    "client_002": 0.19994094786935404,
    "client_004": 0.20000158597839857,
    "client_003": 0.2000718182095558,
    "client_001": 0.19998238846852767,
    "client_000": 0.20000325947416386,
    "client_012": 0.20094172768909394,
    "client_011": 0.20093783278927366,
    "client_010": 0.2009371092739142,
    "attacker_001": 0.19857692572564425,
    "attacker_000": 0.1986064045220739,
    "client_016": 0.2002886728361405,
    "client_017": 0.20000286564643555,
    "client_015": 0.1999762196041431,
    "client_013": 0.19991759142774645,
    "client_014": 0.1998146504855344,
    "client_009": 0.19974969525800038,
    "client_005": 0.20028907588871445,
    "client_008": 0.19996527018231205,
    "client_006": 0.20016151070355936,
    "client_007": 0.19983444796741384
  },
  "r8": {
    "client_002": 0.1999639498004979,
    "client_004": 0.2000480397275178,
    "client_003": 0.20002040056959672,
    "client_000": 0.19998835377391166,
    "client_001": 0.199979256128476,
    "client_013": 0.20001612347346934,
    "client_015": 0.20006017484302654,
    "client_017": 0.20007980222971375,
    "client_014": 0.20001193196318223,
    "client_016": 0.19983196749060816,
    "attacker_000": 0.19858465735374564,
    "attacker_001": 0.1985730076827498,
    "client_010": 0.20094405777488078,
    "client_012": 0.20094830642703496,
    "client_011": 0.20094997076158885,
    "client_007": 0.19984394022639876,
    "client_009": 0.1998617243351967,
    "client_005": 0.2001959179768071,
    "client_006": 0.20006278134016856,
    "client_008": 0.20003563612142894
  },
  "r9": {
    "client_005": 0.20009142642145175,
    "client_009": 0.20004880238607617,
    "client_008": 0.19979341643526072,
    "client_006": 0.20022972574854153,
    "client_007": 0.19983662900866986,
    "client_013": 0.19974361980012512,
    "client_015": 0.20011069148437569,
    "client_014": 0.19987464314006165,
    "client_017": 0.20034396380914396,
    "client_016": 0.19992708176629354,
    "attacker_001": 0.1986590616425371,
    "attacker_000": 0.19856508270453457,
    "client_011": 0.20092605191977855,
    "client_012": 0.2009255254543016,
    "client_010": 0.20092427827884818,
    "client_003": 0.20003246720725962,
    "client_004": 0.20002644182682747,
    "client_002": 0.19994678928518525,
    "client_000": 0.20001713451693878,
    "client_001": 0.1999771671637888
  },
  "r10": {
    "client_008": 0.2001328271063121,
    "client_009": 0.20021076402259722,
    "client_005": 0.2000385383456062,
    "client_006": 0.1997556110859437,
    "client_007": 0.1998622594395408,
    "client_000": 0.19999261981385427,
    "client_001": 0.19997627211236024,
    "client_003": 0.20002128426074686,
    "client_002": 0.19994353881330781,
    "client_004": 0.2000662849997308,
    "client_013": 0.19929134204444807,
    "client_015": 0.20010018534075313,
    "client_016": 0.1999694574076604,
    "client_017": 0.20042489867529137,
    "client_014": 0.2002141165318471,
    "client_011": 0.20091493691126752,
    "client_012": 0.20091498193390764,
    "client_010": 0.20091089125666464,
    "attacker_000": 0.1985518178306117,
    "attacker_001": 0.19870737206754854
  }
}