{
    "attacker_000": {
        "attacker_000": 0.9921465968586388,
        "attacker_001": 0.9920625597825173,
        "client_000": 0.9546311629966059,
        "client_001": 0.9553720633048265,
        "client_002": 0.9553720633048265,
        "client_003": 0.9542226377339303,
        "client_004": 0.955096689609964,
        "client_005": 0.08742275536168664,
        "client_006": 0.08759389386963896,
        "client_007": 0.06176326129666012,
        "client_008": 0.08742275536168664,
        "client_009": 0.061346679357671394,
        "client_010": 0.9674830944446243,
        "client_011": 0.9674830944446243,
        "client_012": 0.967498746218433,
        "client_013": 0.6984312705841567,
        "client_014": 0.697577706323687,
        "client_015": 0.6203284713448949,
        "client_016": 0.5035278865092623,
        "client_017": 0.6982771697908766
    },
    "attacker_001": {
        "attacker_000": 0.9922956845762627,
        "attacker_001": 0.992076814610891,
        "client_000": 0.9540965318108737,
        "client_001": 0.9547094319821592,
        "client_002": 0.9546796091034302,
        "client_003": 0.9537188997571062,
        "client_004": 0.9544597320388988,
        "client_005": 0.09026602176541718,
        "client_006": 0.091071158785315,
        "client_007": 0.06493307605133389,
        "client_008": 0.09009281373764247,
        "client_009": 0.06386564922926052,
        "client_010": 0.9671353905403,
        "client_011": 0.967151040486747,
        "client_012": 0.967151040486747,
        "client_013": 0.6973958333333333,
        "client_014": 0.6976943883903655,
        "client_015": 0.6253722453841573,
        "client_016": 0.5075793403858121,
        "client_017": 0.6971716338535675
    },
    "client_000": {
        "attacker_000": 0.11691810344827586,
        "attacker_001": 0.15239398084815323,
        "client_000": 0.9768518518518519,
        "client_001": 0.9764401470788506,
        "client_002": 0.9760283301552711,
        "client_003": 0.976858154097468,
        "client_004": 0.9765731408335604,
        "client_005": 0.21776259607173357,
        "client_006": 0.21472263235604305,
        "client_007": 0.21252609603340294,
        "client_008": 0.22094219296441062,
        "client_009": 0.22044594026083297,
        "client_010": 0.12908680947012402,
        "client_011": 0.1277981651376147,
        "client_012": 0.12969541944957605,
        "client_013": 0.10482445061884314,
        "client_014": 0.10526984126984125,
        "client_015": 0.10578638796839154,
        "client_016": 0.10488933984399772,
        "client_017": 0.10393346257269714
    },
    "client_001": {
        "attacker_000": 0.12070787110406762,
        "attacker_001": 0.152378392905133,
        "client_000": 0.9784974780992832,
        "client_001": 0.978361874419222,
        "client_002": 0.978226234731811,
        "client_003": 0.9787573021773764,
        "client_004": 0.9786216969857919,
        "client_005": 0.22658042979344875,
        "client_006": 0.21860848085631945,
        "client_007": 0.2188710006113715,
        "client_008": 0.22582582582582583,
        "client_009": 0.2269649086804843,
        "client_010": 0.13411875589066918,
        "client_011": 0.1324333011893282,
        "client_012": 0.13512742487637885,
        "client_013": 0.10391422952483663,
        "client_014": 0.10449094156672621,
        "client_015": 0.104811876119785,
        "client_016": 0.10353390639923592,
        "client_017": 0.1027955371693619
    },
    "client_002": {
        "attacker_000": 0.1078509119746233,
        "attacker_001": 0.13986577181208054,
        "client_000": 0.9775280898876404,
        "client_001": 0.9769807280513918,
        "client_002": 0.976706827309237,
        "client_003": 0.9775341000267451,
        "client_004": 0.9771176234443998,
        "client_005": 0.23668393782383418,
        "client_006": 0.2292263610315186,
        "client_007": 0.23197237456835265,
        "client_008": 0.23779875477003412,
        "client_009": 0.23926380368098157,
        "client_010": 0.1300373134328358,
        "client_011": 0.12810933940774488,
        "client_012": 0.1308701170497814,
        "client_013": 0.10129623774897249,
        "client_014": 0.1016712206900934,
        "client_015": 0.10214231063504207,
        "client_016": 0.10161106177851072,
        "client_017": 0.10041893328331143
    },
    "client_003": {
        "attacker_000": 0.12302754747258625,
        "attacker_001": 0.15670831070070612,
        "client_000": 0.9770690564048499,
        "client_001": 0.9769220625082421,
        "client_002": 0.9765233447639146,
        "client_003": 0.9774614472123369,
        "client_004": 0.9770509100501188,
        "client_005": 0.23280640525559432,
        "client_006": 0.22412039861704292,
        "client_007": 0.22826086956521735,
        "client_008": 0.2328821656050955,
        "client_009": 0.23617581527243264,
        "client_010": 0.13581964931811857,
        "client_011": 0.13483452126935125,
        "client_012": 0.13633602765967387,
        "client_013": 0.10223281485198193,
        "client_014": 0.10254146433751654,
        "client_015": 0.10289836729527908,
        "client_016": 0.10246392337261327,
        "client_017": 0.10155183116076971
    },
    "client_004": {
        "attacker_000": 0.11829105473965286,
        "attacker_001": 0.14964693101575233,
        "client_000": 0.9777422364387579,
        "client_001": 0.9773333333333334,
        "client_002": 0.9777303640485399,
        "client_003": 0.9780087964814075,
        "client_004": 0.9778607628700987,
        "client_005": 0.24064502790986148,
        "client_006": 0.22974903081003878,
        "client_007": 0.2350090854027862,
        "client_008": 0.24157863264899343,
        "client_009": 0.2398042414355628,
        "client_010": 0.13269302499067512,
        "client_011": 0.13101786607264626,
        "client_012": 0.13392941176470588,
        "client_013": 0.09955611921369689,
        "client_014": 0.10012755102040818,
        "client_015": 0.10046714020605364,
        "client_016": 0.099370188943317,
        "client_017": 0.09895898657970653
    },
    "client_005": {
        "attacker_000": 0.0647496281606346,
        "attacker_001": 0.07274701411509228,
        "client_000": 0.5158898987945594,
        "client_001": 0.516395026734523,
        "client_002": 0.5161560247167868,
        "client_003": 0.5157986278867523,
        "client_004": 0.5158776167471819,
        "client_005": 0.9750298499714478,
        "client_006": 0.9744427164333851,
        "client_007": 0.9726229635577196,
        "client_008": 0.9732548533663775,
        "client_009": 0.9712858283330329,
        "client_010": 0.6781841165642811,
        "client_011": 0.6809132581880992,
        "client_012": 0.6796211481168571,
        "client_013": 0.10692842847612695,
        "client_014": 0.10926569266644458,
        "client_015": 0.10678362015540831,
        "client_016": 0.11069445103716714,
        "client_017": 0.10772232002664509
    },
    "client_006": {
        "attacker_000": 0.06536856745479833,
        "attacker_001": 0.0720613709477852,
        "client_000": 0.5094645403863607,
        "client_001": 0.5099588690611134,
        "client_002": 0.5094663257710605,
        "client_003": 0.5091992744234258,
        "client_004": 0.5093734822729481,
        "client_005": 0.9736725836213842,
        "client_006": 0.9721919584954605,
        "client_007": 0.9703893681510842,
        "client_008": 0.9714108623227705,
        "client_009": 0.9698454871411252,
        "client_010": 0.6784066713981547,
        "client_011": 0.6807907100434359,
        "client_012": 0.6797312928196458,
        "client_013": 0.1078210954317149,
        "client_014": 0.11015046572725103,
        "client_015": 0.10727272727272727,
        "client_016": 0.11124869035146204,
        "client_017": 0.10766658705517078
    },
    "client_007": {
        "attacker_000": 0.061573659604098274,