{
    "attacker_000": {
        "attacker_000": 0.9920507144294627,
        "attacker_001": 0.9920950606716682,
        "client_000": 0.9554019071337289,
        "client_001": 0.9552229028137181,
        "client_002": 0.955291343224919,
        "client_003": 0.9552444116924589,
        "client_004": 0.9544910768423985,
        "client_005": 0.062077858283188014,
        "client_006": 0.06498881088869134,
        "client_007": 0.06372669283611383,
        "client_008": 0.06124454819092082,
        "client_009": 0.061646148650722994,
        "client_010": 0.9674517924162029,
        "client_011": 0.9675143984986733,
        "client_012": 0.96753005128537,
        "client_013": 0.698294358596476,
        "client_014": 0.6960740120634512,
        "client_015": 0.7249868821492286,
        "client_016": 0.6946214576219579,
        "client_017": 0.6981835522608055
    },
    "attacker_001": {
        "attacker_000": 0.9921661382584336,
        "attacker_001": 0.9921434327155519,
        "client_000": 0.9546796091034302,
        "client_001": 0.9545506695294445,
        "client_002": 0.9546363368186436,
        "client_003": 0.954559606718558,
        "client_004": 0.9538910569638934,
        "client_005": 0.06566414504915623,
        "client_006": 0.06879682005809509,
        "client_007": 0.06688901808390196,
        "client_008": 0.06388522730756262,
        "client_009": 0.06487579256899562,
        "client_010": 0.9671353905403,
        "client_011": 0.9671353905403,
        "client_012": 0.967151040486747,
        "client_013": 0.6972170364259975,
        "client_014": 0.6958073532573641,
        "client_015": 0.7224164805999074,
        "client_016": 0.6942695968462091,
        "client_017": 0.6971775944420321
    },
    "client_000": {
        "attacker_000": 0.10336391437308869,
        "attacker_001": 0.092414706856575,
        "client_000": 0.9755235246124558,
        "client_001": 0.9764401470788506,
        "client_002": 0.9756296800544588,
        "client_003": 0.9765922700054438,
        "client_004": 0.9756429446183155,
        "client_005": 0.21094402673350043,
        "client_006": 0.21571125265392782,
        "client_007": 0.2215163066497247,
        "client_008": 0.22101297614064463,
        "client_009": 0.216708023159636,
        "client_010": 0.1298424467099166,
        "client_011": 0.12538128841338494,
        "client_012": 0.12947987942006794,
        "client_013": 0.10528328341087247,
        "client_014": 0.10508280982295833,
        "client_015": 0.10542359964435412,
        "client_016": 0.10485609230379106,
        "client_017": 0.10419663518669085
    },
    "client_001": {
        "attacker_000": 0.10108303249097472,
        "attacker_001": 0.09192788695793407,
        "client_000": 0.9774655355249205,
        "client_001": 0.9784974780992832,
        "client_002": 0.9778367617783675,
        "client_003": 0.9786330457863306,
        "client_004": 0.9779723991507431,
        "client_005": 0.21688708036622584,
        "client_006": 0.2201453790238837,
        "client_007": 0.22668876916701206,
        "client_008": 0.22554236594351207,
        "client_009": 0.22338921430014136,
        "client_010": 0.13382175646851527,
        "client_011": 0.12940533649030142,
        "client_012": 0.1352480668555785,
        "client_013": 0.1037463976945245,
        "client_014": 0.10411622276029056,
        "client_015": 0.10434450248439292,
        "client_016": 0.10332760704969142,
        "client_017": 0.10268611858994425
    },
    "client_002": {
        "attacker_000": 0.09053870529651425,
        "attacker_001": 0.0765627523824907,
        "client_000": 0.9763527054108216,
        "client_001": 0.9771114977914603,
        "client_002": 0.9760535117056857,
        "client_003": 0.9774033961759593,
        "client_004": 0.9764642952661139,
        "client_005": 0.23122328516181562,
        "client_006": 0.2281101221279238,
        "client_007": 0.24001646768217375,
        "client_008": 0.23861082737487227,
        "client_009": 0.23638563937071405,
        "client_010": 0.1305327021188583,
        "client_011": 0.12565682188802318,
        "client_012": 0.13040174755437364,
        "client_013": 0.1021059349074665,
        "client_014": 0.1016712206900934,
        "client_015": 0.10190191463647351,
        "client_016": 0.10152734647316053,
        "client_017": 0.100143418345077
    },
    "client_003": {
        "attacker_000": 0.10632227061120288,
        "attacker_001": 0.09373474369406022,
        "client_000": 0.9761685319289005,
        "client_001": 0.9765295358649789,
        "client_002": 0.9762658227848101,
        "client_003": 0.9766829139770782,
        "client_004": 0.9758797943851325,
        "client_005": 0.22732769044740025,
        "client_006": 0.22809172809172812,
        "client_007": 0.23620443901445737,
        "client_008": 0.2339133953864832,
        "client_009": 0.23190723710515795,
        "client_010": 0.13650503202195793,
        "client_011": 0.13199981979546785,
        "client_012": 0.13652038357976287,
        "client_013": 0.1028433918054588,
        "client_014": 0.1024347167907153,
        "client_015": 0.10299507140149122,
        "client_016": 0.10246082195229406,
        "client_017": 0.10131913048863565
    },
    "client_004": {
        "attacker_000": 0.10063849194283978,
        "attacker_001": 0.0883560518968632,
        "client_000": 0.9769671148981494,
        "client_001": 0.9779911964785913,
        "client_002": 0.9773393761663557,
        "client_003": 0.9777540961769017,
        "client_004": 0.9772030395947208,
        "client_005": 0.23277429783794704,
        "client_006": 0.2302455126882608,
        "client_007": 0.24234955843088932,
        "client_008": 0.24050375787121678,
        "client_009": 0.23727454909819642,
        "client_010": 0.13317413666421749,
        "client_011": 0.12806637806637805,
        "client_012": 0.13373196659073652,
        "client_013": 0.09985917296120855,
        "client_014": 0.09994900560938297,
        "client_015": 0.10036985078433873,
        "client_016": 0.09928807526061532,
        "client_017": 0.09886598584048618
    },
    "client_005": {
        "attacker_000": 0.05756185155626496,
        "attacker_001": 0.07141093387327768,
        "client_000": 0.5168011833177916,
        "client_001": 0.5161830536858717,
        "client_002": 0.5163386080020584,
        "client_003": 0.5156415779828313,
        "client_004": 0.5159690920798454,
        "client_005": 0.9727779940314001,
        "client_006": 0.9726640287583728,
        "client_007": 0.9708657549828089,
        "client_008": 0.9705548093811345,
        "client_009": 0.9712973000877602,
        "client_010": 0.6870763271414738,
        "client_011": 0.6821047043991771,
        "client_012": 0.6789456122789457,
        "client_013": 0.10451896436419222,
        "client_014": 0.10632911392405062,
        "client_015": 0.1060165084212033,
        "client_016": 0.10838095238095238,
        "client_017": 0.10596152928261182
    },
    "client_006": {
        "attacker_000": 0.056908536280442075,
        "attacker_001": 0.07150284723941569,
        "client_000": 0.5101426768902262,
        "client_001": 0.5096184986074228,
        "client_002": 0.5097696687370601,
        "client_003": 0.5090920856791561,
        "client_004": 0.5092415757614994,
        "client_005": 0.9709211756153288,
        "client_006": 0.9704580172436114,
        "client_007": 0.9687985097795715,
        "client_008": 0.9684477318574458,
        "client_009": 0.9693368809898997,
        "client_010": 0.6876444053251183,
        "client_011": 0.681618916884382,
        "client_012": 0.6789244056628974,
        "client_013": 0.10558619036202349,
        "client_014": 0.10708465151950915,
        "client_015": 0.10677008522455234,
        "client_016": 0.10822179732313576,
        "client_017": 0.10701283770837323
    },
    "client_007": {
        "attacker_000": 0.054221688675470184,