{
    "attacker_000": {
        "attacker_000": 0.08277404921700224,
        "attacker_001": 0.09020044543429843,
        "attacker_002": 0.0909090909090909,
        "client_000": 0.10048336449917086,
        "client_001": 0.09945351235930658,
        "client_002": 0.10027289902735986,
        "client_003": 0.100068131493783,
        "client_004": 0.1001547508511297,
        "client_005": 0.0854368932038835,
        "client_006": 0.06537691794529686,
        "client_007": 0.07503234152652005,
        "client_008": 0.08583899127061106,
        "client_009": 0.07434580582049401,
        "client_010": 0.09651602154056707,
        "client_011": 0.09635184193298817,
        "client_012": 0.0955695255201317,
        "client_013": 0.0957963249307778,
        "client_014": 0.09383044092003653,
        "client_015": 0.09525585558705056,
        "client_016": 0.09538068285557787
    },
    "attacker_001": {
        "attacker_000": 0.0790513833992095,
        "attacker_001": 0.08978675645342311,
        "attacker_002": 0.08968609865470852,
        "client_000": 0.09712509712509712,
        "client_001": 0.09732465654374547,
        "client_002": 0.09748933491852577,
        "client_003": 0.09477904794403685,
        "client_004": 0.09855522759049247,
        "client_005": 0.08366336633663367,
        "client_006": 0.06695681285570806,
        "client_007": 0.07863974495217854,
        "client_008": 0.08366336633663367,
        "client_009": 0.07427716849451645,
        "client_010": 0.09567469413270621,
        "client_011": 0.09556700110155109,
        "client_012": 0.09232842861956643,
        "client_013": 0.09282700421940927,
        "client_014": 0.09090531733842513,
        "client_015": 0.09231343283582089,
        "client_016": 0.09173102968629891
    },
    "attacker_002": {
        "attacker_000": 0.08370535714285715,
        "attacker_001": 0.09428729894620079,
        "attacker_002": 0.09508015478164732,
        "client_000": 0.1012676106069701,
        "client_001": 0.10152320995694489,
        "client_002": 0.1015679686406272,
        "client_003": 0.10047417659874407,
        "client_004": 0.1003323703910788,
        "client_005": 0.0866235941612826,
        "client_006": 0.05612413337735227,
        "client_007": 0.07952491608572167,
        "client_008": 0.0870605118392729,
        "client_009": 0.07242877836793819,
        "client_010": 0.0963575764789906,
        "client_011": 0.09624427117433486,
        "client_012": 0.09317305171703555,
        "client_013": 0.0938771102552104,
        "client_014": 0.09311420844601623,
        "client_015": 0.09294165951252287,
        "client_016": 0.0927326537323249
    },
    "client_000": {
        "attacker_000": 0.21364724660814044,
        "attacker_001": 0.21133231240428788,
        "attacker_002": 0.21717518690644577,
        "client_000": 0.9643048845947396,
        "client_001": 0.9641562625855821,
        "client_002": 0.9713218620781646,
        "client_003": 0.9644152007519807,
        "client_004": 0.9640268456375839,
        "client_005": 0.23655913978494622,
        "client_006": 0.23717308844080653,
        "client_007": 0.22914572864321608,
        "client_008": 0.23469387755102042,
        "client_009": 0.2293376025615369,
        "client_010": 0.12787416146194772,
        "client_011": 0.1348769353851946,
        "client_012": 0.09370064923670819,
        "client_013": 0.10049738553755899,
        "client_014": 0.10031228092537123,
        "client_015": 0.09993658845909954,
        "client_016": 0.10138664946791358
    },
    "client_001": {
        "attacker_000": 0.21641342260353608,
        "attacker_001": 0.21376211870418535,
        "attacker_002": 0.2200284379443429,
        "client_000": 0.9655356665776117,
        "client_001": 0.964218958611482,
        "client_002": 0.9684714646800585,
        "client_003": 0.965111616094105,
        "client_004": 0.9640806516223794,
        "client_005": 0.2195704057279236,
        "client_006": 0.22062350119904076,
        "client_007": 0.2085939076054065,
        "client_008": 0.21664050235478804,
        "client_009": 0.21031507124222357,
        "client_010": 0.12588832487309645,
        "client_011": 0.13103093265945998,
        "client_012": 0.10016928375459692,
        "client_013": 0.10749825695632886,
        "client_014": 0.10767570312996,
        "client_015": 0.10718574227390505,
        "client_016": 0.10884353741496597
    },
    "client_002": {
        "attacker_000": 0.21652925799316308,
        "attacker_001": 0.21415894300926838,
        "attacker_002": 0.22006419893543536,
        "client_000": 0.9633479941356792,
        "client_001": 0.9628148740503798,
        "client_002": 0.9692796610169491,
        "client_003": 0.9629333333333333,
        "client_004": 0.9625782394459981,
        "client_005": 0.22405013709361535,
        "client_006": 0.2250246305418719,
        "client_007": 0.21449851042701093,
        "client_008": 0.22149080348499514,
        "client_009": 0.2169008509796161,
        "client_010": 0.1288749885015178,
        "client_011": 0.1354697061708787,
        "client_012": 0.09920937042459736,
        "client_013": 0.10705160960654063,
        "client_014": 0.10693752395553852,
        "client_015": 0.10597119106542294,
        "client_016": 0.10765457596488963
    },
    "client_003": {
        "attacker_000": 0.21706298200514137,
        "attacker_001": 0.21472005054094606,
        "attacker_002": 0.2198230375842195,
        "client_000": 0.9653965261882321,
        "client_001": 0.9652384801940177,
        "client_002": 0.9704031070041516,
        "client_003": 0.9658891735202912,
        "client_004": 0.9644492324266092,
        "client_005": 0.21219414360208583,
        "client_006": 0.21260318099456413,
        "client_007": 0.20583468395461915,
        "client_008": 0.21023513139695715,
        "client_009": 0.20760825576689598,
        "client_010": 0.12408826516480474,
        "client_011": 0.12991276615702094,
        "client_012": 0.08830590853194355,
        "client_013": 0.09545134668287378,
        "client_014": 0.0954876645788061,
        "client_015": 0.09497135582431573,
        "client_016": 0.09639488305982685
    },
    "client_004": {
        "attacker_000": 0.21281390856406956,
        "attacker_001": 0.21027686717484895,
        "attacker_002": 0.21633068621462023,
        "client_000": 0.9666666666666667,
        "client_001": 0.9662738724095896,
        "client_002": 0.9710203531473244,
        "client_003": 0.9667886674800054,
        "client_004": 0.9664047683554593,
        "client_005": 0.23656343656343654,
        "client_006": 0.23748498197837406,
        "client_007": 0.23097112860892385,
        "client_008": 0.23503851471459608,
        "client_009": 0.23179074446680079,
        "client_010": 0.12680355160932297,
        "client_011": 0.13248204309656825,
        "client_012": 0.09236712713650198,
        "client_013": 0.09886754039954193,
        "client_014": 0.09882981429661662,
        "client_015": 0.09806402631911931,
        "client_016": 0.0995690486910658
    },
    "client_005": {
        "attacker_000": 0.26479332111586235,
        "attacker_001": 0.29210610418664107,
        "attacker_002": 0.29938835491301935,
        "client_000": 0.5352840448223031,
        "client_001": 0.5340745192307692,
        "client_002": 0.5348027145516786,
        "client_003": 0.5352950007506381,
        "client_004": 0.5326430484905035,
        "client_005": 0.96746255801713,
        "client_006": 0.9687822435512897,
        "client_007": 0.9673202614379085,
        "client_008": 0.9673559257131917,
        "client_009": 0.9667367616134581,
        "client_010": 0.7003031887088343,
        "client_011": 0.6959941120807486,
        "client_012": 0.010426046158949813,
        "client_013": 0.00980952380952381,
        "client_014": 0.009399477806788514,
        "client_015": 0.009210901148988699,
        "client_016": 0.008868122437303328
    },