{
    "attacker_000": {
        "attacker_000": 0.09823399558498898,
        "attacker_001": 0.09312638580931264,
        "attacker_002": 0.09523809523809523,
        "client_000": 0.09923294865593256,
        "client_001": 0.09969319042116588,
        "client_002": 0.10014859867989079,
        "client_003": 0.10035949670461355,
        "client_004": 0.09987370720551594,
        "client_005": 0.08849557522123892,
        "client_006": 0.08802557167445291,
        "client_007": 0.08849557522123892,
        "client_008": 0.0884303610906411,
        "client_009": 0.08811223234063502,
        "client_010": 0.09627513983101274,
        "client_011": 0.0962385430305916,
        "client_012": 0.09747819938722603,
        "client_013": 0.09518425245412963,
        "client_014": 0.09498305825773308,
        "client_015": 0.09495109701295268,
        "client_016": 0.0953215169002473
    },
    "attacker_001": {
        "attacker_000": 0.09390721073225265,
        "attacker_001": 0.09070548712206047,
        "attacker_002": 0.09390721073225265,
        "client_000": 0.09729132117191819,
        "client_001": 0.09513539420081475,
        "client_002": 0.0981306796586158,
        "client_003": 0.09560558948038811,
        "client_004": 0.0984155170058735,
        "client_005": 0.09106830122591944,
        "client_006": 0.09109109109109109,
        "client_007": 0.09065865264212371,
        "client_008": 0.09147713071732066,
        "client_009": 0.09065865264212371,
        "client_010": 0.09544507293837451,
        "client_011": 0.09535721730843683,
        "client_012": 0.08882602545968882,
        "client_013": 0.08853819746887329,
        "client_014": 0.0879120879120879,
        "client_015": 0.08803373748023194,
        "client_016": 0.08823983133645293
    },
    "attacker_002": {
        "attacker_000": 0.09928295642581358,
        "attacker_001": 0.09613259668508288,
        "attacker_002": 0.09823399558498896,
        "client_000": 0.10143924716302241,
        "client_001": 0.10024420513231114,
        "client_002": 0.10202104097452935,
        "client_003": 0.10112612612612613,
        "client_004": 0.10187905705500512,
        "client_005": 0.09731051344743277,
        "client_006": 0.09735812133072408,
        "client_007": 0.09735812133072408,
        "client_008": 0.09728672696162306,
        "client_009": 0.09738194274528994,
        "client_010": 0.09623281556864846,
        "client_011": 0.096187613463885,
        "client_012": 0.09224970553592461,
        "client_013": 0.09143268538516919,
        "client_014": 0.09168211054180748,
        "client_015": 0.09097633136094674,
        "client_016": 0.09177149927820169
    },
    "client_000": {
        "attacker_000": 0.23363675769397485,
        "attacker_001": 0.23925584723402352,
        "attacker_002": 0.24142129232989132,
        "client_000": 0.9771969595946126,
        "client_001": 0.9766448685439744,
        "client_002": 0.9762540021344719,
        "client_003": 0.9764031462471671,
        "client_004": 0.976502002670227,
        "client_005": 0.17499490108097082,
        "client_006": 0.10273684210526315,
        "client_007": 0.1826612903225807,
        "client_008": 0.11690427698574339,
        "client_009": 0.11954217888935989,
        "client_010": 0.16662876892991949,
        "client_011": 0.16798629439273974,
        "client_012": 0.09763895720609937,
        "client_013": 0.0995168475873753,
        "client_014": 0.09801734820322183,
        "client_015": 0.09884884884884886,
        "client_016": 0.09688073394495414
    },
    "client_001": {
        "attacker_000": 0.23567736611214873,
        "attacker_001": 0.24081467856982638,
        "attacker_002": 0.24311490978157643,
        "client_000": 0.9765770561618313,
        "client_001": 0.9760255727224294,
        "client_002": 0.9760255727224294,
        "client_003": 0.976317189994678,
        "client_004": 0.9762793176972282,
        "client_005": 0.16703921967079863,
        "client_006": 0.0895081275068609,
        "client_007": 0.17669551217548804,
        "client_008": 0.10195758564437195,
        "client_009": 0.10425937698664971,
        "client_010": 0.16864092594267113,
        "client_011": 0.1702401766816969,
        "client_012": 0.10553505535055352,
        "client_013": 0.10679186228482004,
        "client_014": 0.10538685138227472,
        "client_015": 0.10591471801925723,
        "client_016": 0.10436699944876583
    },
    "client_002": {
        "attacker_000": 0.23701185495118549,
        "attacker_001": 0.24255798243638818,
        "attacker_002": 0.2449795547478419,
        "client_000": 0.9767935287097202,
        "client_001": 0.9758620689655173,
        "client_002": 0.9759978782654821,
        "client_003": 0.9761526232114468,
        "client_004": 0.9765158551147672,
        "client_005": 0.17024693836579,
        "client_006": 0.09565398211686421,
        "client_007": 0.17652918908149035,
        "client_008": 0.10963855421686747,
        "client_009": 0.1115987460815047,
        "client_010": 0.17027417027417027,
        "client_011": 0.17097159665410425,
        "client_012": 0.10454124189063947,
        "client_013": 0.10657081599192837,
        "client_014": 0.10379762570700478,
        "client_015": 0.10481283422459894,
        "client_016": 0.10275612301270638
    },
    "client_003": {
        "attacker_000": 0.23635413946200054,
        "attacker_001": 0.24269137357200685,
        "attacker_002": 0.24531129376504246,
        "client_000": 0.9768189736031087,
        "client_001": 0.9762702775170935,
        "client_002": 0.9761394101876676,
        "client_003": 0.9765509848586359,
        "client_004": 0.9763948497854077,
        "client_005": 0.15611555009219422,
        "client_006": 0.08319185059422751,
        "client_007": 0.15977175463623394,
        "client_008": 0.09225700164744646,
        "client_009": 0.0920968087384879,
        "client_010": 0.16004003275407153,
        "client_011": 0.16122911749733904,
        "client_012": 0.09259601750816843,
        "client_013": 0.09438004032258064,
        "client_014": 0.09264203663458553,
        "client_015": 0.09364800401707256,
        "client_016": 0.09193993257738278
    },
    "client_004": {
        "attacker_000": 0.2328014648182056,
        "attacker_001": 0.23909123692751535,
        "attacker_002": 0.24184733102568773,
        "client_000": 0.9776340609000269,
        "client_001": 0.9773584905660377,
        "client_002": 0.9773584905660377,
        "client_003": 0.9776340609000269,
        "client_004": 0.977615965480043,
        "client_005": 0.17823408624229978,
        "client_006": 0.1070063694267516,
        "client_007": 0.18677517802644966,
        "client_008": 0.1145085163143854,
        "client_009": 0.117470525187567,
        "client_010": 0.1661365082250295,
        "client_011": 0.1671826625386997,
        "client_012": 0.09677021696252465,
        "client_013": 0.09861635220125786,
        "client_014": 0.09694637537239326,
        "client_015": 0.09764056224899598,
        "client_016": 0.09592826874654546
    },
    "client_005": {
        "attacker_000": 0.27464647678564275,
        "attacker_001": 0.24169909745797796,
        "attacker_002": 0.2624064711830132,
        "client_000": 0.5518164777291797,
        "client_001": 0.5423078076726956,
        "client_002": 0.5480654406496298,
        "client_003": 0.5432017478227037,
        "client_004": 0.5394665542778011,
        "client_005": 0.9718755280882603,
        "client_006": 0.9739665318576999,
        "client_007": 0.9734534592407016,
        "client_008": 0.9706256755133902,
        "client_009": 0.9724056204503131,
        "client_010": 0.691072711141155,
        "client_011": 0.6895939086294416,
        "client_012": 0.010429011614126571,
        "client_013": 0.010203117619272555,
        "client_014": 0.08082552959359941,
        "client_015": 0.013391804592823124,
        "client_016": 0.017726651265852624
    },