{
    "attacker_000": {
        "attacker_000": 0.07519640852974185,
        "attacker_001": 0.07515423443634325,
        "attacker_002": 0.07515423443634325,
        "client_000": 0.10021819852237493,
        "client_001": 0.09946779225545972,
        "client_002": 0.09976645745146694,
        "client_003": 0.10225742147513604,
        "client_004": 0.10003728097427612,
        "client_005": 0.08009768009768009,
        "client_006": 0.07197600799733421,
        "client_007": 0.06700167504187605,
        "client_008": 0.0738031914893617,
        "client_009": 0.07794770596941292,
        "client_010": 0.09651889318655162,
        "client_011": 0.09708795621523544,
        "client_012": 0.09596220565438841,
        "client_013": 0.09429613176312812,
        "client_014": 0.09492070788324523,
        "client_015": 0.09456555112066319,
        "client_016": 0.09485819139175873
    },
    "attacker_001": {
        "attacker_000": 0.07146908678389109,
        "attacker_001": 0.07146908678389109,
        "attacker_002": 0.07146908678389109,
        "client_000": 0.09701006852723863,
        "client_001": 0.09830284328851664,
        "client_002": 0.09553091028878884,
        "client_003": 0.0934539190353144,
        "client_004": 0.09827887253679223,
        "client_005": 0.08053691275167786,
        "client_006": 0.0740987983978638,
        "client_007": 0.07161981258366801,
        "client_008": 0.07471647765176785,
        "client_009": 0.07927291088109063,
        "client_010": 0.09573138060367922,
        "client_011": 0.09651889318655162,
        "client_012": 0.09200753796696595,
        "client_013": 0.08850449240070535,
        "client_014": 0.09055012459267779,
        "client_015": 0.08758417323181196,
        "client_016": 0.0890430068954522
    },
    "attacker_002": {
        "attacker_000": 0.07838745800671892,
        "attacker_001": 0.07834359261331841,
        "attacker_002": 0.07834359261331841,
        "client_000": 0.10217742555974456,
        "client_001": 0.10312326741822216,
        "client_002": 0.10099162062278166,
        "client_003": 0.10318021201413427,
        "client_004": 0.10037139914484566,
        "client_005": 0.07575392038600724,
        "client_006": 0.06004618937644342,
        "client_007": 0.057634978469691955,
        "client_008": 0.061943986820428336,
        "client_009": 0.07289628180039139,
        "client_010": 0.09647086829732787,
        "client_011": 0.09703423862926494,
        "client_012": 0.09352199867344682,
        "client_013": 0.09072199588390946,
        "client_014": 0.09207356708599396,
        "client_015": 0.09159297875148475,
        "client_016": 0.09159087282591352
    },
    "client_000": {
        "attacker_000": 0.2206143796254186,
        "attacker_001": 0.21378317876559005,
        "attacker_002": 0.2422919508867667,
        "client_000": 0.9594848403541723,
        "client_001": 0.9583165795469777,
        "client_002": 0.9566844919786096,
        "client_003": 0.9610319806503629,
        "client_004": 0.958070997990623,
        "client_005": 0.24049650892164465,
        "client_006": 0.2340676632572777,
        "client_007": 0.2415363294397149,
        "client_008": 0.24095000957670945,
        "client_009": 0.23286348715968336,
        "client_010": 0.12851540616246498,
        "client_011": 0.15475704369130258,
        "client_012": 0.09934525308486528,
        "client_013": 0.10428552474459335,
        "client_014": 0.10249054635545704,
        "client_015": 0.10334386519220644,
        "client_016": 0.10256410256410257
    },
    "client_001": {
        "attacker_000": 0.2232925057089475,
        "attacker_001": 0.21671553074420657,
        "attacker_002": 0.24544250011422303,
        "client_000": 0.9607161945483699,
        "client_001": 0.959445037353255,
        "client_002": 0.9583277859139929,
        "client_003": 0.9612403100775194,
        "client_004": 0.9586776859504134,
        "client_005": 0.2267801857585139,
        "client_006": 0.22209096278795035,
        "client_007": 0.22776787482669836,
        "client_008": 0.22880061115355235,
        "client_009": 0.218840300520131,
        "client_010": 0.1268005116511874,
        "client_011": 0.1525974025974026,
        "client_012": 0.10627112279384152,
        "client_013": 0.11161009113723418,
        "client_014": 0.10976164187828798,
        "client_015": 0.11078334972140283,
        "client_016": 0.11002015735743546
    },
    "client_002": {
        "attacker_000": 0.2232295088784464,
        "attacker_001": 0.21657280772325022,
        "attacker_002": 0.24435092855182508,
        "client_000": 0.9584724262251302,
        "client_001": 0.9560351718625101,
        "client_002": 0.9541528239202657,
        "client_003": 0.9589846359385437,
        "client_004": 0.9556768268334885,
        "client_005": 0.22940164404511565,
        "client_006": 0.2247626428986631,
        "client_007": 0.23322932917316688,
        "client_008": 0.2304199772985244,
        "client_009": 0.22264582539077393,
        "client_010": 0.1295587010824313,
        "client_011": 0.15465022782095952,
        "client_012": 0.10560141137924518,
        "client_013": 0.11096310110563473,
        "client_014": 0.10891736401673638,
        "client_015": 0.10970297029702969,
        "client_016": 0.10886490022898265
    },
    "client_003": {
        "attacker_000": 0.22406259103583168,
        "attacker_001": 0.21728633510381457,
        "attacker_002": 0.24614820249449743,
        "client_000": 0.9604200323101777,
        "client_001": 0.9592468056489577,
        "client_002": 0.9579922158099583,
        "client_003": 0.9619741100323626,
        "client_004": 0.9582494294536178,
        "client_005": 0.2134217713616855,
        "client_006": 0.21063031021537243,
        "client_007": 0.21952674487969775,
        "client_008": 0.2149623042721825,
        "client_009": 0.2092797515045622,
        "client_010": 0.12402409101048405,
        "client_011": 0.14805792394099337,
        "client_012": 0.09437890353920889,
        "client_013": 0.09928699940027988,
        "client_014": 0.09733124018838304,
        "client_015": 0.09853194021954767,
        "client_016": 0.09769512833944473
    },
    "client_004": {
        "attacker_000": 0.2201368034701368,
        "attacker_001": 0.2127711037652181,
        "attacker_002": 0.24128587830080367,
        "client_000": 0.9625711960943857,
        "client_001": 0.9608666215301286,
        "client_002": 0.9594594594594594,
        "client_003": 0.9630936227951153,
        "client_004": 0.9604871447902572,
        "client_005": 0.23973535707336058,
        "client_006": 0.23587127158555732,
        "client_007": 0.24535021764938664,
        "client_008": 0.2413660782808902,
        "client_009": 0.23511214230471775,
        "client_010": 0.1279453741534673,
        "client_011": 0.15364830106944632,
        "client_012": 0.09757016387266904,
        "client_013": 0.10241123476417592,
        "client_014": 0.10056592727509271,
        "client_015": 0.1013969961303863,
        "client_016": 0.10102851191251139
    },
    "client_005": {
        "attacker_000": 0.24243924578124357,
        "attacker_001": 0.27360012909472325,
        "attacker_002": 0.2488392160085467,
        "client_000": 0.5200608828006088,
        "client_001": 0.5192027224112785,
        "client_002": 0.5222080833787796,
        "client_003": 0.5198626181575028,
        "client_004": 0.5195357598590266,
        "client_005": 0.9653295128939828,
        "client_006": 0.9655287978168239,
        "client_007": 0.9645990199593641,
        "client_008": 0.9643377522990566,
        "client_009": 0.9656375454024088,
        "client_010": 0.6989904913500606,
        "client_011": 0.6947191247633074,
        "client_012": 0.009902875642734718,
        "client_013": 0.008984897725100362,
        "client_014": 0.009272536086416212,
        "client_015": 0.008743694451116984,
        "client_016": 0.009269434755602273
    },