{
    "attacker_000": {
        "attacker_000": 0.9466666666666665,
        "client_000": 0.9255437531613555,
        "client_001": 0.8343665642744112,
        "client_002": 0.9329365145713856,
        "client_003": 0.8746231917664057,
        "client_004": 0.9331148966047577,
        "client_005": 0.16188667299778411,
        "client_006": 0.15773771740510348,
        "client_007": 0.15407124681933843,
        "client_008": 0.15884293326566862,
        "client_009": 0.15639690001270487,
        "client_010": 0.9468873232464897,
        "client_011": 0.9468855704974837,
        "client_012": 0.9468699468699467,
        "client_013": 0.9467830563852082,
        "client_014": 0.7463293610444544,
        "client_015": 0.6529861495844875,
        "client_016": 0.6456246793513416,
        "client_017": 0.643486033519553,
        "client_018": 0.6426574208701489
    },
    "client_000": {
        "attacker_000": 0.2649240267810608,
        "client_000": 0.9739084132055378,
        "client_001": 0.9729873586161011,
        "client_002": 0.9757139044568989,
        "client_003": 0.9753431960549114,
        "client_004": 0.9731168485493744,
        "client_005": 0.22303403191693905,
        "client_006": 0.184460141271443,
        "client_007": 0.1472518457752256,
        "client_008": 0.20208919244676576,
        "client_009": 0.222653973188265,
        "client_010": 0.12868561278863233,
        "client_011": 0.12579437625141465,
        "client_012": 0.13507838062216146,
        "client_013": 0.13675813976822354,
        "client_014": 0.10058346017250126,
        "client_015": 0.10142406082866164,
        "client_016": 0.10018458404939216,
        "client_017": 0.10079814624098868,
        "client_018": 0.10093457943925234
    },
    "client_001": {
        "attacker_000": 0.25862829197899545,
        "client_000": 0.9726427622841965,
        "client_001": 0.970958758785307,
        "client_002": 0.9734042553191489,
        "client_003": 0.9734395750332007,
        "client_004": 0.9717093903572852,
        "client_005": 0.2041522491349481,
        "client_006": 0.17503010839020472,
        "client_007": 0.14026503567787973,
        "client_008": 0.19003800760152031,
        "client_009": 0.20424042015172145,
        "client_010": 0.12512729687845914,
        "client_011": 0.1220433140922703,
        "client_012": 0.13304825307352156,
        "client_013": 0.13390583653702132,
        "client_014": 0.10795742524075011,
        "client_015": 0.1089185033316248,
        "client_016": 0.10774111675126903,
        "client_017": 0.10809426229508197,
        "client_018": 0.1083023225972026
    },
    "client_002": {
        "attacker_000": 0.26245356129908515,
        "client_000": 0.9715946624388956,
        "client_001": 0.9703127061617628,
        "client_002": 0.9732733527388198,
        "client_003": 0.9732874900819889,
        "client_004": 0.97094558901215,
        "client_005": 0.21172886519421172,
        "client_006": 0.1768219832735962,
        "client_007": 0.14705882352941177,
        "client_008": 0.19128712871287126,
        "client_009": 0.211113247452413,
        "client_010": 0.12991604065399912,
        "client_011": 0.1264114211550941,
        "client_012": 0.1364499634769905,
        "client_013": 0.13806193806193806,
        "client_014": 0.1076667942339584,
        "client_015": 0.10856219709208402,
        "client_016": 0.106752,
        "client_017": 0.10690768237572629,
        "client_018": 0.10700653425632399
    },
    "client_003": {
        "attacker_000": 0.2650247090706201,
        "client_000": 0.973789783364536,
        "client_001": 0.9731247492980345,
        "client_002": 0.9744207847863935,
        "client_003": 0.9748461332619749,
        "client_004": 0.9731103678929766,
        "client_005": 0.20198096717809283,
        "client_006": 0.1643002028397566,
        "client_007": 0.13442959917780062,
        "client_008": 0.1810136765888978,
        "client_009": 0.20086308356218124,
        "client_010": 0.1242428261926869,
        "client_011": 0.12144344205412906,
        "client_012": 0.1307609860664523,
        "client_013": 0.1330394710478862,
        "client_014": 0.094959266802444,
        "client_015": 0.096957928802589,
        "client_016": 0.09531719159266594,
        "client_017": 0.09602478058853899,
        "client_018": 0.09637929917740787
    },
    "client_004": {
        "attacker_000": 0.26107151437494996,
        "client_000": 0.9741796664873589,
        "client_001": 0.9737867993009813,
        "client_002": 0.9758857604742017,
        "client_003": 0.9754981152396338,
        "client_004": 0.9739107046799355,
        "client_005": 0.2248748556026184,
        "client_006": 0.19189679500100787,
        "client_007": 0.15675010258514566,
        "client_008": 0.20991603358656538,
        "client_009": 0.22464898595943836,
        "client_010": 0.12601914214817442,
        "client_011": 0.12291376912378303,
        "client_012": 0.1337759984376526,
        "client_013": 0.1355830371000851,
        "client_014": 0.1000381825124093,
        "client_015": 0.10054644808743171,
        "client_016": 0.09947710751179697,
        "client_017": 0.09933179131328707,
        "client_018": 0.0995230114735078
    },
    "client_005": {
        "attacker_000": 0.701036575088488,
        "client_000": 0.5348576959138615,
        "client_001": 0.5333616015991762,
        "client_002": 0.5322267991276957,
        "client_003": 0.5323963287189896,
        "client_004": 0.5310593876126605,
        "client_005": 0.9690964623265435,
        "client_006": 0.970185645655795,
        "client_007": 0.9704384758319458,
        "client_008": 0.9707068511676206,
        "client_009": 0.9686008299551441,
        "client_010": 0.7091965953913223,
        "client_011": 0.7100694804521415,
        "client_012": 0.7118679135976165,
        "client_013": 0.7077574399203087,
        "client_014": 0.01824541501228966,
        "client_015": 0.017863894139886576,
        "client_016": 0.018128599754508545,
        "client_017": 0.017960109651195762,
        "client_018": 0.01767485822306238
    },
    "client_006": {
        "attacker_000": 0.7027470102356081,
        "client_000": 0.54093426438719,
        "client_001": 0.5401024404941248,
        "client_002": 0.5387373813469942,
        "client_003": 0.5389993972272453,
        "client_004": 0.5378973105134475,
        "client_005": 0.9676474120331452,
        "client_006": 0.9688547924054909,
        "client_007": 0.9691770092782263,
        "client_008": 0.9700376338898001,
        "client_009": 0.9669645209975324,
        "client_010": 0.7100770696942074,
        "client_011": 0.711055900621118,
        "client_012": 0.71262468763553,
        "client_013": 0.7087658234404459,
        "client_014": 0.01923168016673772,
        "client_015": 0.018941187612463304,
        "client_016": 0.018829540615981452,
        "client_017": 0.01837817355058734,
        "client_018": 0.01847290640394089
    },
    "client_007": {
        "attacker_000": 0.7029127029127029,
        "client_000": 0.5383411580594679,
        "client_001": 0.5370426186026885,
        "client_002": 0.5354720053064792,
        "client_003": 0.5354083725419231,
        "client_004": 0.5346666263859098,
        "client_005": 0.9688339087073264,
        "client_006": 0.9694314735473932,
        "client_007": 0.9699040103928598,
        "client_008": 0.9708396542175347,
        "client_009": 0.9685161722167771,
        "client_010": 0.711112031304996,
        "client_011": 0.7123185708969111,
        "client_012": 0.7143299160461231,
        "client_013": 0.7099031216361679,
        "client_014": 0.02009623549391452,
        "client_015": 0.020085812626715077,
        "client_016": 0.020452403393025446,
        "client_017": 0.02008960150907805,
        "client_018": 0.020090548953027733
    },
    "client_008": {
        "attacker_000": 0.701785413508506,
        "client_000": 0.5355985584930801,