{
    "attacker_000": {
        "attacker_000": 0.9466145188705712,
        "client_000": 0.9327066222839269,
        "client_001": 0.9152374613901261,
        "client_002": 0.8922031999439834,
        "client_003": 0.8713484856626009,
        "client_004": 0.9296649432619352,
        "client_005": 0.16654566116354683,
        "client_006": 0.1672399103846518,
        "client_007": 0.15866772402854878,
        "client_008": 0.17050357446540482,
        "client_009": 0.15965507402593287,
        "client_010": 0.9468717001055966,
        "client_011": 0.9468699468699467,
        "client_012": 0.9467830563852082,
        "client_013": 0.9467830563852082,
        "client_014": 0.7998070615473664,
        "client_015": 0.6424735994272418,
        "client_016": 0.6934039870942929,
        "client_017": 0.6646781445333918,
        "client_018": 0.6533714462983892
    },
    "client_000": {
        "attacker_000": 0.14004239930165857,
        "client_000": 0.973526672874817,
        "client_001": 0.9746734204212211,
        "client_002": 0.9735055252296632,
        "client_003": 0.9750699906679109,
        "client_004": 0.9729873586161011,
        "client_005": 0.2233085647242863,
        "client_006": 0.21720308676830413,
        "client_007": 0.2220496894409938,
        "client_008": 0.22081656124209315,
        "client_009": 0.22779769016328158,
        "client_010": 0.13246912996167856,
        "client_011": 0.13305500090760572,
        "client_012": 0.14401406240190848,
        "client_013": 0.1468733578560168,
        "client_014": 0.09864747487281299,
        "client_015": 0.10296718412261742,
        "client_016": 0.10180028493718431,
        "client_017": 0.1012789045342979,
        "client_018": 0.10215472481827623
    },
    "client_001": {
        "attacker_000": 0.13707669322709162,
        "client_000": 0.9712316054620177,
        "client_001": 0.9718459495351927,
        "client_002": 0.9710875331564987,
        "client_003": 0.9720967313313845,
        "client_004": 0.9708145396656938,
        "client_005": 0.20528893241919685,
        "client_006": 0.19883040935672516,
        "client_007": 0.20302208446338627,
        "client_008": 0.2019619157530294,
        "client_009": 0.20796812749003984,
        "client_010": 0.1302671181339353,
        "client_011": 0.12963213721507563,
        "client_012": 0.1416094822208359,
        "client_013": 0.14360177221787854,
        "client_014": 0.10554384224234155,
        "client_015": 0.1106693606204784,
        "client_016": 0.10937198067632849,
        "client_017": 0.1085670182660149,
        "client_018": 0.10961028889032509
    },
    "client_002": {
        "attacker_000": 0.14038139014845644,
        "client_000": 0.9699446348536778,
        "client_001": 0.9726081778483525,
        "client_002": 0.9699208443271768,
        "client_003": 0.9724794919290818,
        "client_004": 0.969776956579121,
        "client_005": 0.2119512666795591,
        "client_006": 0.20564591512432231,
        "client_007": 0.2099616858237548,
        "client_008": 0.20777251184834122,
        "client_009": 0.2158642462509866,
        "client_010": 0.1334966319657073,
        "client_011": 0.1335017138733538,
        "client_012": 0.1440168556732974,
        "client_013": 0.14710647398094742,
        "client_014": 0.10514513516880529,
        "client_015": 0.11041652957820623,
        "client_016": 0.1082028966681821,
        "client_017": 0.10722157396603138,
        "client_018": 0.1086432619032111
    },
    "client_003": {
        "attacker_000": 0.1343829417963181,
        "client_000": 0.9720998531571219,
        "client_001": 0.9736313746486414,
        "client_002": 0.9724746125066809,
        "client_003": 0.9738990764288582,
        "client_004": 0.9725972463574388,
        "client_005": 0.20106445890005917,
        "client_006": 0.1943549914756583,
        "client_007": 0.1997654417513683,
        "client_008": 0.1970310391363023,
        "client_009": 0.2042860004005608,
        "client_010": 0.12837710183260911,
        "client_011": 0.12743682310469315,
        "client_012": 0.13839229903737965,
        "client_013": 0.14117033074564553,
        "client_014": 0.09334163036714375,
        "client_015": 0.0982054821534214,
        "client_016": 0.0967469644828258,
        "client_017": 0.09639178596877632,
        "client_018": 0.09711644861029746
    },
    "client_004": {
        "attacker_000": 0.13866434523069268,
        "client_000": 0.9730092654760306,
        "client_001": 0.9753535353535354,
        "client_002": 0.9732562827576938,
        "client_003": 0.9753535353535354,
        "client_004": 0.9739107046799355,
        "client_005": 0.22645211930926215,
        "client_006": 0.21849689207006967,
        "client_007": 0.22507288629737612,
        "client_008": 0.22239263803680978,
        "client_009": 0.22912930862721662,
        "client_010": 0.13097831234018373,
        "client_011": 0.12994785762865563,
        "client_012": 0.1419209885789178,
        "client_013": 0.1453928478204124,
        "client_014": 0.09758826454500248,
        "client_015": 0.10203414219373406,
        "client_016": 0.10032969164134721,
        "client_017": 0.09961933027937285,
        "client_018": 0.10033054637371183
    },
    "client_005": {
        "attacker_000": 0.695067074206147,
        "client_000": 0.5348780930485812,
        "client_001": 0.5328728110040599,
        "client_002": 0.5315664988780399,
        "client_003": 0.5320122413113959,
        "client_004": 0.5309304936136646,
        "client_005": 0.9684484127939158,
        "client_006": 0.9671018027064505,
        "client_007": 0.9690217781930569,
        "client_008": 0.9694222605942875,
        "client_009": 0.9656432572788691,
        "client_010": 0.7108119304059654,
        "client_011": 0.7095624054227732,
        "client_012": 0.7093990499305081,
        "client_013": 0.7043614031435412,
        "client_014": 0.015889529934739428,
        "client_015": 0.010499689781892809,
        "client_016": 0.011000474158368896,
        "client_017": 0.017960109651195762,
        "client_018": 0.017738569531398216
    },
    "client_006": {
        "attacker_000": 0.6979331937128472,
        "client_000": 0.541162300511894,
        "client_001": 0.5397389915307876,
        "client_002": 0.5384220847790013,
        "client_003": 0.5389160185687586,
        "client_004": 0.5379206277350234,
        "client_005": 0.967385029824899,
        "client_006": 0.9657939996178101,
        "client_007": 0.9670066561317818,
        "client_008": 0.9670909134488627,
        "client_009": 0.964241084302605,
        "client_010": 0.7116008849008623,
        "client_011": 0.7105905723627033,
        "client_012": 0.7107595460945911,
        "client_013": 0.7060949769412936,
        "client_014": 0.01601668009287779,
        "client_015": 0.011094108645753635,
        "client_016": 0.011496983229607108,
        "client_017": 0.018475531763702688,
        "client_018": 0.01815675649983364
    },
    "client_007": {
        "attacker_000": 0.6975328217162428,
        "client_000": 0.5385124962360736,
        "client_001": 0.5363293620871663,
        "client_002": 0.5352690833358486,
        "client_003": 0.5357616692799421,
        "client_004": 0.5345171226671499,
        "client_005": 0.9682128109094401,
        "client_006": 0.9670712224898066,
        "client_007": 0.9682736872282479,
        "client_008": 0.9685706084959815,
        "client_009": 0.9649282732811975,
        "client_010": 0.7134007846376212,
        "client_011": 0.7117200901068469,
        "client_012": 0.7115340850315506,
        "client_013": 0.706871845990904,
        "client_014": 0.015775552616663517,
        "client_015": 0.009818875119161104,
        "client_016": 0.010799545282303903,
        "client_017": 0.02008960150907805,
        "client_018": 0.019787918954743418
    },
    "client_008": {
        "attacker_000": 0.6959490986214211,
        "client_000": 0.536039993940312,