{
    "attacker_0": {
        "attacker_0": 0.0068338519738849225,
        "client_0": 0.5201196302338228,
        "client_1": 0.0023218868385677625,
        "client_2": 0.10031311608488924,
        "client_3": 0.2614421416234888,
        "client_4": 0.11768105889832957,
        "client_5": 0.09005827300017659,
        "client_6": 0.09143395781783904,
        "client_7": 0.005595766680858829,
        "client_8": 0.005473453749315818
    },
    "client_0": {
        "attacker_0": 0.7482210484666159,
        "client_0": 0.00010034820828274109,
        "client_1": 0.00022074390696647702,
        "client_2": 0.7466327955028483,
        "client_3": 0.4874242953203503,
        "client_4": 0.7415633858839425,
        "client_5": 0.6496978401669331,
        "client_6": 0.7580427075090194,
        "client_7": 0.6172767569142406,
        "client_8": 0.21581896628891634
    },
    "client_1": {
        "attacker_0": 0.7538476926346849,
        "client_0": 0.00042129759659752036,
        "client_1": 0.0003611267153518979,
        "client_2": 0.6871496973648681,
        "client_3": 0.7749099713629044,
        "client_4": 0.6884635377256068,
        "client_5": 0.6571278444686957,
        "client_6": 0.8002647970390878,
        "client_7": 0.5868241399111024,
        "client_8": 0.2221924919059214
    },
    "client_2": {
        "attacker_0": 0.03322147651006712,
        "client_0": 0.006973269134982567,
        "client_1": 0.019069538056879828,
        "client_2": 0.1559311710065479,
        "client_3": 0.34270747173972976,
        "client_4": 0.33384209796031644,
        "client_5": 0.04154987633965374,
        "client_6": 0.02311170658181209,
        "client_7": 0.015328223925358212,
        "client_8": 0.024882856681208595
    },
    "client_3": {
        "attacker_0": 0.04342622670541973,
        "client_0": 0.008476012883539583,
        "client_1": 0.02027712064886786,
        "client_2": 0.1545275590551181,
        "client_3": 0.32519128899352556,
        "client_4": 0.31831027814963564,
        "client_5": 0.04387139986604153,
        "client_6": 0.02738319356494951,
        "client_7": 0.018184937382055243,
        "client_8": 0.028660220994475138
    },
    "client_4": {
        "attacker_0": 0.04051316677920325,
        "client_0": 0.007032348804500703,
        "client_1": 0.015455950540958269,
        "client_2": 0.14197039630749642,
        "client_3": 0.31397912685579893,
        "client_4": 0.3151218105809428,
        "client_5": 0.03599320882852292,
        "client_6": 0.020240795672657477,
        "client_7": 0.015565548253199585,
        "client_8": 0.023576961940047155
    },
    "client_5": {
        "attacker_0": 0.17230949360913259,
        "client_0": 0.16432725645900906,
        "client_1": 0.1621788053518446,
        "client_2": 0.2883082373782108,
        "client_3": 0.363128909267612,
        "client_4": 0.3672723657063312,
        "client_5": 0.11850449054546498,
        "client_6": 0.11845860402415063,
        "client_7": 0.15286964843640047,
        "client_8": 0.17221587584631243
    },
    "client_6": {
        "attacker_0": 0.1734664211648415,
        "client_0": 0.16433789827495207,
        "client_1": 0.16300417246175244,
        "client_2": 0.2855734813508326,
        "client_3": 0.37018419269389513,
        "client_4": 0.3695220719665685,
        "client_5": 0.12209723980034413,
        "client_6": 0.12339499765381719,
        "client_7": 0.15849875499047117,
        "client_8": 0.17247584507627142
    },
    "client_7": {
        "attacker_0": 0.06842169113186947,
        "client_0": 0.003993510545363783,
        "client_1": 0.0027120315581854043,
        "client_2": 0.10490654205607478,
        "client_3": 0.2645754461871282,
        "client_4": 0.1178937558247903,
        "client_5": 0.007469189592929167,
        "client_6": 0.008465081538653057,
        "client_7": 0.011281422440220724,
        "client_8": 0.01961505455437048
    },
    "client_8": {
        "attacker_0": 0.06472111084961167,
        "client_0": 0.00624249699879952,
        "client_1": 0.0033845038075667835,
        "client_2": 0.10697142857142856,
        "client_3": 0.2670813893208916,
        "client_4": 0.12031935229956146,
        "client_5": 0.006950269622528459,
        "client_6": 0.08905764584052468,
        "client_7": 0.009123649459783913,
        "client_8": 0.015292712066905615
    }
}