{
    "attacker_0": {
        "attacker_0": 0.0065934065934065925,
        "client_0": 0.006972050639104644,
        "client_1": 0.004042136207741303,
        "client_2": 0.23155021834061135,
        "client_3": 0.26522876514868404,
        "client_4": 0.15905091672816032,
        "client_5": 0.010328695546509508,
        "client_6": 0.01045338519508934,
        "client_7": 0.006831351021652944,
        "client_8": 0.007437663841980126
    },
    "client_0": {
        "attacker_0": 0.7153307252560276,
        "client_0": 0.00018059596669007724,
        "client_1": 0.00014047621436670313,
        "client_2": 0.16579405025902444,
        "client_3": 0.7458633749826985,
        "client_4": 0.20914187149633465,
        "client_5": 0.10466365581174232,
        "client_6": 0.14953166918856695,
        "client_7": 0.7312549329123915,
        "client_8": 0.7600415534004741
    },
    "client_1": {
        "attacker_0": 0.6858811663183709,
        "client_0": 0.00036110860341247636,
        "client_1": 0.00018059234288466167,
        "client_2": 0.012820385010318116,
        "client_3": 0.6053703107728042,
        "client_4": 0.0410962942581146,
        "client_5": 0.017227831103595763,
        "client_6": 0.1352279211607001,
        "client_7": 0.6777306827453087,
        "client_8": 0.7628055933118588
    },
    "client_2": {
        "attacker_0": 0.09281194223592405,
        "client_0": 0.023255813953488372,
        "client_1": 0.010992671552298468,
        "client_2": 0.09263959390862944,
        "client_3": 0.0888676540850454,
        "client_4": 0.095178064922786,
        "client_5": 0.0607852801051421,
        "client_6": 0.046823837590045846,
        "client_7": 0.09818706882721,
        "client_8": 0.11563241776873515
    },
    "client_3": {
        "attacker_0": 0.09338259993281828,
        "client_0": 0.020274914089347076,
        "client_1": 0.009246575342465754,
        "client_2": 0.09994900560938297,
        "client_3": 0.08997605200136845,
        "client_4": 0.0998806885972388,
        "client_5": 0.059657218193803555,
        "client_6": 0.04667981591058515,
        "client_7": 0.1005416384563304,
        "client_8": 0.11024978466838933
    },
    "client_4": {
        "attacker_0": 0.09297625063163215,
        "client_0": 0.019601216627238936,
        "client_1": 0.011154301166131485,
        "client_2": 0.08824006488240065,
        "client_3": 0.08842443729903537,
        "client_4": 0.08893216488153197,
        "client_5": 0.05137866072957699,
        "client_6": 0.03890514718540196,
        "client_7": 0.10329890036654449,
        "client_8": 0.11298245614035088
    },
    "client_5": {
        "attacker_0": 0.11104070052135842,
        "client_0": 0.1627083537430199,
        "client_1": 0.16293974419971452,
        "client_2": 0.29083053538429504,
        "client_3": 0.29505813953488375,
        "client_4": 0.2804922754647814,
        "client_5": 0.17388885024692216,
        "client_6": 0.1699228003678827,
        "client_7": 0.08814013815616893,
        "client_8": 0.09186241000654498
    },
    "client_6": {
        "attacker_0": 0.11158331544680546,
        "client_0": 0.1650163183112284,
        "client_1": 0.16239137990962807,
        "client_2": 0.31903775000317874,
        "client_3": 0.3656923932521782,
        "client_4": 0.284888243530571,
        "client_5": 0.17146341125445147,
        "client_6": 0.1661499965246403,
        "client_7": 0.09084073227868235,
        "client_8": 0.0969019602194985
    },
    "client_7": {
        "attacker_0": 0.06778851891633847,
        "client_0": 0.0037429819089207735,
        "client_1": 0.003014318010550113,
        "client_2": 0.24588576960309774,
        "client_3": 0.2809060118543607,
        "client_4": 0.018757612667478683,
        "client_5": 0.012222499376403092,
        "client_6": 0.01218905472636816,
        "client_7": 0.014963816999877347,
        "client_8": 0.01970928800197093
    },
    "client_8": {
        "attacker_0": 0.0703962703962704,
        "client_0": 0.006689762274519173,
        "client_1": 0.005259383217786278,
        "client_2": 0.23824583596879614,
        "client_3": 0.2767591928710437,
        "client_4": 0.016173147817814246,
        "client_5": 0.013358778625954196,
        "client_6": 0.012607040913415794,
        "client_7": 0.011963153487259242,
        "client_8": 0.015131499939954362
    }
}