{
  "r1": {
    "client_007": 0.19991538453990965,
    "client_008": 0.1999907988724209,
    "client_005": 0.2000200989593725,
    "client_009": 0.20007455366902574,
    "client_006": 0.19999916395927128,
    "client_012": 0.20094967107014955,
    "client_010": 0.20094967107014955,
    "client_011": 0.20094151424129547,
    "attacker_001": 0.19857139173021482,
    "attacker_000": 0.1985877518881907,
    "client_004": 0.20019425345951528,
    "client_003": 0.20007177991106853,
    "client_002": 0.20005912071847723,
    "client_001": 0.19990292561267456,
    "client_000": 0.19977192029826435,
    "client_016": 0.19983095853799906,
    "client_015": 0.19981406429628873,
    "client_013": 0.19957090884515966,
    "client_014": 0.20080801978977458,
    "client_017": 0.19997604853077788
  },
  "r2": {
    "client_013": 0.19973773937790187,
    "client_016": 0.20014343309323346,
    "client_015": 0.20019481055984784,
    "client_014": 0.20027906462775039,
    "client_017": 0.19964495234126647,
    "client_011": 0.2007860133180536,
    "client_012": 0.20078160723985336,
    "client_010": 0.2007910184295645,
    "attacker_001": 0.19881722367893367,
    "attacker_000": 0.1988241373335948,
    "client_004": 0.20042396491598563,
    "client_003": 0.20001961756469888,
    "client_002": 0.19999095581398518,
    "client_000": 0.199352825918115,
    "client_001": 0.20021263578721535,
    "client_009": 0.20010872594513776,
    "client_008": 0.19995175694426365,
    "client_005": 0.1999456545412467,
    "client_007": 0.19995368374991118,
    "client_006": 0.20004017881944078
  },
  "r3": {
    "client_006": 0.2001026515410485,
    "client_009": 0.19998739615944208,
    "client_008": 0.20006300292256585,
    "client_005": 0.19983421715933072,
    "client_007": 0.20001273221761282,
    "attacker_000": 0.19887611594971338,
    "attacker_001": 0.19887125379050005,
    "client_010": 0.20074928542061515,
    "client_012": 0.20075544678161802,
    "client_011": 0.20074789805755333,
    "client_013": 0.1998174663886597,
    "client_016": 0.200162770273325,
    "client_015": 0.1998021934006456,
    "client_014": 0.20024946335819982,
    "client_017": 0.19996810657916997,
    "client_000": 0.19914783601699193,
    "client_001": 0.2001847360852898,
    "client_003": 0.19997033682730692,
    "client_004": 0.2004131374098645,
    "client_002": 0.20028395366054688
  },
  "r4": {
    "attacker_001": 0.199675480133737,
    "attacker_000": 0.19966837410896937,
    "client_012": 0.20022004469983248,
    "client_011": 0.20021785162689995,
    "client_010": 0.20021824943056124,
    "client_016": 0.20001238132728236,
    "client_013": 0.2001051840719643,
    "client_015": 0.19990375701539773,
    "client_017": 0.20014646571749659,
    "client_014": 0.199832211867859,
    "client_003": 0.19995012212838867,
    "client_004": 0.20018115839781406,
    "client_002": 0.20021883735956625,
    "client_000": 0.19978506898869505,
    "client_001": 0.199864813125536,
    "client_006": 0.20012777346015828,
    "client_005": 0.19968943814135187,
    "client_008": 0.2000576659859581,
    "client_007": 0.19991428231559186,
    "client_009": 0.2002108400969399
  },
  "r5": {
    "client_016": 0.20015595515360535,
    "client_015": 0.1996582015506341,
    "client_017": 0.20014247281593858,
    "client_013": 0.19981029962265773,
    "client_014": 0.20023307085716419,
    "client_012": 0.2000670790322975,
    "attacker_000": 0.19990032315435016,
    "client_011": 0.20006361737166456,
    "attacker_001": 0.1999024349291085,
    "client_010": 0.2000665455125793,
    "client_009": 0.19996760396086236,
    "client_007": 0.19999247177817184,
    "client_005": 0.2000154767995628,
    "client_008": 0.20018605812983417,
    "client_006": 0.1998383893315688,
    "client_002": 0.2000346007480517,
    "client_004": 0.20002628667296474,
    "client_003": 0.19998919893570022,
    "client_001": 0.20000123311323037,
    "client_000": 0.19994868053005305
  },
  "r6": {
    "client_009": 0.20036504318427006,
    "client_008": 0.1998831038969526,
    "client_007": 0.19991202748386763,
    "client_005": 0.19987547009906595,
    "client_006": 0.1999643553358437,
    "attacker_001": 0.1999668846922282,
    "attacker_000": 0.1999690584888919,
    "client_012": 0.2000245568040165,
    "client_011": 0.20002352123976222,
    "client_010": 0.20001597877510113,
    "client_004": 0.2000388801438427,
    "client_002": 0.20000688518591148,
    "client_003": 0.20002490637921697,
    "client_000": 0.19994675015569774,
    "client_001": 0.19998257813533118,
    "client_016": 0.1999869188615151,
    "client_017": 0.20037300116490223,
    "client_015": 0.19947551774705927,
    "client_013": 0.20008389209610877,
    "client_014": 0.20008067013041475
  },
  "r7": {
    "client_012": 0.20001184756769735,
    "client_011": 0.20001153716150719,
    "attacker_000": 0.19999240891595718,
    "attacker_001": 0.19998895185300758,
    "client_010": 0.19999525450183062,
    "client_009": 0.19970495394817142,
    "client_008": 0.2003185042590515,
    "client_005": 0.2000616172019655,
    "client_007": 0.20019987181018517,
    "client_006": 0.1997150527806264,
    "client_016": 0.19957705796359923,
    "client_014": 0.19998842259154342,
    "client_013": 0.20023215902093375,
    "client_017": 0.20025005549679303,
    "client_015": 0.19995230492713056,
    "client_003": 0.20010555600813792,
    "client_002": 0.19994240192698703,
    "client_004": 0.19998353647690814,
    "client_000": 0.20002190580419812,
    "client_001": 0.19994659978376872
  },
  "r8": {
    "client_005": 0.19981607347063451,
    "client_009": 0.20014758829180646,
    "client_008": 0.20033388089147874,
    "client_006": 0.20014197030212355,
    "client_007": 0.19956048704395676,
    "client_000": 0.2000409772471396,
    "client_001": 0.20003845579984844,
    "client_003": 0.20001159780395916,
    "client_004": 0.199977853624477,
    "client_002": 0.19993111552457585,
    "client_016": 0.19974317144394807,
    "client_013": 0.20005788340707997,
    "client_015": 0.200100393689233,
    "client_014": 0.20020638238101274,
    "client_017": 0.1998921690787262,
    "attacker_001": 0.1999966859724886,
    "attacker_000": 0.2000005267458561,
    "client_012": 0.20000635689294466,
    "client_011": 0.2000062637942169,
    "client_010": 0.19999016659449365
  },
  "r9": {
    "client_011": 0.20000243951643748,
    "attacker_001": 0.19999956641620542,
    "client_012": 0.20000246744366182,
    "attacker_000": 0.19999791585324744,
    "client_010": 0.19999761077044784,
    "client_001": 0.19995419903818076,
    "client_000": 0.2000581680413069,
    "client_003": 0.20002926730267348,
    "client_004": 0.20004497280421898,
    "client_002": 0.1999133928136199,
    "client_005": 0.20027416264147183,
    "client_009": 0.19989566752544063,
    "client_008": 0.19989967123222863,
    "client_006": 0.20026533561817475,
    "client_007": 0.1996651629826842,
    "client_017": 0.19982187842389995,
    "client_014": 0.1999660935262752,
    "client_015": 0.20002016530642353,
    "client_013": 0.20022858419825104,
    "client_016": 0.19996327854515025
  },
  "r10": {
    "client_004": 0.20003440517822912,
    "client_002": 0.1999156379648882,
    "client_001": 0.19998526592416158,
    "client_003": 0.20005077138231653,
    "client_000": 0.20001391955040457,
    "attacker_000": 0.19999759764028754,
    "client_012": 0.20000160157314162,
    "client_010": 0.20000160157314162,
    "client_011": 0.20000160157314162,
    "attacker_001": 0.19999759764028754,
    "client_014": 0.1999087811389512,
    "client_017": 0.20013210503170892,
    "client_016": 0.20000599803243965,
    "client_013": 0.20003141004855637,
    "client_015": 0.19992170574834392,
    "client_008": 0.2000885056130233,
    "client_009": 0.19943682856683145,
    "client_005": 0.19999425249196584,
    "client_006": 0.20026890128302624,
    "client_007": 0.2002115120451532
  }
}