{
    "attacker_000": {
        "attacker_000": 0.9894928575042584,
        "attacker_001": 0.9894928575042584,
        "client_000": 0.7541048545227673,
        "client_001": 0.43038301609029156,
        "client_002": 0.4252605381863432,
        "client_003": 0.4759422614274258,
        "client_004": 0.46389928203053893,
        "client_005": 0.0652314038932577,
        "client_006": 0.1077126820962351,
        "client_007": 0.05347524174183919,
        "client_008": 0.10754044593017754,
        "client_009": 0.07777671175925037,
        "client_010": 0.9634666883064189,
        "client_011": 0.9634354155509032,
        "client_012": 0.9634666883064189,
        "client_013": 0.6814670100346328,
        "client_014": 0.6193686363847692,
        "client_015": 0.6814670100346328,
        "client_016": 0.0,
        "client_017": 0.6814670100346328
    },
    "attacker_001": {
        "attacker_000": 0.9896604651947307,
        "attacker_001": 0.9896274308073738,
        "client_000": 0.7518683714937061,
        "client_001": 0.4320570085977641,
        "client_002": 0.42709089024769403,
        "client_003": 0.4748688866025947,
        "client_004": 0.46465055122888643,
        "client_005": 0.072451666773717,
        "client_006": 0.11357062004779274,
        "client_007": 0.05852647934740386,
        "client_008": 0.11315177055160702,
        "client_009": 0.08541015998470265,
        "client_010": 0.9631144879537632,
        "client_011": 0.9630988522168287,
        "client_012": 0.9631144879537632,
        "client_013": 0.6797792808828764,
        "client_014": 0.6167797281861201,
        "client_015": 0.6797792808828764,
        "client_016": 0.0,
        "client_017": 0.6797641561908999
    },
    "client_000": {
        "attacker_000": 0.016417910447761197,
        "attacker_001": 0.016841030875223272,
        "client_000": 0.9479863481228669,
        "client_001": 0.9481196815811146,
        "client_002": 0.9491897830266409,
        "client_003": 0.9493340656322943,
        "client_004": 0.950191570881226,
        "client_005": 0.2006111810174366,
        "client_006": 0.19267955801104972,
        "client_007": 0.1998953427524856,
        "client_008": 0.1943250214961307,
        "client_009": 0.20493562231759654,
        "client_010": 0.14385150812064967,
        "client_011": 0.13268304148548596,
        "client_012": 0.12375775544940426,
        "client_013": 0.3062109955423477,
        "client_014": 0.10583138953682106,
        "client_015": 0.10809035986340951,
        "client_016": 0.3048159981067329,
        "client_017": 0.10524222943866395
    },
    "client_001": {
        "attacker_000": 0.01802679658952497,
        "attacker_001": 0.017804154302670624,
        "client_000": 0.9469225678358704,
        "client_001": 0.9477185047226288,
        "client_002": 0.9483630556294916,
        "client_003": 0.9482643968612847,
        "client_004": 0.9483032873806998,
        "client_005": 0.20567001232611376,
        "client_006": 0.19773533885414907,
        "client_007": 0.2095205596314622,
        "client_008": 0.20165512582334064,
        "client_009": 0.20953048353188505,
        "client_010": 0.14705506579787914,
        "client_011": 0.13657623947614594,
        "client_012": 0.1280105575717585,
        "client_013": 0.3105656350053361,
        "client_014": 0.10411945073990135,
        "client_015": 0.10664036817882971,
        "client_016": 0.30939161252215003,
        "client_017": 0.1038443662439413
    },
    "client_002": {
        "attacker_000": 0.010306748466257669,
        "attacker_001": 0.010489510489510488,
        "client_000": 0.9449492250133618,
        "client_001": 0.945049039365847,
        "client_002": 0.945796906523201,
        "client_003": 0.945542557482856,
        "client_004": 0.9461991434689508,
        "client_005": 0.22116569818630039,
        "client_006": 0.21112984822934233,
        "client_007": 0.2217287324906047,
        "client_008": 0.21528597941623082,
        "client_009": 0.22494315200279869,
        "client_010": 0.1429574318718489,
        "client_011": 0.13149151949641544,
        "client_012": 0.12239115034603017,
        "client_013": 0.3095181861124232,
        "client_014": 0.1030818278427205,
        "client_015": 0.10428158655109009,
        "client_016": 0.30830736668822384,
        "client_017": 0.1026827012025902
    },
    "client_003": {
        "attacker_000": 0.014975845410628017,
        "attacker_001": 0.015289765721331687,
        "client_000": 0.9462793473935536,
        "client_001": 0.9471301105340258,
        "client_002": 0.9475086597388757,
        "client_003": 0.9475086597388757,
        "client_004": 0.9488236076033497,
        "client_005": 0.216273335681578,
        "client_006": 0.20678023275425875,
        "client_007": 0.21485636579976203,
        "client_008": 0.21196754563894524,
        "client_009": 0.21856968001398847,
        "client_010": 0.15020915198377488,
        "client_011": 0.13776365212366368,
        "client_012": 0.1291333477415172,
        "client_013": 0.3083161915956509,
        "client_014": 0.10312685925827991,
        "client_015": 0.10526315789473685,
        "client_016": 0.3074037165132774,
        "client_017": 0.1027059055895714
    },
    "client_004": {
        "attacker_000": 0.01811949069539667,
        "attacker_001": 0.01741293532338308,
        "client_000": 0.9448524502603819,
        "client_001": 0.9459568190961513,
        "client_002": 0.9469869816132064,
        "client_003": 0.9473542841794251,
        "client_004": 0.9474953120814359,
        "client_005": 0.218366631615843,
        "client_006": 0.20971004720161834,
        "client_007": 0.22090059473237045,
        "client_008": 0.21345472938796153,
        "client_009": 0.2228800278600035,
        "client_010": 0.14759819785519385,
        "client_011": 0.1355302854490601,
        "client_012": 0.1271758050478677,
        "client_013": 0.3084790105838982,
        "client_014": 0.1004217714400482,
        "client_015": 0.10237467018469658,
        "client_016": 0.3073092655166281,
        "client_017": 0.10029302077783697
    },
    "client_005": {
        "attacker_000": 0.010584164461632403,
        "attacker_001": 0.010372705547363604,
        "client_000": 0.5014691478942214,
        "client_001": 0.4793837788853647,
        "client_002": 0.4794230914445368,
        "client_003": 0.4796010879419765,
        "client_004": 0.479557678564712,
        "client_005": 0.9554464262995852,
        "client_006": 0.9557661525953404,
        "client_007": 0.9554153042861127,
        "client_008": 0.9556018918781468,
        "client_009": 0.9557787666878576,
        "client_010": 0.6988591831402944,
        "client_011": 0.6950261493686951,
        "client_012": 0.6951046198919912,
        "client_013": 0.012074926466793952,
        "client_014": 0.017589878105230675,
        "client_015": 0.012281969243471979,
        "client_016": 0.012094898433865716,
        "client_017": 0.01769638355882504
    },
    "client_006": {
        "attacker_000": 0.010193160389378725,
        "attacker_001": 0.008667720389537552,
        "client_000": 0.49461306004467215,
        "client_001": 0.47225286219618884,
        "client_002": 0.47182215466463995,
        "client_003": 0.4724313636017947,
        "client_004": 0.4722716432600219,
        "client_005": 0.954607907994504,
        "client_006": 0.9545246684619684,
        "client_007": 0.9543484322323895,
        "client_008": 0.9543720433389289,
        "client_009": 0.9549938974776241,
        "client_010": 0.6988855691012584,
        "client_011": 0.6947696084878776,
        "client_012": 0.6952314226912467,
        "client_013": 0.013430445787489025,
        "client_014": 0.01854140914709518,
        "client_015": 0.013431833445265278,
        "client_016": 0.01334781933881732,
        "client_017": 0.01854236415142931
    },
    "client_007": {
        "attacker_000": 0.008974555096629443,