{
  "r1": {
    "client_009": 0.2000653196703758,
    "client_007": 0.20005694141895164,
    "client_005": 0.19994389880063598,
    "client_008": 0.19988107818372347,
    "client_006": 0.2000527619263132,
    "client_012": 0.19980700499081608,
    "client_014": 0.19973430388223734,
    "client_015": 0.200324188007794,
    "client_013": 0.20039148110306604,
    "client_016": 0.19974302201608662,
    "client_000": 0.19999319832900786,
    "client_001": 0.19959288179132925,
    "client_003": 0.19951285034463828,
    "client_002": 0.2000817334189501,
    "client_004": 0.20081933611607442,
    "attacker_000": 0.20000000153189168,
    "attacker_001": 0.19999598723350762,
    "client_010": 0.20000000153189168,
    "client_011": 0.20001203493680797,
    "attacker_002": 0.19999197476590103
  },
  "r2": {
    "client_011": 0.19999845697681498,
    "client_010": 0.19999876704179595,
    "attacker_001": 0.19999784079920901,
    "attacker_000": 0.20000493699939587,
    "attacker_002": 0.19999999818278413,
    "client_006": 0.19994230837487065,
    "client_005": 0.20004541763552916,
    "client_007": 0.19993047212053291,
    "client_008": 0.2000309822285032,
    "client_009": 0.20005081964056404,
    "client_013": 0.20004957769252268,
    "client_016": 0.19988088882513533,
    "client_015": 0.20012186793910183,
    "client_012": 0.1998727030282264,
    "client_014": 0.20007496251501367,
    "client_000": 0.19974240979237662,
    "client_001": 0.20017501105135987,
    "client_004": 0.1999605417929534,
    "client_003": 0.19990262861262972,
    "client_002": 0.20021940875068037
  },
  "r3": {
    "client_013": 0.2002095706006058,
    "client_016": 0.19970202310892715,
    "client_014": 0.2003051325475901,
    "client_012": 0.19979399184312466,
    "client_015": 0.1999892818997523,
    "client_003": 0.19993522599270672,
    "client_001": 0.20012467852515184,
    "client_002": 0.20008624351749946,
    "client_000": 0.19988158583525828,
    "client_004": 0.19997226612938368,
    "client_009": 0.20003808935500492,
    "client_008": 0.2000564419329768,
    "client_005": 0.20003359625017345,
    "client_007": 0.19996263092962638,
    "client_006": 0.19990924153221845,
    "client_010": 0.20000080816684837,
    "client_011": 0.1999978368626472,
    "attacker_000": 0.1999996548317057,
    "attacker_001": 0.2000034308911206,
    "attacker_002": 0.1999982692476782
  },
  "r4": {
    "client_003": 0.19939023043295237,
    "client_004": 0.20049464483902565,
    "client_002": 0.20028887472900422,
    "client_001": 0.19939615737616767,
    "client_000": 0.20043009262285014,
    "client_009": 0.20000473958215156,
    "client_008": 0.2000744589683179,
    "client_005": 0.19999760091182234,
    "client_007": 0.19985105341403978,
    "client_006": 0.20007214712366841,
    "client_013": 0.200448339614986,
    "client_012": 0.19979740329386492,
    "client_016": 0.19963880738626036,
    "client_014": 0.20029405989228682,
    "client_015": 0.19982138981260197,
    "attacker_002": 0.1999960962357236,
    "client_011": 0.2000016256133333,
    "client_010": 0.20000533237117515,
    "attacker_000": 0.19999367279577324,
    "attacker_001": 0.20000327298399467
  },
  "r5": {
    "client_006": 0.20024435153317102,
    "client_005": 0.19988844522407823,
    "client_008": 0.1999374349738895,
    "client_009": 0.19996309989105895,
    "client_007": 0.1999666683778023,
    "client_000": 0.200013985348015,
    "client_002": 0.20014231065362992,
    "client_001": 0.2000100388863367,
    "client_004": 0.20001873128307499,
    "client_003": 0.19981493382894347,
    "attacker_000": 0.19999924010015022,
    "attacker_001": 0.2000021007311595,
    "client_011": 0.2000016083610221,
    "client_010": 0.20000553095271037,
    "attacker_002": 0.1999915198549579,
    "client_015": 0.1997895410366553,
    "client_014": 0.20015940663865786,
    "client_016": 0.20015669003398318,
    "client_012": 0.19954942925959943,
    "client_013": 0.20034493303110426
  },
  "r6": {
    "client_002": 0.1999356228872018,
    "client_004": 0.200119965513397,
    "client_003": 0.20001022559685566,
    "client_001": 0.19993346081673183,
    "client_000": 0.2000007251858137,
    "client_005": 0.20000077227217988,
    "client_009": 0.2001214181011019,
    "client_008": 0.1998419130758685,
    "client_007": 0.19999234153866208,
    "client_006": 0.20004355501218768,
    "attacker_002": 0.1999940894904794,
    "attacker_001": 0.19999725841671906,
    "attacker_000": 0.20000202007828646,
    "client_010": 0.20000671446070914,
    "client_011": 0.1999999175538059,
    "client_012": 0.1994807354200993,
    "client_016": 0.20034567730638733,
    "client_014": 0.2004117623434129,
    "client_013": 0.20003207605587695,
    "client_015": 0.19972974887422357
  },
  "r7": {
    "client_005": 0.20024675386199334,
    "client_008": 0.19999134195951715,
    "client_009": 0.19991339112853515,
    "client_007": 0.20012587177965918,
    "client_006": 0.19972264127029526,
    "client_003": 0.19998125447453802,
    "client_001": 0.20000704590929178,
    "client_004": 0.20003707460121475,
    "client_002": 0.19993597718790163,
    "client_000": 0.2000386478270539,
    "attacker_000": 0.20000285238228438,
    "attacker_001": 0.19999581033144265,
    "client_011": 0.19999941241658897,
    "client_010": 0.20000425997202648,
    "attacker_002": 0.19999766489765758,
    "client_016": 0.20031559637119242,
    "client_013": 0.20027799451276795,
    "client_014": 0.19990124521890712,
    "client_012": 0.19957816672243206,
    "client_015": 0.19992699717470053
  },
  "r8": {
    "client_005": 0.19978683976424122,
    "client_008": 0.199730503251165,
    "client_009": 0.2000732049117832,
    "client_007": 0.2003270921105088,
    "client_006": 0.20008235996230167,
    "client_015": 0.19967703917357119,
    "client_014": 0.20010909482830205,
    "client_012": 0.19976738636375121,
    "client_016": 0.20023336548705684,
    "client_013": 0.20021311414731882,
    "attacker_000": 0.20000366201615472,
    "attacker_001": 0.19999593762603382,
    "attacker_002": 0.19999929868171606,
    "client_010": 0.2000012788180116,
    "client_011": 0.19999982285808374,
    "client_002": 0.1999991492457421,
    "client_004": 0.2000007948649146,
    "client_003": 0.19998119931771388,
    "client_001": 0.20004052092300909,
    "client_000": 0.19997833564862033
  },
  "r9": {
    "client_002": 0.19993383952288818,
    "client_004": 0.20002888929066606,
    "client_003": 0.20000582394963995,
    "client_001": 0.19996917573222756,
    "client_000": 0.20006227150457828,
    "client_013": 0.20014052725443496,
    "client_016": 0.20030303201910366,
    "client_015": 0.19938409028893087,
    "client_012": 0.20007778515277674,
    "client_014": 0.2000945652847538,
    "client_009": 0.199975875776919,
    "client_005": 0.20009161214792132,
    "client_006": 0.20022625652001566,
    "client_008": 0.1997147442795923,
    "client_007": 0.19999151127555173,
    "client_011": 0.19999882375264028,
    "client_010": 0.20000487790315108,
    "attacker_001": 0.2000004647779422,
    "attacker_000": 0.19999997544154816,
    "attacker_002": 0.19999585812471835
  },
  "r10": {
    "client_002": 0.19995008323561114,
    "client_003": 0.20004828757829024,
    "client_001": 0.20005647930037726,
    "client_004": 0.19994188325242893,
    "client_000": 0.20000326663329243,
    "attacker_002": 0.19999919814534525,
    "attacker_000": 0.19999919814534525,
    "attacker_001": 0.19999919814534525,
    "client_010": 0.2000032074186189,
    "client_011": 0.19999919814534525,
    "client_016": 0.20021654136128644,
    "client_013": 0.2002164484984557,
    "client_012": 0.2001196050638499,
    "client_015": 0.199866976728096,
    "client_014": 0.1995804283483119,
    "client_006": 0.2003461501838282,
    "client_009": 0.2000508541915075,
    "client_005": 0.19963663148226662,
    "client_007": 0.20001394726101823,
    "client_008": 0.19995241688137944
  }
}