{
    "attacker_000": {
        "attacker_000": 0.9960516587752277,
        "attacker_001": 0.9960514103229663,
        "attacker_002": 0.9960199474570138,
        "client_000": 0.9813397129186604,
        "client_001": 0.9825958185379213,
        "client_002": 0.9828538678299078,
        "client_003": 0.9836180297102142,
        "client_004": 0.9828485967033666,
        "client_005": 0.0744758211125924,
        "client_006": 0.07447356461142252,
        "client_007": 0.07430077876427987,
        "client_008": 0.07383160574649936,
        "client_009": 0.07447356461142252,
        "client_010": 0.9960985432463896,
        "client_011": 0.996082996429077,
        "client_012": 0.9321520010780218,
        "client_013": 0.9398484924497065,
        "client_014": 0.918212378205894,
        "client_015": 0.6809192722428078,
        "client_016": 0.9319900941727455
    },
    "attacker_001": {
        "attacker_000": 0.9958628934577087,
        "attacker_001": 0.9958943543439619,
        "attacker_002": 0.9958786887308878,
        "client_000": 0.980564243313972,
        "client_001": 0.9814814814814814,
        "client_002": 0.9820157063892827,
        "client_003": 0.9827152634091995,
        "client_004": 0.9819779659937591,
        "client_005": 0.0777586154730568,
        "client_006": 0.07775626285852597,
        "client_007": 0.07752594789239568,
        "client_008": 0.0774701165077924,
        "client_009": 0.07775626285852597,
        "client_010": 0.9958942251726471,
        "client_011": 0.995878559068743,
        "client_012": 0.9323832625833839,
        "client_013": 0.9401672240802675,
        "client_014": 0.9187510663709265,
        "client_015": 0.6781040636153026,
        "client_016": 0.9321853992216065
    },
    "attacker_002": {
        "attacker_000": 0.9958784293984395,
        "attacker_001": 0.9959097630808923,
        "attacker_002": 0.995893966805632,
        "client_000": 0.9819578591692965,
        "client_001": 0.9825538823978861,
        "client_002": 0.9831161184576948,
        "client_003": 0.9835288880409553,
        "client_004": 0.9830292812495028,
        "client_005": 0.06987058752050548,
        "client_006": 0.06992709599027946,
        "client_007": 0.06969678556237467,
        "client_008": 0.06952294135521117,
        "client_009": 0.0698684650202011,
        "client_010": 0.9958781700333521,
        "client_011": 0.9958940959932041,
        "client_012": 0.9315982874287833,
        "client_013": 0.9387515906503249,
        "client_014": 0.9177097385632075,
        "client_015": 0.6764165134547886,
        "client_016": 0.9313798219584569
    },
    "client_000": {
        "attacker_000": 0.1265764732859436,
        "attacker_001": 0.1256339326878746,
        "attacker_002": 0.12729568411386594,
        "client_000": 0.9652530779753761,
        "client_001": 0.9657909140667762,
        "client_002": 0.9652435686918446,
        "client_003": 0.9650082012028431,
        "client_004": 0.9652625820568929,
        "client_005": 0.0591792656587473,
        "client_006": 0.12051282051282053,
        "client_007": 0.0924175593362739,
        "client_008": 0.06967123884171565,
        "client_009": 0.05966277561608301,
        "client_010": 0.1260069848661234,
        "client_011": 0.13180625149129085,
        "client_012": 0.10897775423728817,
        "client_013": 0.10898243288034473,
        "client_014": 0.1089628596106571,
        "client_015": 0.10864230284539364,
        "client_016": 0.10843293931189328
    },
    "client_001": {
        "attacker_000": 0.13230379163305292,
        "attacker_001": 0.13019598774353933,
        "attacker_002": 0.13277194601453454,
        "client_000": 0.9660678642714572,
        "client_001": 0.9672349493873202,
        "client_002": 0.9668486220210358,
        "client_003": 0.9666179013166646,
        "client_004": 0.9670125033253525,
        "client_005": 0.0605547321617616,
        "client_006": 0.1229026845637584,
        "client_007": 0.0929467406950442,
        "client_008": 0.07685738684884715,
        "client_009": 0.06383428450644685,
        "client_010": 0.13033540140877922,
        "client_011": 0.13674066260727813,
        "client_012": 0.10838743871737114,
        "client_013": 0.10816908885792023,
        "client_014": 0.1077414205905826,
        "client_015": 0.10743966491589656,
        "client_016": 0.10719248329252962
    },
    "client_002": {
        "attacker_000": 0.12565920045364334,
        "attacker_001": 0.12630976238190667,
        "attacker_002": 0.12678143883251625,
        "client_000": 0.9651100375738056,
        "client_001": 0.9664159054271897,
        "client_002": 0.9661381349099704,
        "client_003": 0.9650087143048666,
        "client_004": 0.9651287553648069,
        "client_005": 0.06194314806957998,
        "client_006": 0.12272251308900524,
        "client_007": 0.09490406436971323,
        "client_008": 0.07521367521367522,
        "client_009": 0.06513004863607529,
        "client_010": 0.12628650904033378,
        "client_011": 0.1327643432906591,
        "client_012": 0.10529100529100527,
        "client_013": 0.10538176033934252,
        "client_014": 0.10556367016332492,
        "client_015": 0.1050464807436919,
        "client_016": 0.10505450941526265
    },
    "client_003": {
        "attacker_000": 0.13366532737253126,
        "attacker_001": 0.13358451789690015,
        "attacker_002": 0.13364342844177207,
        "client_000": 0.9650869507500333,
        "client_001": 0.9654897796655163,
        "client_002": 0.9648307896483079,
        "client_003": 0.965242769965508,
        "client_004": 0.9647214854111406,
        "client_005": 0.06621961441743504,
        "client_006": 0.12710280373831775,
        "client_007": 0.09440130772374336,
        "client_008": 0.07721680101824353,
        "client_009": 0.0686910994764398,
        "client_010": 0.13136334345944953,
        "client_011": 0.13838193791157102,
        "client_012": 0.10600196785831419,
        "client_013": 0.10616325725185818,
        "client_014": 0.10632411067193676,
        "client_015": 0.10588002897214722,
        "client_016": 0.10578057412504915
    },
    "client_004": {
        "attacker_000": 0.130459444129325,
        "attacker_001": 0.13006274957216202,
        "attacker_002": 0.13087515648116535,
        "client_000": 0.9653969957081545,
        "client_001": 0.9660721469759957,
        "client_002": 0.9661926482425545,
        "client_003": 0.9651754620948301,
        "client_004": 0.9656928437416241,
        "client_005": 0.070677324358435,
        "client_006": 0.13161182840483132,
        "client_007": 0.10329985652797703,
        "client_008": 0.0818937939859245,
        "client_009": 0.07203032855939344,
        "client_010": 0.12873478421246773,
        "client_011": 0.135843345000473,
        "client_012": 0.10437441829543945,
        "client_013": 0.1042332268370607,
        "client_014": 0.10404855599279664,
        "client_015": 0.10354041416165663,
        "client_016": 0.10353753235547887
    },
    "client_005": {
        "attacker_000": 0.6811378905124055,
        "attacker_001": 0.6705821695173619,
        "attacker_002": 0.6733354173179118,
        "client_000": 0.5157745935873546,
        "client_001": 0.5193982074263764,
        "client_002": 0.5172402732783782,
        "client_003": 0.5228883355678989,
        "client_004": 0.5161642078255291,
        "client_005": 0.9657818014423813,
        "client_006": 0.9656654556618738,
        "client_007": 0.965540160539905,
        "client_008": 0.9661585756372486,
        "client_009": 0.9657925035179736,
        "client_010": 0.6881625636391687,
        "client_011": 0.6832845874324205,
        "client_012": 0.016171684296175753,
        "client_013": 0.017717136747785363,
        "client_014": 0.022096087573484694,
        "client_015": 0.012037131490360094,
        "client_016": 0.02129061692097126
    },
    "client_006": {
        "attacker_000": 0.6813230694145573,