{
    "attacker_000": {
        "attacker_000": 0.9920448442534909,
        "attacker_001": 0.9917862411157302,
        "client_000": 0.9559185279937026,
        "client_001": 0.9560726056372669,
        "client_002": 0.9558960911251332,
        "client_003": 0.9425482086800537,
        "client_004": 0.9562053366550842,
        "client_005": 0.08626072197132724,
        "client_006": 0.08736217133163697,
        "client_007": 0.08742010723048495,
        "client_008": 0.08614731736889966,
        "client_009": 0.060572551910554114,
        "client_010": 0.967498746218433,
        "client_011": 0.9674830944446243,
        "client_012": 0.96753005128537,
        "client_013": 0.6985222316255452,
        "client_014": 0.6273446327683616,
        "client_015": 0.12558604738388449,
        "client_016": 0.052640129975629564,
        "client_017": 0.6032093532384657
    },
    "attacker_001": {
        "attacker_000": 0.9922610753915628,
        "attacker_001": 0.9920523138832997,
        "client_000": 0.9552914915966386,
        "client_001": 0.955411504061705,
        "client_002": 0.9552694168785368,
        "client_003": 0.9406889665501746,
        "client_004": 0.9555417022114312,
        "client_005": 0.08968311562651184,
        "client_006": 0.09026329312898643,
        "client_007": 0.09026329312898643,
        "client_008": 0.08957029241888173,
        "client_009": 0.06356893275301906,
        "client_010": 0.9671353905403,
        "client_011": 0.9671353905403,
        "client_012": 0.967151040486747,
        "client_013": 0.6974985330232761,
        "client_014": 0.6307900677200903,
        "client_015": 0.1288489163699956,
        "client_016": 0.05585140927393168,
        "client_017": 0.6082210868555503
    },
    "client_000": {
        "attacker_000": 0.06999255398361875,
        "attacker_001": 0.14614894971355827,
        "client_000": 0.9769848835625765,
        "client_001": 0.9763071895424836,
        "client_002": 0.9761677788369877,
        "client_003": 0.977124183006536,
        "client_004": 0.976725193956717,
        "client_005": 0.21708713165147336,
        "client_006": 0.206423982869379,
        "client_007": 0.1570175438596491,
        "client_008": 0.21826560536237954,
        "client_009": 0.19080810280984534,
        "client_010": 0.1704583077141371,
        "client_011": 0.1651476986489581,
        "client_012": 0.1715264234409932,
        "client_013": 0.10550458715596331,
        "client_014": 0.1060315021129466,
        "client_015": 0.11204013377926421,
        "client_016": 0.09924830410071504,
        "client_017": 0.04951929408665877
    },
    "client_001": {
        "attacker_000": 0.07041601037709627,
        "attacker_001": 0.14606600577236792,
        "client_000": 0.9786273728926059,
        "client_001": 0.9786216969857919,
        "client_002": 0.9783503785363263,
        "client_003": 0.9786273728926059,
        "client_004": 0.9784974780992832,
        "client_005": 0.22571961068544213,
        "client_006": 0.2144502617801047,
        "client_007": 0.15704784381034112,
        "client_008": 0.22485207100591714,
        "client_009": 0.19320367599914512,
        "client_010": 0.17530524015392657,
        "client_011": 0.1695723986052487,
        "client_012": 0.17621523636884032,
        "client_013": 0.1046303402404707,
        "client_014": 0.10514800514800515,
        "client_015": 0.11240364400840926,
        "client_016": 0.09824046920821114,
        "client_017": 0.04980842911877394
    },
    "client_002": {
        "attacker_000": 0.06678318461963022,
        "attacker_001": 0.13375078271759547,
        "client_000": 0.9773913043478262,
        "client_001": 0.9772483940042827,
        "client_002": 0.9772423025435073,
        "client_003": 0.9771359807460891,
        "client_004": 0.9774033961759593,
        "client_005": 0.2356333676622039,
        "client_006": 0.22513524760715775,
        "client_007": 0.16416630947278182,
        "client_008": 0.23704004879040452,
        "client_009": 0.2063996609451155,
        "client_010": 0.17087032079282324,
        "client_011": 0.16550720683853956,
        "client_012": 0.17145015105740183,
        "client_013": 0.10170139552666793,
        "client_014": 0.10215707610574155,
        "client_015": 0.10837096213963184,
        "client_016": 0.09486166007905139,
        "client_017": 0.046695166063794806
    },
    "client_003": {
        "attacker_000": 0.07084870848708488,
        "attacker_001": 0.14968394437420987,
        "client_000": 0.9775902979172159,
        "client_001": 0.9769220625082421,
        "client_002": 0.9767932489451479,
        "client_003": 0.9775902979172159,
        "client_004": 0.9774673870075109,
        "client_005": 0.23146251536255633,
        "client_006": 0.21637305699481865,
        "client_007": 0.1638022490982389,
        "client_008": 0.2324455205811138,
        "client_009": 0.20134510298444727,
        "client_010": 0.1745586999159428,
        "client_011": 0.17029954230298636,
        "client_012": 0.17522148783574742,
        "client_013": 0.10282678808575224,
        "client_014": 0.10328817655663676,
        "client_015": 0.11025038041222851,
        "client_016": 0.0971203394968172,
        "client_017": 0.05085740366434114
    },
    "client_004": {
        "attacker_000": 0.06723772681219489,
        "attacker_001": 0.14365199797673245,
        "client_000": 0.9779970662755033,
        "client_001": 0.9779911964785913,
        "client_002": 0.9777303640485399,
        "client_003": 0.9781449893390193,
        "client_004": 0.9780146568954032,
        "client_005": 0.23789991796554555,
        "client_006": 0.22522335341782673,
        "client_007": 0.16499680238755063,
        "client_008": 0.23867313915857605,
        "client_009": 0.20727580372250423,
        "client_010": 0.17186691138406512,
        "client_011": 0.16627251227942516,
        "client_012": 0.17248557100955625,
        "client_013": 0.10022400000000001,
        "client_014": 0.10065561126108755,
        "client_015": 0.10814222596254996,
        "client_016": 0.09449300165026588,
        "client_017": 0.048324445322272695
    },
    "client_005": {
        "attacker_000": 0.07870142646335465,
        "attacker_001": 0.10128298232873395,
        "client_000": 0.5158607350096711,
        "client_001": 0.5158794131871676,
        "client_002": 0.5157654030725627,
        "client_003": 0.5154991299864664,
        "client_004": 0.5155329491678202,
        "client_005": 0.976575456053068,
        "client_006": 0.9774479017984585,
        "client_007": 0.975799347048764,
        "client_008": 0.9747677337543024,
        "client_009": 0.9769252731850391,
        "client_010": 0.677970639418143,
        "client_011": 0.6790046656298601,
        "client_012": 0.6783971345421984,
        "client_013": 0.11188081229834881,
        "client_014": 0.11809235427706284,
        "client_015": 0.10961246200607903,
        "client_016": 0.09193940527398542,
        "client_017": 0.11098979349632093
    },
    "client_006": {
        "attacker_000": 0.0795269770879527,
        "attacker_001": 0.10118960912842924,
        "client_000": 0.5093574648892348,
        "client_001": 0.5093373103358838,
        "client_002": 0.5094724570096183,
        "client_003": 0.509010761052768,
        "client_004": 0.5091780245394801,
        "client_005": 0.9754945226104563,
        "client_006": 0.9760889905395571,
        "client_007": 0.97330670056292,
        "client_008": 0.9729645742697327,
        "client_009": 0.9755945419103313,
        "client_010": 0.6777512442252326,
        "client_011": 0.679233539323345,
        "client_012": 0.6775890239262293,
        "client_013": 0.1113282180813039,
        "client_014": 0.11841855160615854,
        "client_015": 0.10946364719904648,
        "client_016": 0.09250804580495472,
        "client_017": 0.11064519203278375
    },
    "client_007": {
        "attacker_000": 0.07627411317775915,