{
    "attacker_000": {
        "attacker_000": 0.992127834567031,
        "attacker_001": 0.9916549366579529,
        "client_000": 0.9573949690504411,
        "client_001": 0.9543763012508403,
        "client_002": 0.9542905859592746,
        "client_003": 0.9549089002490496,
        "client_004": 0.9545424750917672,
        "client_005": 0.07883931015603612,
        "client_006": 0.0993138317081979,
        "client_007": 0.07913143969344931,
        "client_008": 0.06560690985941377,
        "client_009": 0.08443271767810026,
        "client_010": 0.9675613583782297,
        "client_011": 0.9675613583782297,
        "client_012": 0.96753005128537,
        "client_013": 0.8867142570244464,
        "client_014": 0.8629475685448548,
        "client_015": 0.8431982991001935,
        "client_016": 0.7073344103392569,
        "client_017": 0.8828539054790014
    },
    "attacker_001": {
        "attacker_000": 0.9923100171261626,
        "attacker_001": 0.9917535449699977,
        "client_000": 0.9568024242025001,
        "client_001": 0.9534341876415187,
        "client_002": 0.9536886657807963,
        "client_003": 0.9541549157211254,
        "client_004": 0.9539939664218259,
        "client_005": 0.08463170657775083,
        "client_006": 0.10348760429797706,
        "client_007": 0.08468976387499622,
        "client_008": 0.07035973859402675,
        "client_009": 0.0913978494623656,
        "client_010": 0.9671823418991521,
        "client_011": 0.9671979933651591,
        "client_012": 0.9671979933651591,
        "client_013": 0.8864467524868344,
        "client_014": 0.862051578927711,
        "client_015": 0.8443541342246192,
        "client_016": 0.7070140626348028,
        "client_017": 0.881619937694704
    },
    "client_000": {
        "attacker_000": 0.11950449356327425,
        "attacker_001": 0.12378005236848368,
        "client_000": 0.9651115063620194,
        "client_001": 0.9655266757865938,
        "client_002": 0.968898546787994,
        "client_003": 0.9652720809406617,
        "client_004": 0.9708764289602614,
        "client_005": 0.23774264558735242,
        "client_006": 0.27390791027154665,
        "client_007": 0.24930083899320812,
        "client_008": 0.24166167365688038,
        "client_009": 0.24235006119951044,
        "client_010": 0.1456176218426433,
        "client_011": 0.1335561257981739,
        "client_012": 0.12408108710180439,
        "client_013": 0.10508905852417304,
        "client_014": 0.10482339536650209,
        "client_015": 0.1040266348388718,
        "client_016": 0.10828320222119389,
        "client_017": 0.09852100642272113
    },
    "client_001": {
        "attacker_000": 0.12302616073532875,
        "attacker_001": 0.12627669452181986,
        "client_000": 0.9671324018629408,
        "client_001": 0.9671324018629408,
        "client_002": 0.9707401032702239,
        "client_003": 0.9667464751263634,
        "client_004": 0.9713831478537361,
        "client_005": 0.24435797665369652,
        "client_006": 0.27952453987730064,
        "client_007": 0.258215049581956,
        "client_008": 0.24771888953601243,
        "client_009": 0.25084476247266946,
        "client_010": 0.1504360941701095,
        "client_011": 0.13751479289940827,
        "client_012": 0.1294111067613668,
        "client_013": 0.1037357601985617,
        "client_014": 0.10405576679340937,
        "client_015": 0.10255765726135863,
        "client_016": 0.1069631983055335,
        "client_017": 0.09655091506335053
    },
    "client_002": {
        "attacker_000": 0.09896709104011531,
        "attacker_001": 0.10558712121212122,
        "client_000": 0.9660357094912069,
        "client_001": 0.9662951524103666,
        "client_002": 0.9698586289677247,
        "client_003": 0.9652675338608019,
        "client_004": 0.9712912271331287,
        "client_005": 0.25116822429906543,
        "client_006": 0.2830297219558965,
        "client_007": 0.2647515527950311,
        "client_008": 0.2557148392096087,
        "client_009": 0.25609514370664027,
        "client_010": 0.14409371949235275,
        "client_011": 0.1333017358848273,
        "client_012": 0.12312444836716681,
        "client_013": 0.10208492245105516,
        "client_014": 0.1018688628444726,
        "client_015": 0.10074744048740657,
        "client_016": 0.10463733650416171,
        "client_017": 0.09577730596838878
    },
    "client_003": {
        "attacker_000": 0.1196138450671062,
        "attacker_001": 0.12355391022674686,
        "client_000": 0.9648307896483079,
        "client_001": 0.9648307896483079,
        "client_002": 0.9711500461072323,
        "client_003": 0.9645747644951572,
        "client_004": 0.9716620535125874,
        "client_005": 0.24951569159240602,
        "client_006": 0.288855193328279,
        "client_007": 0.26447876447876445,
        "client_008": 0.2561423873089572,
        "client_009": 0.25502562081198266,
        "client_010": 0.1531361715957101,
        "client_011": 0.13973747719112367,
        "client_012": 0.13100724160631994,
        "client_013": 0.10272893426608685,
        "client_014": 0.10251572327044026,
        "client_015": 0.1021743193570494,
        "client_016": 0.10587772238257676,
        "client_017": 0.09701098126724997
    },
    "client_004": {
        "attacker_000": 0.11789874019491324,
        "attacker_001": 0.12192262602579132,
        "client_000": 0.9655449792197346,
        "client_001": 0.9659426119603111,
        "client_002": 0.970447284345048,
        "client_003": 0.9654248190833556,
        "client_004": 0.9716189207195203,
        "client_005": 0.25397440868553706,
        "client_006": 0.28576886341929325,
        "client_007": 0.266280193236715,
        "client_008": 0.25778982001161216,
        "client_009": 0.25690607734806625,
        "client_010": 0.1492246804645429,
        "client_011": 0.1366605850155965,
        "client_012": 0.12745800055081244,
        "client_013": 0.10067071223251357,
        "client_014": 0.10057215511760967,
        "client_015": 0.09974182985958062,
        "client_016": 0.10292848130685968,
        "client_017": 0.09446215609871295
    },
    "client_005": {
        "attacker_000": 0.02646253675352327,
        "attacker_001": 0.10350357160211868,
        "client_000": 0.5152588204996138,
        "client_001": 0.515314968214217,
        "client_002": 0.516174673612451,
        "client_003": 0.5160296524501781,
        "client_004": 0.5161995371560812,
        "client_005": 0.9640148129229983,
        "client_006": 0.9642364481683953,
        "client_007": 0.9643999692882553,
        "client_008": 0.9648074369189907,
        "client_009": 0.9644137224782386,
        "client_010": 0.683765215278238,
        "client_011": 0.6890715667311411,
        "client_012": 0.6845142036034045,
        "client_013": 0.02256585906412129,
        "client_014": 0.027078337330135892,
        "client_015": 0.023459524768425298,
        "client_016": 0.022864625302175666,
        "client_017": 0.028579964150567613
    },
    "client_006": {
        "attacker_000": 0.023303144398086905,
        "attacker_001": 0.09870028339685331,
        "client_000": 0.508623758211177,
        "client_001": 0.5090450962656674,
        "client_002": 0.5098913886733901,
        "client_003": 0.5093468504826785,
        "client_004": 0.5096430302051365,
        "client_005": 0.9624552429667519,
        "client_006": 0.9626294922624377,
        "client_007": 0.9633217993079585,
        "client_008": 0.96369822712272,
        "client_009": 0.962611549902554,
        "client_010": 0.6837221633085896,
        "client_011": 0.6881985391181906,
        "client_012": 0.6850738349986736,
        "client_013": 0.02481464669390225,
        "client_014": 0.028968074976194056,
        "client_015": 0.025210507739625874,
        "client_016": 0.024818401937046004,
        "client_017": 0.030457359696425008
    },
    "client_007": {
        "attacker_000": 0.020647917408330364,