{
    "client_000": {
        "client_000": 0.9765986394557823,
        "client_001": 0.976858154097468,
        "client_002": 0.9771304111080861,
        "client_003": 0.976731528099061,
        "client_004": 0.9769848835625765,
        "client_005": 0.05394094396651942,
        "client_006": 0.0670868977937866,
        "client_007": 0.05203468979319546,
        "client_008": 0.054832713754646836,
        "client_009": 0.055050151621180314,
        "client_010": 0.315729549833596,
        "client_011": 0.31537854197736637,
        "client_012": 0.3164050477069868,
        "client_013": 0.3131756023442588,
        "client_014": 0.3177685585665107,
        "client_015": 0.10628019323671496,
        "client_016": 0.10735015978608231,
        "client_017": 0.10593138826546969,
        "client_018": 0.10650964151675942,
        "client_019": 0.10543783507786572
    },
    "client_001": {
        "client_000": 0.9772064670023853,
        "client_001": 0.9779723991507431,
        "client_002": 0.9778426429613905,
        "client_003": 0.9773299748110831,
        "client_004": 0.978226234731811,
        "client_005": 0.053101396200503546,
        "client_006": 0.0697158081705151,
        "client_007": 0.053426757171009406,
        "client_008": 0.05423883318140384,
        "client_009": 0.054078826764436295,
        "client_010": 0.3245329357073941,
        "client_011": 0.3246211289259828,
        "client_012": 0.3253091581217269,
        "client_013": 0.3218910228556531,
        "client_014": 0.32690947666195197,
        "client_015": 0.10536509781135,
        "client_016": 0.10672944869531098,
        "client_017": 0.10486458734437172,
        "client_018": 0.1057611301924697,
        "client_019": 0.10429682519444089
    },
    "client_002": {
        "client_000": 0.9767504008551579,
        "client_001": 0.9773913043478262,
        "client_002": 0.9768685653162187,
        "client_003": 0.9769991976464295,
        "client_004": 0.9772423025435073,
        "client_005": 0.05503324925475808,
        "client_006": 0.06142888938348542,
        "client_007": 0.05380577427821522,
        "client_008": 0.05541561712846347,
        "client_009": 0.05521048999309869,
        "client_010": 0.3191360166551006,
        "client_011": 0.31927370661569876,
        "client_012": 0.31978414135259814,
        "client_013": 0.3165721162111053,
        "client_014": 0.32095745610203547,
        "client_015": 0.102669934219012,
        "client_016": 0.10353584684508695,
        "client_017": 0.10209054764653071,
        "client_018": 0.10287267080745341,
        "client_019": 0.10167547939096644
    },
    "client_003": {
        "client_000": 0.9770992366412213,
        "client_001": 0.9777309263407564,
        "client_002": 0.9773386034255601,
        "client_003": 0.9774792572105888,
        "client_004": 0.9773206751054853,
        "client_005": 0.060619667714414016,
        "client_006": 0.07061900610287708,
        "client_007": 0.059240180296200894,
        "client_008": 0.062120189061444966,
        "client_009": 0.06161457162131774,
        "client_010": 0.3220521664151757,
        "client_011": 0.3219621728992141,
        "client_012": 0.32264485698212814,
        "client_013": 0.3193406499551608,
        "client_014": 0.32366730335127625,
        "client_015": 0.10377659914371527,
        "client_016": 0.10462412813226557,
        "client_017": 0.10329474621549421,
        "client_018": 0.10365814594144403,
        "client_019": 0.10263855573791189
    },
    "client_004": {
        "client_000": 0.9775056568614401,
        "client_001": 0.9782753565240571,
        "client_002": 0.9780146568954032,
        "client_003": 0.9780263683579704,
        "client_004": 0.9779911964785913,
        "client_005": 0.05875654748348895,
        "client_006": 0.06910211267605633,
        "client_007": 0.06067172264355363,
        "client_008": 0.05897028804717624,
        "client_009": 0.05929304446978336,
        "client_010": 0.3198507074038712,
        "client_011": 0.319582699413171,
        "client_012": 0.3205681174574129,
        "client_013": 0.3173619182917905,
        "client_014": 0.3218099072291265,
        "client_015": 0.10155896241671518,
        "client_016": 0.10255068672334859,
        "client_017": 0.10131790421086469,
        "client_018": 0.10151229960407605,
        "client_019": 0.10063938618925833
    },
    "client_005": {
        "client_000": 0.5176856105631767,
        "client_001": 0.5044535465834471,
        "client_002": 0.5174600109426797,
        "client_003": 0.5166961841893415,
        "client_004": 0.5044658806716685,
        "client_005": 0.9788626330823164,
        "client_006": 0.9797692347493144,
        "client_007": 0.9794289859578216,
        "client_008": 0.9786304788644516,
        "client_009": 0.9788714115143019,
        "client_010": 0.6844891359720039,
        "client_011": 0.666470761093153,
        "client_012": 0.6843995212129274,
        "client_013": 0.684410140395236,
        "client_014": 0.6855948595949041,
        "client_015": 0.021313131313131315,
        "client_016": 0.021343313777058465,
        "client_017": 0.021302372539121657,
        "client_018": 0.021302372539121657,
        "client_019": 0.021691973969631236
    },
    "client_006": {
        "client_000": 0.5114370638407857,
        "client_001": 0.4970057920743479,
        "client_002": 0.511155004371337,
        "client_003": 0.5103819118266334,
        "client_004": 0.49723684640790045,
        "client_005": 0.9781291446701168,
        "client_006": 0.9785007511785733,
        "client_007": 0.9785434449835249,
        "client_008": 0.9774017183025253,
        "client_009": 0.9782744282744282,
        "client_010": 0.6845161576311007,
        "client_011": 0.6665310550583129,
        "client_012": 0.6843691816650411,
        "client_013": 0.6841498047568335,
        "client_014": 0.6854297274465342,
        "client_015": 0.023074587592348955,
        "client_016": 0.023100303951367786,
        "client_017": 0.023062917256726687,
        "client_018": 0.023157043179290123,
        "client_019": 0.023249936820823856
    },
    "client_007": {
        "client_000": 0.5209036280086121,
        "client_001": 0.5071540062434964,
        "client_002": 0.520159732062347,
        "client_003": 0.5195566724660095,
        "client_004": 0.5074248578391553,
        "client_005": 0.9777777777777779,
        "client_006": 0.9784740863101383,
        "client_007": 0.9781799379524302,
        "client_008": 0.9778273385026323,
        "client_009": 0.977933177933178,
        "client_010": 0.6847493684350485,
        "client_011": 0.6668474576271187,
        "client_012": 0.6847390003324837,
        "client_013": 0.6845723917672107,
        "client_014": 0.6858337224556956,
        "client_015": 0.02032047717737451,
        "client_016": 0.02025213913219584,
        "client_017": 0.020415382283086564,
        "client_018": 0.020310210680543624,
        "client_019": 0.020700797738059176
    },
    "client_008": {
        "client_000": 0.5163181803537484,
        "client_001": 0.5023483365949118,
        "client_002": 0.515979081929111,
        "client_003": 0.5154725757477874,
        "client_004": 0.5024444299589337,
        "client_005": 0.9780102532073802,
        "client_006": 0.9781014331251459,
        "client_007": 0.9782140167744281,
        "client_008": 0.9777268346054654,
        "client_009": 0.9784655396618985,
        "client_010": 0.685908093369688,
        "client_011": 0.6669078902734118,
        "client_012": 0.6859702021993614,
        "client_013": 0.6858334442521851,
        "client_014": 0.6869248210554394,
        "client_015": 0.020308692120227456,
        "client_016": 0.020231801545343635,
        "client_017": 0.02030250735965892,
        "client_018": 0.020397807996752587,
        "client_019": 0.020897793558204415
    },
    "client_009": {
        "client_000": 0.5142949234488315,
        "client_001": 0.5007012165291412,