{
    "client_000": {
        "client_000": 0.9477437937182828,
        "client_001": 0.9483516483516484,
        "client_002": 0.949642267473858,
        "client_003": 0.9479309399835572,
        "client_004": 0.9504516835477689,
        "client_005": 0.18813972380178715,
        "client_006": 0.17551080405703368,
        "client_007": 0.20168067226890754,
        "client_008": 0.17429968875055582,
        "client_009": 0.20276243093922652,
        "client_010": 0.13484646194926567,
        "client_011": 0.12335185790563365,
        "client_012": 0.12145661879404011,
        "client_013": 0.10921663351330871,
        "client_014": 0.11537671935947444,
        "client_015": 0.10590903027877817,
        "client_016": 0.10581728526687546,
        "client_017": 0.10902080701987636,
        "client_018": 0.10489464297509743,
        "client_019": 0.10492107706592387
    },
    "client_001": {
        "client_000": 0.9483767961681747,
        "client_001": 0.9482092930368792,
        "client_002": 0.9493333333333334,
        "client_003": 0.9470189881821802,
        "client_004": 0.9486805463466385,
        "client_005": 0.19577735124760076,
        "client_006": 0.18350485577619946,
        "client_007": 0.20760330578512395,
        "client_008": 0.17949846018477783,
        "client_009": 0.21069958847736625,
        "client_010": 0.14019370460048428,
        "client_011": 0.12782566270938364,
        "client_012": 0.12599784250269688,
        "client_013": 0.11334725650275299,
        "client_014": 0.12008621574463718,
        "client_015": 0.10486941420078819,
        "client_016": 0.10413190040718241,
        "client_017": 0.10775890775890774,
        "client_018": 0.10362419664745247,
        "client_019": 0.10360420268652747
    },
    "client_002": {
        "client_000": 0.9454154342565204,
        "client_001": 0.9463204628010224,
        "client_002": 0.9483479433580579,
        "client_003": 0.9444295302013422,
        "client_004": 0.9467344753747324,
        "client_005": 0.20736959642686234,
        "client_006": 0.1901724887664879,
        "client_007": 0.21854852041659778,
        "client_008": 0.19015725101921957,
        "client_009": 0.21384678410487504,
        "client_010": 0.1348017090930974,
        "client_011": 0.12335088767034039,
        "client_012": 0.1205927986731582,
        "client_013": 0.1088139281828074,
        "client_014": 0.11503882304863097,
        "client_015": 0.10328076129633329,
        "client_016": 0.10346432608551101,
        "client_017": 0.10518626734842951,
        "client_018": 0.10258438818565402,
        "client_019": 0.10247583741559645
    },
    "client_003": {
        "client_000": 0.9469616204690832,
        "client_001": 0.9467092992272849,
        "client_002": 0.9473263101746899,
        "client_003": 0.9469061876247505,
        "client_004": 0.9489361702127659,
        "client_005": 0.205470737913486,
        "client_006": 0.18705865398472404,
        "client_007": 0.21335078534031413,
        "client_008": 0.18413433700057905,
        "client_009": 0.21727995686750234,
        "client_010": 0.14151564088761287,
        "client_011": 0.12883468543491108,
        "client_012": 0.1274020596666313,
        "client_013": 0.11402604703457321,
        "client_014": 0.12116618665049772,
        "client_015": 0.10302588889624577,
        "client_016": 0.10343915343915344,
        "client_017": 0.10628465804066542,
        "client_018": 0.10248324793062673,
        "client_019": 0.10235805559214858
    },
    "client_004": {
        "client_000": 0.9460836909871245,
        "client_001": 0.9470572426766998,
        "client_002": 0.9478073715361852,
        "client_003": 0.9453668987680771,
        "client_004": 0.9481441779445263,
        "client_005": 0.20731319554848965,
        "client_006": 0.19016110471806674,
        "client_007": 0.21724194339931294,
        "client_008": 0.18759018759018758,
        "client_009": 0.21749152542372882,
        "client_010": 0.13931366646598434,
        "client_011": 0.12729140755961715,
        "client_012": 0.12454681168692683,
        "client_013": 0.11249645792009068,
        "client_014": 0.11864320843685039,
        "client_015": 0.10071749480319185,
        "client_016": 0.1009451035592198,
        "client_017": 0.10333288716369966,
        "client_018": 0.09991352358145414,
        "client_019": 0.09989996665555186
    },
    "client_005": {
        "client_000": 0.47919188861985473,
        "client_001": 0.4797514869113914,
        "client_002": 0.47871857013026353,
        "client_003": 0.4792390155518647,
        "client_004": 0.4794520547945206,
        "client_005": 0.9552466003653339,
        "client_006": 0.9558536399827573,
        "client_007": 0.9556424978405569,
        "client_008": 0.9552943565789139,
        "client_009": 0.9543753161355589,
        "client_010": 0.6927143891363009,
        "client_011": 0.6983240223463687,
        "client_012": 0.6985531247276214,
        "client_013": 0.6990460426013851,
        "client_014": 0.6925459698148027,
        "client_015": 0.010342866008170864,
        "client_016": 0.010323113451016826,
        "client_017": 0.009910700459402259,
        "client_018": 0.009931205710443283,
        "client_019": 0.010320449971618762
    },
    "client_006": {
        "client_000": 0.47152923252713763,
        "client_001": 0.4729173024107414,
        "client_002": 0.47164702741867826,
        "client_003": 0.4724756690997567,
        "client_004": 0.47202333598514973,
        "client_005": 0.9544404680321835,
        "client_006": 0.9547218628719276,
        "client_007": 0.9544842308572009,
        "client_008": 0.9544449808176021,
        "client_009": 0.9540611000025311,
        "client_010": 0.6911024677522138,
        "client_011": 0.6976957719382625,
        "client_012": 0.6981230903535575,
        "client_013": 0.6985276475079071,
        "client_014": 0.6921672568902185,
        "client_015": 0.01200890315233708,
        "client_016": 0.01198904449382461,
        "client_017": 0.011674759789234424,
        "client_018": 0.011597204245405123,
        "client_019": 0.012084904198729535
    },
    "client_007": {
        "client_000": 0.47887751232461134,
        "client_001": 0.47989367761534074,
        "client_002": 0.47920145741612263,
        "client_003": 0.4790713502476652,
        "client_004": 0.4795502565650468,
        "client_005": 0.9561629967096938,
        "client_006": 0.9558224807181692,
        "client_007": 0.9563454863310447,
        "client_008": 0.9560990429895185,
        "client_009": 0.9545890307280892,
        "client_010": 0.6927266338721012,
        "client_011": 0.6986193638587905,
        "client_012": 0.6985906889480343,
        "client_013": 0.6995881186392661,
        "client_014": 0.6930501506057208,
        "client_015": 0.009414929388029588,
        "client_016": 0.00940082644628099,
        "client_017": 0.008986210814439911,
        "client_018": 0.0091050181065701,
        "client_019": 0.0093964582580412
    },
    "client_008": {
        "client_000": 0.47961739922568886,
        "client_001": 0.4803221394924783,
        "client_002": 0.4795077297071447,
        "client_003": 0.48007568590350047,
        "client_004": 0.47996979422314523,
        "client_005": 0.9538719171825839,
        "client_006": 0.9536652134239075,
        "client_007": 0.9540212366001118,
        "client_008": 0.9538297440065013,
        "client_009": 0.952614792689718,
        "client_010": 0.6928075875998946,
        "client_011": 0.6990579852687256,
        "client_012": 0.6991820263932818,
        "client_013": 0.7002092779909312,
        "client_014": 0.6930148675991906,
        "client_015": 0.00997506234413965,
        "client_016": 0.010053897180762853,
        "client_017": 0.00953713782200798,
        "client_018": 0.009562912530533756,
        "client_019": 0.01015123264967889
    },
    "client_009": {
        "client_000": 0.4760567655763831,