{
    "client_0": {
        "client_0": 0.999864499325006,
        "client_1": 0.9998795543510991,
        "client_2": 0.7923048571963723,
        "client_3": 0.5246780086356423,
        "client_4": 0.8017552483604492,
        "client_5": 0.8029821001956854,
        "client_6": 0.788230861781899,
        "client_7": 0.7858477986885286,
        "client_8": 0.09220190057781387,
        "client_9": 0.09094036697247707
    },
    "client_1": {
        "client_0": 0.9998544972881305,
        "client_1": 0.9998545002082153,
        "client_2": 0.7902069967316305,
        "client_3": 0.5218008637519966,
        "client_4": 0.7997213681783245,
        "client_5": 0.8027536701597706,
        "client_6": 0.7886049505672019,
        "client_7": 0.7867013770619434,
        "client_8": 0.08849980864906237,
        "client_9": 0.08705226774412837
    },
    "client_2": {
        "client_0": 0.14313705269671034,
        "client_1": 0.1472290313613505,
        "client_2": 0.9723827874116893,
        "client_3": 0.9752704791344667,
        "client_4": 0.9752108685854098,
        "client_5": 0.09132297803963578,
        "client_6": 0.08860431356283699,
        "client_7": 0.08712679924724073,
        "client_8": 0.3394260485651214,
        "client_9": 0.3284798058589011
    },
    "client_3": {
        "client_0": 0.1410673820748574,
        "client_1": 0.14637503823799328,
        "client_2": 0.973421926910299,
        "client_3": 0.9752256577683888,
        "client_4": 0.9750415973377704,
        "client_5": 0.0938290202829935,
        "client_6": 0.09104380605745482,
        "client_7": 0.08939661120907766,
        "client_8": 0.3279209318743382,
        "client_9": 0.3168094125789428
    },
    "client_4": {
        "client_0": 0.1450328204862102,
        "client_1": 0.14885447656826098,
        "client_2": 0.9768418373838912,
        "client_3": 0.9785878154473617,
        "client_4": 0.9785309294769702,
        "client_5": 0.09578626117684853,
        "client_6": 0.09312684518568394,
        "client_7": 0.09129959586203391,
        "client_8": 0.3275372604684173,
        "client_9": 0.3192119944211994
    },
    "client_5": {
        "client_0": 0.05860746326875569,
        "client_1": 0.059062505098627864,
        "client_2": 0.0007243752263672581,
        "client_3": 0.0007249003262051467,
        "client_4": 0.0007243752263672581,
        "client_5": 0.9474416985729203,
        "client_6": 0.9477546741219641,
        "client_7": 0.947867298578199,
        "client_8": 0.049487451396253095,
        "client_9": 0.050865418580007066
    },
    "client_6": {
        "client_0": 0.054384595368201935,
        "client_1": 0.05475071782824328,
        "client_2": 0.0007616146230007615,
        "client_3": 0.0015226494099733535,
        "client_4": 0.0015226494099733535,
        "client_5": 0.947059901080784,
        "client_6": 0.9475041444096518,
        "client_7": 0.9479320531757754,
        "client_8": 0.04244229337304542,
        "client_9": 0.044593088071348944
    },
    "client_7": {
        "client_0": 0.05419337998988564,
        "client_1": 0.054690951936766666,
        "client_2": 0.0007656967840735067,
        "client_3": 0.0007656967840735067,
        "client_4": 0.0,
        "client_5": 0.9524162192186632,
        "client_6": 0.9518318765110656,
        "client_7": 0.9526119402985074,
        "client_8": 0.04055576417574164,
        "client_9": 0.0412912912912913
    },
    "client_8": {
        "client_0": 0.6805466523002224,
        "client_1": 0.6938629571412187,
        "client_2": 0.5731432716857765,
        "client_3": 0.5721152939845796,
        "client_4": 0.573608693606812,
        "client_5": 0.011691099237338447,
        "client_6": 0.01229177759184605,
        "client_7": 0.012369316800389009,
        "client_8": 0.9681049206680423,
        "client_9": 0.9666461348937481
    },
    "client_9": {
        "client_0": 0.6813606221077239,
        "client_1": 0.6949865229110511,
        "client_2": 0.5759837941253704,
        "client_3": 0.5749209654874811,
        "client_4": 0.5764565948320268,
        "client_5": 0.011075541260184188,
        "client_6": 0.011886532134572525,
        "client_7": 0.011692363614333748,
        "client_8": 0.9682756923833982,
        "client_9": 0.9669424019607843
    }
}