{
    "client_0": {
        "client_0": 0.999538439926953,
        "client_1": 0.999538439926953,
        "client_2": 0.8797399540436026,
        "client_3": 0.7377381486135757,
        "client_4": 0.9177567462208169,
        "client_5": 0.8484711996535297,
        "client_6": 0.8361639294510395,
        "client_7": 0.8293954318385941,
        "client_8": 0.12396577793221326,
        "client_9": 0.11673203107323327
    },
    "client_1": {
        "client_0": 0.9996287973032626,
        "client_1": 0.9996237867121466,
        "client_2": 0.8776398317695084,
        "client_3": 0.7360733480872589,
        "client_4": 0.9162116586870828,
        "client_5": 0.8483112984238784,
        "client_6": 0.8356039645571394,
        "client_7": 0.8288871145762393,
        "client_8": 0.12084046575497076,
        "client_9": 0.1133532894550468
    },
    "client_2": {
        "client_0": 0.16580547546318763,
        "client_1": 0.16381734338094706,
        "client_2": 0.9633704374838209,
        "client_3": 0.9628334628334627,
        "client_4": 0.9630109477230032,
        "client_5": 0.09304240428159735,
        "client_6": 0.08973551637279596,
        "client_7": 0.0910958721349094,
        "client_8": 0.29943100995732574,
        "client_9": 0.29503847174316794
    },
    "client_3": {
        "client_0": 0.16448748527256532,
        "client_1": 0.1621102032738684,
        "client_2": 0.9650736476490641,
        "client_3": 0.9650646593321752,
        "client_4": 0.9654417916210826,
        "client_5": 0.09569827157766857,
        "client_6": 0.09209868091940707,
        "client_7": 0.09371551608128112,
        "client_8": 0.28347996089931576,
        "client_9": 0.27962504421648393
    },
    "client_4": {
        "client_0": 0.16710601719197707,
        "client_1": 0.16451703745423824,
        "client_2": 0.9697939331882759,
        "client_3": 0.968663889778917,
        "client_4": 0.9687880535794399,
        "client_5": 0.09754089362169284,
        "client_6": 0.09420403881458168,
        "client_7": 0.09538313562039115,
        "client_8": 0.2876062639821029,
        "client_9": 0.2844712776347332
    },
    "client_5": {
        "client_0": 0.05795356555976767,
        "client_1": 0.05818538820256893,
        "client_2": 0.0007243752263672581,
        "client_3": 0.0007243752263672581,
        "client_4": 0.0007243752263672581,
        "client_5": 0.946908836884387,
        "client_6": 0.9469657450878108,
        "client_7": 0.9477756286266925,
        "client_8": 0.07329842931937174,
        "client_9": 0.11411001024940212
    },
    "client_6": {
        "client_0": 0.053704608369972325,
        "client_1": 0.053943470646961596,
        "client_2": 0.0015226494099733535,
        "client_3": 0.0015226494099733535,
        "client_4": 0.0015226494099733535,
        "client_5": 0.9471746732928401,
        "client_6": 0.9462681092976344,
        "client_7": 0.9465705305971529,
        "client_8": 0.07252747252747252,
        "client_9": 0.10643653362099964
    },
    "client_7": {
        "client_0": 0.05340955492037566,
        "client_1": 0.05372301124702405,
        "client_2": 0.0007656967840735067,
        "client_3": 0.0015302218821729148,
        "client_4": 0.0007654037504783773,
        "client_5": 0.9523986612123465,
        "client_6": 0.9513053138307721,
        "client_7": 0.9527544351073763,
        "client_8": 0.07308970099667773,
        "client_9": 0.11339833875045142
    },
    "client_8": {
        "client_0": 0.6949962960468719,
        "client_1": 0.6971978336192687,
        "client_2": 0.5712111389836241,
        "client_3": 0.5711843230091405,
        "client_4": 0.5708597828944897,
        "client_5": 0.01156966919880041,
        "client_6": 0.012261165875623708,
        "client_7": 0.012039401678219628,
        "client_8": 0.9678142439748326,
        "client_9": 0.9678032204502452
    },
    "client_9": {
        "client_0": 0.6962920116492579,
        "client_1": 0.6984523785523725,
        "client_2": 0.5743042888545905,
        "client_3": 0.5738736800755713,
        "client_4": 0.5736484843951605,
        "client_5": 0.010893973417491048,
        "client_6": 0.011856029594590497,
        "client_7": 0.011514104778353483,
        "client_8": 0.9680242394413855,
        "client_9": 0.9677478848237545
    }
}