{
    "attacker_000": {
        "attacker_000": 0.7489565166271482,
        "attacker_001": 0.7485926129342304,
        "attacker_002": 0.7489568436930671,
        "client_000": 0.7424904640813732,
        "client_001": 0.7410123555201275,
        "client_002": 0.7407067645181875,
        "client_003": 0.7417961831605342,
        "client_004": 0.7414428227235619,
        "client_005": 0.128538283062645,
        "client_006": 0.128538283062645,
        "client_007": 0.12819679740078907,
        "client_008": 0.1285442479929463,
        "client_009": 0.15134447674418602,
        "client_010": 0.7492217632202361,
        "client_011": 0.7491434500851655,
        "client_012": 0.5539027149321267,
        "client_013": 0.5516830334336154,
        "client_014": 0.551866984451254,
        "client_015": 0.5516575840145324,
        "client_016": 0.5518102372034955
    },
    "attacker_001": {
        "attacker_000": 0.7487213654445337,
        "attacker_001": 0.7483476180202797,
        "attacker_002": 0.7488734767446417,
        "client_000": 0.7421701112877583,
        "client_001": 0.7404482731115897,
        "client_002": 0.7402307108929069,
        "client_003": 0.7413144324765564,
        "client_004": 0.7411567877629064,
        "client_005": 0.12527319228086492,
        "client_006": 0.12526736724634985,
        "client_007": 0.12501744104925352,
        "client_008": 0.1251918336976236,
        "client_009": 0.1478850794518053,
        "client_010": 0.7491777603758809,
        "client_011": 0.7492120666366501,
        "client_012": 0.5504426280510225,
        "client_013": 0.5484648314574887,
        "client_014": 0.5485626807280151,
        "client_015": 0.5484803810387843,
        "client_016": 0.5485626807280151
    },
    "attacker_002": {
        "attacker_000": 0.7487213654445337,
        "attacker_001": 0.7481709589471,
        "attacker_002": 0.7487852664576803,
        "client_000": 0.741665507027414,
        "client_001": 0.7395286652166105,
        "client_002": 0.7397664903702225,
        "client_003": 0.7407082818786599,
        "client_004": 0.7406152865226748,
        "client_005": 0.13548955099392987,
        "client_006": 0.1354031510658017,
        "client_007": 0.13523659452194464,
        "client_008": 0.13532301418111037,
        "client_009": 0.15771324863883848,
        "client_010": 0.7493783894903772,
        "client_011": 0.7493245624339245,
        "client_012": 0.5467935644686154,
        "client_013": 0.5446951184861055,
        "client_014": 0.5448450240063638,
        "client_015": 0.5445865302642796,
        "client_016": 0.5449122208965399
    },
    "client_000": {
        "attacker_000": 0.06190684771499488,
        "attacker_001": 0.06532381028809887,
        "attacker_002": 0.07134141965118783,
        "client_000": 0.9769364084788695,
        "client_001": 0.9770544290288155,
        "client_002": 0.9762603360896239,
        "client_003": 0.9771847898599066,
        "client_004": 0.9770544290288155,
        "client_005": 0.231284475965327,
        "client_006": 0.15010482180293502,
        "client_007": 0.2143439282803586,
        "client_008": 0.14631016042780748,
        "client_009": 0.20526315789473684,
        "client_010": 0.12144212523719164,
        "client_011": 0.12735974474873704,
        "client_012": 0.12211398327836159,
        "client_013": 0.10505986867516416,
        "client_014": 0.0868508637540282,
        "client_015": 0.11274230330672749,
        "client_016": 0.09171815656708802
    },
    "client_001": {
        "attacker_000": 0.0642948367086298,
        "attacker_001": 0.06788511749347258,
        "attacker_002": 0.07088897640614371,
        "client_000": 0.9759276499534513,
        "client_001": 0.9762982689747005,
        "client_002": 0.9759020103847691,
        "client_003": 0.9765770561618313,
        "client_004": 0.9772273272073513,
        "client_005": 0.217374213836478,
        "client_006": 0.14854996870436055,
        "client_007": 0.20162601626016258,
        "client_008": 0.1358603066439523,
        "client_009": 0.192090395480226,
        "client_010": 0.11945807264707206,
        "client_011": 0.12319512518214333,
        "client_012": 0.13028169014084506,
        "client_013": 0.1113594278781687,
        "client_014": 0.09285451390714548,
        "client_015": 0.12033814022874192,
        "client_016": 0.09778930746672682
    },
    "client_002": {
        "attacker_000": 0.06389544381920495,
        "attacker_001": 0.06743822834488004,
        "attacker_002": 0.07204508167486982,
        "client_000": 0.9763988332007425,
        "client_001": 0.9763925729442972,
        "client_002": 0.9756032882524528,
        "client_003": 0.9767996818242078,
        "client_004": 0.9767812126840918,
        "client_005": 0.21946490887941064,
        "client_006": 0.15113659635469998,
        "client_007": 0.20557002604688443,
        "client_008": 0.1451275616896696,
        "client_009": 0.19379228014325509,
        "client_010": 0.12285739926411202,
        "client_011": 0.12809444101841247,
        "client_012": 0.12873421619956885,
        "client_013": 0.10873041253597694,
        "client_014": 0.0911494131331289,
        "client_015": 0.11920907987722179,
        "client_016": 0.09652509652509654
    },
    "client_003": {
        "attacker_000": 0.0628226249313564,
        "attacker_001": 0.06680349309831381,
        "attacker_002": 0.06961072478313858,
        "client_000": 0.9757794727686337,
        "client_001": 0.9762829961141632,
        "client_002": 0.9760214333556597,
        "client_003": 0.9766943477096169,
        "client_004": 0.9768127596836885,
        "client_005": 0.20831683168316834,
        "client_006": 0.13038906414300735,
        "client_007": 0.1938379922464803,
        "client_008": 0.12489307100085544,
        "client_009": 0.18333333333333335,
        "client_010": 0.11783224645828648,
        "client_011": 0.12240572286496512,
        "client_012": 0.11463885670142913,
        "client_013": 0.09771819002191567,
        "client_014": 0.08155483768468993,
        "client_015": 0.1057974122524841,
        "client_016": 0.08635303487115309
    },
    "client_004": {
        "attacker_000": 0.060477531171158,
        "attacker_001": 0.06405866000564038,
        "attacker_002": 0.06836441893830703,
        "client_000": 0.9776461082682467,
        "client_001": 0.9780353052149305,
        "client_002": 0.9776340609000269,
        "client_003": 0.9781729991915926,
        "client_004": 0.9778975741239893,
        "client_005": 0.23443368254595767,
        "client_006": 0.16221851542952462,
        "client_007": 0.22475106685632998,
        "client_008": 0.1525932276039434,
        "client_009": 0.215539858728557,
        "client_010": 0.11932894380806351,
        "client_011": 0.12466220706153369,
        "client_012": 0.11938245184958728,
        "client_013": 0.10218513091673569,
        "client_014": 0.08520534911993234,
        "client_015": 0.11145201569746699,
        "client_016": 0.09040893880097554
    },
    "client_005": {
        "attacker_000": 0.5753815232886956,
        "attacker_001": 0.58269892951676,
        "attacker_002": 0.6256615841985541,
        "client_000": 0.536269977944953,
        "client_001": 0.5330142960988612,
        "client_002": 0.5371107892831283,
        "client_003": 0.5366251169528868,
        "client_004": 0.5315113319597625,
        "client_005": 0.9744455159112827,
        "client_006": 0.976653979490412,
        "client_007": 0.9750036261664168,
        "client_008": 0.9760760906488085,
        "client_009": 0.9757029229021105,
        "client_010": 0.6958863755917938,
        "client_011": 0.6962189805499666,
        "client_012": 0.09282852383739253,
        "client_013": 0.09319254100202201,
        "client_014": 0.09507548526240116,
        "client_015": 0.09310701904461753,
        "client_016": 0.09362773755452625
    },
    "client_006": {
        "attacker_000": 0.5762846589049423,