{
    "attacker_000": {
        "attacker_000": 0.7492715361298524,
        "attacker_001": 0.7493838269238291,
        "attacker_002": 0.7493154971446453,
        "client_000": 0.4989859240199787,
        "client_001": 0.5051020408163266,
        "client_002": 0.49937985903137005,
        "client_003": 0.4943484751546172,
        "client_004": 0.5072108192208725,
        "client_005": 0.09308139814414154,
        "client_006": 0.06825770968375565,
        "client_007": 0.0655350553505535,
        "client_008": 0.06984158124478886,
        "client_009": 0.09021251987856006,
        "client_010": 0.7492563018631595,
        "client_011": 0.7492807796935241,
        "client_012": 0.6020629324977151,
        "client_013": 0.5381870920957216,
        "client_014": 0.5381870920957216,
        "client_015": 0.000833941415615553,
        "client_016": 0.0007297748123436195
    },
    "attacker_001": {
        "attacker_000": 0.7493890637524193,
        "attacker_001": 0.7493692671764682,
        "attacker_002": 0.749354813482443,
        "client_000": 0.5020179032013351,
        "client_001": 0.5076770529731679,
        "client_002": 0.5028349655862466,
        "client_003": 0.4970967544771102,
        "client_004": 0.5104534834960762,
        "client_005": 0.08946886887850918,
        "client_006": 0.0663749446875461,
        "client_007": 0.06564637567048866,
        "client_008": 0.06833243336115065,
        "client_009": 0.08903878583473862,
        "client_010": 0.7493396466375785,
        "client_011": 0.7493396466375785,
        "client_012": 0.5982149867825268,
        "client_013": 0.5339597471144365,
        "client_014": 0.5339327146171693,
        "client_015": 0.0005209961446285297,
        "client_016": 0.00041684035014589413
    },
    "attacker_002": {
        "attacker_000": 0.749227459417172,
        "attacker_001": 0.7492614981317369,
        "attacker_002": 0.7491833740831295,
        "client_000": 0.5007417274681359,
        "client_001": 0.5078469617404352,
        "client_002": 0.5013310745401742,
        "client_003": 0.49514800122062863,
        "client_004": 0.5102437565425453,
        "client_005": 0.0920711196540125,
        "client_006": 0.07090668366596381,
        "client_007": 0.06812819504522218,
        "client_008": 0.07199177236887212,
        "client_009": 0.08975778879953773,
        "client_010": 0.7493982034170303,
        "client_011": 0.7493982034170303,
        "client_012": 0.5959162303664922,
        "client_013": 0.5289669613773849,
        "client_014": 0.5289395613984061,
        "client_015": 0.00041694897586907803,
        "client_016": 0.00031274433150899143
    },
    "client_000": {
        "attacker_000": 0.21515424453951815,
        "attacker_001": 0.3023416257457084,
        "attacker_002": 0.2566112322791712,
        "client_000": 0.9503698722259583,
        "client_001": 0.9498048714843225,
        "client_002": 0.9486939048894842,
        "client_003": 0.9450520138703654,
        "client_004": 0.948965887724953,
        "client_005": 0.15765445876027187,
        "client_006": 0.13458174709332235,
        "client_007": 0.14235780108039403,
        "client_008": 0.13270818469065335,
        "client_009": 0.13729128014842298,
        "client_010": 0.15129492600422834,
        "client_011": 0.13091033382704795,
        "client_012": 0.10323594916808594,
        "client_013": 0.10021931281983118,
        "client_014": 0.10375789823744597,
        "client_015": 0.10015214658993186,
        "client_016": 0.10379109225874868
    },
    "client_001": {
        "attacker_000": 0.2154287482071041,
        "attacker_001": 0.30128231058614136,
        "attacker_002": 0.25680087051142547,
        "client_000": 0.95016077170418,
        "client_001": 0.9507976940608661,
        "client_002": 0.9492927675473711,
        "client_003": 0.9466684399521212,
        "client_004": 0.9491434689507494,
        "client_005": 0.1508097165991903,
        "client_006": 0.1247559346418662,
        "client_007": 0.13189372287498677,
        "client_008": 0.12190398532259708,
        "client_009": 0.12733464038798886,
        "client_010": 0.14857517196200457,
        "client_011": 0.1289082376886979,
        "client_012": 0.11066162077515335,
        "client_013": 0.10682374743530346,
        "client_014": 0.11142800291835245,
        "client_015": 0.10694764570299638,
        "client_016": 0.11141214564197448
    },
    "client_002": {
        "attacker_000": 0.2164380481223297,
        "attacker_001": 0.30271011453460234,
        "attacker_002": 0.25809960904300533,
        "client_000": 0.9469038384378761,
        "client_001": 0.9477911646586344,
        "client_002": 0.9448881789137381,
        "client_003": 0.941894401698063,
        "client_004": 0.9448965977318212,
        "client_005": 0.15247445401723103,
        "client_006": 0.12939264676010562,
        "client_007": 0.13682008368200838,
        "client_008": 0.1270479445170369,
        "client_009": 0.13213519861125295,
        "client_010": 0.15230879759649923,
        "client_011": 0.13227244512160713,
        "client_012": 0.10978332239001969,
        "client_013": 0.10626084634895207,
        "client_014": 0.11017515710656504,
        "client_015": 0.106171201061712,
        "client_016": 0.11000865685556369
    },
    "client_003": {
        "attacker_000": 0.21440234221046114,
        "attacker_001": 0.30066788099574987,
        "attacker_002": 0.254526992722965,
        "client_000": 0.9493910690121787,
        "client_001": 0.9495058887234331,
        "client_002": 0.9502360080917059,
        "client_003": 0.945644879881895,
        "client_004": 0.9484926321481681,
        "client_005": 0.1461318051575931,
        "client_006": 0.12234318299637117,
        "client_007": 0.12892209178228387,
        "client_008": 0.118732697631498,
        "client_009": 0.12450551738496773,
        "client_010": 0.14469706926008674,
        "client_011": 0.12656790964299902,
        "client_012": 0.09838221754570566,
        "client_013": 0.09571485782939528,
        "client_014": 0.09929078014184398,
        "client_015": 0.09625739546632987,
        "client_016": 0.09914051569058564
    },
    "client_004": {
        "attacker_000": 0.2131207571617701,
        "attacker_001": 0.3000121758188238,
        "attacker_002": 0.253446519524618,
        "client_000": 0.9514457174031642,
        "client_001": 0.9511862557949277,
        "client_002": 0.9518513495185136,
        "client_003": 0.9495877821327207,
        "client_004": 0.9495031985844562,
        "client_005": 0.1542805283856005,
        "client_006": 0.1327334083239595,
        "client_007": 0.14087468460891506,
        "client_008": 0.13143549364021806,
        "client_009": 0.13472777606890185,
        "client_010": 0.15079729641052564,
        "client_011": 0.1308379316229592,
        "client_012": 0.10172368764690519,
        "client_013": 0.09887193098871931,
        "client_014": 0.10218201170835552,
        "client_015": 0.09906221106855105,
        "client_016": 0.10253692786646354
    },
    "client_005": {
        "attacker_000": 0.7811005012674633,
        "attacker_001": 0.7146972877309956,
        "attacker_002": 0.7419984853920045,
        "client_000": 0.49776934696315034,
        "client_001": 0.49791191437094223,
        "client_002": 0.49760061648393994,
        "client_003": 0.4982849142457123,
        "client_004": 0.498597868760516,
        "client_005": 0.957269818698898,
        "client_006": 0.9574584452952227,
        "client_007": 0.9572609097151518,
        "client_008": 0.9572224197179761,
        "client_009": 0.9568449210520087,
        "client_010": 0.7060268554179244,
        "client_011": 0.7078562804446481,
        "client_012": 0.010818573480134036,
        "client_013": 0.008813132535954674,
        "client_014": 0.0088088669473888,
        "client_015": 0.008709536942952534,
        "client_016": 0.010078984348500268
    },