{
    "attacker_000": {
        "attacker_000": 0.5708717856822866,
        "client_000": 0.5665779112901391,
        "client_001": 0.5664345213710228,
        "client_002": 0.5663333864759605,
        "client_003": 0.566411137144287,
        "client_004": 0.5667341783674305,
        "client_005": 0.15104166666666666,
        "client_006": 0.15120929346791087,
        "client_007": 0.15104166666666666,
        "client_008": 0.15127651467039246,
        "client_009": 0.15129573170731708,
        "client_010": 0.5710836370140178,
        "client_011": 0.5711667001989583,
        "client_012": 0.5711603370811632,
        "client_013": 0.5711028146028481,
        "client_014": 0.447067731277533,
        "client_015": 0.46045216468872235,
        "client_016": 0.4537105814032007,
        "client_017": 0.44636319679491604,
        "client_018": 0.4468422504136789
    },
    "client_000": {
        "attacker_000": 0.35921838614964063,
        "client_000": 0.975769126054996,
        "client_001": 0.9756561947504421,
        "client_002": 0.9748127978216474,
        "client_003": 0.9759281925744594,
        "client_004": 0.9759085340955491,
        "client_005": 0.20414673046251997,
        "client_006": 0.19579579579579579,
        "client_007": 0.20007908264136018,
        "client_008": 0.20733399405351835,
        "client_009": 0.19417870954610217,
        "client_010": 0.12732947764619482,
        "client_011": 0.16510097572044474,
        "client_012": 0.16270227252630645,
        "client_013": 0.16882516188714153,
        "client_014": 0.10547770700636942,
        "client_015": 0.1061072619964075,
        "client_016": 0.10495036985521906,
        "client_017": 0.10515595162316994,
        "client_018": 0.10268406796355578
    },
    "client_001": {
        "attacker_000": 0.3675424882747491,
        "client_000": 0.9769291964996022,
        "client_001": 0.9759004237288136,
        "client_002": 0.9767935287097201,
        "client_003": 0.9765469723068769,
        "client_004": 0.9768058316766071,
        "client_005": 0.21104150352388407,
        "client_006": 0.2020162087369045,
        "client_007": 0.20482866043613712,
        "client_008": 0.2145504193485469,
        "client_009": 0.19855884707766217,
        "client_010": 0.1313219313127608,
        "client_011": 0.16886064457557876,
        "client_012": 0.16548797736916548,
        "client_013": 0.1730135906118095,
        "client_014": 0.10429017657933322,
        "client_015": 0.10498620291343129,
        "client_016": 0.10353982300884956,
        "client_017": 0.1035231044166454,
        "client_018": 0.10108970017853847
    },
    "client_002": {
        "attacker_000": 0.36370939398503793,
        "client_000": 0.9769930444087748,
        "client_001": 0.976725521669342,
        "client_002": 0.976040690670593,
        "client_003": 0.9770053475935828,
        "client_004": 0.9770053475935828,
        "client_005": 0.22435395458104931,
        "client_006": 0.21650294695481334,
        "client_007": 0.21958341444422813,
        "client_008": 0.22647403358063256,
        "client_009": 0.21579577183885124,
        "client_010": 0.12790591667426385,
        "client_011": 0.16546568185912447,
        "client_012": 0.1629023026460617,
        "client_013": 0.16881206325855094,
        "client_014": 0.10147695441813089,
        "client_015": 0.10228509249183895,
        "client_016": 0.10093599797622062,
        "client_017": 0.10135135135135136,
        "client_018": 0.09926017262638716
    },
    "client_003": {
        "attacker_000": 0.36378030677882234,
        "client_000": 0.9761496903412835,
        "client_001": 0.9766890557092058,
        "client_002": 0.9753395753659502,
        "client_003": 0.976425655208745,
        "client_004": 0.97615597417995,
        "client_005": 0.22243713733075435,
        "client_006": 0.21093749999999997,
        "client_007": 0.21631000578369,
        "client_008": 0.22757955641272903,
        "client_009": 0.20610384462940945,
        "client_010": 0.13387074860740003,
        "client_011": 0.1700695535113305,
        "client_012": 0.16671769079378965,
        "client_013": 0.1726546450582059,
        "client_014": 0.10244735344336936,
        "client_015": 0.10296550846379027,
        "client_016": 0.10221636215231994,
        "client_017": 0.10252515663565596,
        "client_018": 0.10021465808034345
    },
    "client_004": {
        "attacker_000": 0.3629700286158944,
        "client_000": 0.9764220061276142,
        "client_001": 0.9771033013844516,
        "client_002": 0.9765520916600052,
        "client_003": 0.9769671148981494,
        "client_004": 0.9770911028236547,
        "client_005": 0.22519899048728403,
        "client_006": 0.21647058823529408,
        "client_007": 0.2191304347826087,
        "client_008": 0.2288595810705973,
        "client_009": 0.21213322759714512,
        "client_010": 0.1304644498021198,
        "client_011": 0.16594516594516595,
        "client_012": 0.16281724773864936,
        "client_013": 0.16998158379373848,
        "client_014": 0.10014068295178412,
        "client_015": 0.10093337624718378,
        "client_016": 0.10004443598044817,
        "client_017": 0.09979502946451446,
        "client_018": 0.09801980198019802
    },
    "client_005": {
        "attacker_000": 0.4896778435239973,
        "client_000": 0.5163749111814482,
        "client_001": 0.5261271639307542,
        "client_002": 0.5183511410955808,
        "client_003": 0.5224364114571639,
        "client_004": 0.5201528727880014,
        "client_005": 0.9672648848494184,
        "client_006": 0.9702338036873005,
        "client_007": 0.9698121933047298,
        "client_008": 0.9687691992627483,
        "client_009": 0.9697063051961388,
        "client_010": 0.680915352143968,
        "client_011": 0.688008107691291,
        "client_012": 0.6914653148111573,
        "client_013": 0.6802003338898164,
        "client_014": 0.025268414481897632,
        "client_015": 0.02724686860621788,
        "client_016": 0.026335478078707165,
        "client_017": 0.10226891159399433,
        "client_018": 0.10253953042644945
    },
    "client_006": {
        "attacker_000": 0.4863065616451899,
        "client_000": 0.5102405141354799,
        "client_001": 0.5212499196296534,
        "client_002": 0.5133443590491942,
        "client_003": 0.5184087614752778,
        "client_004": 0.5151857470225608,
        "client_005": 0.9649019053251395,
        "client_006": 0.9688144329896907,
        "client_007": 0.968218050912831,
        "client_008": 0.9676460031789982,
        "client_009": 0.9682409167994244,
        "client_010": 0.6808548491115707,
        "client_011": 0.6881654065730597,
        "client_012": 0.691550595368865,
        "client_013": 0.680009795845671,
        "client_014": 0.026830855483806374,
        "client_015": 0.02901450725362682,
        "client_016": 0.027997200279972,
        "client_017": 0.10157415876377991,
        "client_018": 0.10176991150442477
    },
    "client_007": {
        "attacker_000": 0.49085836205481703,
        "client_000": 0.5190159488603345,
        "client_001": 0.5271516393442623,
        "client_002": 0.5201046410231567,
        "client_003": 0.5251074199961521,
        "client_004": 0.5222307890002571,
        "client_005": 0.9670194500679087,
        "client_006": 0.9702232613107932,
        "client_007": 0.9701335657702465,
        "client_008": 0.9686756846600352,
        "client_009": 0.9699267380501051,
        "client_010": 0.6818565776019205,
        "client_011": 0.689003019816166,
        "client_012": 0.6920745101484931,
        "client_013": 0.6812614137454901,
        "client_014": 0.02434643783675913,
        "client_015": 0.026524405444483222,
        "client_016": 0.025703611457036115,
        "client_017": 0.09810886051646346,
        "client_018": 0.09795644248297035
    },
    "client_008": {
        "attacker_000": 0.4850524648584438,
        "client_000": 0.5153104162620573,