{
    "attacker_000": {
        "attacker_000": 0.9948359097714007,
        "attacker_001": 0.9953173426761892,
        "attacker_002": 0.9954674889214645,
        "client_000": 0.9592191469447787,
        "client_001": 0.9605766989644724,
        "client_002": 0.9569507626438319,
        "client_003": 0.9584537511902574,
        "client_004": 0.9568293700458907,
        "client_005": 0.07979047387014251,
        "client_006": 0.07979047387014251,
        "client_007": 0.08119293974437006,
        "client_008": 0.07997076468617717,
        "client_009": 0.07774153227035761,
        "client_010": 0.9638264709702559,
        "client_011": 0.9638734189546835,
        "client_012": 0.8039038496294957,
        "client_013": 0.8444366866430053,
        "client_014": 0.8188361257063547,
        "client_015": 0.7113587581033324,
        "client_016": 0.8668883610451307
    },
    "attacker_001": {
        "attacker_000": 0.995137217950228,
        "attacker_001": 0.9955005813855514,
        "attacker_002": 0.995516904304446,
        "client_000": 0.9583730218412124,
        "client_001": 0.9596110944627576,
        "client_002": 0.9554771027490087,
        "client_003": 0.9576617954070983,
        "client_004": 0.9559893226559895,
        "client_005": 0.08348269890937814,
        "client_006": 0.08336877924287538,
        "client_007": 0.08534401651036451,
        "client_008": 0.08349030807559092,
        "client_009": 0.08150107958519599,
        "client_010": 0.9634116634457671,
        "client_011": 0.9634273093413018,
        "client_012": 0.8032170503669447,
        "client_013": 0.8458585388552815,
        "client_014": 0.8188976377952757,
        "client_015": 0.7108679605748773,
        "client_016": 0.8674827035657265
    },
    "attacker_002": {
        "attacker_000": 0.9947316153574254,
        "attacker_001": 0.9949609855570724,
        "attacker_002": 0.994892196692571,
        "client_000": 0.9576010691613766,
        "client_001": 0.959650056549797,
        "client_002": 0.9550447212237733,
        "client_003": 0.9578639966624947,
        "client_004": 0.9554195366834002,
        "client_005": 0.07862497714390199,
        "client_006": 0.07851025570692756,
        "client_007": 0.080435973938988,
        "client_008": 0.07851264858274917,
        "client_009": 0.0766320927394753,
        "client_010": 0.9636809377689023,
        "client_011": 0.9636965839719444,
        "client_012": 0.7988868499062292,
        "client_013": 0.8412494651262301,
        "client_014": 0.8158203319089734,
        "client_015": 0.7065685805075523,
        "client_016": 0.8631017062243829
    },
    "client_000": {
        "attacker_000": 0.0010427528675703858,
        "attacker_001": 0.001045478306325144,
        "attacker_002": 0.0010438413361169103,
        "client_000": 0.9756296800544588,
        "client_001": 0.9755035383777899,
        "client_002": 0.9745405037440437,
        "client_003": 0.9747213916825224,
        "client_004": 0.975769126054996,
        "client_005": 0.052452452452452454,
        "client_006": 0.06271912738605376,
        "client_007": 0.06730331969076853,
        "client_008": 0.06299212598425195,
        "client_009": 0.05484460694698355,
        "client_010": 0.14471679822739233,
        "client_011": 0.12315709201830198,
        "client_012": 0.104782443232272,
        "client_013": 0.10372953116244318,
        "client_014": 0.10577476498049497,
        "client_015": 0.10931577897466588,
        "client_016": 0.10191472441426562
    },
    "client_001": {
        "attacker_000": 0.0010149708195889367,
        "attacker_001": 0.0010165184243964421,
        "attacker_002": 0.0010134279199391942,
        "client_000": 0.9767935287097201,
        "client_001": 0.9770648283176454,
        "client_002": 0.9770465702534165,
        "client_003": 0.9765407554671969,
        "client_004": 0.9774475988325816,
        "client_005": 0.0539468464894883,
        "client_006": 0.06559285852901224,
        "client_007": 0.06599326599326599,
        "client_008": 0.06538704914574985,
        "client_009": 0.04870349492671928,
        "client_010": 0.15034770514603615,
        "client_011": 0.1309086219126846,
        "client_012": 0.10334307868310663,
        "client_013": 0.10209163346613545,
        "client_014": 0.10491257285595336,
        "client_015": 0.10789210789210789,
        "client_016": 0.10031194568475137
    },
    "client_002": {
        "attacker_000": 0.0005092946269416858,
        "attacker_001": 0.0005116398055768739,
        "attacker_002": 0.0005108556832694763,
        "client_000": 0.9766011498863484,
        "client_001": 0.9766011498863484,
        "client_002": 0.975916510569976,
        "client_003": 0.9751735184196476,
        "client_004": 0.9769930444087748,
        "client_005": 0.05832176155524698,
        "client_006": 0.06280286877301802,
        "client_007": 0.06702654071075125,
        "client_008": 0.0657950231969633,
        "client_009": 0.051953919132595436,
        "client_010": 0.14611370502609175,
        "client_011": 0.12317645566408729,
        "client_012": 0.10126101007540712,
        "client_013": 0.09978847828791837,
        "client_014": 0.10188558644934483,
        "client_015": 0.10534006376195536,
        "client_016": 0.09838670251772183
    },
    "client_003": {
        "attacker_000": 0.0010121457489878543,
        "attacker_001": 0.0010141987829614604,
        "attacker_002": 0.0010103561505430663,
        "client_000": 0.9757511860832895,
        "client_001": 0.9761496903412835,
        "client_002": 0.9750692520775625,
        "client_003": 0.9760400210637178,
        "client_004": 0.9764070119942007,
        "client_005": 0.056410256410256404,
        "client_006": 0.06456571867794005,
        "client_007": 0.06703662597114317,
        "client_008": 0.06666666666666667,
        "client_009": 0.05425839448521236,
        "client_010": 0.15175522469607977,
        "client_011": 0.1302383939774153,
        "client_012": 0.10250927614615432,
        "client_013": 0.10116250309176354,
        "client_014": 0.10318164532893903,
        "client_015": 0.10645033636723387,
        "client_016": 0.0992847617893078
    },
    "client_004": {
        "attacker_000": 0.0020366598778004067,
        "attacker_001": 0.0020402958428972196,
        "attacker_002": 0.002033036848792884,
        "client_000": 0.9770727805918421,
        "client_001": 0.9770911028236547,
        "client_002": 0.9765270738863697,
        "client_003": 0.9759276499534514,
        "client_004": 0.9772091163534586,
        "client_005": 0.06508875739644972,
        "client_006": 0.0724051607933757,
        "client_007": 0.07356219349086046,
        "client_008": 0.07486855941114616,
        "client_009": 0.056769542689795005,
        "client_010": 0.14947008547008547,
        "client_011": 0.1265375638680376,
        "client_012": 0.09948476560015267,
        "client_013": 0.09881324172392254,
        "client_014": 0.10081446803052652,
        "client_015": 0.10365812880358456,
        "client_016": 0.0972469188791465
    },
    "client_005": {
        "attacker_000": 0.01817715019255456,
        "attacker_001": 0.012059369202226345,
        "attacker_002": 0.006184929388722813,
        "client_000": 0.513084263302604,
        "client_001": 0.515958134125856,
        "client_002": 0.5149750954136749,
        "client_003": 0.5153493181671298,
        "client_004": 0.5153513024368173,
        "client_005": 0.9704522096608429,
        "client_006": 0.9742846794639625,
        "client_007": 0.9707182177654872,
        "client_008": 0.9702720773543179,
        "client_009": 0.9736064298677729,
        "client_010": 0.5996730117949316,
        "client_011": 0.6354153168329661,
        "client_012": 0.022376776534623524,
        "client_013": 0.022671167313214773,
        "client_014": 0.022077725691819147,
        "client_015": 0.0217115608988992,
        "client_016": 0.02244928776362813
    },