{
    "attacker_0": {
        "attacker_0": 0.0,
        "client_0": 0.0,
        "client_1": 0.0,
        "client_2": 0.0,
        "client_3": 0.0,
        "client_4": 0.0,
        "client_5": 0.0,
        "client_6": 0.0,
        "client_7": 0.0,
        "client_8": 0.0
    },
    "client_0": {
        "attacker_0": 0.7712129805439795,
        "client_0": 0.00028092142226502926,
        "client_1": 0.0011432238913736737,
        "client_2": 0.009925409647817709,
        "client_3": 0.0025457789181441873,
        "client_4": 0.0255206166161406,
        "client_5": 0.72744798881576,
        "client_6": 0.7608242936623877,
        "client_7": 0.7723613788516139,
        "client_8": 0.77102357155629
    },
    "client_1": {
        "attacker_0": 0.7744763520782997,
        "client_0": 0.0005617188597107148,
        "client_1": 0.0004012519059465532,
        "client_2": 0.009467124710393866,
        "client_3": 0.03315375051802735,
        "client_4": 0.026668514522164368,
        "client_5": 0.6525659744754488,
        "client_6": 0.5972808647187974,
        "client_7": 0.7660717712531184,
        "client_8": 0.7749774147753462
    },
    "client_2": {
        "attacker_0": 0.10546748625040439,
        "client_0": 0.02051621442753144,
        "client_1": 0.03312018363666174,
        "client_2": 0.12905227237474795,
        "client_3": 0.1283637488400866,
        "client_4": 0.13234613604812587,
        "client_5": 0.029239766081871347,
        "client_6": 0.05045105245573003,
        "client_7": 0.1020963354136662,
        "client_8": 0.10809948979591837
    },
    "client_3": {
        "attacker_0": 0.10152116402116401,
        "client_0": 0.02437349811191212,
        "client_1": 0.03848118508428401,
        "client_2": 0.1363331094694426,
        "client_3": 0.12582222971833362,
        "client_4": 0.12662064320592692,
        "client_5": 0.03719008264462811,
        "client_6": 0.05058433629862201,
        "client_7": 0.10156636438582027,
        "client_8": 0.10793963254593175
    },
    "client_4": {
        "attacker_0": 0.10713143588103613,
        "client_0": 0.02634690086134099,
        "client_1": 0.03542837676716062,
        "client_2": 0.1237210766566976,
        "client_3": 0.12104018912529552,
        "client_4": 0.12167300380228137,
        "client_5": 0.03163917872770111,
        "client_6": 0.0492339473231193,
        "client_7": 0.1079927785983916,
        "client_8": 0.10972488803582854
    },
    "client_5": {
        "attacker_0": 0.16576174192197643,
        "client_0": 0.18739648890361046,
        "client_1": 0.2395715896279594,
        "client_2": 0.26487792639932395,
        "client_3": 0.22568408547862362,
        "client_4": 0.27625019677808677,
        "client_5": 0.17576094510076443,
        "client_6": 0.17294844672085516,
        "client_7": 0.20813318777292575,
        "client_8": 0.21076025305410123
    },
    "client_6": {
        "attacker_0": 0.16837469532461774,
        "client_0": 0.1892084360449192,
        "client_1": 0.31768318320231376,
        "client_2": 0.2782081158137295,
        "client_3": 0.2296836332017925,
        "client_4": 0.2924562399958693,
        "client_5": 0.17311606141577482,
        "client_6": 0.17203079991136716,
        "client_7": 0.2051100746522348,
        "client_8": 0.20997546128713004
    },
    "client_7": {
        "attacker_0": 0.02882345632997888,
        "client_0": 0.5299351251158481,
        "client_1": 0.6165361183637947,
        "client_2": 0.16413093591516828,
        "client_3": 0.18584573440872432,
        "client_4": 0.10310500118511495,
        "client_5": 0.09597893729056964,
        "client_6": 0.651921621394332,
        "client_7": 0.004972032318210069,
        "client_8": 0.006443618339529121
    },
    "client_8": {
        "attacker_0": 0.034924330616996506,
        "client_0": 0.5311725115125753,
        "client_1": 0.611516218254966,
        "client_2": 0.16383375370106373,
        "client_3": 0.18861717293562888,
        "client_4": 0.11504424778761062,
        "client_5": 0.08854046575974175,
        "client_6": 0.6448620942152795,
        "client_7": 0.006649251959154595,
        "client_8": 0.006386753400354819
    }
}