{
    "attacker_0": {
        "attacker_0": 0.0,
        "client_0": 0.0,
        "client_1": 0.0,
        "client_2": 0.0,
        "client_3": 0.0,
        "client_4": 0.0,
        "client_5": 0.0,
        "client_6": 0.0,
        "client_7": 0.0,
        "client_8": 0.0
    },
    "client_0": {
        "attacker_0": 0.24366215799444857,
        "client_0": 0.0001404748048403604,
        "client_1": 0.000220741692085407,
        "client_2": 0.02491007996195119,
        "client_3": 0.4372304555790794,
        "client_4": 0.10506402517277766,
        "client_5": 0.002025103260215744,
        "client_6": 0.40235993875702414,
        "client_7": 0.7555364088732386,
        "client_8": 0.22067881947544146
    },
    "client_1": {
        "attacker_0": 0.22768535889251448,
        "client_0": 0.00030097817908201655,
        "client_1": 0.00014047198587253173,
        "client_2": 0.010579475816915184,
        "client_3": 0.38896656510389305,
        "client_4": 0.06721092128992225,
        "client_5": 0.021085862346248922,
        "client_6": 0.673454177646464,
        "client_7": 0.7451086545967316,
        "client_8": 0.22636472838901986
    },
    "client_2": {
        "attacker_0": 0.09878147847278634,
        "client_0": 0.06598900183302783,
        "client_1": 0.08103779628443306,
        "client_2": 0.17044424297370805,
        "client_3": 0.2359452374016895,
        "client_4": 0.17509549274255154,
        "client_5": 0.01539491298527443,
        "client_6": 0.06692531522793405,
        "client_7": 0.03882856202698255,
        "client_8": 0.08060453400503778
    },
    "client_3": {
        "attacker_0": 0.0893723849372385,
        "client_0": 0.06351931330472103,
        "client_1": 0.07822514379622021,
        "client_2": 0.1742535487028879,
        "client_3": 0.23756120676038542,
        "client_4": 0.16164292812189468,
        "client_5": 0.016863406408094434,
        "client_6": 0.05982620320855616,
        "client_7": 0.051368705643798585,
        "client_8": 0.08418367346938777
    },
    "client_4": {
        "attacker_0": 0.09009934909215486,
        "client_0": 0.05517477724468814,
        "client_1": 0.07523089840470193,
        "client_2": 0.16357109411581083,
        "client_3": 0.227107337780473,
        "client_4": 0.16801242236024846,
        "client_5": 0.015188125647221265,
        "client_6": 0.055678906917164823,
        "client_7": 0.04130183380142078,
        "client_8": 0.08397089009143498
    },
    "client_5": {
        "attacker_0": 0.22948654004286698,
        "client_0": 0.13428043756215371,
        "client_1": 0.28246353662049284,
        "client_2": 0.24606588474177782,
        "client_3": 0.30685390363308424,
        "client_4": 0.21958368388199853,
        "client_5": 0.16654079606164862,
        "client_6": 0.15262750615546958,
        "client_7": 0.4409228064339852,
        "client_8": 0.23640147700570666
    },
    "client_6": {
        "attacker_0": 0.23401869158878505,
        "client_0": 0.13543916105630127,
        "client_1": 0.28848048110321944,
        "client_2": 0.2421430470619516,
        "client_3": 0.3161808712482968,
        "client_4": 0.22213555675094135,
        "client_5": 0.16566038785787818,
        "client_6": 0.15074405178936748,
        "client_7": 0.4516287790016405,
        "client_8": 0.2394621222207429
    },
    "client_7": {
        "attacker_0": 0.17630979498861046,
        "client_0": 0.5257980697847068,
        "client_1": 0.002995506739890165,
        "client_2": 0.06786619973433161,
        "client_3": 0.08245697896749524,
        "client_4": 0.1611276644510658,
        "client_5": 0.008715139442231075,
        "client_6": 0.003009781790820166,
        "client_7": 0.014645649745562867,
        "client_8": 0.01434933201385453
    },
    "client_8": {
        "attacker_0": 0.17782088587132236,
        "client_0": 0.5324640528713049,
        "client_1": 0.0033804177230472056,
        "client_2": 0.07181161109815808,
        "client_3": 0.0930286241920591,
        "client_4": 0.16179874352474374,
        "client_5": 0.009372746935832732,
        "client_6": 0.003142753535597728,
        "client_7": 0.016242937853107344,
        "client_8": 0.016540642722117204
    }
}