{
  "r1": {
    "client_015": 0.25181288451928263,
    "client_016": 0.014920166985573559,
    "client_013": 0.16100430115784048,
    "client_014": 0.3202290407101507,
    "client_017": 0.2520336066271527,
    "attacker_000": 0.19769568990536882,
    "attacker_001": 0.1976971040457693,
    "client_011": 0.1989780712632532,
    "client_012": 0.2028145673928043,
    "client_010": 0.2028145673928043,
    "client_007": 0.2845566604745092,
    "client_009": 0.22450355630392196,
    "client_008": 0.14793021758378258,
    "client_005": 0.14920517747779458,
    "client_006": 0.1938043881599917,
    "client_000": 0.0807478161222988,
    "client_004": 0.36116169245545865,
    "client_003": 0.11603378073780679,
    "client_001": 0.31399982540715526,
    "client_002": 0.12805688527728054
  },
  "r2": {
    "client_016": 0.15082325968469865,
    "client_013": 0.28008321700998323,
    "client_015": 0.20239373962285384,
    "client_017": 0.24938636189476873,
    "client_014": 0.11731342178769559,
    "client_012": 0.1984845031505603,
    "client_011": 0.19563169978758202,
    "client_010": 0.20537230131873643,
    "attacker_001": 0.2002562551708627,
    "attacker_000": 0.2002552405722585,
    "client_004": 0.20070966431099907,
    "client_003": 0.1473935976341348,
    "client_002": 0.321664100165537,
    "client_001": 0.15053146398057887,
    "client_000": 0.17970117390875032,
    "client_007": 0.21463362932012434,
    "client_005": 0.1855629028931501,
    "client_008": 0.1561875372886554,
    "client_009": 0.2081149422092843,
    "client_006": 0.2355009882887858
  },
  "r3": {
    "client_003": 0.16176725344649806,
    "client_002": 0.22402874983240845,
    "client_004": 0.15966227639313674,
    "client_001": 0.2809490374333799,
    "client_000": 0.17359268289457694,
    "client_017": 0.1982750184786754,
    "client_016": 0.22738198840371432,
    "client_013": 0.1786578980718825,
    "client_015": 0.24269530529540023,
    "client_014": 0.15298978975032756,
    "attacker_001": 0.1987833775500213,
    "attacker_000": 0.20062413236189638,
    "client_012": 0.19828633491122707,
    "client_011": 0.20024639633427935,
    "client_010": 0.20205975884257588,
    "client_006": 0.17587454437069766,
    "client_005": 0.18556102590287307,
    "client_007": 0.24179292221223025,
    "client_008": 0.155826406639751,
    "client_009": 0.24094510087444806
  },
  "r4": {
    "client_009": 0.3098733551743278,
    "client_008": 0.09225002865775009,
    "client_007": 0.3129071383828235,
    "client_005": 0.16558524600642918,
    "client_006": 0.11938423177866944,
    "client_004": 0.2290008346331283,
    "client_002": 0.22294435147782837,
    "client_003": 0.14735685249554262,
    "client_000": 0.16410542793797775,
    "client_001": 0.23659253345552297,
    "client_016": 0.10254600494548989,
    "client_015": 0.2738267017367482,
    "client_013": 0.22362092790899102,
    "client_017": 0.15422108767132867,
    "client_014": 0.24578527773744221,
    "attacker_001": 0.19928070696002265,
    "attacker_000": 0.20072426025819876,
    "client_012": 0.19913617861006563,
    "client_010": 0.19934265789178388,
    "client_011": 0.20151619627992906
  },
  "r5": {
    "client_014": 0.2716101847746895,
    "client_017": 0.15416609370752274,
    "client_015": 0.14144145975157119,
    "client_013": 0.3454542076012164,
    "client_016": 0.08732805416500017,
    "client_012": 0.1986657036701375,
    "client_010": 0.20052340322569756,
    "client_011": 0.2029649080758262,
    "attacker_001": 0.19781030001198915,
    "attacker_000": 0.20003568501634952,
    "client_009": 0.3084463693736744,
    "client_008": 0.2149142193682819,
    "client_005": 0.10367976387084595,
    "client_007": 0.10418142690370931,
    "client_006": 0.2687782204834884,
    "client_002": 0.1969111012019597,
    "client_004": 0.23248948268766798,
    "client_003": 0.1562993374169976,
    "client_001": 0.2138816649709727,
    "client_000": 0.20041841372240202
  },
  "r6": {
    "client_006": 0.28308087246305363,
    "client_005": 0.09756358639666864,
    "client_008": 0.23004350727410638,
    "client_009": 0.18483704803888681,
    "client_007": 0.20447498582728457,
    "client_015": 0.1892785282783008,
    "client_017": 0.23562830379171548,
    "client_014": 0.2379168537833704,
    "client_013": 0.2638016225666322,
    "client_016": 0.07337469157998114,
    "attacker_000": 0.19785957481613134,
    "attacker_001": 0.19808936707684852,
    "client_012": 0.20013848201638787,
    "client_010": 0.20069562031184326,
    "client_011": 0.203216955778789,
    "client_002": 0.2067811469497437,
    "client_004": 0.19732732913392237,
    "client_003": 0.17350728705794394,
    "client_001": 0.22005516098257052,
    "client_000": 0.20232907587581953
  },
  "r7": {
    "client_016": 0.10538352932509175,
    "client_017": 0.2525601435150326,
    "client_015": 0.21337997100757516,
    "client_013": 0.23340928750301004,
    "client_014": 0.19526706864929053,
    "client_011": 0.20257628579083123,
    "client_010": 0.1982382835895865,
    "client_012": 0.20254973093272022,
    "attacker_000": 0.19828281531254283,
    "attacker_001": 0.1983528843743192,
    "client_005": 0.08875951722832488,
    "client_009": 0.09093408678301756,
    "client_008": 0.20292661016995564,
    "client_007": 0.3034432871284632,
    "client_006": 0.3139364986902387,
    "client_000": 0.18862355338742898,
    "client_001": 0.20949961691544164,
    "client_004": 0.19170483517268833,
    "client_002": 0.1991157798734136,
    "client_003": 0.21105621465102747
  },
  "r8": {
    "attacker_000": 0.19858863557720588,
    "attacker_001": 0.19771557716309382,
    "client_010": 0.19768120383838683,
    "client_012": 0.20345144282262678,
    "client_011": 0.20256314059868663,
    "client_004": 0.19604823805663285,
    "client_002": 0.21198686187657872,
    "client_003": 0.194544484443809,
    "client_000": 0.19694886594948302,
    "client_001": 0.20047154967349637,
    "client_016": 0.13952662890383222,
    "client_015": 0.09942886580586664,
    "client_017": 0.2868535480445213,
    "client_013": 0.242669904665121,
    "client_014": 0.2315210525806588,
    "client_007": 0.26265357105834547,
    "client_008": 0.12093702032568324,
    "client_005": 0.11712282029396241,
    "client_009": 0.2639731919179303,
    "client_006": 0.2353133964040785
  },
  "r9": {
    "client_007": 0.2683700069014119,
    "client_009": 0.20928648282298956,
    "client_008": 0.0877193539319958,
    "client_005": 0.16663240786600247,
    "client_006": 0.26799174847760027,
    "client_000": 0.20127702517361098,
    "client_001": 0.20690286615165207,
    "client_003": 0.21242860009107234,
    "client_002": 0.18660700240474343,
    "client_004": 0.1927845061789212,
    "client_011": 0.20291728200590864,
    "client_012": 0.20407991098604913,
    "client_010": 0.19697591600339345,
    "attacker_001": 0.19788249326039428,
    "attacker_000": 0.1981443977442545,
    "client_015": 0.09554833761406079,
    "client_017": 0.30539612762975826,
    "client_013": 0.27674077664528735,
    "client_016": 0.17359363066776806,
    "client_014": 0.1487211274431255
  },
  "r10": {
    "client_016": 0.10035593376581749,
    "client_015": 0.25898301570708043,
    "client_017": 0.2806686380419807,
    "client_013": 0.22401789183308518,
    "client_014": 0.13597452065203613,
    "attacker_001": 0.19923259540426444,
    "attacker_000": 0.19539515343169925,
    "client_011": 0.2030687709260802,
    "client_012": 0.2005118850863946,
    "client_010": 0.2017915951515615,
    "client_002": 0.2052221044280687,
    "client_004": 0.20521869844027718,
    "client_001": 0.1986958187221073,
    "client_003": 0.192169326974161,
    "client_000": 0.19869405143538582,
    "client_009": 0.09253454913672424,
    "client_008": 0.2335975088112868,
    "client_005": 0.1780258284583487,
    "client_007": 0.3499156357372568,
    "client_006": 0.1459264778563834
  }
}