{
    "attacker_000": {
        "attacker_000": 0.9961143360548712,
        "attacker_001": 0.9960986659954695,
        "client_000": 0.9761771075639688,
        "client_001": 0.9627136283070719,
        "client_002": 0.9215265213641974,
        "client_003": 0.9452820207630761,
        "client_004": 0.9725358805431614,
        "client_005": 0.1389301851042122,
        "client_006": 0.14018936635105608,
        "client_007": 0.13927186871483954,
        "client_008": 0.13932204377860036,
        "client_009": 0.13955387082665113,
        "client_010": 0.9960986659954695,
        "client_011": 0.996114825009831,
        "client_012": 0.9961149472293439,
        "client_013": 0.7868414014442364,
        "client_014": 0.8193747444332924,
        "client_015": 0.840841498348751,
        "client_016": 0.747207640999329,
        "client_017": 0.8090131973605278
    },
    "attacker_001": {
        "attacker_000": 0.9958942251726471,
        "attacker_001": 0.9958942251726471,
        "client_000": 0.975626193417949,
        "client_001": 0.9627811727993759,
        "client_002": 0.9199519271459283,
        "client_003": 0.9453836365739593,
        "client_004": 0.9723470390233689,
        "client_005": 0.14346359618515933,
        "client_006": 0.14412790697674419,
        "client_007": 0.14353844364313134,
        "client_008": 0.143646408839779,
        "client_009": 0.14379655493482307,
        "client_010": 0.9958942251726471,
        "client_011": 0.9959889893826188,
        "client_012": 0.9959417371881587,
        "client_013": 0.7856801178654116,
        "client_014": 0.8187164979154258,
        "client_015": 0.8397602251544282,
        "client_016": 0.7454469953135197,
        "client_017": 0.8087214320561413
    },
    "client_000": {
        "attacker_000": 0.1702006275553865,
        "attacker_001": 0.12345440494590416,
        "client_000": 0.9769911504424779,
        "client_001": 0.976725193956717,
        "client_002": 0.976858154097468,
        "client_003": 0.9765922700054438,
        "client_004": 0.9765731408335604,
        "client_005": 0.1356869417269247,
        "client_006": 0.14910242872228088,
        "client_007": 0.16741638959514962,
        "client_008": 0.19813471502590677,
        "client_009": 0.13876121689647625,
        "client_010": 0.13116938746370949,
        "client_011": 0.1312177190451817,
        "client_012": 0.16976917349218168,
        "client_013": 0.09947581605908982,
        "client_014": 0.09924705045354835,
        "client_015": 0.09777932798511801,
        "client_016": 0.10134928872336527,
        "client_017": 0.09483431886645098
    },
    "client_001": {
        "attacker_000": 0.17546369141276877,
        "attacker_001": 0.13034425991381396,
        "client_000": 0.9779782435659325,
        "client_001": 0.9777188328912467,
        "client_002": 0.9779840848806367,
        "client_003": 0.9778543959687044,
        "client_004": 0.9784917684545936,
        "client_005": 0.13889468196037538,
        "client_006": 0.1536225866722026,
        "client_007": 0.17062883435582823,
        "client_008": 0.20109689213893966,
        "client_009": 0.14325541496890415,
        "client_010": 0.13653965673853802,
        "client_011": 0.13615790210442816,
        "client_012": 0.1744583274837381,
        "client_013": 0.09761323730730313,
        "client_014": 0.09767359261232463,
        "client_015": 0.09624112649831258,
        "client_016": 0.09974393366662603,
        "client_017": 0.09253897550111358
    },
    "client_002": {
        "attacker_000": 0.17076277182885985,
        "attacker_001": 0.12501796235091248,
        "client_000": 0.9770114942528736,
        "client_001": 0.9771420933030344,
        "client_002": 0.9772605671482076,
        "client_003": 0.9767504008551579,
        "client_004": 0.9772483940042827,
        "client_005": 0.1472933277381452,
        "client_006": 0.161029259182403,
        "client_007": 0.18787295476419635,
        "client_008": 0.21720561317876758,
        "client_009": 0.14970961497096152,
        "client_010": 0.13286052009456265,
        "client_011": 0.1318945954707544,
        "client_012": 0.170254131370643,
        "client_013": 0.09632370494151349,
        "client_014": 0.09607609988109392,
        "client_015": 0.09470426811467272,
        "client_016": 0.09815277693104918,
        "client_017": 0.09189491335941867
    },
    "client_003": {
        "attacker_000": 0.17494843427714235,
        "attacker_001": 0.13052371212481567,
        "client_000": 0.9770750988142292,
        "client_001": 0.9770932069510269,
        "client_002": 0.9777367935713345,
        "client_003": 0.9772098537742063,
        "client_004": 0.9767932489451479,
        "client_005": 0.14165122503603048,
        "client_006": 0.15834697217675942,
        "client_007": 0.18071374335611237,
        "client_008": 0.213258785942492,
        "client_009": 0.1463002114164905,
        "client_010": 0.13753339895935873,
        "client_011": 0.13805456048498208,
        "client_012": 0.17374145289339635,
        "client_013": 0.0981069174901774,
        "client_014": 0.09764768620015406,
        "client_015": 0.09641777157478484,
        "client_016": 0.09933895324155498,
        "client_017": 0.09282371294851795
    },
    "client_004": {
        "attacker_000": 0.171307220386975,
        "attacker_001": 0.12706943711310523,
        "client_000": 0.97762982689747,
        "client_001": 0.97762982689747,
        "client_002": 0.9781566329248802,
        "client_003": 0.977245508982036,
        "client_004": 0.9774696707105719,
        "client_005": 0.14777916147779163,
        "client_006": 0.16296910636533277,
        "client_007": 0.18694817658349328,
        "client_008": 0.21671701913393754,
        "client_009": 0.15158611879923353,
        "client_010": 0.1345482013029931,
        "client_011": 0.1344281957835494,
        "client_012": 0.17068319533743467,
        "client_013": 0.0953803860634674,
        "client_014": 0.09522109147176099,
        "client_015": 0.09334344553993348,
        "client_016": 0.09719077054899321,
        "client_017": 0.08979227161045342
    },
    "client_005": {
        "attacker_000": 0.6772071449278593,
        "attacker_001": 0.6569993408641498,
        "client_000": 0.5196865566189223,
        "client_001": 0.5218896224600986,
        "client_002": 0.5236693961105425,
        "client_003": 0.5205049339997436,
        "client_004": 0.5132749065601238,
        "client_005": 0.9742768595041323,
        "client_006": 0.9754700920838814,
        "client_007": 0.9756223664141872,
        "client_008": 0.9736230836731533,
        "client_009": 0.977164210089267,
        "client_010": 0.677845641310383,
        "client_011": 0.6798830461170424,
        "client_012": 0.6790021990715032,
        "client_013": 0.02266888317968868,
        "client_014": 0.022856567487287927,
        "client_015": 0.022911118926794954,
        "client_016": 0.017178658043654003,
        "client_017": 0.022850815381518022
    },
    "client_006": {
        "attacker_000": 0.6764784586566766,
        "attacker_001": 0.656313946614524,
        "client_000": 0.514859152657223,
        "client_001": 0.5175599549332045,
        "client_002": 0.5190564946333311,
        "client_003": 0.5158403090792015,
        "client_004": 0.5078038987112234,
        "client_005": 0.972302604381976,
        "client_006": 0.9732965246781393,
        "client_007": 0.9743311360992633,
        "client_008": 0.9715407262021589,
        "client_009": 0.976280169390247,
        "client_010": 0.6778350515463918,
        "client_011": 0.6801409480752609,
        "client_012": 0.6790457998311936,
        "client_013": 0.024817150063051706,
        "client_014": 0.02480588887768478,
        "client_015": 0.02465905087816416,
        "client_016": 0.01982501390785414,
        "client_017": 0.02459925395705212
    },
    "client_007": {
        "attacker_000": 0.6775812459572189,