{
    "attacker_000": {
        "attacker_000": 0.9960986659954695,
        "attacker_001": 0.9960986659954695,
        "client_000": 0.9685129780868441,
        "client_001": 0.9367413632119516,
        "client_002": 0.8222603941560002,
        "client_003": 0.8878812716904135,
        "client_004": 0.9718550519053453,
        "client_005": 0.1386588921282799,
        "client_006": 0.1388880790647503,
        "client_007": 0.1388921282798834,
        "client_008": 0.13942237635881444,
        "client_009": 0.1396081175647306,
        "client_010": 0.9960673273556709,
        "client_011": 0.9961304935980118,
        "client_012": 0.9961149472293439,
        "client_013": 0.7461348603021029,
        "client_014": 0.8082399954972702,
        "client_015": 0.8061794057396305,
        "client_016": 0.7340565548598094,
        "client_017": 0.793925588458618
    },
    "attacker_001": {
        "attacker_000": 0.9958942251726471,
        "attacker_001": 0.9958942251726471,
        "client_000": 0.9685231590008893,
        "client_001": 0.9360374935370348,
        "client_002": 0.8228628377380778,
        "client_003": 0.88855977976792,
        "client_004": 0.9716845820373564,
        "client_005": 0.14286960821383904,
        "client_006": 0.1434802838199372,
        "client_007": 0.1434802838199372,
        "client_008": 0.14368367495275475,
        "client_009": 0.1438505630073613,
        "client_010": 0.9958942251726471,
        "client_011": 0.9959574033001433,
        "client_012": 0.9959417371881587,
        "client_013": 0.7429929682083787,
        "client_014": 0.8078440211878734,
        "client_015": 0.8049850336037953,
        "client_016": 0.731319109795845,
        "client_017": 0.793332192887419
    },
    "client_000": {
        "attacker_000": 0.3124124649859944,
        "attacker_001": 0.16527206542807166,
        "client_000": 0.976858154097468,
        "client_001": 0.9769911504424779,
        "client_002": 0.9763007354944158,
        "client_003": 0.977124183006536,
        "client_004": 0.976858154097468,
        "client_005": 0.09119217081850534,
        "client_006": 0.09536601746138348,
        "client_007": 0.18296529968454256,
        "client_008": 0.19086795557383793,
        "client_009": 0.09506964404156533,
        "client_010": 0.1689627796198571,
        "client_011": 0.16847304156948828,
        "client_012": 0.16908280553600752,
        "client_013": 0.09899816230956192,
        "client_014": 0.09915599362568613,
        "client_015": 0.09856431292118371,
        "client_016": 0.10033808258874667,
        "client_017": 0.09495648292791789
    },
    "client_001": {
        "attacker_000": 0.3219055125005473,
        "attacker_001": 0.17144753686406525,
        "client_000": 0.9786273728926059,
        "client_001": 0.9786330457863306,
        "client_002": 0.9783676177836762,
        "client_003": 0.978887265967335,
        "client_004": 0.9779782435659325,
        "client_005": 0.08775376555337262,
        "client_006": 0.08940761946707773,
        "client_007": 0.18511647083075655,
        "client_008": 0.19253279515640767,
        "client_009": 0.08930516227401436,
        "client_010": 0.17419445616997326,
        "client_011": 0.17311926605504588,
        "client_012": 0.1739048516250589,
        "client_013": 0.09730689553122224,
        "client_014": 0.09785427965102571,
        "client_015": 0.09725480994838104,
        "client_016": 0.09888915720840377,
        "client_017": 0.09245146576180675
    },
    "client_002": {
        "attacker_000": 0.3161133743607524,
        "attacker_001": 0.16558776620696128,
        "client_000": 0.9774033961759593,
        "client_001": 0.9776588628762541,
        "client_002": 0.9768437960112435,
        "client_003": 0.9775280898876404,
        "client_004": 0.9771482025925432,
        "client_005": 0.09112920977327757,
        "client_006": 0.09656084656084654,
        "client_007": 0.20213640098603122,
        "client_008": 0.21105730427764327,
        "client_009": 0.09636443276390713,
        "client_010": 0.16916577689058074,
        "client_011": 0.16816816816816815,
        "client_012": 0.1695388914764788,
        "client_013": 0.09614356170895477,
        "client_014": 0.0958757999525954,
        "client_015": 0.0953502060035315,
        "client_016": 0.09743713733075435,
        "client_017": 0.09217673741389931
    },
    "client_003": {
        "attacker_000": 0.319141601310006,
        "attacker_001": 0.170185003961042,
        "client_000": 0.9773326304691619,
        "client_001": 0.9774614472123369,
        "client_002": 0.976928147659855,
        "client_003": 0.9775902979172159,
        "client_004": 0.9772218564845293,
        "client_005": 0.09110629067245118,
        "client_006": 0.09355961705831156,
        "client_007": 0.19310344827586207,
        "client_008": 0.2023006743355811,
        "client_009": 0.09223509223509223,
        "client_010": 0.172967994473866,
        "client_011": 0.17293878473006552,
        "client_012": 0.17334196651558598,
        "client_013": 0.09804037653188087,
        "client_014": 0.09764448904894031,
        "client_015": 0.09705210103733224,
        "client_016": 0.09906598373003918,
        "client_017": 0.0928185414229205
    },
    "client_004": {
        "attacker_000": 0.31672088484059857,
        "attacker_001": 0.1665177941798693,
        "client_000": 0.9780146568954032,
        "client_001": 0.9781449893390193,
        "client_002": 0.9777363018264231,
        "client_003": 0.9785361951739768,
        "client_004": 0.9782869321966166,
        "client_005": 0.09600347523892268,
        "client_006": 0.09945235487404161,
        "client_007": 0.19840458171405195,
        "client_008": 0.20707679935665457,
        "client_009": 0.09863724853990916,
        "client_010": 0.16943490767374966,
        "client_011": 0.16924823983647513,
        "client_012": 0.17008578888474452,
        "client_013": 0.09467174119885824,
        "client_014": 0.09506875296348981,
        "client_015": 0.09397236107027344,
        "client_016": 0.09623659172171385,
        "client_017": 0.08971064685509998
    },
    "client_005": {
        "attacker_000": 0.6771920435286771,
        "attacker_001": 0.656188158223961,
        "client_000": 0.518466137379062,
        "client_001": 0.5194321320742596,
        "client_002": 0.5161269534396649,
        "client_003": 0.5167910447761195,
        "client_004": 0.5105833763551885,
        "client_005": 0.9768816089570806,
        "client_006": 0.9778539346262689,
        "client_007": 0.9785305467070675,
        "client_008": 0.9751737322069803,
        "client_009": 0.9767490085279555,
        "client_010": 0.6777718550106611,
        "client_011": 0.6792076133010937,
        "client_012": 0.6789977990707187,
        "client_013": 0.02276275368887546,
        "client_014": 0.02462435298256194,
        "client_015": 0.023338866254212564,
        "client_016": 0.02356139555958314,
        "client_017": 0.02384545728946574
    },
    "client_006": {
        "attacker_000": 0.6764935441428986,
        "attacker_001": 0.6557764936069527,
        "client_000": 0.5130061072155621,
        "client_001": 0.5144314586427325,
        "client_002": 0.5103072734344614,
        "client_003": 0.5110924261043918,
        "client_004": 0.5038306713413843,
        "client_005": 0.9758110563197508,
        "client_006": 0.9777696887756429,
        "client_007": 0.9768008502034786,
        "client_008": 0.9734591032433131,
        "client_009": 0.975153024172632,
        "client_010": 0.6775713396746377,
        "client_011": 0.6793424001064939,
        "client_012": 0.6789667896678967,
        "client_013": 0.024907981646750364,
        "client_014": 0.027570939826926946,
        "client_015": 0.025182573659027953,
        "client_016": 0.025809053331989112,
        "client_017": 0.025395545701904665
    },
    "client_007": {
        "attacker_000": 0.6776258559543193,