{
    "attacker_000": {
        "attacker_000": 0.9926592469808192,
        "attacker_001": 0.9926594787440606,
        "attacker_002": 0.9925953993590046,
        "client_000": 0.9186306379520519,
        "client_001": 0.9173696513873361,
        "client_002": 0.9183480027081923,
        "client_003": 0.8800715049334898,
        "client_004": 0.9181444032315431,
        "client_005": 0.15378820802549614,
        "client_006": 0.13922793902937572,
        "client_007": 0.15357422271159918,
        "client_008": 0.1392442030255242,
        "client_009": 0.1535118219749652,
        "client_010": 0.9926597104926677,
        "client_011": 0.9926124704025256,
        "client_012": 0.7211317920717722,
        "client_013": 0.7360670866268105,
        "client_014": 0.7477289442821079,
        "client_015": 0.6936794956867949,
        "client_016": 0.7194422990935327
    },
    "attacker_001": {
        "attacker_000": 0.9923594228522716,
        "attacker_001": 0.9923753295341531,
        "attacker_002": 0.9923112142597769,
        "client_000": 0.9161916395222583,
        "client_001": 0.9146602370360307,
        "client_002": 0.9159119432855058,
        "client_003": 0.8782011900791631,
        "client_004": 0.9153480475382004,
        "client_005": 0.1566836262719704,
        "client_006": 0.14104133869745203,
        "client_007": 0.15651922520959816,
        "client_008": 0.1409411627500146,
        "client_009": 0.15657251886328816,
        "client_010": 0.9923753295341531,
        "client_011": 0.992343757399719,
        "client_012": 0.7208612634572417,
        "client_013": 0.7337301906524012,
        "client_014": 0.7451222671742034,
        "client_015": 0.6936404191306151,
        "client_016": 0.7176082440633783
    },
    "attacker_002": {
        "attacker_000": 0.9924539025006315,
        "attacker_001": 0.9924382350619624,
        "attacker_002": 0.9924845269672857,
        "client_000": 0.9151074739379945,
        "client_001": 0.9138915318744053,
        "client_002": 0.9149365971243784,
        "client_003": 0.8761626782480264,
        "client_004": 0.9144497672680324,
        "client_005": 0.15214681239671818,
        "client_006": 0.1373385541464555,
        "client_007": 0.15197727009161544,
        "client_008": 0.1369734880593961,
        "client_009": 0.15165134688433324,
        "client_010": 0.992454378985919,
        "client_011": 0.9924384738030215,
        "client_012": 0.7181688708036623,
        "client_013": 0.7324601114665702,
        "client_014": 0.7443547583457897,
        "client_015": 0.6897684963704058,
        "client_016": 0.7172293032536546
    },
    "client_000": {
        "attacker_000": 0.313561559447329,
        "attacker_001": 0.3130886365636828,
        "attacker_002": 0.31686875891583455,
        "client_000": 0.976718856364874,
        "client_001": 0.9765858970868501,
        "client_002": 0.9763007354944158,
        "client_003": 0.9771366358192706,
        "client_004": 0.9771304111080861,
        "client_005": 0.048187345192524204,
        "client_006": 0.045112781954887216,
        "client_007": 0.046881720430107535,
        "client_008": 0.04694621695533273,
        "client_009": 0.0463768115942029,
        "client_010": 0.30634591806536166,
        "client_011": 0.3122750726271517,
        "client_012": 0.10241522021125456,
        "client_013": 0.10436755530346001,
        "client_014": 0.10169283611383709,
        "client_015": 0.10244686109738013,
        "client_016": 0.10102480140682796
    },
    "client_001": {
        "attacker_000": 0.3226658449619228,
        "attacker_001": 0.3221742577746455,
        "attacker_002": 0.32649053909318104,
        "client_000": 0.9785088882992837,
        "client_001": 0.978887265967335,
        "client_002": 0.9787460148777896,
        "client_003": 0.9788984737889848,
        "client_004": 0.9787573021773764,
        "client_005": 0.04155614500442087,
        "client_006": 0.041087613293051356,
        "client_007": 0.04186931698033411,
        "client_008": 0.04278315694663364,
        "client_009": 0.04153005464480874,
        "client_010": 0.31462003125924054,
        "client_011": 0.32117738994529826,
        "client_012": 0.1015755329008341,
        "client_013": 0.10330942494022902,
        "client_014": 0.10101133925835122,
        "client_015": 0.10141262105977422,
        "client_016": 0.09958857696030976
    },
    "client_002": {
        "attacker_000": 0.31682564571627686,
        "attacker_001": 0.3165737190658766,
        "attacker_002": 0.32013405062174793,
        "client_000": 0.9772666488365873,
        "client_001": 0.9772666488365873,
        "client_002": 0.9769807280513918,
        "client_003": 0.9771420933030344,
        "client_004": 0.9780572651859781,
        "client_005": 0.04790687262144616,
        "client_006": 0.04600040708324852,
        "client_007": 0.046521553563807085,
        "client_008": 0.04755434782608695,
        "client_009": 0.04630650496141124,
        "client_010": 0.30929648241206037,
        "client_011": 0.3157171682479715,
        "client_012": 0.0990233650636667,
        "client_013": 0.10099483692230199,
        "client_014": 0.09825595676737903,
        "client_015": 0.09929603556872917,
        "client_016": 0.09763798652012871
    },
    "client_003": {
        "attacker_000": 0.3199480181936322,
        "attacker_001": 0.3195599445599446,
        "attacker_002": 0.32357459509283243,
        "client_000": 0.9774673870075109,
        "client_001": 0.9774673870075109,
        "client_002": 0.9770509100501188,
        "client_003": 0.9773386034255601,
        "client_004": 0.977596204533474,
        "client_005": 0.04732690622261175,
        "client_006": 0.04411469821535994,
        "client_007": 0.04459402608329827,
        "client_008": 0.047502774694783576,
        "client_009": 0.046864829681058796,
        "client_010": 0.3135865260349356,
        "client_011": 0.31843980710963177,
        "client_012": 0.1001291592348853,
        "client_013": 0.10175635977248577,
        "client_014": 0.09970674486803517,
        "client_015": 0.10008596340415081,
        "client_016": 0.09889977028170718
    },
    "client_004": {
        "attacker_000": 0.31756403554626245,
        "attacker_001": 0.31733158927403526,
        "attacker_002": 0.32106727923311396,
        "client_000": 0.9777540961769017,
        "client_001": 0.9785361951739768,
        "client_002": 0.9777303640485399,
        "client_003": 0.9778961384820241,
        "client_004": 0.9785419165667067,
        "client_005": 0.05046480743691899,
        "client_006": 0.05180089032780251,
        "client_007": 0.049393229721098574,
        "client_008": 0.05091236765037171,
        "client_009": 0.049420511699103435,
        "client_010": 0.31028413376917274,
        "client_011": 0.3169944485088437,
        "client_012": 0.09818384677369367,
        "client_013": 0.0995457986373959,
        "client_014": 0.09758495667670374,
        "client_015": 0.09804648862512365,
        "client_016": 0.09664658267908223
    },
    "client_005": {
        "attacker_000": 0.6689180000906577,
        "attacker_001": 0.6469948893462526,
        "attacker_002": 0.6449251864548108,
        "client_000": 0.5212789839966646,
        "client_001": 0.5159133286182731,
        "client_002": 0.5172092425362342,
        "client_003": 0.5179183346677343,
        "client_004": 0.5157955566970592,
        "client_005": 0.9779875029168502,
        "client_006": 0.9772397345499793,
        "client_007": 0.9781396675569847,
        "client_008": 0.9781931464174455,
        "client_009": 0.9766874983792754,
        "client_010": 0.6781621982422961,
        "client_011": 0.6783288650580876,
        "client_012": 0.022790020581296123,
        "client_013": 0.02375463566202265,
        "client_014": 0.02227373513404556,
        "client_015": 0.02646427323113796,
        "client_016": 0.022530677932005628
    },
    "client_006": {
        "attacker_000": 0.6669237049804952,