{
    "attacker_000": {
        "attacker_000": 0.9926120039150066,
        "attacker_001": 0.9926276738495541,
        "attacker_002": 0.9926120039150066,
        "client_000": 0.9752819081532811,
        "client_001": 0.9653955716690406,
        "client_002": 0.9288575307110896,
        "client_003": 0.9190140249369809,
        "client_004": 0.9212462867944909,
        "client_005": 0.15348041631635403,
        "client_006": 0.15260182635164515,
        "client_007": 0.12906256422301168,
        "client_008": 0.1295018932167073,
        "client_009": 0.12933716902483414,
        "client_010": 0.992644041041831,
        "client_011": 0.992644041041831,
        "client_012": 0.8421787452925507,
        "client_013": 0.8407188712911354,
        "client_014": 0.8049391146011152,
        "client_015": 0.7628323449711346,
        "client_016": 0.8506292175816159
    },
    "attacker_001": {
        "attacker_000": 0.992343757399719,
        "attacker_001": 0.9923594228522716,
        "attacker_002": 0.9923114570341484,
        "client_000": 0.9740881068584638,
        "client_001": 0.9645153453720949,
        "client_002": 0.9270945220193342,
        "client_003": 0.9165324426510232,
        "client_004": 0.9193812864508495,
        "client_005": 0.1564100338512282,
        "client_006": 0.1558884775566867,
        "client_007": 0.1320561267832557,
        "client_008": 0.13210697442807345,
        "client_009": 0.1321616871704745,
        "client_010": 0.9923912357138347,
        "client_011": 0.9923596640777925,
        "client_012": 0.8432535674275955,
        "client_013": 0.8420994576707418,
        "client_014": 0.8064583372813584,
        "client_015": 0.7623260202878036,
        "client_016": 0.8506779073374573
    },
    "attacker_002": {
        "attacker_000": 0.9924382350619624,
        "attacker_001": 0.9924382350619624,
        "attacker_002": 0.992452949349501,
        "client_000": 0.9745021582502928,
        "client_001": 0.9646807339152403,
        "client_002": 0.9255075971493882,
        "client_003": 0.9152427332733782,
        "client_004": 0.9182375038072353,
        "client_005": 0.1517701683110853,
        "client_006": 0.15102111858899975,
        "client_007": 0.12898112542930107,
        "client_008": 0.12931059783406215,
        "client_009": 0.12914208564468316,
        "client_010": 0.992454378985919,
        "client_011": 0.9924384738030215,
        "client_012": 0.8391695986147697,
        "client_013": 0.8370796884804194,
        "client_014": 0.8021597779383246,
        "client_015": 0.7590228526398739,
        "client_016": 0.846790132493961
    },
    "client_000": {
        "attacker_000": 0.13531771163183448,
        "attacker_001": 0.13359239615606786,
        "attacker_002": 0.13396502192429818,
        "client_000": 0.9760413830656139,
        "client_001": 0.9760544217687075,
        "client_002": 0.9746938775510203,
        "client_003": 0.9760413830656139,
        "client_004": 0.9748607147710286,
        "client_005": 0.04621658359764385,
        "client_006": 0.04395604395604395,
        "client_007": 0.04623249611024672,
        "client_008": 0.04621658359764385,
        "client_009": 0.046273637374860954,
        "client_010": 0.16688645354917922,
        "client_011": 0.31238639314463773,
        "client_012": 0.09842197545295149,
        "client_013": 0.10157917200170721,
        "client_014": 0.10043746629112484,
        "client_015": 0.10023351895096103,
        "client_016": 0.09617016462069354
    },
    "client_001": {
        "attacker_000": 0.14209101046036215,
        "attacker_001": 0.140892743812143,
        "attacker_002": 0.14055206007712606,
        "client_000": 0.9775891791539584,
        "client_001": 0.9766702014846236,
        "client_002": 0.9762819663442428,
        "client_003": 0.9775772853920658,
        "client_004": 0.9761526232114467,
        "client_005": 0.03746654772524531,
        "client_006": 0.03835730664998958,
        "client_007": 0.03881378107283036,
        "client_008": 0.03836716484496989,
        "client_009": 0.04152097902097902,
        "client_010": 0.17011598817375484,
        "client_011": 0.32088064488168505,
        "client_012": 0.0966183574879227,
        "client_013": 0.10034054974458768,
        "client_014": 0.0989247311827957,
        "client_015": 0.09841345580341167,
        "client_016": 0.09427685367916548
    },
    "client_002": {
        "attacker_000": 0.13678528379015772,
        "attacker_001": 0.1351816144666215,
        "attacker_002": 0.135282631552596,
        "client_000": 0.9762032085561496,
        "client_001": 0.9768685653162187,
        "client_002": 0.9744686539232723,
        "client_003": 0.9764516992239766,
        "client_004": 0.9751536200908363,
        "client_005": 0.04575016819914779,
        "client_006": 0.04473517619751003,
        "client_007": 0.04653204565408254,
        "client_008": 0.04587362266696649,
        "client_009": 0.046042534531900894,
        "client_010": 0.16651616398771898,
        "client_011": 0.3159247675763678,
        "client_012": 0.0952102119686146,
        "client_013": 0.09816698130442726,
        "client_014": 0.09678579995202687,
        "client_015": 0.09661372490260714,
        "client_016": 0.09254323787921746
    },
    "client_003": {
        "attacker_000": 0.14225462119239782,
        "attacker_001": 0.1399906672888474,
        "attacker_002": 0.14114024632499006,
        "client_000": 0.97615597417995,
        "client_001": 0.9768238082696866,
        "client_002": 0.9754876120189773,
        "client_003": 0.9762720801476403,
        "client_004": 0.9751152073732718,
        "client_005": 0.04529463500439754,
        "client_006": 0.04259718775847808,
        "client_007": 0.04521963824289405,
        "client_008": 0.04578472375082544,
        "client_009": 0.04622030237580994,
        "client_010": 0.17121041994161237,
        "client_011": 0.31841601021928895,
        "client_012": 0.09661046613383117,
        "client_013": 0.0995568506040187,
        "client_014": 0.09845086428614153,
        "client_015": 0.09778840406455469,
        "client_016": 0.09339356295878035
    },
    "client_004": {
        "attacker_000": 0.13902681231380337,
        "attacker_001": 0.13795969249948056,
        "attacker_002": 0.13849612790407195,
        "client_000": 0.976304579339723,
        "client_001": 0.976317189994678,
        "client_002": 0.9757656458055924,
        "client_003": 0.9766759962681594,
        "client_004": 0.9759084253959804,
        "client_005": 0.048758865248226944,
        "client_006": 0.04812722326846621,
        "client_007": 0.05009801786103245,
        "client_008": 0.048888888888888885,
        "client_009": 0.05017452006980803,
        "client_010": 0.16737307241410404,
        "client_011": 0.31665236051502144,
        "client_012": 0.09418379898084694,
        "client_013": 0.0980296169379513,
        "client_014": 0.096188529517855,
        "client_015": 0.09573573573573572,
        "client_016": 0.09106373327285097
    },
    "client_005": {
        "attacker_000": 0.6735410662824208,
        "attacker_001": 0.6634008521497414,
        "attacker_002": 0.672614098559583,
        "client_000": 0.516642593484192,
        "client_001": 0.5187844595460956,
        "client_002": 0.5200538185545873,
        "client_003": 0.5188585368985331,
        "client_004": 0.5189549180327869,
        "client_005": 0.9732567763294021,
        "client_006": 0.971537687404846,
        "client_007": 0.9723218201047282,
        "client_008": 0.9717353707957977,
        "client_009": 0.9698758082726061,
        "client_010": 0.6847972450939273,
        "client_011": 0.6773862622658342,
        "client_012": 0.023062591268442522,
        "client_013": 0.022476440054427258,
        "client_014": 0.022667741285512796,
        "client_015": 0.022864625302175666,
        "client_016": 0.023253472921280452
    },
    "client_006": {
        "attacker_000": 0.6726412970051789,