{
    "client_0": {
        "client_0": 0.0001404790335042495,
        "client_1": 0.00018059053103648934,
        "client_2": 0.6631787937325607,
        "client_3": 0.747259516266908,
        "client_4": 0.6557217822984258,
        "client_5": 0.7281046585832802,
        "client_6": 0.45291044718192325,
        "client_7": 0.4252125272572133,
        "client_8": 0.5796506531545977,
        "client_9": 0.6519489479130736
    },
    "client_1": {
        "client_0": 0.0003410778058665383,
        "client_1": 0.0003009811987077874,
        "client_2": 0.6538217377797587,
        "client_3": 0.751471877740198,
        "client_4": 0.6532440594828693,
        "client_5": 0.704829728201896,
        "client_6": 0.22058954810833972,
        "client_7": 0.2078384477751504,
        "client_8": 0.5856427284208137,
        "client_9": 0.6523576136555687
    },
    "client_2": {
        "client_0": 0.08002801856229752,
        "client_1": 0.07904653404609586,
        "client_2": 0.05728652240280147,
        "client_3": 0.05769917827795641,
        "client_4": 0.05659873631752246,
        "client_5": 0.6620018253726804,
        "client_6": 0.262012834559399,
        "client_7": 0.26573645841498783,
        "client_8": 0.005933067581347919,
        "client_9": 0.08354114713216958
    },
    "client_3": {
        "client_0": 0.08612270265471011,
        "client_1": 0.08638956805215973,
        "client_2": 0.06048675733715103,
        "client_3": 0.06015982760168806,
        "client_4": 0.05977339637791061,
        "client_5": 0.668905715681485,
        "client_6": 0.2598456520009547,
        "client_7": 0.26213747796827436,
        "client_8": 0.007712082262210796,
        "client_9": 0.08768705697033342
    },
    "client_4": {
        "client_0": 0.09459936463113307,
        "client_1": 0.09255216973718676,
        "client_2": 0.05291193181818181,
        "client_3": 0.05458089668615985,
        "client_4": 0.05440000000000001,
        "client_5": 0.6658150851581508,
        "client_6": 0.2634673446686795,
        "client_7": 0.26327433628318586,
        "client_8": 0.012005457025920874,
        "client_9": 0.09549675836691782
    },
    "client_5": {
        "client_0": 0.07975753708725475,
        "client_1": 0.032910975810432785,
        "client_2": 0.006061626536453949,
        "client_3": 0.009710363301523523,
        "client_4": 0.012213236507674533,
        "client_5": 0.29716435185185186,
        "client_6": 0.3148121696900443,
        "client_7": 0.31571387532318296,
        "client_8": 0.06200292160363577,
        "client_9": 0.06279796153213874
    },
    "client_6": {
        "client_0": 0.08269166387679946,
        "client_1": 0.040275387263339076,
        "client_2": 0.008389261744966443,
        "client_3": 0.01479188166494668,
        "client_4": 0.015418133065191887,
        "client_5": 0.2973130841121495,
        "client_6": 0.3093809454119713,
        "client_7": 0.31377209924231175,
        "client_8": 0.06265376414630146,
        "client_9": 0.0650994575045208
    },
    "client_7": {
        "client_0": 0.07902934907361862,
        "client_1": 0.03450608930987821,
        "client_2": 0.0055058499655884375,
        "client_3": 0.011645829765370782,
        "client_4": 0.011631885049606567,
        "client_5": 0.29604284439155015,
        "client_6": 0.3128753478834041,
        "client_7": 0.30787070589940574,
        "client_8": 0.05693828844186839,
        "client_9": 0.05665149215983814
    },
    "client_8": {
        "client_0": 0.19491001086194332,
        "client_1": 0.14127015614815655,
        "client_2": 0.12734807810074486,
        "client_3": 0.08328715989618267,
        "client_4": 0.11708561437702428,
        "client_5": 0.35265052232909866,
        "client_6": 0.3120084305762607,
        "client_7": 0.31297023855378375,
        "client_8": 0.03498044152690976,
        "client_9": 0.03757428781006273
    },
    "client_9": {
        "client_0": 0.2071600856391772,
        "client_1": 0.14238764044943822,
        "client_2": 0.12494503156252218,
        "client_3": 0.08003834868249034,
        "client_4": 0.12123278912144593,
        "client_5": 0.39952587145310725,
        "client_6": 0.32574865463754354,
        "client_7": 0.3757030923783558,
        "client_8": 0.03481825878997638,
        "client_9": 0.03502361643347296
    }
}