{
    "client_0": {
        "client_0": 0.0002809439717450634,
        "client_1": 0.0002006782926290863,
        "client_2": 0.007696921231507396,
        "client_3": 0.7015966698587035,
        "client_4": 0.7138957896434909,
        "client_5": 0.3222140855028913,
        "client_6": 0.7584385491737415,
        "client_7": 0.7728243804832999,
        "client_8": 0.7645859541057562,
        "client_9": 0.751586053997858
    },
    "client_1": {
        "client_0": 0.0004213102749551104,
        "client_1": 0.00030094798615639263,
        "client_2": 0.002225006264094212,
        "client_3": 0.7127701476731947,
        "client_4": 0.7160799165281911,
        "client_5": 0.22072462086386804,
        "client_6": 0.762019499472148,
        "client_7": 0.7742371880803335,
        "client_8": 0.7626543190719441,
        "client_9": 0.7542807149106361
    },
    "client_2": {
        "client_0": 0.009185266832001469,
        "client_1": 0.00550004583371528,
        "client_2": 0.1280618822518264,
        "client_3": 0.11513527530469357,
        "client_4": 0.2863411958310477,
        "client_5": 0.7284462886122638,
        "client_6": 0.5786090005844536,
        "client_7": 0.6490435213273077,
        "client_8": 0.002946321701500783,
        "client_9": 0.08721645858976614
    },
    "client_3": {
        "client_0": 0.009495115493472109,
        "client_1": 0.0029189090577396697,
        "client_2": 0.12808655440188468,
        "client_3": 0.08482380024791925,
        "client_4": 0.28530715642811905,
        "client_5": 0.7435554262438174,
        "client_6": 0.5866077807365071,
        "client_7": 0.6581717451523547,
        "client_8": 0.00423183072677093,
        "client_9": 0.09330164598186778
    },
    "client_4": {
        "client_0": 0.009080177971488242,
        "client_1": 0.002751031636863824,
        "client_2": 0.12540633019674938,
        "client_3": 0.12139219015280137,
        "client_4": 0.2821596244131455,
        "client_5": 0.7399144607559819,
        "client_6": 0.5862293374983731,
        "client_7": 0.6601186063750927,
        "client_8": 0.003992015968063873,
        "client_9": 0.10004319654427646
    },
    "client_5": {
        "client_0": 0.029564652371669917,
        "client_1": 0.012466307277628033,
        "client_2": 0.009345794392523366,
        "client_3": 0.010687304219642528,
        "client_4": 0.04569021386908619,
        "client_5": 0.07889733840304182,
        "client_6": 0.19237147595356552,
        "client_7": 0.1149749373433584,
        "client_8": 0.015647921760391197,
        "client_9": 0.04164617150352516
    },
    "client_6": {
        "client_0": 0.024316109422492398,
        "client_1": 0.015384615384615385,
        "client_2": 0.007923407065037967,
        "client_3": 0.010076506810972196,
        "client_4": 0.04301075268817204,
        "client_5": 0.07360708808996422,
        "client_6": 0.18414239482200648,
        "client_7": 0.11023885084349423,
        "client_8": 0.017335146159075464,
        "client_9": 0.04513491414554375
    },
    "client_7": {
        "client_0": 0.018952446588559616,
        "client_1": 0.011049723756906079,
        "client_2": 0.005178663904712584,
        "client_3": 0.009116809116809116,
        "client_4": 0.04441453566621804,
        "client_5": 0.07489277466182778,
        "client_6": 0.19293100787158513,
        "client_7": 0.11186550274814096,
        "client_8": 0.013413585554600174,
        "client_9": 0.036885245901639344
    },
    "client_8": {
        "client_0": 0.16369588941433247,
        "client_1": 0.32559801894258505,
        "client_2": 0.13586694292282805,
        "client_3": 0.1301239139723686,
        "client_4": 0.18086475268073332,
        "client_5": 0.31451302450917495,
        "client_6": 0.27553911537856135,
        "client_7": 0.22756639376323493,
        "client_8": 0.041772568250456,
        "client_9": 0.09633553443146363
    },
    "client_9": {
        "client_0": 0.16340314354406102,
        "client_1": 0.3289887867716774,
        "client_2": 0.13282067230216846,
        "client_3": 0.13257575757575757,
        "client_4": 0.1831194878698794,
        "client_5": 0.36912337822505054,
        "client_6": 0.31625835189309576,
        "client_7": 0.2291069754987281,
        "client_8": 0.041082238848150404,
        "client_9": 0.10048067236565639
    }
}