{
    "client_0": {
        "client_0": 0.00014047621436670313,
        "client_1": 0.00012041060014649956,
        "client_2": 0.19731379731379733,
        "client_3": 0.5547773379156334,
        "client_4": 0.7515736860895545,
        "client_5": 0.7567368631169221,
        "client_6": 0.7468741945825659,
        "client_7": 0.7340509986980408,
        "client_8": 0.6470672088082163,
        "client_9": 4.013888052662211e-05
    },
    "client_1": {
        "client_0": 0.00022073283300557854,
        "client_1": 0.00012040214315814821,
        "client_2": 0.19622286370999123,
        "client_3": 0.23331915195348513,
        "client_4": 0.6810867321282057,
        "client_5": 0.7453357504343229,
        "client_6": 0.7193960809508513,
        "client_7": 0.46686459711411255,
        "client_8": 0.42279510674326226,
        "client_9": 2.006702385969137e-05
    },
    "client_2": {
        "client_0": 0.08184143222506393,
        "client_1": 0.0012953367875647667,
        "client_2": 0.04055266463305222,
        "client_3": 0.03094182574866552,
        "client_4": 0.03073880999460723,
        "client_5": 0.6653613167717066,
        "client_6": 0.26307473534523623,
        "client_7": 0.2841598990775053,
        "client_8": 0.01047312815801562,
        "client_9": 0.08853615520282185
    },
    "client_3": {
        "client_0": 0.08847497089639116,
        "client_1": 0.0038563951886879076,
        "client_2": 0.04020282506338283,
        "client_3": 0.035425283222442004,
        "client_4": 0.033910665451230636,
        "client_5": 0.6663017031630172,
        "client_6": 0.25971320996555314,
        "client_7": 0.2808430026047833,
        "client_8": 0.010385351188849413,
        "client_9": 0.09236701428446237
    },
    "client_4": {
        "client_0": 0.09749129542005179,
        "client_1": 0.0022046665441851922,
        "client_2": 0.035517670040845314,
        "client_3": 0.028458922498657595,
        "client_4": 0.026645207439198855,
        "client_5": 0.6647644487615348,
        "client_6": 0.2641961504672151,
        "client_7": 0.27921875,
        "client_8": 0.011995637949836423,
        "client_9": 0.10130747250844228
    },
    "client_5": {
        "client_0": 0.13040087349867413,
        "client_1": 0.0512985965478303,
        "client_2": 0.0033732501264968798,
        "client_3": 0.0033863867253640365,
        "client_4": 0.004667444574095682,
        "client_5": 0.2952882645595552,
        "client_6": 0.29836159816039093,
        "client_7": 0.3102310231023102,
        "client_8": 0.08189233278955954,
        "client_9": 0.07429943955164131
    },
    "client_6": {
        "client_0": 0.12966924469310512,
        "client_1": 0.05909167651527942,
        "client_2": 0.0047994514912581415,
        "client_3": 0.005734525215044695,
        "client_4": 0.006827103601297149,
        "client_5": 0.29482190960790183,
        "client_6": 0.29617404351087767,
        "client_7": 0.3065779748706578,
        "client_8": 0.07891617273497037,
        "client_9": 0.06776831914538475
    },
    "client_7": {
        "client_0": 0.12981228125994274,
        "client_1": 0.05146816232266579,
        "client_2": 0.0037626133059688732,
        "client_3": 0.003408897221748764,
        "client_4": 0.004758667573079538,
        "client_5": 0.28902765388046386,
        "client_6": 0.2943518655065624,
        "client_7": 0.3061554282356398,
        "client_8": 0.07746135069161919,
        "client_9": 0.06211996713229253
    },
    "client_8": {
        "client_0": 0.07539921110899307,
        "client_1": 0.18162425719945147,
        "client_2": 0.2228435583650755,
        "client_3": 0.13045333029975542,
        "client_4": 0.13203226127651102,
        "client_5": 0.35030191947976946,
        "client_6": 0.3479200975523904,
        "client_7": 0.3491258038585209,
        "client_8": 0.02996288449112684,
        "client_9": 0.033633867894807906
    },
    "client_9": {
        "client_0": 0.14851914548328882,
        "client_1": 0.17603709530512548,
        "client_2": 0.19168356997971603,
        "client_3": 0.12911367277780142,
        "client_4": 0.1309584537777022,
        "client_5": 0.358123370981755,
        "client_6": 0.356742654823281,
        "client_7": 0.3554312701963709,
        "client_8": 0.03146842747092591,
        "client_9": 0.04240272229619766
    }
}