{
    "attacker_0": {
        "attacker_0": 0.0,
        "client_0": 0.0,
        "client_1": 0.0,
        "client_2": 0.0,
        "client_3": 0.0,
        "client_4": 0.0,
        "client_5": 0.0,
        "client_6": 0.0,
        "client_7": 0.0,
        "client_8": 0.0
    },
    "client_0": {
        "attacker_0": 0.4294291928010842,
        "client_0": 0.0001404832624227342,
        "client_1": 0.00028092987789583515,
        "client_2": 0.7595820549999689,
        "client_3": 0.6493511773674403,
        "client_4": 0.7601920851942623,
        "client_5": 0.4587879584593138,
        "client_6": 0.7424180289083349,
        "client_7": 0.6984622416663946,
        "client_8": 0.719726117145298
    },
    "client_1": {
        "attacker_0": 0.228384034980137,
        "client_0": 0.0004012478809096289,
        "client_1": 0.0004213102749551104,
        "client_2": 0.7625840332222201,
        "client_3": 0.6010484136953425,
        "client_4": 0.7636449340081374,
        "client_5": 0.45018777262018617,
        "client_6": 0.7462515723270441,
        "client_7": 0.6807232105040238,
        "client_8": 0.6909640136590492
    },
    "client_2": {
        "attacker_0": 0.022838499184339316,
        "client_0": 0.00568942436412316,
        "client_1": 0.020185307743216415,
        "client_2": 0.17565112053301032,
        "client_3": 0.12046307884856071,
        "client_4": 0.18803936411809236,
        "client_5": 0.007877892663712457,
        "client_6": 0.011595163160510187,
        "client_7": 0.06482516365958806,
        "client_8": 0.020957038071952497
    },
    "client_3": {
        "attacker_0": 0.03174603174603175,
        "client_0": 0.0103800435292148,
        "client_1": 0.02011060834590246,
        "client_2": 0.14692556634304207,
        "client_3": 0.10638297872340424,
        "client_4": 0.17403846153846153,
        "client_5": 0.014844804318488529,
        "client_6": 0.015922464520595363,
        "client_7": 0.0655954944508862,
        "client_8": 0.028343023255813955
    },
    "client_4": {
        "attacker_0": 0.023884962222763834,
        "client_0": 0.006268500783562597,
        "client_1": 0.015091750986108729,
        "client_2": 0.16250596279217683,
        "client_3": 0.11910589003100017,
        "client_4": 0.17185753074588722,
        "client_5": 0.009429020429544263,
        "client_6": 0.010212765957446808,
        "client_7": 0.06662312214239059,
        "client_8": 0.022210085563444382
    },
    "client_5": {
        "attacker_0": 0.17767647426720964,
        "client_0": 0.13543324994314307,
        "client_1": 0.16241793008833452,
        "client_2": 0.3143974860514333,
        "client_3": 0.2910627234319142,
        "client_4": 0.28388917192459934,
        "client_5": 0.12955442511292553,
        "client_6": 0.1185801362495518,
        "client_7": 0.38248541682049775,
        "client_8": 0.4160243187493214
    },
    "client_6": {
        "attacker_0": 0.1720468840921056,
        "client_0": 0.1733311210663127,
        "client_1": 0.16214336389055045,
        "client_2": 0.3414719787316755,
        "client_3": 0.30323176835998666,
        "client_4": 0.28778580491467926,
        "client_5": 0.13146204125519936,
        "client_6": 0.11993785012757828,
        "client_7": 0.37377565585470296,
        "client_8": 0.41059793715288634
    },
    "client_7": {
        "attacker_0": 0.07338563669281833,
        "client_0": 0.0037471896077941546,
        "client_1": 0.004511843589422233,
        "client_2": 0.6185495721324228,
        "client_3": 0.6502682624845233,
        "client_4": 0.6934754521963823,
        "client_5": 0.5231280583510294,
        "client_6": 0.012160317657277576,
        "client_7": 0.08716417910447762,
        "client_8": 0.08576533650982728
    },
    "client_8": {
        "attacker_0": 0.0751947612058259,
        "client_0": 0.005571030640668523,
        "client_1": 0.0067681895093062595,
        "client_2": 0.6146568179931944,
        "client_3": 0.653526970954357,
        "client_4": 0.6947466583773702,
        "client_5": 0.5256216023527315,
        "client_6": 0.013416387158600862,
        "client_7": 0.08897485493230174,
        "client_8": 0.08727026722291126
    }
}