{
    "attacker_0": {
        "attacker_0": 0.0,
        "client_0": 0.0,
        "client_1": 0.0,
        "client_2": 0.0,
        "client_3": 0.0,
        "client_4": 0.0,
        "client_5": 0.0,
        "client_6": 0.0,
        "client_7": 0.0,
        "client_8": 0.0
    },
    "client_0": {
        "attacker_0": 0.7269069636744495,
        "client_0": 0.00018061590021974938,
        "client_1": 0.00024078979051288227,
        "client_2": 0.6665908482740166,
        "client_3": 0.6878995148219588,
        "client_4": 0.7065450156389922,
        "client_5": 0.37050177394830214,
        "client_6": 0.22571972866629872,
        "client_7": 0.7710179241967408,
        "client_8": 0.7717637779749581
    },
    "client_1": {
        "attacker_0": 0.5595045383592531,
        "client_0": 0.000561651254688785,
        "client_1": 0.000361130337957808,
        "client_2": 0.6540354762692523,
        "client_3": 0.6807758740495147,
        "client_4": 0.687977991022654,
        "client_5": 0.19581115817674957,
        "client_6": 0.16549020329655162,
        "client_7": 0.7571092780676979,
        "client_8": 0.7570830007980845
    },
    "client_2": {
        "attacker_0": 0.008774890313871077,
        "client_0": 0.026614735475494967,
        "client_1": 0.03248014121800529,
        "client_2": 0.24204009433962267,
        "client_3": 0.21752903907074972,
        "client_4": 0.2244718309859155,
        "client_5": 0.04875621890547264,
        "client_6": 0.01893491124260355,
        "client_7": 0.04035058706796759,
        "client_8": 0.016607773851590107
    },
    "client_3": {
        "attacker_0": 0.014794426285910892,
        "client_0": 0.02310960067969414,
        "client_1": 0.03658757471472559,
        "client_2": 0.24539877300613497,
        "client_3": 0.21436394930370833,
        "client_4": 0.2289045719545873,
        "client_5": 0.04581467447468137,
        "client_6": 0.021180555555555553,
        "client_7": 0.04204905723343901,
        "client_8": 0.01807991321641656
    },
    "client_4": {
        "attacker_0": 0.013337893296853627,
        "client_0": 0.019892110586648686,
        "client_1": 0.031487312465271346,
        "client_2": 0.23711499767837793,
        "client_3": 0.2104447543778088,
        "client_4": 0.2197871008140263,
        "client_5": 0.04821697639377197,
        "client_6": 0.01731160896130346,
        "client_7": 0.037798408488063664,
        "client_8": 0.017961876832844573
    },
    "client_5": {
        "attacker_0": 0.23859432799013566,
        "client_0": 0.16137028893152758,
        "client_1": 0.06455798864557989,
        "client_2": 0.24323782273268177,
        "client_3": 0.22339649160742764,
        "client_4": 0.2204519590310519,
        "client_5": 0.137872292098464,
        "client_6": 0.14279647821532712,
        "client_7": 0.24654719171592895,
        "client_8": 0.2266519110343338
    },
    "client_6": {
        "attacker_0": 0.2649383330930443,
        "client_0": 0.16181094693491388,
        "client_1": 0.07338352007469655,
        "client_2": 0.28669083376488863,
        "client_3": 0.22495436486631593,
        "client_4": 0.2272178878790316,
        "client_5": 0.14211111580310518,
        "client_6": 0.14376345144818467,
        "client_7": 0.2496198045464764,
        "client_8": 0.22825781406867013
    },
    "client_7": {
        "attacker_0": 0.3278925619834711,
        "client_0": 0.004219409282700422,
        "client_1": 0.0037383177570093464,
        "client_2": 0.6566613565858975,
        "client_3": 0.6599816161109718,
        "client_4": 0.6962722852512157,
        "client_5": 0.012879256965944271,
        "client_6": 0.018237831176833023,
        "client_7": 0.04064642507345739,
        "client_8": 0.039698002922552364
    },
    "client_8": {
        "attacker_0": 0.3398019001414999,
        "client_0": 0.004808270224786633,
        "client_1": 0.00506268081002893,
        "client_2": 0.6551279987119627,
        "client_3": 0.6614160572209273,
        "client_4": 0.6962893670096664,
        "client_5": 0.013935607880826527,
        "client_6": 0.020098097858595523,
        "client_7": 0.039067124422872024,
        "client_8": 0.03715536622884866
    }
}