{
    "client_0": {
        "client_0": 0.9992275900810529,
        "client_1": 0.999152504124647,
        "client_2": 0.6020704571384574,
        "client_3": 0.6115181935735043,
        "client_4": 0.5665269323532789,
        "client_5": 0.6467340744110877,
        "client_6": 0.6545638671347556,
        "client_7": 0.6466937378620998,
        "client_8": 0.08244688517973998,
        "client_9": 0.07975058696739926
    },
    "client_1": {
        "client_0": 0.9993430323819841,
        "client_1": 0.9993079931802226,
        "client_2": 0.6036978784383629,
        "client_3": 0.6130644892517915,
        "client_4": 0.5675311262837799,
        "client_5": 0.6480800792111437,
        "client_6": 0.65525266630239,
        "client_7": 0.6480577256944444,
        "client_8": 0.07938173103760238,
        "client_9": 0.07649082900405779
    },
    "client_2": {
        "client_0": 0.1370741032272574,
        "client_1": 0.13698706824161674,
        "client_2": 0.943276220145379,
        "client_3": 0.9403526970954358,
        "client_4": 0.9430314041007007,
        "client_5": 0.10152024323891821,
        "client_6": 0.3020928116469518,
        "client_7": 0.10069334011831307,
        "client_8": 0.21959169668896894,
        "client_9": 0.20930612244897956
    },
    "client_3": {
        "client_0": 0.13357155011060065,
        "client_1": 0.1334197986861026,
        "client_2": 0.9470967741935483,
        "client_3": 0.9439886297564442,
        "client_4": 0.9470356751177342,
        "client_5": 0.10557923285548239,
        "client_6": 0.3105508389789326,
        "client_7": 0.10493509831641176,
        "client_8": 0.21201293176790884,
        "client_9": 0.20534915860499148
    },
    "client_4": {
        "client_0": 0.13335968156282643,
        "client_1": 0.13279824881430136,
        "client_2": 0.9502500320553918,
        "client_3": 0.9471320415757732,
        "client_4": 0.9501891146868389,
        "client_5": 0.10784282277465919,
        "client_6": 0.30994567845055604,
        "client_7": 0.10712007145591423,
        "client_8": 0.21169821015671833,
        "client_9": 0.20402509573861324
    },
    "client_5": {
        "client_0": 0.0448024948024948,
        "client_1": 0.046669162950607614,
        "client_2": 0.0006127450980392157,
        "client_3": 0.001224364860728497,
        "client_4": 0.0006127450980392157,
        "client_5": 0.9361628109236388,
        "client_6": 0.9331265081006549,
        "client_7": 0.9339870425494661,
        "client_8": 0.25543992431409646,
        "client_9": 0.2778816199376947
    },
    "client_6": {
        "client_0": 0.041905686209944365,
        "client_1": 0.043624846751123825,
        "client_2": 0.0006391818472355385,
        "client_3": 0.0012775471095496647,
        "client_4": 0.0006391818472355385,
        "client_5": 0.9348025711662076,
        "client_6": 0.9310282074613284,
        "client_7": 0.9323003135952777,
        "client_8": 0.2652188219809148,
        "client_9": 0.29219306770327175
    },
    "client_7": {
        "client_0": 0.041718004338394794,
        "client_1": 0.04323641823641823,
        "client_2": 0.0006443298969072165,
        "client_3": 0.000643915003219575,
        "client_4": 0.0006441223832528181,
        "client_5": 0.9421762423794569,
        "client_6": 0.9400549954170485,
        "client_7": 0.939078751857355,
        "client_8": 0.2531730126920508,
        "client_9": 0.28402755001639884
    },
    "client_8": {
        "client_0": 0.7001951558573491,
        "client_1": 0.7028346236171957,
        "client_2": 0.5042513863216266,
        "client_3": 0.4943547025384139,
        "client_4": 0.5046091960444717,
        "client_5": 0.009896984220845914,
        "client_6": 0.009897292250233428,
        "client_7": 0.009888520919819023,
        "client_8": 0.9604414131351061,
        "client_9": 0.9603833816898498
    },
    "client_9": {
        "client_0": 0.7017190294423831,
        "client_1": 0.7045141362162738,
        "client_2": 0.5053964855945055,
        "client_3": 0.49677780264041177,
        "client_4": 0.5056653286335383,
        "client_5": 0.009167776504475486,
        "client_6": 0.009167776504475486,
        "client_7": 0.009159691169872043,
        "client_8": 0.9604374151631156,
        "client_9": 0.9603625561733568
    }
}