{
    "client_0": {
        "client_0": 0.9995234057923755,
        "client_1": 0.999408070309208,
        "client_2": 0.9575291589292049,
        "client_3": 0.9823211113316943,
        "client_4": 0.9821296706542609,
        "client_5": 0.8126749657513849,
        "client_6": 0.7657706193068172,
        "client_7": 0.661270930865176,
        "client_8": 0.3542245566008954,
        "client_9": 0.3460321142724576
    },
    "client_1": {
        "client_0": 0.999508426966292,
        "client_1": 0.9994382360612323,
        "client_2": 0.9570531017784086,
        "client_3": 0.9825990034761277,
        "client_4": 0.9822077829492102,
        "client_5": 0.8121973158280366,
        "client_6": 0.7661004362758749,
        "client_7": 0.6624807137586369,
        "client_8": 0.35360874908245155,
        "client_9": 0.34484016447804744
    },
    "client_2": {
        "client_0": 0.23859467837768014,
        "client_1": 0.22547739908146,
        "client_2": 0.9539098912480579,
        "client_3": 0.9573740891210422,
        "client_4": 0.9574413206087181,
        "client_5": 0.10168556543058535,
        "client_6": 0.10195861390400639,
        "client_7": 0.10216412849127567,
        "client_8": 0.2746995994659546,
        "client_9": 0.27555254466932
    },
    "client_3": {
        "client_0": 0.2342005504491873,
        "client_1": 0.2209499781669982,
        "client_2": 0.9571529517569217,
        "client_3": 0.9596464258262875,
        "client_4": 0.9596464258262875,
        "client_5": 0.10450851333395136,
        "client_6": 0.10484871031746033,
        "client_7": 0.10493616228138299,
        "client_8": 0.26280660770899383,
        "client_9": 0.26324237560192615
    },
    "client_4": {
        "client_0": 0.23409090909090913,
        "client_1": 0.22094037809015996,
        "client_2": 0.9605725605469998,
        "client_3": 0.9626513702995538,
        "client_4": 0.962958240357029,
        "client_5": 0.10678511257466687,
        "client_6": 0.10718897976754198,
        "client_7": 0.1074831190454167,
        "client_8": 0.2679634442860736,
        "client_9": 0.26619253238506474
    },
    "client_5": {
        "client_0": 0.012854442344045367,
        "client_1": 0.012910025029640365,
        "client_2": 0.0006765899864682002,
        "client_3": 0.0014316392269148174,
        "client_4": 0.0006277463904582549,
        "client_5": 0.9417024935511608,
        "client_6": 0.9457472873643682,
        "client_7": 0.9403472580367888,
        "client_8": 0.2744607689903095,
        "client_9": 0.275
    },
    "client_6": {
        "client_0": 0.012759984688018375,
        "client_1": 0.012556772642265564,
        "client_2": 0.0007032348804500703,
        "client_3": 0.0022607385079125844,
        "client_4": 0.0013114754098360658,
        "client_5": 0.942888323026555,
        "client_6": 0.9439321283659167,
        "client_7": 0.9399818676337262,
        "client_8": 0.2795558458523841,
        "client_9": 0.278902677988243
    },
    "client_7": {
        "client_0": 0.015211053365445558,
        "client_1": 0.015347975654935167,
        "client_2": 0.0007104795737122557,
        "client_3": 0.002271006813020439,
        "client_4": 0.0006633499170812604,
        "client_5": 0.9481209899175069,
        "client_6": 0.9515106303618053,
        "client_7": 0.9465201465201466,
        "client_8": 0.2747688243064729,
        "client_9": 0.2736285525446133
    },
    "client_8": {
        "client_0": 0.6823514915871474,
        "client_1": 0.6860708847968428,
        "client_2": 0.5560411727178375,
        "client_3": 0.5663003663003663,
        "client_4": 0.5660635990648853,
        "client_5": 0.03438620919286244,
        "client_6": 0.02433828375250969,
        "client_7": 0.028013777267508613,
        "client_8": 0.9624741636683762,
        "client_9": 0.9629072720158958
    },
    "client_9": {
        "client_0": 0.6829164842381786,
        "client_1": 0.6872411416718409,
        "client_2": 0.5592355963372325,
        "client_3": 0.569507942295646,
        "client_4": 0.5693483868555834,
        "client_5": 0.03340878225441376,
        "client_6": 0.022470880974552337,
        "client_7": 0.027843358262379478,
        "client_8": 0.9625824937891513,
        "client_9": 0.9630681384448617
    }
}