{
    "client_0": {
        "client_0": 0.9991775573453157,
        "client_1": 0.9993228636347677,
        "client_2": 0.7899702085402184,
        "client_3": 0.9824773967581656,
        "client_4": 0.9322526527253882,
        "client_5": 0.738382470220388,
        "client_6": 0.6954131322651586,
        "client_7": 0.6466961788110046,
        "client_8": 0.2062376415603092,
        "client_9": 0.23303824362606232
    },
    "client_1": {
        "client_0": 0.9992979711365848,
        "client_1": 0.9993731287894365,
        "client_2": 0.7883579917535775,
        "client_3": 0.9829278593927305,
        "client_4": 0.9317553734558498,
        "client_5": 0.7393825201221557,
        "client_6": 0.6956015413905228,
        "client_7": 0.6481373492995566,
        "client_8": 0.20434199753479626,
        "client_9": 0.23059603588270755
    },
    "client_2": {
        "client_0": 0.18643804794786253,
        "client_1": 0.18989207057230473,
        "client_2": 0.9523563255543346,
        "client_3": 0.9505282143777377,
        "client_4": 0.9517054613450255,
        "client_5": 0.10607663940997272,
        "client_6": 0.10600185855737496,
        "client_7": 0.10637065637065637,
        "client_8": 0.2672365131844206,
        "client_9": 0.2544693187308745
    },
    "client_3": {
        "client_0": 0.1822095253003561,
        "client_1": 0.18619003727006775,
        "client_2": 0.9563430919363122,
        "client_3": 0.9546792984252978,
        "client_4": 0.955958715302263,
        "client_5": 0.10895092679455246,
        "client_6": 0.10903094383548356,
        "client_7": 0.10934709912015844,
        "client_8": 0.2551818695056053,
        "client_9": 0.24285255380661744
    },
    "client_4": {
        "client_0": 0.18196734119853114,
        "client_1": 0.18490475810950827,
        "client_2": 0.9597495527728086,
        "client_3": 0.9578793092461607,
        "client_4": 0.9590404491514609,
        "client_5": 0.1117210825387653,
        "client_6": 0.1116493952324425,
        "client_7": 0.11211701407906183,
        "client_8": 0.2622739018087855,
        "client_9": 0.24744425662078404
    },
    "client_5": {
        "client_0": 0.01109982021417963,
        "client_1": 0.006392132759680393,
        "client_2": 0.0005277044854881266,
        "client_3": 0.002084418968212611,
        "client_4": 0.0010479434110558029,
        "client_5": 0.9429577464788733,
        "client_6": 0.9427514532323411,
        "client_7": 0.9429175475687104,
        "client_8": 0.355674709562109,
        "client_9": 0.2978723404255319
    },
    "client_6": {
        "client_0": 0.012678040381906402,
        "client_1": 0.00644572818485862,
        "client_2": 0.000547645125958379,
        "client_3": 0.0016238159675236806,
        "client_4": 0.0005430355688297583,
        "client_5": 0.9391529498797854,
        "client_6": 0.938321911465086,
        "client_7": 0.9385412810070345,
        "client_8": 0.35157960588051296,
        "client_9": 0.3054662379421222
    },
    "client_7": {
        "client_0": 0.01313012895662368,
        "client_1": 0.007880698351115423,
        "client_2": 0.0005574136008918618,
        "client_3": 0.0016579165515335729,
        "client_4": 0.0005550929780738274,
        "client_5": 0.9476047904191617,
        "client_6": 0.9469739554056587,
        "client_7": 0.9467566554180726,
        "client_8": 0.3524590163934426,
        "client_9": 0.29892543145555195
    },
    "client_8": {
        "client_0": 0.6956034156623251,
        "client_1": 0.6842155525238746,
        "client_2": 0.5256248422115628,
        "client_3": 0.5366400797607178,
        "client_4": 0.5329118667191899,
        "client_5": 0.010527130582862448,
        "client_6": 0.010282298651222571,
        "client_7": 0.01047039325929712,
        "client_8": 0.9604804161566708,
        "client_9": 0.9604498996307023
    },
    "client_9": {
        "client_0": 0.6970201914579272,
        "client_1": 0.6847690514650254,
        "client_2": 0.527763262304283,
        "client_3": 0.5389544043924565,
        "client_4": 0.5354204140992767,
        "client_5": 0.009924640539999077,
        "client_6": 0.009527186396781104,
        "client_7": 0.009868167450466425,
        "client_8": 0.9608725788146761,
        "client_9": 0.9609694344457325
    }
}