{
    "attacker_000": {
        "attacker_000": 0.010736196319018405,
        "attacker_001": 0.010736196319018405,
        "attacker_002": 0.010744435917114352,
        "client_000": 0.3292766540966746,
        "client_001": 0.33492516607528744,
        "client_002": 0.33498221877590306,
        "client_003": 0.3262127934651662,
        "client_004": 0.3344530137317604,
        "client_005": 0.07704042715484363,
        "client_006": 0.07723577235772357,
        "client_007": 0.074225748656258,
        "client_008": 0.07748983739837398,
        "client_009": 0.07706002034587997,
        "client_010": 0.33305530938852107,
        "client_011": 0.33308131501420857,
        "client_012": 0.3133372541331765,
        "client_013": 0.31079799485164616,
        "client_014": 0.3084269469923391,
        "client_015": 0.29714509190457566,
        "client_016": 0.29203429849633405
    },
    "attacker_001": {
        "attacker_000": 0.010427848489495477,
        "attacker_001": 0.010732904017172647,
        "attacker_002": 0.010124252185918085,
        "client_000": 0.3281544525047124,
        "client_001": 0.33352034409981035,
        "client_002": 0.33317261330761816,
        "client_003": 0.3252944805099433,
        "client_004": 0.3317180853927745,
        "client_005": 0.0842853516120843,
        "client_006": 0.08446417247939124,
        "client_007": 0.08244002041858091,
        "client_008": 0.08446417247939124,
        "client_009": 0.08359801804090967,
        "client_010": 0.3329945004821852,
        "client_011": 0.3330292208638532,
        "client_012": 0.3137229366758913,
        "client_013": 0.31181741335587493,
        "client_014": 0.3098784924830095,
        "client_015": 0.2959648296435861,
        "client_016": 0.29192366601813136
    },
    "attacker_002": {
        "attacker_000": 0.014966401954795358,
        "attacker_001": 0.014966401954795358,
        "attacker_002": 0.01437528674109191,
        "client_000": 0.32886193976489436,
        "client_001": 0.3346343028229256,
        "client_002": 0.3345222451661348,
        "client_003": 0.3288951591570408,
        "client_004": 0.3345165107023771,
        "client_005": 0.08365881315358448,
        "client_006": 0.08358509566968782,
        "client_007": 0.08243500317057705,
        "client_008": 0.08357457520453115,
        "client_009": 0.08366935483870967,
        "client_010": 0.33348968105065663,
        "client_011": 0.33339414631603637,
        "client_012": 0.3139644777578622,
        "client_013": 0.31145709933998983,
        "client_014": 0.3099463475030953,
        "client_015": 0.30198311407814643,
        "client_016": 0.29333111867785067
    },
    "client_000": {
        "attacker_000": 0.38779688779688776,
        "attacker_001": 0.3889229094373001,
        "attacker_002": 0.3868803067652698,
        "client_000": 0.9762476647985056,
        "client_001": 0.9749333333333334,
        "client_002": 0.9753168779186123,
        "client_003": 0.9760982774736279,
        "client_004": 0.9759615384615383,
        "client_005": 0.23842638585336778,
        "client_006": 0.23332685203188802,
        "client_007": 0.23506133755441233,
        "client_008": 0.2337560975609756,
        "client_009": 0.22314869962279135,
        "client_010": 0.3067841702693715,
        "client_011": 0.16797610843096714,
        "client_012": 0.09449753665341011,
        "client_013": 0.09945100018931026,
        "client_014": 0.09977756593581188,
        "client_015": 0.10156350949735109,
        "client_016": 0.10160289555325751
    },
    "client_001": {
        "attacker_000": 0.3897902382730297,
        "attacker_001": 0.3908715378885353,
        "attacker_002": 0.38997138574737705,
        "client_000": 0.976168286513114,
        "client_001": 0.9748569908208061,
        "client_002": 0.9745976858624816,
        "client_003": 0.9757462686567164,
        "client_004": 0.9749466950959489,
        "client_005": 0.22089314194577356,
        "client_006": 0.2167315175097276,
        "client_007": 0.21914008321775313,
        "client_008": 0.21672188657181837,
        "client_009": 0.20707472178060415,
        "client_010": 0.3046193292254249,
        "client_011": 0.16962164138183147,
        "client_012": 0.10153482880755607,
        "client_013": 0.1067151545551445,
        "client_014": 0.10770400405473897,
        "client_015": 0.10911895122421439,
        "client_016": 0.10918689242258417
    },
    "client_002": {
        "attacker_000": 0.39015099986396407,
        "attacker_001": 0.3911334056399132,
        "attacker_002": 0.3900143237159812,
        "client_000": 0.9758684699018827,
        "client_001": 0.9739245532759763,
        "client_002": 0.974318241990998,
        "client_003": 0.9759787657597876,
        "client_004": 0.9754544248374686,
        "client_005": 0.22452978056426331,
        "client_006": 0.2193251533742331,
        "client_007": 0.22322126661454264,
        "client_008": 0.22077174121712423,
        "client_009": 0.2116215155084413,
        "client_010": 0.30642830601544113,
        "client_011": 0.17135036496350364,
        "client_012": 0.10015390079318101,
        "client_013": 0.10631857737419599,
        "client_014": 0.10602501428480732,
        "client_015": 0.10803808536822333,
        "client_016": 0.10795749092794193
    },
    "client_003": {
        "attacker_000": 0.39223406421831514,
        "attacker_001": 0.39347369846320496,
        "attacker_002": 0.39220761528506226,
        "client_000": 0.9760150073696905,
        "client_001": 0.9749631811487481,
        "client_002": 0.9753549424055719,
        "client_003": 0.9761266094420601,
        "client_004": 0.9759892689470154,
        "client_005": 0.2121272763658195,
        "client_006": 0.20972167777342218,
        "client_007": 0.21079896393703926,
        "client_008": 0.20883218842001963,
        "client_009": 0.2020404080816163,
        "client_010": 0.3047674274116721,
        "client_011": 0.16103251883152672,
        "client_012": 0.08916894542860539,
        "client_013": 0.09440758293838863,
        "client_014": 0.09467455621301775,
        "client_015": 0.09634960772871684,
        "client_016": 0.09637460276282508
    },
    "client_004": {
        "attacker_000": 0.3860776805251641,
        "attacker_001": 0.38605094673750173,
        "attacker_002": 0.3856692697629812,
        "client_000": 0.9774841580153701,
        "client_001": 0.9768318965517242,
        "client_002": 0.9767003367003366,
        "client_003": 0.9770642201834863,
        "client_004": 0.9766626197221098,
        "client_005": 0.23974384630778467,
        "client_006": 0.23442078530963079,
        "client_007": 0.23634914308489438,
        "client_008": 0.23460410557184747,
        "client_009": 0.2251444510858737,
        "client_010": 0.30416545537605383,
        "client_011": 0.1673394495412844,
        "client_012": 0.09405354181473585,
        "client_013": 0.09848009044089939,
        "client_014": 0.09822387965362493,
        "client_015": 0.09957490660827,
        "client_016": 0.09960698408607695
    },
    "client_005": {
        "attacker_000": 0.13322523983245507,
        "attacker_001": 0.1725768321513002,
        "attacker_002": 0.09491898838757057,
        "client_000": 0.5358805098409029,
        "client_001": 0.5248701042204734,
        "client_002": 0.5311326468806784,
        "client_003": 0.5207107805784998,
        "client_004": 0.5291069426346253,
        "client_005": 0.9704561911658218,
        "client_006": 0.969816683930335,
        "client_007": 0.9701086301996773,
        "client_008": 0.9701147209100551,
        "client_009": 0.973494677110362,
        "client_010": 0.7036705087854598,
        "client_011": 0.7015268772223385,
        "client_012": 0.010591517329424559,
        "client_013": 0.009148084619782733,
        "client_014": 0.013986674857061853,
        "client_015": 0.01802742065562882,
        "client_016": 0.018026565464895634
    },