{
    "attacker_0": {
        "attacker_0": 0.2624938554809111,
        "attacker_1": 0.2269314199899883,
        "attacker_2": 0.2642436149312377,
        "client_0": 0.004771517709671499,
        "client_1": 0.004858904877592973,
        "client_2": 0.08300252616383978,
        "client_3": 0.09084380610412927,
        "client_4": 0.08386277001270648,
        "client_5": 0.5191986644407346,
        "client_6": 0.6028257456828886,
        "client_7": 0.01154562383612663,
        "client_8": 0.011477230655312845
    },
    "attacker_1": {
        "attacker_0": 0.2724358974358974,
        "attacker_1": 0.2312023848956608,
        "attacker_2": 0.27288817377312957,
        "client_0": 0.0029411764705882353,
        "client_1": 0.0033513312232358967,
        "client_2": 0.07832069147997883,
        "client_3": 0.5589750363228106,
        "client_4": 0.0876885303402315,
        "client_5": 0.5972966080081611,
        "client_6": 0.5997442455242966,
        "client_7": 0.005005362888809439,
        "client_8": 0.007160759040458289
    },
    "attacker_2": {
        "attacker_0": 0.26297468354430376,
        "attacker_1": 0.2249230270620645,
        "attacker_2": 0.2625139043381535,
        "client_0": 0.006446991404011462,
        "client_1": 0.006148282097649185,
        "client_2": 0.0827538247566064,
        "client_3": 0.08830715532286212,
        "client_4": 0.08549087749782798,
        "client_5": 0.6056056056056055,
        "client_6": 0.6078455946860509,
        "client_7": 0.008366678792288104,
        "client_8": 0.010467424652589784
    },
    "client_0": {
        "attacker_0": 0.6615447640410199,
        "attacker_1": 0.6585946964598196,
        "attacker_2": 0.6578676237870451,
        "client_0": 0.00018061590021974938,
        "client_1": 0.00024078979051288227,
        "client_2": 0.5739654284242459,
        "client_3": 0.5963110857577487,
        "client_4": 0.5980586621650137,
        "client_5": 0.7377546432619666,
        "client_6": 0.7507364093307763,
        "client_7": 0.6560890087660148,
        "client_8": 0.6563563921230222
    },
    "client_1": {
        "attacker_0": 0.6685589490486271,
        "attacker_1": 0.6590025427491288,
        "attacker_2": 0.6586508053989315,
        "client_0": 0.000561651254688785,
        "client_1": 0.000361130337957808,
        "client_2": 0.5057983073590153,
        "client_3": 0.36720484276575,
        "client_4": 0.44429875907281674,
        "client_5": 0.734374900805617,
        "client_6": 0.7214340687532068,
        "client_7": 0.6562765426772545,
        "client_8": 0.6569690272939813
    },
    "client_2": {
        "attacker_0": 0.07989497374343586,
        "attacker_1": 0.051516692086087106,
        "attacker_2": 0.08940060954961059,
        "client_0": 0.026614735475494967,
        "client_1": 0.03248014121800529,
        "client_2": 0.2247291079115333,
        "client_3": 0.23271000296823982,
        "client_4": 0.2380520266182698,
        "client_5": 0.06824489795918366,
        "client_6": 0.07892555131818936,
        "client_7": 0.028174525533163765,
        "client_8": 0.04775811716199965
    },
    "client_3": {
        "attacker_0": 0.07151007987828072,
        "attacker_1": 0.04947229551451187,
        "attacker_2": 0.08277876968024671,
        "client_0": 0.02310960067969414,
        "client_1": 0.03658757471472559,
        "client_2": 0.22283440465258644,
        "client_3": 0.2299769408147579,
        "client_4": 0.23507287259050305,
        "client_5": 0.06729475100942126,
        "client_6": 0.07942000329543582,
        "client_7": 0.03028467595396729,
        "client_8": 0.04381625441696113
    },
    "client_4": {
        "attacker_0": 0.07043631383290941,
        "attacker_1": 0.04780471266316325,
        "attacker_2": 0.08128379556950986,
        "client_0": 0.019892110586648686,
        "client_1": 0.031487312465271346,
        "client_2": 0.22000933561537267,
        "client_3": 0.2274631497284717,
        "client_4": 0.23118622448979592,
        "client_5": 0.058520365752285954,
        "client_6": 0.07181208053691274,
        "client_7": 0.02764789591380362,
        "client_8": 0.04203027604630454
    },
    "client_5": {
        "attacker_0": 0.1879472225669024,
        "attacker_1": 0.2329321589457406,
        "attacker_2": 0.2719657018109128,
        "client_0": 0.16137028893152758,
        "client_1": 0.06455798864557989,
        "client_2": 0.2865711342625794,
        "client_3": 0.2779299408966412,
        "client_4": 0.2803554834234258,
        "client_5": 0.04225940174763652,
        "client_6": 0.04236795420325288,
        "client_7": 0.3304350036864719,
        "client_8": 0.2587065995229261
    },
    "client_6": {
        "attacker_0": 0.1881640924526235,
        "attacker_1": 0.2344766883601835,
        "attacker_2": 0.2767829255596044,
        "client_0": 0.16181094693491388,
        "client_1": 0.07338352007469655,
        "client_2": 0.29510013660850065,
        "client_3": 0.29779733415675974,
        "client_4": 0.30337309221495445,
        "client_5": 0.042230531813865144,
        "client_6": 0.042116502550717756,
        "client_7": 0.3372361809045226,
        "client_8": 0.29764690754789763
    },
    "client_7": {
        "attacker_0": 0.22168195380705052,
        "attacker_1": 0.22671353251318102,
        "attacker_2": 0.22504935292827374,
        "client_0": 0.004219409282700422,
        "client_1": 0.0037383177570093464,
        "client_2": 0.08760833918950574,
        "client_3": 0.1062543594512904,
        "client_4": 0.09029239766081872,
        "client_5": 0.6043240427194583,
        "client_6": 0.6058981233243967,
        "client_7": 0.2669241497693381,
        "client_8": 0.26746936142765
    },
    "client_8": {
        "attacker_0": 0.22513638271086867,
        "attacker_1": 0.23127822707698772,
        "attacker_2": 0.23038081211866193,
        "client_0": 0.004808270224786633,
        "client_1": 0.00506268081002893,
        "client_2": 0.09127210496292071,
        "client_3": 0.10607086436470321,
        "client_4": 0.094791070406411,
        "client_5": 0.6081615481699622,
        "client_6": 0.6108316566063045,
        "client_7": 0.2730263157894737,
        "client_8": 0.2742454102271548
    }
}