{
    "attacker_0": {
        "attacker_0": 0.2618348024812276,
        "attacker_1": 0.259634225996081,
        "attacker_2": 0.2567368936795688,
        "client_0": 0.004439511653718091,
        "client_1": 0.005981308411214953,
        "client_2": 0.22615436467812608,
        "client_3": 0.22665549036043586,
        "client_4": 0.2209106239460371,
        "client_5": 0.6041448058761805,
        "client_6": 0.6011545526108631,
        "client_7": 0.009307520476545048,
        "client_8": 0.01061493411420205
    },
    "attacker_1": {
        "attacker_0": 0.2719922380336352,
        "attacker_1": 0.2730210016155089,
        "attacker_2": 0.26919980679439703,
        "client_0": 0.0014942099364960775,
        "client_1": 0.003346346904629114,
        "client_2": 0.22716932076698082,
        "client_3": 0.22971652003910067,
        "client_4": 0.2261437908496732,
        "client_5": 0.5956743002544529,
        "client_6": 0.593558282208589,
        "client_7": 0.007224128589488892,
        "client_8": 0.005722460658082975
    },
    "attacker_2": {
        "attacker_0": 0.26119873817034706,
        "attacker_1": 0.2631328360577686,
        "attacker_2": 0.2568105783017364,
        "client_0": 0.004682153790743742,
        "client_1": 0.00576992426974396,
        "client_2": 0.2209604153147307,
        "client_3": 0.22164781906300488,
        "client_4": 0.21694915254237288,
        "client_5": 0.607192081192833,
        "client_6": 0.6039107545750816,
        "client_7": 0.010276399716513111,
        "client_8": 0.011157099154219903
    },
    "client_0": {
        "attacker_0": 0.7509306260575296,
        "attacker_1": 0.750266487754104,
        "attacker_2": 0.7511935342397092,
        "client_0": 0.00018059596669007724,
        "client_1": 0.00028089887640449435,
        "client_2": 0.2291699984007676,
        "client_3": 0.22951402151416364,
        "client_4": 0.23030206169090617,
        "client_5": 0.7596326164874553,
        "client_6": 0.7593220760952778,
        "client_7": 0.7601547629414912,
        "client_8": 0.7604246347879625
    },
    "client_1": {
        "attacker_0": 0.7547721367179692,
        "attacker_1": 0.7536092336357442,
        "attacker_2": 0.7545731707317074,
        "client_0": 0.0003611122256550174,
        "client_1": 0.00018059415476919064,
        "client_2": 0.23578559796077322,
        "client_3": 0.23572522327158146,
        "client_4": 0.23547116363475415,
        "client_5": 0.7612052520055429,
        "client_6": 0.7557452970327928,
        "client_7": 0.7637851916160238,
        "client_8": 0.7641194777498109
    },
    "client_2": {
        "attacker_0": 0.04906348417039615,
        "attacker_1": 0.04813638642821326,
        "attacker_2": 0.04839244282399735,
        "client_0": 0.009237875288683603,
        "client_1": 0.0074857607811228645,
        "client_2": 0.2367601246105919,
        "client_3": 0.25555719122626236,
        "client_4": 0.24154302670623146,
        "client_5": 0.052613941018766756,
        "client_6": 0.030577956989247316,
        "client_7": 0.03446561723280862,
        "client_8": 0.07103290974258716
    },
    "client_3": {
        "attacker_0": 0.05461901550910317,
        "attacker_1": 0.05374345107317898,
        "attacker_2": 0.05355648535564854,
        "client_0": 0.009963923724445971,
        "client_1": 0.005107252298263535,
        "client_2": 0.23593964334705075,
        "client_3": 0.2500755972180224,
        "client_4": 0.24435070804459177,
        "client_5": 0.052138354063724655,
        "client_6": 0.03528413910093299,
        "client_7": 0.034623217922606926,
        "client_8": 0.06922167820361302
    },
    "client_4": {
        "attacker_0": 0.04778496764559482,
        "attacker_1": 0.04666212534059946,
        "attacker_2": 0.047936085219707054,
        "client_0": 0.005896635449184877,
        "client_1": 0.0064080944350758855,
        "client_2": 0.23235747303543913,
        "client_3": 0.2522440286018561,
        "client_4": 0.23919753086419754,
        "client_5": 0.045644599303135885,
        "client_6": 0.027763496143958868,
        "client_7": 0.03442933379239112,
        "client_8": 0.06872739230516278
    },
    "client_5": {
        "attacker_0": 0.2265286568332411,
        "attacker_1": 0.22571312694335544,
        "attacker_2": 0.22885719677567196,
        "client_0": 0.16532692119500633,
        "client_1": 0.1073901003807546,
        "client_2": 0.26694652357002363,
        "client_3": 0.26004903584918165,
        "client_4": 0.268393700371963,
        "client_5": 0.03218893767514349,
        "client_6": 0.032651349489261,
        "client_7": 0.3036157024793389,
        "client_8": 0.256653841050816
    },
    "client_6": {
        "attacker_0": 0.22966391951193407,
        "attacker_1": 0.23185734321779203,
        "attacker_2": 0.23309705925540292,
        "client_0": 0.16619229434224225,
        "client_1": 0.11588209289391499,
        "client_2": 0.2721547105710179,
        "client_3": 0.26365605513619955,
        "client_4": 0.27614594052441677,
        "client_5": 0.03320554320748244,
        "client_6": 0.033642743269216444,
        "client_7": 0.32380952380952377,
        "client_8": 0.28920428106095863
    },
    "client_7": {
        "attacker_0": 0.25362396649844304,
        "attacker_1": 0.28320479862896314,
        "attacker_2": 0.25891019391181885,
        "client_0": 0.003711952487008166,
        "client_1": 0.005434111399283684,
        "client_2": 0.22352685366383995,
        "client_3": 0.2367004092181779,
        "client_4": 0.22253643680661303,
        "client_5": 0.6054521852012116,
        "client_6": 0.6013162452372705,
        "client_7": 0.2632993014508329,
        "client_8": 0.2617427923550372
    },
    "client_8": {
        "attacker_0": 0.260505958603387,
        "attacker_1": 0.2863612969634586,
        "attacker_2": 0.26261575278326915,
        "client_0": 0.0040650406504065045,
        "client_1": 0.006006727534839019,
        "client_2": 0.22499201022690954,
        "client_3": 0.23107230326908745,
        "client_4": 0.22452467421491135,
        "client_5": 0.6073650580124432,
        "client_6": 0.6095173810327371,
        "client_7": 0.26914297572110396,
        "client_8": 0.23060618906316235
    }
}