{
    "attacker_0": {
        "attacker_0": 0.25829538061158097,
        "attacker_1": 0.25948233762005535,
        "attacker_2": 0.25684485006518903,
        "client_0": 0.0036764705882352936,
        "client_1": 0.005861879465103499,
        "client_2": 0.08545454545454546,
        "client_3": 0.2187288708586883,
        "client_4": 0.22375737152485256,
        "client_5": 0.6033534189153785,
        "client_6": 0.6027361220731386,
        "client_7": 0.010572366022602989,
        "client_8": 0.009264406151565685
    },
    "attacker_1": {
        "attacker_0": 0.27123022279625447,
        "attacker_1": 0.2731817448798581,
        "attacker_2": 0.26967015285599355,
        "client_0": 0.0029778522240833795,
        "client_1": 0.003719546215361726,
        "client_2": 0.22736910781275485,
        "client_3": 0.22077710941310355,
        "client_4": 0.22627975220084773,
        "client_5": 0.5968132568514979,
        "client_6": 0.5954510605673397,
        "client_7": 0.006790564689063617,
        "client_8": 0.005090909090909091
    },
    "attacker_2": {
        "attacker_0": 0.258719086873811,
        "attacker_1": 0.261723700887199,
        "attacker_2": 0.25707922367165126,
        "client_0": 0.005377307761247535,
        "client_1": 0.00718261806428443,
        "client_2": 0.08810726101340761,
        "client_3": 0.2117000646412411,
        "client_4": 0.21838152156356003,
        "client_5": 0.6055986003499125,
        "client_6": 0.6049893443650496,
        "client_7": 0.009860891001936961,
        "client_8": 0.010463647844127727
    },
    "client_0": {
        "attacker_0": 0.7506973303998447,
        "attacker_1": 0.75097759061513,
        "attacker_2": 0.7194649499836169,
        "client_0": 0.00020066017196576738,
        "client_1": 0.00028090169443914964,
        "client_2": 0.22973621103117509,
        "client_3": 0.22806799189218022,
        "client_4": 0.23012920126093328,
        "client_5": 0.7568865412319378,
        "client_6": 0.7668600838828609,
        "client_7": 0.7600562377912979,
        "client_8": 0.7615875935084624
    },
    "client_1": {
        "attacker_0": 0.7541309401794867,
        "attacker_1": 0.7545062071636979,
        "attacker_2": 0.7157223385408278,
        "client_0": 0.0003611122256550174,
        "client_1": 0.00020065211938801104,
        "client_2": 0.23530140855045906,
        "client_3": 0.2348638476865176,
        "client_4": 0.23581265267108012,
        "client_5": 0.757057708613896,
        "client_6": 0.7612236147962196,
        "client_7": 0.7637055963484818,
        "client_8": 0.7651788258321874
    },
    "client_2": {
        "attacker_0": 0.06477067236560907,
        "attacker_1": 0.05214775196389771,
        "attacker_2": 0.06748971193415639,
        "client_0": 0.004259501965923985,
        "client_1": 0.008723747980613894,
        "client_2": 0.2291291291291291,
        "client_3": 0.23764145324597977,
        "client_4": 0.23910780669144985,
        "client_5": 0.0384679712326476,
        "client_6": 0.035816860956242605,
        "client_7": 0.05705853418593212,
        "client_8": 0.05625
    },
    "client_3": {
        "attacker_0": 0.06504887091338053,
        "attacker_1": 0.05826558265582656,
        "attacker_2": 0.0630615358535345,
        "client_0": 0.004923509759099701,
        "client_1": 0.009316770186335404,
        "client_2": 0.22803508232035696,
        "client_3": 0.2426715019643397,
        "client_4": 0.23431342831160956,
        "client_5": 0.04450530640191715,
        "client_6": 0.0395070065845011,
        "client_7": 0.04785172704296546,
        "client_8": 0.05775741884086836
    },
    "client_4": {
        "attacker_0": 0.06550802139037433,
        "attacker_1": 0.05604921394395079,
        "attacker_2": 0.07146418480970583,
        "client_0": 0.0032183086000357594,
        "client_1": 0.00822481151473612,
        "client_2": 0.22620519159456118,
        "client_3": 0.23525798525798525,
        "client_4": 0.23153013910355483,
        "client_5": 0.04494761743832376,
        "client_6": 0.03287671232876713,
        "client_7": 0.04897959183673469,
        "client_8": 0.05082161612739285
    },
    "client_5": {
        "attacker_0": 0.2146573388575698,
        "attacker_1": 0.2207113254056397,
        "attacker_2": 0.22791161949982464,
        "client_0": 0.164367848250007,
        "client_1": 0.1924231161036315,
        "client_2": 0.27429232265356013,
        "client_3": 0.29579146870213147,
        "client_4": 0.2710744236870861,
        "client_5": 0.03232619800170768,
        "client_6": 0.0321855614492493,
        "client_7": 0.32374972882610414,
        "client_8": 0.25544401954535795
    },
    "client_6": {
        "attacker_0": 0.2286364549166611,
        "attacker_1": 0.22705902838237857,
        "attacker_2": 0.2332598971893985,
        "client_0": 0.1644619831036016,
        "client_1": 0.20478817359167367,
        "client_2": 0.2793008375383655,
        "client_3": 0.30422694017707286,
        "client_4": 0.27834501775424997,
        "client_5": 0.03306992694200089,
        "client_6": 0.032985878107338315,
        "client_7": 0.333916590087992,
        "client_8": 0.28927809733083437
    },
    "client_7": {
        "attacker_0": 0.2537984164348384,
        "attacker_1": 0.289972322759208,
        "attacker_2": 0.2572416774751405,
        "client_0": 0.002963694739441838,
        "client_1": 0.009422266303000248,
        "client_2": 0.11544677903486492,
        "client_3": 0.22070164005647877,
        "client_4": 0.21562873600695576,
        "client_5": 0.6057509094058549,
        "client_6": 0.5998617829993089,
        "client_7": 0.2634431916738942,
        "client_8": 0.26103854042966645
    },
    "client_8": {
        "attacker_0": 0.2605633802816901,
        "attacker_1": 0.29264316282861214,
        "attacker_2": 0.2634431012922051,
        "client_0": 0.0036407766990291263,
        "client_1": 0.012401621750536607,
        "client_2": 0.11472622151683481,
        "client_3": 0.22450728363324765,
        "client_4": 0.08296842590458631,
        "client_5": 0.6108498488411153,
        "client_6": 0.6093262501054052,
        "client_7": 0.2681495211615693,
        "client_8": 0.266096212042158
    }
}