{
    "attacker_000": {
        "attacker_000": 0.9891318124207857,
        "attacker_001": 0.9891648713724497,
        "client_000": 0.8714156192778795,
        "client_001": 0.8782898801433336,
        "client_002": 0.9189354750884836,
        "client_003": 0.9367321661701201,
        "client_004": 0.947485219349817,
        "client_005": 0.07867633615698702,
        "client_006": 0.0785030779545316,
        "client_007": 0.07879341864716635,
        "client_008": 0.07891048686856376,
        "client_009": 0.0787372783228716,
        "client_010": 0.9891021985680797,
        "client_011": 0.9891185554763602,
        "client_012": 0.9891028890015205,
        "client_013": 0.7241878581479291,
        "client_014": 0.7039860777326594,
        "client_015": 0.7089130165545143,
        "client_016": 0.7064201207909323,
        "client_017": 0.7037198217801264
    },
    "attacker_001": {
        "attacker_000": 0.9888616018379148,
        "attacker_001": 0.988894697653787,
        "client_000": 0.8678491844192887,
        "client_001": 0.8769630270804994,
        "client_002": 0.9167703557244883,
        "client_003": 0.9358388182686028,
        "client_004": 0.9446879150066402,
        "client_005": 0.08178551854332866,
        "client_006": 0.08184890837672422,
        "client_007": 0.08166869671132765,
        "client_008": 0.08201911952749194,
        "client_009": 0.08184890837672422,
        "client_010": 0.9889110667553781,
        "client_011": 0.9889117693648029,
        "client_012": 0.988895753140395,
        "client_013": 0.7234598656402508,
        "client_014": 0.7040945371618119,
        "client_015": 0.7085829992974916,
        "client_016": 0.7057873485868104,
        "client_017": 0.702764403121368
    },
    "client_000": {
        "attacker_000": 0.32176398530012246,
        "attacker_001": 0.3103156582520814,
        "client_000": 0.9760479041916169,
        "client_001": 0.9765858970868501,
        "client_002": 0.9761677788369877,
        "client_003": 0.9765858970868501,
        "client_004": 0.9765858970868501,
        "client_005": 0.052216970515417516,
        "client_006": 0.05482041587901701,
        "client_007": 0.05247943073159884,
        "client_008": 0.05104712041884816,
        "client_009": 0.05420177636073788,
        "client_010": 0.3068661296509398,
        "client_011": 0.30216428511740623,
        "client_012": 0.30995708154506435,
        "client_013": 0.10452830188679245,
        "client_014": 0.10492464846459425,
        "client_015": 0.11248396462088987,
        "client_016": 0.10034153809916382,
        "client_017": 0.10416406152307114
    },
    "client_001": {
        "attacker_000": 0.3307950321820325,
        "attacker_001": 0.31938149826712875,
        "client_000": 0.9782377919320594,
        "client_001": 0.9778543959687044,
        "client_002": 0.9784974780992832,
        "client_003": 0.9781080005307151,
        "client_004": 0.9781080005307151,
        "client_005": 0.05369425338362547,
        "client_006": 0.05293707917343859,
        "client_007": 0.05455345358556974,
        "client_008": 0.053471323846485556,
        "client_009": 0.05601613264620211,
        "client_010": 0.31503173318567107,
        "client_011": 0.30994956441999083,
        "client_012": 0.31842975561568526,
        "client_013": 0.10373181530676788,
        "client_014": 0.10412175015852886,
        "client_015": 0.1118595631761584,
        "client_016": 0.09851926140050733,
        "client_017": 0.10338546573707683
    },
    "client_002": {
        "attacker_000": 0.3248598968841067,
        "attacker_001": 0.314293258229185,
        "client_000": 0.9773973518790959,
        "client_001": 0.9773973518790959,
        "client_002": 0.9771176234443998,
        "client_003": 0.9772727272727273,
        "client_004": 0.9775341000267451,
        "client_005": 0.053849577214063186,
        "client_006": 0.05474367896079796,
        "client_007": 0.05458947831829188,
        "client_008": 0.05467563462790193,
        "client_009": 0.055742863564846035,
        "client_010": 0.3107320780207718,
        "client_011": 0.3056613143519285,
        "client_012": 0.3136303672496702,
        "client_013": 0.10138074522413468,
        "client_014": 0.10151706700379266,
        "client_015": 0.10863830075086248,
        "client_016": 0.09688418577307466,
        "client_017": 0.100802407221665
    },
    "client_003": {
        "attacker_000": 0.3280324290614281,
        "attacker_001": 0.31722689075630256,
        "client_000": 0.9769463838756424,
        "client_001": 0.9772038476742654,
        "client_002": 0.9766583146511935,
        "client_003": 0.9774673870075109,
        "client_004": 0.9770811380400423,
        "client_005": 0.058346128536959856,
        "client_006": 0.05890473999079614,
        "client_007": 0.05938448201127004,
        "client_008": 0.05828155131776302,
        "client_009": 0.0614500442086649,
        "client_010": 0.313847446942635,
        "client_011": 0.3094737709646846,
        "client_012": 0.31636840546600664,
        "client_013": 0.10245490981963928,
        "client_014": 0.10244821092278719,
        "client_015": 0.11056428234342344,
        "client_016": 0.09884369313846333,
        "client_017": 0.1023406374501992
    },
    "client_004": {
        "attacker_000": 0.3259465279023865,
        "attacker_001": 0.3142454409303145,
        "client_000": 0.9776119402985076,
        "client_001": 0.9776238678742675,
        "client_002": 0.9773393761663557,
        "client_003": 0.9778902503995739,
        "client_004": 0.9778902503995739,
        "client_005": 0.05874558303886925,
        "client_006": 0.06018518518518518,
        "client_007": 0.05911977227939567,
        "client_008": 0.058899956691208316,
        "client_009": 0.061160714285714284,
        "client_010": 0.3111561694757741,
        "client_011": 0.30604982206405695,
        "client_012": 0.3143952299829642,
        "client_013": 0.09975346102787787,
        "client_014": 0.09997465788139889,
        "client_015": 0.10783579549322622,
        "client_016": 0.09544033504394503,
        "client_017": 0.09946067979430578
    },
    "client_005": {
        "attacker_000": 0.607801983064341,
        "attacker_001": 0.5961454226894437,
        "client_000": 0.5059206245933637,
        "client_001": 0.5139324897245865,
        "client_002": 0.5154420280530175,
        "client_003": 0.4897585236568287,
        "client_004": 0.5066597698176645,
        "client_005": 0.9779817941336653,
        "client_006": 0.978976947494406,
        "client_007": 0.9786958660143408,
        "client_008": 0.9762527515214294,
        "client_009": 0.9790434692395477,
        "client_010": 0.6792695644456278,
        "client_011": 0.6820451632860489,
        "client_012": 0.6804458584555144,
        "client_013": 0.11124271568673898,
        "client_014": 0.11386957960940088,
        "client_015": 0.11572124710223779,
        "client_016": 0.33540372670807456,
        "client_017": 0.11402098893826228
    },
    "client_006": {
        "attacker_000": 0.6067854645414869,
        "attacker_001": 0.5953492897450866,
        "client_000": 0.5000163682194652,
        "client_001": 0.5077463871891681,
        "client_002": 0.5088967971530249,
        "client_003": 0.4852868650337005,
        "client_004": 0.5011872621409753,
        "client_005": 0.9774350185661239,
        "client_006": 0.9787267282905872,
        "client_007": 0.9774439984461997,
        "client_008": 0.9753531164960476,
        "client_009": 0.978249584717608,
        "client_010": 0.6793214325313228,
        "client_011": 0.6815175312465436,
        "client_012": 0.6800773522416591,
        "client_013": 0.11051405202339626,
        "client_014": 0.11313591495823842,
        "client_015": 0.11667615253272624,
        "client_016": 0.3371605139047,
        "client_017": 0.11320933763522491
    },
    "client_007": {
        "attacker_000": 0.6070490736948613,