{
    "attacker_000": {
        "attacker_000": 0.9891157971450751,
        "attacker_001": 0.9891004721016445,
        "client_000": 0.9723706945274275,
        "client_001": 0.9441589017475214,
        "client_002": 0.9721182393184459,
        "client_003": 0.9731525226953901,
        "client_004": 0.973955900591106,
        "client_005": 0.07810261256592387,
        "client_006": 0.07797829532983783,
        "client_007": 0.0779220779220779,
        "client_008": 0.07803926350445069,
        "client_009": 0.07803926350445069,
        "client_010": 0.9891178660246154,
        "client_011": 0.9891335339775067,
        "client_012": 0.9891178660246154,
        "client_013": 0.8203774580968721,
        "client_014": 0.7843015348746842,
        "client_015": 0.7418076482066344,
        "client_016": 0.7076255424674519,
        "client_017": 0.765484717535863
    },
    "attacker_001": {
        "attacker_000": 0.988845934469865,
        "attacker_001": 0.988845934469865,
        "client_000": 0.971454419153164,
        "client_001": 0.9422566077832382,
        "client_002": 0.9714636193427594,
        "client_003": 0.9723033245689029,
        "client_004": 0.9732037833744219,
        "client_005": 0.08109425455431671,
        "client_006": 0.08109178420202881,
        "client_007": 0.08097980074947447,
        "client_008": 0.08115270965973131,
        "client_009": 0.08103579588728105,
        "client_010": 0.9888954013338191,
        "client_011": 0.9889270834983447,
        "client_012": 0.9888793840889649,
        "client_013": 0.8196628471107924,
        "client_014": 0.7845645412130637,
        "client_015": 0.7399193548387096,
        "client_016": 0.7064204992341765,
        "client_017": 0.7642883972876262
    },
    "client_000": {
        "attacker_000": 0.15755725190839695,
        "attacker_001": 0.13955992194334163,
        "client_000": 0.975769126054996,
        "client_001": 0.9756296800544588,
        "client_002": 0.9748196542806588,
        "client_003": 0.976326530612245,
        "client_004": 0.9759216433138348,
        "client_005": 0.15368894338851422,
        "client_006": 0.14610389610389612,
        "client_007": 0.14109061423069125,
        "client_008": 0.14163614163614163,
        "client_009": 0.08666959964804224,
        "client_010": 0.13040430007010984,
        "client_011": 0.12716390423572743,
        "client_012": 0.1308836064021214,
        "client_013": 0.10387977111236872,
        "client_014": 0.10368332186855107,
        "client_015": 0.10430066843233697,
        "client_016": 0.10427858181128737,
        "client_017": 0.10103579865527892
    },
    "client_001": {
        "attacker_000": 0.16467362327671567,
        "attacker_001": 0.14557174511515478,
        "client_000": 0.9773239623392123,
        "client_001": 0.9774416135881104,
        "client_002": 0.9766640148501724,
        "client_003": 0.9773179466772782,
        "client_004": 0.976682564917859,
        "client_005": 0.15735323784547106,
        "client_006": 0.1505891751547833,
        "client_007": 0.14630257125772372,
        "client_008": 0.14645858343337334,
        "client_009": 0.08342385400825549,
        "client_010": 0.13556461819715934,
        "client_011": 0.13135125184094257,
        "client_012": 0.13564638783269964,
        "client_013": 0.10297829379101464,
        "client_014": 0.1023261646498213,
        "client_015": 0.1031019015730621,
        "client_016": 0.10348763474952441,
        "client_017": 0.09936305732484076
    },
    "client_002": {
        "attacker_000": 0.15800540702913787,
        "attacker_001": 0.14060638157023697,
        "client_000": 0.9766011498863484,
        "client_001": 0.9764516992239766,
        "client_002": 0.9757989035967375,
        "client_003": 0.9770053475935828,
        "client_004": 0.976483164083378,
        "client_005": 0.16673362796303737,
        "client_006": 0.16148325358851676,
        "client_007": 0.15350789526284228,
        "client_008": 0.15341478069297018,
        "client_009": 0.08618063112078346,
        "client_010": 0.13065700213734785,
        "client_011": 0.12804682855444277,
        "client_012": 0.13177710843373494,
        "client_013": 0.10069859651331108,
        "client_014": 0.10070052539404552,
        "client_015": 0.10099097393170485,
        "client_016": 0.10095394529028998,
        "client_017": 0.09806060606060606
    },
    "client_003": {
        "attacker_000": 0.16567253206084104,
        "attacker_001": 0.14858880296120033,
        "client_000": 0.97615597417995,
        "client_001": 0.9761371127224786,
        "client_002": 0.9753460777851021,
        "client_003": 0.9766767690077744,
        "client_004": 0.9762970766394522,
        "client_005": 0.1665672828463526,
        "client_006": 0.1574367088607595,
        "client_007": 0.14968404423380727,
        "client_008": 0.1492063492063492,
        "client_009": 0.08706841089427408,
        "client_010": 0.13764434180138568,
        "client_011": 0.13451649601820248,
        "client_012": 0.1378697948310511,
        "client_013": 0.10186226721659793,
        "client_014": 0.101652789859575,
        "client_015": 0.10240020053894842,
        "client_016": 0.1020907892258429,
        "client_017": 0.09898125263728975
    },
    "client_004": {
        "attacker_000": 0.16332055041732463,
        "attacker_001": 0.145618215514959,
        "client_000": 0.9767008387698043,
        "client_001": 0.9764220061276142,
        "client_002": 0.975895591956319,
        "client_003": 0.9772333910264945,
        "client_004": 0.9767070411287102,
        "client_005": 0.16850551654964896,
        "client_006": 0.1611487834064619,
        "client_007": 0.15200478755236388,
        "client_008": 0.15208667736757622,
        "client_009": 0.090595340811044,
        "client_010": 0.13428346675304245,
        "client_011": 0.13100873998543336,
        "client_012": 0.135236664162284,
        "client_013": 0.09946916076845298,
        "client_014": 0.09915174363807729,
        "client_015": 0.09994932860400303,
        "client_016": 0.09981586132452853,
        "client_017": 0.09690181995252298
    },
    "client_005": {
        "attacker_000": 0.6533684090129247,
        "attacker_001": 0.657054105429088,
        "client_000": 0.5153618717058748,
        "client_001": 0.5164449312244306,
        "client_002": 0.5194696799460691,
        "client_003": 0.5197281540889619,
        "client_004": 0.5166976475866931,
        "client_005": 0.9695863434198009,
        "client_006": 0.9678907311072957,
        "client_007": 0.9680621271343346,
        "client_008": 0.9684469755271664,
        "client_009": 0.9680362942723101,
        "client_010": 0.6871219619487517,
        "client_011": 0.6825473991249392,
        "client_012": 0.6806841848717153,
        "client_013": 0.10304740946275655,
        "client_014": 0.10316473850272494,
        "client_015": 0.02575364344180475,
        "client_016": 0.10482060102240695,
        "client_017": 0.10341696535244922
    },
    "client_006": {
        "attacker_000": 0.6522486196705537,
        "attacker_001": 0.655984045636899,
        "client_000": 0.5086357461672811,
        "client_001": 0.5099400032430679,
        "client_002": 0.5143041653212787,
        "client_003": 0.513594970347085,
        "client_004": 0.5101553936424011,
        "client_005": 0.9685489267514285,
        "client_006": 0.966801785622659,
        "client_007": 0.9668580846187522,
        "client_008": 0.967794956084031,
        "client_009": 0.9670159500335519,
        "client_010": 0.6876787049663484,
        "client_011": 0.681918753872024,
        "client_012": 0.680620842572062,
        "client_013": 0.10192122958693564,
        "client_014": 0.10296516649073985,
        "client_015": 0.02682011508631473,
        "client_016": 0.10540941976905753,
        "client_017": 0.10348134650426775
    },
    "client_007": {
        "attacker_000": 0.654242410366775,
        "attacker_001": 0.6555728092335504,