{
    "client_000": {
        "client_000": 0.9758698840154646,
        "client_001": 0.9751801441152923,
        "client_002": 0.9758441211797678,
        "client_003": 0.9757333333333332,
        "client_004": 0.9753431960549114,
        "client_005": 0.08688021061869242,
        "client_006": 0.08932893289328933,
        "client_007": 0.11265849095822074,
        "client_008": 0.09703843730308757,
        "client_009": 0.08848433530906012,
        "client_010": 0.13152030560734915,
        "client_011": 0.16389347370299326,
        "client_012": 0.13168535195736078,
        "client_013": 0.1315370260798325,
        "client_014": 0.1644452290581693,
        "client_015": 0.08493606403992099,
        "client_016": 0.0913497177396362,
        "client_017": 0.09484412470023981,
        "client_018": 0.09356313753077736,
        "client_019": 0.0951636188642926
    },
    "client_001": {
        "client_000": 0.9746111923434799,
        "client_001": 0.9743248636424106,
        "client_002": 0.9747071352502662,
        "client_003": 0.9748703629836458,
        "client_004": 0.9742226946585172,
        "client_005": 0.07181957521348807,
        "client_006": 0.07472916206057927,
        "client_007": 0.09503959983326386,
        "client_008": 0.0832807570977918,
        "client_009": 0.07597623089983022,
        "client_010": 0.1276537833424061,
        "client_011": 0.166075545309452,
        "client_012": 0.1273692885266917,
        "client_013": 0.1278526382650515,
        "client_014": 0.166973765025884,
        "client_015": 0.09132846109988078,
        "client_016": 0.0977268862309393,
        "client_017": 0.10166865315852205,
        "client_018": 0.09973202842828847,
        "client_019": 0.10203959566959746
    },
    "client_002": {
        "client_000": 0.9749768303985171,
        "client_001": 0.9745627980922098,
        "client_002": 0.974956936531072,
        "client_003": 0.9758812615955473,
        "client_004": 0.9745897300158813,
        "client_005": 0.07875378623972307,
        "client_006": 0.08347826086956522,
        "client_007": 0.10074318744838975,
        "client_008": 0.08928571428571429,
        "client_009": 0.08564863171088365,
        "client_010": 0.13251977401129944,
        "client_011": 0.16760320339807974,
        "client_012": 0.13261435817758077,
        "client_013": 0.1323270212862114,
        "client_014": 0.16843396722460782,
        "client_015": 0.08942793191400761,
        "client_016": 0.09602460416903975,
        "client_017": 0.10005398596364944,
        "client_018": 0.09768969156796059,
        "client_019": 0.1002346429216052
    },
    "client_003": {
        "client_000": 0.975374732334047,
        "client_001": 0.9749497655726724,
        "client_002": 0.9757470186252176,
        "client_003": 0.9758971612212105,
        "client_004": 0.9747224822789889,
        "client_005": 0.06263784737538597,
        "client_006": 0.06504424778761062,
        "client_007": 0.08413967185527978,
        "client_008": 0.07402707275803723,
        "client_009": 0.0651940810636929,
        "client_010": 0.12738333030688215,
        "client_011": 0.15711422845691383,
        "client_012": 0.12704523580365737,
        "client_013": 0.12738333030688215,
        "client_014": 0.15780884752789662,
        "client_015": 0.08007080383173677,
        "client_016": 0.08694162001599452,
        "client_017": 0.09009550123130519,
        "client_018": 0.08841141246917927,
        "client_019": 0.09041591320072333
    },
    "client_004": {
        "client_000": 0.976030164287638,
        "client_001": 0.9757543103448275,
        "client_002": 0.9764309764309764,
        "client_003": 0.9762931034482758,
        "client_004": 0.9753734356075898,
        "client_005": 0.07991120976692564,
        "client_006": 0.08463251670378619,
        "client_007": 0.1085173501577287,
        "client_008": 0.09663064208518754,
        "client_009": 0.08777563690858489,
        "client_010": 0.1305870049561224,
        "client_011": 0.16329621380846324,
        "client_012": 0.1293637322812973,
        "client_013": 0.130648240749159,
        "client_014": 0.16349374228803104,
        "client_015": 0.08414273100296056,
        "client_016": 0.09102244389027431,
        "client_017": 0.09400382226469182,
        "client_018": 0.09244040333391619,
        "client_019": 0.09416556846771296
    },
    "client_005": {
        "client_000": 0.5599809914164364,
        "client_001": 0.5305018835824522,
        "client_002": 0.5546544218498419,
        "client_003": 0.531972253354739,
        "client_004": 0.5341712490180675,
        "client_005": 0.9736152876127655,
        "client_006": 0.9729415469586493,
        "client_007": 0.9684806875195046,
        "client_008": 0.9693151212004616,
        "client_009": 0.969159395206846,
        "client_010": 0.6995011946179318,
        "client_011": 0.7004200012537349,
        "client_012": 0.6984353071783164,
        "client_013": 0.6992492209883514,
        "client_014": 0.6987246498013799,
        "client_015": 0.020811752519069592,
        "client_016": 0.023201202329513435,
        "client_017": 0.019787985865724382,
        "client_018": 0.019422968131246464,
        "client_019": 0.018587535972071516
    },
    "client_006": {
        "client_000": 0.5649049126024074,
        "client_001": 0.5362077827835394,
        "client_002": 0.5599833709466683,
        "client_003": 0.5381971661139584,
        "client_004": 0.5400072193478522,
        "client_005": 0.9726113723399099,
        "client_006": 0.9717065614638042,
        "client_007": 0.9668048798025071,
        "client_008": 0.9677078581546661,
        "client_009": 0.968330572162597,
        "client_010": 0.7019375313178554,
        "client_011": 0.7025,
        "client_012": 0.7012038640489056,
        "client_013": 0.701717811874583,
        "client_014": 0.701415084509097,
        "client_015": 0.021321760460399075,
        "client_016": 0.022792559453732045,
        "client_017": 0.020856927142317856,
        "client_018": 0.02012566731232579,
        "client_019": 0.019579096713170964
    },
    "client_007": {
        "client_000": 0.5620431475836762,
        "client_001": 0.5341674978088071,
        "client_002": 0.5577916295636687,
        "client_003": 0.53591776444699,
        "client_004": 0.5389379998797281,
        "client_005": 0.9731115194893122,
        "client_006": 0.972073247330531,
        "client_007": 0.9685122266354022,
        "client_008": 0.9698844290989306,
        "client_009": 0.969647566530808,
        "client_010": 0.7025074639330229,
        "client_011": 0.7031497375218732,
        "client_012": 0.7017155737362776,
        "client_013": 0.7023950972421988,
        "client_014": 0.7019050398099128,
        "client_015": 0.02265250493467431,
        "client_016": 0.024201491487266077,
        "client_017": 0.02247191011235955,
        "client_018": 0.02229434175250458,
        "client_019": 0.021654191969119243
    },
    "client_008": {
        "client_000": 0.5584914653400459,
        "client_001": 0.5311549227211877,
        "client_002": 0.5535057557183436,
        "client_003": 0.5335395439107229,
        "client_004": 0.5358061295495115,
        "client_005": 0.9730188770806038,
        "client_006": 0.9719286337632115,
        "client_007": 0.9680904703594323,
        "client_008": 0.9688920967159871,
        "client_009": 0.9688980828903376,
        "client_010": 0.7007308441354471,
        "client_011": 0.7017441253263708,
        "client_012": 0.7000628009210802,
        "client_013": 0.7007107023411372,
        "client_014": 0.7001985163514785,
        "client_015": 0.022156224956394664,
        "client_016": 0.02351834430856068,
        "client_017": 0.021696066408829356,
        "client_018": 0.021607850537837328,
        "client_019": 0.021622131998866964
    },
    "client_009": {
        "client_000": 0.5592857142857143,
        "client_001": 0.5313421941056601,