{
    "attacker_000": {
        "attacker_000": 0.9848753416714985,
        "client_000": 0.9645404023016771,
        "client_001": 0.9645959678741189,
        "client_002": 0.9627588921139371,
        "client_003": 0.9327559081758665,
        "client_004": 0.9643594195302518,
        "client_005": 0.06337166625886959,
        "client_006": 0.06337166625886959,
        "client_007": 0.06331243309374522,
        "client_008": 0.06337166625886959,
        "client_009": 0.07899766404756847,
        "client_010": 0.9747963953544407,
        "client_011": 0.9747799267493414,
        "client_012": 0.9747955856130825,
        "client_013": 0.9747963953544407,
        "client_014": 0.7316660825103601,
        "client_015": 0.7579377109480789,
        "client_016": 0.7875907226254338,
        "client_017": 0.7519405047344251,
        "client_018": 0.768370863049924
    },
    "client_000": {
        "attacker_000": 0.16373619594052685,
        "client_000": 0.976718856364874,
        "client_001": 0.976725193956717,
        "client_002": 0.9765731408335604,
        "client_003": 0.9765858970868501,
        "client_004": 0.9761872363586883,
        "client_005": 0.04231082180634663,
        "client_006": 0.047777441790142115,
        "client_007": 0.03698592326800994,
        "client_008": 0.043080939947780686,
        "client_009": 0.04748177039172461,
        "client_010": 0.3030022706248423,
        "client_011": 0.3081136597055803,
        "client_012": 0.30296681193429437,
        "client_013": 0.3087656223249443,
        "client_014": 0.10061215831262502,
        "client_015": 0.10159740498194504,
        "client_016": 0.10120246597082343,
        "client_017": 0.10077613388309484,
        "client_018": 0.09903096194753012
    },
    "client_001": {
        "attacker_000": 0.1671185605126941,
        "client_000": 0.9778543959687044,
        "client_001": 0.9781080005307151,
        "client_002": 0.9783561280042491,
        "client_003": 0.9783676177836762,
        "client_004": 0.9775891791539584,
        "client_005": 0.04136134180100961,
        "client_006": 0.04833656571684321,
        "client_007": 0.035748396779915405,
        "client_008": 0.04546930821695356,
        "client_009": 0.04785172704296546,
        "client_010": 0.31067961165048547,
        "client_011": 0.3162715056064367,
        "client_012": 0.31072264971562397,
        "client_013": 0.31667664926841793,
        "client_014": 0.09904114577011773,
        "client_015": 0.10020236708162138,
        "client_016": 0.10005504250504557,
        "client_017": 0.09967708523731188,
        "client_018": 0.09709656436638874
    },
    "client_002": {
        "attacker_000": 0.1582344624085572,
        "client_000": 0.9769868878779769,
        "client_001": 0.9772544822049772,
        "client_002": 0.9769622287704259,
        "client_003": 0.9769930444087748,
        "client_004": 0.9767317464562716,
        "client_005": 0.044676341105494864,
        "client_006": 0.04607739798223158,
        "client_007": 0.037501723424789746,
        "client_008": 0.046003262642740614,
        "client_009": 0.0494579945799458,
        "client_010": 0.3070124239139498,
        "client_011": 0.3119616412780583,
        "client_012": 0.306491133352714,
        "client_013": 0.31199118046132973,
        "client_014": 0.09784190106692532,
        "client_015": 0.09884255006430277,
        "client_016": 0.09841870688076196,
        "client_017": 0.09798445847498785,
        "client_018": 0.09606261859582542
    },
    "client_003": {
        "attacker_000": 0.1637774275669778,
        "client_000": 0.9769463838756424,
        "client_001": 0.9772038476742654,
        "client_002": 0.9766521567075584,
        "client_003": 0.9772038476742654,
        "client_004": 0.9772158567101278,
        "client_005": 0.04461687681862269,
        "client_006": 0.047447447447447444,
        "client_007": 0.0362189600768281,
        "client_008": 0.04772653982586262,
        "client_009": 0.05047106325706594,
        "client_010": 0.3104049120477929,
        "client_011": 0.31467588299755545,
        "client_012": 0.3098021397001115,
        "client_013": 0.31503962232338556,
        "client_014": 0.09839019702066314,
        "client_015": 0.09962337504555947,
        "client_016": 0.09946627850557982,
        "client_017": 0.09920850703884962,
        "client_018": 0.0973310552053261
    },
    "client_004": {
        "attacker_000": 0.1593962819804896,
        "client_000": 0.9777481678880746,
        "client_001": 0.9781508126831867,
        "client_002": 0.9778607628700987,
        "client_003": 0.9776119402985076,
        "client_004": 0.9776179056754596,
        "client_005": 0.04775828460038987,
        "client_006": 0.050291872474180516,
        "client_007": 0.04058286803758682,
        "client_008": 0.049869621903520206,
        "client_009": 0.05167173252279635,
        "client_010": 0.30704425074029273,
        "client_011": 0.3122452445652174,
        "client_012": 0.306937689653739,
        "client_013": 0.31302280157955076,
        "client_014": 0.09593111394093747,
        "client_015": 0.09696820915674481,
        "client_016": 0.09674464056678678,
        "client_017": 0.09635036496350365,
        "client_018": 0.09403126480341069
    },
    "client_005": {
        "attacker_000": 0.38291553229855385,
        "client_000": 0.5096250283089068,
        "client_001": 0.5100032372936225,
        "client_002": 0.5112952294646903,
        "client_003": 0.5083019846932157,
        "client_004": 0.513641793936263,
        "client_005": 0.9786130913804277,
        "client_006": 0.9791261506547388,
        "client_007": 0.976814072174296,
        "client_008": 0.9773244978256368,
        "client_009": 0.9784466069538731,
        "client_010": 0.6848891636492096,
        "client_011": 0.6839234048192239,
        "client_012": 0.6856953788463659,
        "client_013": 0.6851487773089752,
        "client_014": 0.10180498519721136,
        "client_015": 0.11692482055156779,
        "client_016": 0.1024369307072345,
        "client_017": 0.10720904813952384,
        "client_018": 0.10448684398344199
    },
    "client_006": {
        "attacker_000": 0.37818259294769363,
        "client_000": 0.5024104234527687,
        "client_001": 0.5026242868785656,
        "client_002": 0.5046266127981234,
        "client_003": 0.5010941633732894,
        "client_004": 0.5073928443765638,
        "client_005": 0.9775447158692662,
        "client_006": 0.978174551682973,
        "client_007": 0.9753204713194356,
        "client_008": 0.9761886254696204,
        "client_009": 0.9767249618971351,
        "client_010": 0.6853119067590834,
        "client_011": 0.6841524263699386,
        "client_012": 0.6865783499019109,
        "client_013": 0.6859124442284756,
        "client_014": 0.10166890466142336,
        "client_015": 0.11871151113216487,
        "client_016": 0.10161861890623503,
        "client_017": 0.10843028800305171,
        "client_018": 0.10516763778775433
    },
    "client_007": {
        "attacker_000": 0.37780460096563473,
        "client_000": 0.512240932642487,
        "client_001": 0.5128288194894389,
        "client_002": 0.5139266744396943,
        "client_003": 0.5111493394787238,
        "client_004": 0.5163020648204996,
        "client_005": 0.9768944484647989,
        "client_006": 0.9777180375329576,
        "client_007": 0.9747469531088618,
        "client_008": 0.975612273865132,
        "client_009": 0.9765562675313313,
        "client_010": 0.6856814870413704,
        "client_011": 0.6844638756403463,
        "client_012": 0.6867475192943769,
        "client_013": 0.6861458954482211,
        "client_014": 0.0985814586616994,
        "client_015": 0.11533198055778396,
        "client_016": 0.09889270714012983,
        "client_017": 0.10330735601596655,
        "client_018": 0.10096588475995623
    },
    "client_008": {
        "attacker_000": 0.37841875022228544,
        "client_000": 0.5079715556710068,