{
    "attacker_000": {
        "attacker_000": 0.9862135406285296,
        "client_000": 0.9645037230995828,
        "client_001": 0.9646889419772884,
        "client_002": 0.9638660687984814,
        "client_003": 0.9644450983276937,
        "client_004": 0.9646450599610621,
        "client_005": 0.07881235010170315,
        "client_006": 0.07892899426246926,
        "client_007": 0.07881235010170315,
        "client_008": 0.07886827965149813,
        "client_009": 0.07874685042955587,
        "client_010": 0.9748104356766483,
        "client_011": 0.9748104356766483,
        "client_012": 0.9748260960367569,
        "client_013": 0.9748417569000418,
        "client_014": 0.8440518699492576,
        "client_015": 0.8277480916030535,
        "client_016": 0.8793367346938776,
        "client_017": 0.8193317697720021,
        "client_018": 0.913133310964734
    },
    "client_000": {
        "attacker_000": 0.16335391086086426,
        "client_000": 0.9756429446183155,
        "client_001": 0.9752313554708764,
        "client_002": 0.9745612841790233,
        "client_003": 0.9747145187601958,
        "client_004": 0.9752448313384112,
        "client_005": 0.04523495827843654,
        "client_006": 0.0578345662407532,
        "client_007": 0.045145737453429764,
        "client_008": 0.0471441523118767,
        "client_009": 0.04636647347302719,
        "client_010": 0.16225077536552945,
        "client_011": 0.1665607120152575,
        "client_012": 0.16197121674662016,
        "client_013": 0.16813752528038242,
        "client_014": 0.10169491525423731,
        "client_015": 0.10282808236169687,
        "client_016": 0.1006503373245001,
        "client_017": 0.10283001186980695,
        "client_018": 0.09703222814746117
    },
    "client_001": {
        "attacker_000": 0.16324038265825364,
        "client_000": 0.9770709078860172,
        "client_001": 0.977459559798462,
        "client_002": 0.9767996818242078,
        "client_003": 0.9769414259210176,
        "client_004": 0.9773299748110831,
        "client_005": 0.04191875540190147,
        "client_006": 0.05550699300699301,
        "client_007": 0.041192877065007516,
        "client_008": 0.04684047724259832,
        "client_009": 0.041793643883326084,
        "client_010": 0.16545293072824158,
        "client_011": 0.17080844466736583,
        "client_012": 0.16519535005681324,
        "client_013": 0.17221965851407478,
        "client_014": 0.10001838573267145,
        "client_015": 0.1012783914608415,
        "client_016": 0.09946563031333495,
        "client_017": 0.1019435736677116,
        "client_018": 0.09516101057986934
    },
    "client_002": {
        "attacker_000": 0.1545405551064403,
        "client_000": 0.9759422614274259,
        "client_001": 0.9761904761904762,
        "client_002": 0.9755314881668672,
        "client_003": 0.9760663190266079,
        "client_004": 0.9765948909990638,
        "client_005": 0.04759844223279965,
        "client_006": 0.05817540766857646,
        "client_007": 0.047577854671280284,
        "client_008": 0.05205784204671857,
        "client_009": 0.04814004376367616,
        "client_010": 0.16257939308398026,
        "client_011": 0.1668022047528689,
        "client_012": 0.1612917265091178,
        "client_013": 0.16817475550680927,
        "client_014": 0.09898071963649761,
        "client_015": 0.09980734572121061,
        "client_016": 0.09758471740585264,
        "client_017": 0.1003256513026052,
        "client_018": 0.09443507588532883
    },
    "client_003": {
        "attacker_000": 0.16177753910183257,
        "client_000": 0.9756290343828219,
        "client_001": 0.9754876120189773,
        "client_002": 0.9749604638903532,
        "client_003": 0.9749802475638661,
        "client_004": 0.9756290343828219,
        "client_005": 0.04833190761334474,
        "client_006": 0.06042296072507553,
        "client_007": 0.04731457800511509,
        "client_008": 0.05138339920948617,
        "client_009": 0.04827586206896552,
        "client_010": 0.1668713809440253,
        "client_011": 0.1708466059491229,
        "client_012": 0.16572293062459476,
        "client_013": 0.17204593944346092,
        "client_014": 0.09947707649276419,
        "client_015": 0.10068931560807483,
        "client_016": 0.09850908432425907,
        "client_017": 0.10088616223585549,
        "client_018": 0.09523809523809525
    },
    "client_004": {
        "attacker_000": 0.1557421451787649,
        "client_000": 0.9764220061276142,
        "client_001": 0.976558337773042,
        "client_002": 0.9764157228514324,
        "client_003": 0.9765520916600052,
        "client_004": 0.976818545163869,
        "client_005": 0.05151320025756599,
        "client_006": 0.059947871416159856,
        "client_007": 0.05126014523707816,
        "client_008": 0.054661670707515986,
        "client_009": 0.05160450997398092,
        "client_010": 0.16253079901443154,
        "client_011": 0.1669599747303822,
        "client_012": 0.1613028977346559,
        "client_013": 0.16883650815403592,
        "client_014": 0.09751598622725037,
        "client_015": 0.0980977247295785,
        "client_016": 0.09635036496350365,
        "client_017": 0.09823551495432362,
        "client_018": 0.09291265514441481
    },
    "client_005": {
        "attacker_000": 0.3893177681541455,
        "client_000": 0.5151856742568198,
        "client_001": 0.5153808986954421,
        "client_002": 0.5159110653495931,
        "client_003": 0.5167368725682498,
        "client_004": 0.5154685638862957,
        "client_005": 0.9691611842105262,
        "client_006": 0.9678049281841774,
        "client_007": 0.9690758812472643,
        "client_008": 0.9707940606843124,
        "client_009": 0.9711573190237862,
        "client_010": 0.6835985853227232,
        "client_011": 0.6842070382397774,
        "client_012": 0.6878669921488421,
        "client_013": 0.6847934213144108,
        "client_014": 0.023532961230954896,
        "client_015": 0.025302475023846575,
        "client_016": 0.023531777956556716,
        "client_017": 0.02550456873180038,
        "client_018": 0.02459592410400562
    },
    "client_006": {
        "attacker_000": 0.3884289716390191,
        "client_000": 0.509201658890617,
        "client_001": 0.5090720580611716,
        "client_002": 0.5100844960989348,
        "client_003": 0.5104978810132316,
        "client_004": 0.5091827810708386,
        "client_005": 0.9674349212881985,
        "client_006": 0.9662042161076935,
        "client_007": 0.9675723049956179,
        "client_008": 0.9687257689325407,
        "client_009": 0.9695968616115211,
        "client_010": 0.6837474577769918,
        "client_011": 0.6843778985027164,
        "client_012": 0.6879275078628456,
        "client_013": 0.685492067700738,
        "client_014": 0.025585494837572397,
        "client_015": 0.02784619251068108,
        "client_016": 0.02537764350453172,
        "client_017": 0.027948125062833014,
        "client_018": 0.026543334003619544
    },
    "client_007": {
        "attacker_000": 0.38075722707354753,
        "client_000": 0.5181938311792955,
        "client_001": 0.5180384950188607,
        "client_002": 0.5189669607779995,
        "client_003": 0.5191360607718801,
        "client_004": 0.5179981309013568,
        "client_005": 0.9686866873541404,
        "client_006": 0.9673035004487756,
        "client_007": 0.9688872902910874,
        "client_008": 0.9698062654575432,
        "client_009": 0.9708113668509707,
        "client_010": 0.6837497236347557,
        "client_011": 0.6845744328348318,
        "client_012": 0.6881105341899146,
        "client_013": 0.6859516916753221,
        "client_014": 0.02293185818456123,
        "client_015": 0.02490710053228884,
        "client_016": 0.02244363929146538,
        "client_017": 0.024912104470115517,
        "client_018": 0.02400562474889514
    },
    "client_008": {
        "attacker_000": 0.39654739485247964,