{
    "attacker_000": {
        "attacker_000": 0.9850395525105087,
        "client_000": 0.9643207855973813,
        "client_001": 0.9648491195915428,
        "client_002": 0.9643704685684359,
        "client_003": 0.9310618736162517,
        "client_004": 0.9645919235552065,
        "client_005": 0.07898731103150992,
        "client_006": 0.07892420241022371,
        "client_007": 0.07892899426246926,
        "client_008": 0.07892659826361484,
        "client_009": 0.07886827965149813,
        "client_010": 0.974826904849877,
        "client_011": 0.9748104356766483,
        "client_012": 0.9747955856130825,
        "client_013": 0.9747815471601132,
        "client_014": 0.751427004407971,
        "client_015": 0.7940720384728629,
        "client_016": 0.8392675099112705,
        "client_017": 0.7727045658906984,
        "client_018": 0.8498803827751195
    },
    "client_000": {
        "attacker_000": 0.15345174876396264,
        "client_000": 0.9759150904885018,
        "client_001": 0.9761872363586883,
        "client_002": 0.9759019741320626,
        "client_003": 0.9763200870985302,
        "client_004": 0.9755235246124558,
        "client_005": 0.0507103825136612,
        "client_006": 0.057828228742771465,
        "client_007": 0.04295665634674922,
        "client_008": 0.04798933570317707,
        "client_009": 0.04770558836892322,
        "client_010": 0.29853585904541324,
        "client_011": 0.3030939087359893,
        "client_012": 0.29848403486306746,
        "client_013": 0.30554504561315005,
        "client_014": 0.10232960514119754,
        "client_015": 0.1012611730133464,
        "client_016": 0.10057628146800122,
        "client_017": 0.100790273556231,
        "client_018": 0.09714219866328648
    },
    "client_001": {
        "attacker_000": 0.15568278718479717,
        "client_000": 0.9778485210240084,
        "client_001": 0.9772004241781548,
        "client_002": 0.9779723991507431,
        "client_003": 0.9781080005307151,
        "client_004": 0.9770709078860172,
        "client_005": 0.05199828104856037,
        "client_006": 0.05609447490510334,
        "client_007": 0.04363636363636363,
        "client_008": 0.047494553376906314,
        "client_009": 0.045920641997325005,
        "client_010": 0.3053939168833313,
        "client_011": 0.3111578062618197,
        "client_012": 0.30549831011458245,
        "client_013": 0.313964741027475,
        "client_014": 0.1008839710700377,
        "client_015": 0.1000306091215182,
        "client_016": 0.09945959074625052,
        "client_017": 0.09966534834195315,
        "client_018": 0.09482609448001385
    },
    "client_002": {
        "attacker_000": 0.14653393225688965,
        "client_000": 0.976725521669342,
        "client_001": 0.9767317464562716,
        "client_002": 0.9761777301927195,
        "client_003": 0.9768623779590745,
        "client_004": 0.9760727175511295,
        "client_005": 0.054966457476736647,
        "client_006": 0.05705832628909552,
        "client_007": 0.04794783275795934,
        "client_008": 0.052643123491993855,
        "client_009": 0.05109816225907664,
        "client_010": 0.3022101939557961,
        "client_011": 0.3070318035930141,
        "client_012": 0.30232272336241856,
        "client_013": 0.3084564654812589,
        "client_014": 0.09969695095553219,
        "client_015": 0.09866568735463337,
        "client_016": 0.09772382397572078,
        "client_017": 0.09818491899135094,
        "client_018": 0.09414625673093624
    },
    "client_003": {
        "attacker_000": 0.15293905300523436,
        "client_000": 0.9765480895915679,
        "client_001": 0.9770750988142292,
        "client_002": 0.9761308189370961,
        "client_003": 0.9769403083410199,
        "client_004": 0.9760463279810477,
        "client_005": 0.05835995740149094,
        "client_006": 0.06191564512777893,
        "client_007": 0.04522135664069922,
        "client_008": 0.05213270142180095,
        "client_009": 0.05157593123209169,
        "client_010": 0.3058573645943959,
        "client_011": 0.3100447538538041,
        "client_012": 0.3055838805726639,
        "client_013": 0.3119631519980083,
        "client_014": 0.10016530949611217,
        "client_015": 0.09954476479514415,
        "client_016": 0.09881899252832008,
        "client_017": 0.09884141926140477,
        "client_018": 0.09572078557852906
    },
    "client_004": {
        "attacker_000": 0.14801772812822536,
        "client_000": 0.9768247202983483,
        "client_001": 0.9772333910264945,
        "client_002": 0.9773393761663557,
        "client_003": 0.9776179056754596,
        "client_004": 0.9769671148981494,
        "client_005": 0.059024807527801544,
        "client_006": 0.062434527550806626,
        "client_007": 0.05196790217806649,
        "client_008": 0.05643585847623182,
        "client_009": 0.053575381890635376,
        "client_010": 0.3018589796085497,
        "client_011": 0.30676378772112384,
        "client_012": 0.30187443725955637,
        "client_013": 0.30920010009175075,
        "client_014": 0.0979142167481587,
        "client_015": 0.09677419354838711,
        "client_016": 0.09627291489620009,
        "client_017": 0.09636939571150098,
        "client_018": 0.09210146183625124
    },
    "client_005": {
        "attacker_000": 0.19902759360990088,
        "client_000": 0.5129363184721594,
        "client_001": 0.515871225548645,
        "client_002": 0.5170361313986036,
        "client_003": 0.5118851266129814,
        "client_004": 0.5157962604771115,
        "client_005": 0.9716253726740002,
        "client_006": 0.9765647253800139,
        "client_007": 0.9739873171994305,
        "client_008": 0.9761196346795684,
        "client_009": 0.9755580270542896,
        "client_010": 0.6848934198331789,
        "client_011": 0.6845693859087799,
        "client_012": 0.6867310490805663,
        "client_013": 0.6864487114481603,
        "client_014": 0.02729083665338646,
        "client_015": 0.03719641885541871,
        "client_016": 0.02641942076666168,
        "client_017": 0.10604615678046919,
        "client_018": 0.1023264701667224
    },
    "client_006": {
        "attacker_000": 0.19814065266885908,
        "client_000": 0.5068648771462885,
        "client_001": 0.5096793021823017,
        "client_002": 0.5110514222840684,
        "client_003": 0.5056633250878791,
        "client_004": 0.5096029068258501,
        "client_005": 0.9703505430586298,
        "client_006": 0.9751633309136162,
        "client_007": 0.9724343212113368,
        "client_008": 0.9747799067840497,
        "client_009": 0.9742660384197173,
        "client_010": 0.6854319244683666,
        "client_011": 0.6851798751571565,
        "client_012": 0.687479330643561,
        "client_013": 0.6872314641401345,
        "client_014": 0.02900145007250363,
        "client_015": 0.039200119088969386,
        "client_016": 0.027881876780092938,
        "client_017": 0.10658757116203417,
        "client_018": 0.10220729366602686
    },
    "client_007": {
        "attacker_000": 0.1946465860912485,
        "client_000": 0.5161102860463614,
        "client_001": 0.5185973741088422,
        "client_002": 0.519518165421283,
        "client_003": 0.5150475697365866,
        "client_004": 0.5183942171163032,
        "client_005": 0.9704894495295233,
        "client_006": 0.9752445855597719,
        "client_007": 0.9728180902966004,
        "client_008": 0.9748007531402336,
        "client_009": 0.9738749194068342,
        "client_010": 0.6859374655221873,
        "client_011": 0.6855365337098482,
        "client_012": 0.687792184881362,
        "client_013": 0.6875564663625746,
        "client_014": 0.026889752016731404,
        "client_015": 0.03775263131887137,
        "client_016": 0.025334131258727303,
        "client_017": 0.10281354315689081,
        "client_018": 0.09883859867131865
    },
    "client_008": {
        "attacker_000": 0.20101934217607395,