{
    "attacker_000": {
        "attacker_000": 0.9850071747843441,
        "client_000": 0.9646515890419927,
        "client_001": 0.9644726511384455,
        "client_002": 0.9630151346393238,
        "client_003": 0.9645264742456967,
        "client_004": 0.9640730318696421,
        "client_005": 0.078807565040527,
        "client_006": 0.07868852459016393,
        "client_007": 0.07869091350678527,
        "client_008": 0.078749241044323,
        "client_009": 0.078749241044323,
        "client_010": 0.9748574182665274,
        "client_011": 0.9748104356766483,
        "client_012": 0.9748417569000418,
        "client_013": 0.9748417569000418,
        "client_014": 0.9247691045271226,
        "client_015": 0.8844359742263362,
        "client_016": 0.891847581298982,
        "client_017": 0.8642025503603771,
        "client_018": 0.9432175032175031
    },
    "client_000": {
        "attacker_000": 0.0898744769874477,
        "client_000": 0.9747145187601958,
        "client_001": 0.9737664809025418,
        "client_002": 0.9738917595866196,
        "client_003": 0.9743101807802094,
        "client_004": 0.9737664809025418,
        "client_005": 0.045296167247386755,
        "client_006": 0.05128205128205127,
        "client_007": 0.046793760831889075,
        "client_008": 0.05049151027703306,
        "client_009": 0.050581915846016116,
        "client_010": 0.12585585585585585,
        "client_011": 0.1675724637681159,
        "client_012": 0.16138828633405639,
        "client_013": 0.16709897610921504,
        "client_014": 0.10289348964829134,
        "client_015": 0.1022537820314912,
        "client_016": 0.10283511564287491,
        "client_017": 0.10586108959462949,
        "client_018": 0.09917355371900827
    },
    "client_001": {
        "attacker_000": 0.09106947828278583,
        "client_000": 0.9760360121805904,
        "client_001": 0.9761652542372882,
        "client_002": 0.9764113437582825,
        "client_003": 0.9762945305257581,
        "client_004": 0.9752612779468184,
        "client_005": 0.04150620453572957,
        "client_006": 0.05080330004342162,
        "client_007": 0.04501061571125266,
        "client_008": 0.04757747708424269,
        "client_009": 0.04985786136015744,
        "client_010": 0.12972241029113066,
        "client_011": 0.17177635463505472,
        "client_012": 0.16464050017367143,
        "client_013": 0.1715800539329951,
        "client_014": 0.1018050090562738,
        "client_015": 0.10082164700067957,
        "client_016": 0.10135093071032807,
        "client_017": 0.10455660255582806,
        "client_018": 0.09748278318689148
    },
    "client_002": {
        "attacker_000": 0.08130215649012641,
        "client_000": 0.9762159273115981,
        "client_001": 0.975407645014702,
        "client_002": 0.9759229534510434,
        "client_003": 0.9761904761904762,
        "client_004": 0.9752772952024589,
        "client_005": 0.04723057106054101,
        "client_006": 0.054620930740659816,
        "client_007": 0.05070302513847465,
        "client_008": 0.05263157894736842,
        "client_009": 0.054030309685921374,
        "client_010": 0.12694847491127983,
        "client_011": 0.16715502862552406,
        "client_012": 0.16112841813776393,
        "client_013": 0.16711981149175278,
        "client_014": 0.10016861300193591,
        "client_015": 0.09947417259511289,
        "client_016": 0.0997506234413965,
        "client_017": 0.10274590692277942,
        "client_018": 0.09629232875081829
    },
    "client_003": {
        "attacker_000": 0.0930888575458392,
        "client_000": 0.9752436133789835,
        "client_001": 0.9743184512050573,
        "client_002": 0.9748319936750559,
        "client_003": 0.9749670619235836,
        "client_004": 0.9744467860906217,
        "client_005": 0.04839736786244959,
        "client_006": 0.05836909871244635,
        "client_007": 0.050136928586475664,
        "client_008": 0.05195929854946958,
        "client_009": 0.05668541756815231,
        "client_010": 0.1319846715978968,
        "client_011": 0.17184070241455002,
        "client_012": 0.16488470951951564,
        "client_013": 0.171456843430936,
        "client_014": 0.10039564787339267,
        "client_015": 0.10019007909743086,
        "client_016": 0.10054900993152797,
        "client_017": 0.10343061955965183,
        "client_018": 0.09659727546146134
    },
    "client_004": {
        "attacker_000": 0.08740617180984153,
        "client_000": 0.9760319573901465,
        "client_001": 0.975902010384769,
        "client_002": 0.9761492338441039,
        "client_003": 0.9762856381561418,
        "client_004": 0.975635734256424,
        "client_005": 0.051107325383304945,
        "client_006": 0.05709342560553633,
        "client_007": 0.05413406639881581,
        "client_008": 0.05639913232104122,
        "client_009": 0.058695652173913045,
        "client_010": 0.12828066416711303,
        "client_011": 0.16800827449745917,
        "client_012": 0.16126393731972966,
        "client_013": 0.1676457297785811,
        "client_014": 0.09853079087214754,
        "client_015": 0.09835862496128832,
        "client_016": 0.09820761762509335,
        "client_017": 0.10085337470907679,
        "client_018": 0.0951701165833928
    },
    "client_005": {
        "attacker_000": 0.4541513243853189,
        "client_000": 0.5152003091588303,
        "client_001": 0.5157989574618702,
        "client_002": 0.5153895685769478,
        "client_003": 0.5153749557265672,
        "client_004": 0.5154333901960153,
        "client_005": 0.9679856115107914,
        "client_006": 0.9656638074510306,
        "client_007": 0.9677104972942474,
        "client_008": 0.9672770169769708,
        "client_009": 0.9677717572738246,
        "client_010": 0.6831352236757642,
        "client_011": 0.6840547703180212,
        "client_012": 0.6881006311437556,
        "client_013": 0.6843187092496409,
        "client_014": 0.02344300231411611,
        "client_015": 0.02572347266881029,
        "client_016": 0.023246452651705746,
        "client_017": 0.025237544618169024,
        "client_018": 0.025199538175794386
    },
    "client_006": {
        "attacker_000": 0.4530034282307348,
        "client_000": 0.5089259679248339,
        "client_001": 0.5096807615100692,
        "client_002": 0.509486498737292,
        "client_003": 0.5089401399326251,
        "client_004": 0.5093404992391621,
        "client_005": 0.9668458550888654,
        "client_006": 0.9639258518575493,
        "client_007": 0.9666007752933021,
        "client_008": 0.9657349657349656,
        "client_009": 0.9667395498392283,
        "client_010": 0.6836513347204392,
        "client_011": 0.6844615180818652,
        "client_012": 0.6879014518257809,
        "client_013": 0.6850247524752475,
        "client_014": 0.025488615756598828,
        "client_015": 0.02787421383647799,
        "client_016": 0.024891665826866874,
        "client_017": 0.02728554168344744,
        "client_018": 0.027650696294806695
    },
    "client_007": {
        "attacker_000": 0.44680851063829785,
        "client_000": 0.5180672404345162,
        "client_001": 0.5185089725828796,
        "client_002": 0.5183824714032543,
        "client_003": 0.5181317087322309,
        "client_004": 0.5182512323206289,
        "client_005": 0.968497680260426,
        "client_006": 0.965704063378482,
        "client_007": 0.9680423713635083,
        "client_008": 0.9673921383084833,
        "client_009": 0.9684399435969747,
        "client_010": 0.6834787229331798,
        "client_011": 0.684829885412757,
        "client_012": 0.6884777012606984,
        "client_013": 0.6852380004863922,
        "client_014": 0.022647206844489183,
        "client_015": 0.02502889882896919,
        "client_016": 0.022351993556182042,
        "client_017": 0.02494091617639664,
        "client_018": 0.02511805485783181
    },
    "client_008": {
        "attacker_000": 0.46019434786484803,