{
    "client_0": {
        "client_0": 0.99895,
        "client_1": 0.99899,
        "client_2": 0.9287,
        "client_3": 0.9471,
        "client_4": 0.94471,
        "client_5": 0.48822,
        "client_6": 0.48829,
        "client_7": 0.47973,
        "client_8": 0.07207,
        "client_9": 0.07428
    },
    "client_1": {
        "client_0": 0.99908,
        "client_1": 0.99908,
        "client_2": 0.92794,
        "client_3": 0.94677,
        "client_4": 0.94446,
        "client_5": 0.48893,
        "client_6": 0.48896,
        "client_7": 0.48106,
        "client_8": 0.0707,
        "client_9": 0.07332
    },
    "client_2": {
        "client_0": 0.533630336303363,
        "client_1": 0.516260162601626,
        "client_2": 0.988419884198842,
        "client_3": 0.9887198871988719,
        "client_4": 0.988179881798818,
        "client_5": 0.5797557975579756,
        "client_6": 0.5817958179581796,
        "client_7": 0.5837758377583776,
        "client_8": 0.8640536405364053,
        "client_9": 0.8692436924369243
    },
    "client_3": {
        "client_0": 0.535310353103531,
        "client_1": 0.5163651636516365,
        "client_2": 0.9893948939489395,
        "client_3": 0.989649896498965,
        "client_4": 0.989109891098911,
        "client_5": 0.5842558425584256,
        "client_6": 0.5859958599585996,
        "client_7": 0.5885158851588516,
        "client_8": 0.8613386133861338,
        "client_9": 0.8663036630366303
    },
    "client_4": {
        "client_0": 0.5337803378033781,
        "client_1": 0.515660156601566,
        "client_2": 0.990159901599016,
        "client_3": 0.9902949029490294,
        "client_4": 0.989709897098971,
        "client_5": 0.5824108241082411,
        "client_6": 0.5847508475084751,
        "client_7": 0.5872858728587286,
        "client_8": 0.8630486304863049,
        "client_9": 0.8683586835868359
    },
    "client_5": {
        "client_0": 0.6525815258152582,
        "client_1": 0.15231152311523116,
        "client_2": 0.9456694566945669,
        "client_3": 0.9427594275942759,
        "client_4": 0.942969429694297,
        "client_5": 0.9949449494494945,
        "client_6": 0.9951699516995169,
        "client_7": 0.99519995199952,
        "client_8": 0.9659946599465995,
        "client_9": 0.9672246722467225
    },
    "client_6": {
        "client_0": 0.6548765487654876,
        "client_1": 0.14976149761497615,
        "client_2": 0.9475744757447574,
        "client_3": 0.9447544475444755,
        "client_4": 0.9449194491944919,
        "client_5": 0.994839948399484,
        "client_6": 0.995109951099511,
        "client_7": 0.9950649506495065,
        "client_8": 0.9676446764467644,
        "client_9": 0.968709687096871
    },
    "client_7": {
        "client_0": 0.6534215342153421,
        "client_1": 0.15195151951519514,
        "client_2": 0.9485044850448504,
        "client_3": 0.9459094590945909,
        "client_4": 0.9460744607446074,
        "client_5": 0.995529955299553,
        "client_6": 0.995709957099571,
        "client_7": 0.995829958299583,
        "client_8": 0.967749677496775,
        "client_9": 0.969009690096901
    },
    "client_8": {
        "client_0": 0.5481,
        "client_1": 0.54989,
        "client_2": 0.51304,
        "client_3": 0.51765,
        "client_4": 0.51128,
        "client_5": 0.36251,
        "client_6": 0.36339,
        "client_7": 0.36341,
        "client_8": 0.94919,
        "client_9": 0.94868
    },
    "client_9": {
        "client_0": 0.54943,
        "client_1": 0.55185,
        "client_2": 0.5145,
        "client_3": 0.51818,
        "client_4": 0.51203,
        "client_5": 0.35906,
        "client_6": 0.35984,
        "client_7": 0.35995,
        "client_8": 0.9492,
        "client_9": 0.94889
    }
}