{
    "client_0": {
        "client_0": 0.9995735479307041,
        "client_1": 0.9998695185233512,
        "client_2": 0.34958946655432754,
        "client_3": 0.2491215464287905,
        "client_4": 0.3434701863766001,
        "client_5": 0.7291901209126006,
        "client_6": 0.5285175583313694,
        "client_7": 0.4294687851319586,
        "client_8": 0.11262708341207152,
        "client_9": 0.11178750354475848
    },
    "client_1": {
        "client_0": 0.9996689240030099,
        "client_1": 0.9998645333172781,
        "client_2": 0.34535864804219485,
        "client_3": 0.24390158172231985,
        "client_4": 0.33809306000249495,
        "client_5": 0.7278618810557542,
        "client_6": 0.5267488498289489,
        "client_7": 0.42760227290614033,
        "client_8": 0.1092320068139876,
        "client_9": 0.10833483246068341
    },
    "client_2": {
        "client_0": 0.31209507696116867,
        "client_1": 0.30912727569597526,
        "client_2": 0.9606268618054657,
        "client_3": 0.9609784507862551,
        "client_4": 0.9623436386026314,
        "client_5": 0.08230557863122244,
        "client_6": 0.08192515636594933,
        "client_7": 0.08295663630375032,
        "client_8": 0.2834248672008643,
        "client_9": 0.29297864639884186
    },
    "client_3": {
        "client_0": 0.31585701571005736,
        "client_1": 0.3127892215078423,
        "client_2": 0.9628486952050392,
        "client_3": 0.9629248859474395,
        "client_4": 0.9645846748229234,
        "client_5": 0.08300863967474167,
        "client_6": 0.08264637051717232,
        "client_7": 0.08367540258920114,
        "client_8": 0.2680654788821561,
        "client_9": 0.2773284870513403
    },
    "client_4": {
        "client_0": 0.31735783461633976,
        "client_1": 0.3140529698309386,
        "client_2": 0.9664,
        "client_3": 0.9665898617511521,
        "client_4": 0.9682590573901892,
        "client_5": 0.08434245067321533,
        "client_6": 0.08396946564885498,
        "client_7": 0.08555257401853564,
        "client_8": 0.273090183269824,
        "client_9": 0.2813126709206928
    },
    "client_5": {
        "client_0": 0.059904312578908894,
        "client_1": 0.060136886171838655,
        "client_2": 0.000725163161711385,
        "client_3": 0.000725163161711385,
        "client_4": 0.000725163161711385,
        "client_5": 0.9458938889861671,
        "client_6": 0.946031746031746,
        "client_7": 0.9448092280390418,
        "client_8": 0.1345503718728871,
        "client_9": 0.17701453104359316
    },
    "client_6": {
        "client_0": 0.05576696189700725,
        "client_1": 0.055800196081689624,
        "client_2": 0.0015226494099733535,
        "client_3": 0.0015226494099733535,
        "client_4": 0.0007616146230007615,
        "client_5": 0.9462246777163905,
        "client_6": 0.9447124304267162,
        "client_7": 0.9413747892863832,
        "client_8": 0.1395184135977337,
        "client_9": 0.17810117810117812
    },
    "client_7": {
        "client_0": 0.05546671996801918,
        "client_1": 0.05569063717816341,
        "client_2": 0.0007671653241273494,
        "client_3": 0.00153315446531238,
        "client_4": 0.0007668711656441718,
        "client_5": 0.9527177959791512,
        "client_6": 0.9530402245088868,
        "client_7": 0.9469897765997729,
        "client_8": 0.13842311808776311,
        "client_9": 0.1869353717859625
    },
    "client_8": {
        "client_0": 0.6911110060322757,
        "client_1": 0.6919109169245707,
        "client_2": 0.566022613424932,
        "client_3": 0.5700232194474718,
        "client_4": 0.5663590252088021,
        "client_5": 0.24989816432992126,
        "client_6": 0.21961493802824508,
        "client_7": 0.16666434879354702,
        "client_8": 0.9681708455125289,
        "client_9": 0.9668909908034813
    },
    "client_9": {
        "client_0": 0.6920377394144722,
        "client_1": 0.6926144477676286,
        "client_2": 0.5690354317622814,
        "client_3": 0.5731127626664655,
        "client_4": 0.569555648313285,
        "client_5": 0.2505855107354538,
        "client_6": 0.22116470398451363,
        "client_7": 0.1688628058908205,
        "client_8": 0.9683801746765107,
        "client_9": 0.9670929973837054
    }
}