{
    "client_0": {
        "client_0": 0.99909,
        "client_1": 0.9991,
        "client_2": 0.5703,
        "client_3": 0.58714,
        "client_4": 0.66447,
        "client_5": 0.5775,
        "client_6": 0.61113,
        "client_7": 0.50423,
        "client_8": 0.07373,
        "client_9": 0.06503
    },
    "client_1": {
        "client_0": 0.99928,
        "client_1": 0.99929,
        "client_2": 0.56716,
        "client_3": 0.58376,
        "client_4": 0.66125,
        "client_5": 0.57513,
        "client_6": 0.60765,
        "client_7": 0.5037,
        "client_8": 0.0726,
        "client_9": 0.06325
    },
    "client_2": {
        "client_0": 0.4752047520475205,
        "client_1": 0.47238472384723845,
        "client_2": 0.989859898598986,
        "client_3": 0.990789907899079,
        "client_4": 0.990129901299013,
        "client_5": 0.6906219062190622,
        "client_6": 0.6170911709117091,
        "client_7": 0.7039120391203912,
        "client_8": 0.8782437824378244,
        "client_9": 0.8790237902379023
    },
    "client_3": {
        "client_0": 0.4788947889478895,
        "client_1": 0.47605976059760596,
        "client_2": 0.990339903399034,
        "client_3": 0.991209912099121,
        "client_4": 0.990549905499055,
        "client_5": 0.6941769417694177,
        "client_6": 0.6206912069120691,
        "client_7": 0.7068220682206822,
        "client_8": 0.8755737557375574,
        "client_9": 0.8764587645876458
    },
    "client_4": {
        "client_0": 0.47932979329793296,
        "client_1": 0.476479764797648,
        "client_2": 0.991359913599136,
        "client_3": 0.9920049200492005,
        "client_4": 0.991449914499145,
        "client_5": 0.6920019200192002,
        "client_6": 0.6186961869618696,
        "client_7": 0.7055020550205502,
        "client_8": 0.8773587735877358,
        "client_9": 0.8781087810878109
    },
    "client_5": {
        "client_0": 0.14964149641496416,
        "client_1": 0.15360153601536014,
        "client_2": 0.9586445864458645,
        "client_3": 0.9586445864458645,
        "client_4": 0.9586445864458645,
        "client_5": 0.995289952899529,
        "client_6": 0.9954849548495485,
        "client_7": 0.9953349533495335,
        "client_8": 0.962739627396274,
        "client_9": 0.9630096300963009
    },
    "client_6": {
        "client_0": 0.14611646116461163,
        "client_1": 0.15055650556505565,
        "client_2": 0.9606396063960639,
        "client_3": 0.9606546065460655,
        "client_4": 0.9606246062460625,
        "client_5": 0.9953349533495335,
        "client_6": 0.9955449554495545,
        "client_7": 0.9955449554495545,
        "client_8": 0.964569645696457,
        "client_9": 0.9647646476464765
    },
    "client_7": {
        "client_0": 0.14784147841478415,
        "client_1": 0.15208652086520866,
        "client_2": 0.9608796087960879,
        "client_3": 0.9608646086460865,
        "client_4": 0.9608646086460865,
        "client_5": 0.99579995799958,
        "client_6": 0.996309963099631,
        "client_7": 0.9960549605496055,
        "client_8": 0.9649896498964989,
        "client_9": 0.9652746527465275
    },
    "client_8": {
        "client_0": 0.54213,
        "client_1": 0.55008,
        "client_2": 0.54403,
        "client_3": 0.54375,
        "client_4": 0.54418,
        "client_5": 0.35486,
        "client_6": 0.35688,
        "client_7": 0.35747,
        "client_8": 0.95398,
        "client_9": 0.95519
    },
    "client_9": {
        "client_0": 0.54322,
        "client_1": 0.55173,
        "client_2": 0.54542,
        "client_3": 0.54536,
        "client_4": 0.54564,
        "client_5": 0.35132,
        "client_6": 0.35365,
        "client_7": 0.35446,
        "client_8": 0.95406,
        "client_9": 0.95434
    }
}