{
    "client_0": {
        "client_0": 0.99915,
        "client_1": 0.99974,
        "client_2": 0.2126,
        "client_3": 0.14309,
        "client_4": 0.20812,
        "client_5": 0.57423,
        "client_6": 0.35984,
        "client_7": 0.27429,
        "client_8": 0.06084,
        "client_9": 0.06036
    },
    "client_1": {
        "client_0": 0.99934,
        "client_1": 0.99973,
        "client_2": 0.20937,
        "client_3": 0.13956,
        "client_4": 0.20409,
        "client_5": 0.57252,
        "client_6": 0.35812,
        "client_7": 0.2727,
        "client_8": 0.05877,
        "client_9": 0.05825
    },
    "client_2": {
        "client_0": 0.4998949989499895,
        "client_1": 0.49224492244922446,
        "client_2": 0.9908799087990879,
        "client_3": 0.9909549095490955,
        "client_4": 0.9912849128491285,
        "client_5": 0.3537485374853749,
        "client_6": 0.35047850478504783,
        "client_7": 0.3944289442894429,
        "client_8": 0.8806138061380614,
        "client_9": 0.8827888278882788
    },
    "client_3": {
        "client_0": 0.50420004200042,
        "client_1": 0.4965649656496565,
        "client_2": 0.991329913299133,
        "client_3": 0.9913449134491344,
        "client_4": 0.991749917499175,
        "client_5": 0.35043350433504333,
        "client_6": 0.3473284732847329,
        "client_7": 0.39057390573905737,
        "client_8": 0.8786037860378604,
        "client_9": 0.8807038070380704
    },
    "client_4": {
        "client_0": 0.5051750517505175,
        "client_1": 0.4972849728497285,
        "client_2": 0.9921249212492125,
        "client_3": 0.992169921699217,
        "client_4": 0.9925749257492575,
        "client_5": 0.35121351213512136,
        "client_6": 0.3483934839348393,
        "client_7": 0.39169891698916987,
        "client_8": 0.8798187981879819,
        "client_9": 0.8817388173881738
    },
    "client_5": {
        "client_0": 0.15114151141511414,
        "client_1": 0.15135151351513515,
        "client_2": 0.9586595865958659,
        "client_3": 0.9586595865958659,
        "client_4": 0.9586595865958659,
        "client_5": 0.9953649536495365,
        "client_6": 0.995409954099541,
        "client_7": 0.9953349533495335,
        "client_8": 0.96159961599616,
        "client_9": 0.962619626196262
    },
    "client_6": {
        "client_0": 0.14764647646476464,
        "client_1": 0.14767647676476764,
        "client_2": 0.9606546065460655,
        "client_3": 0.9606546065460655,
        "client_4": 0.9606396063960639,
        "client_5": 0.995619956199562,
        "client_6": 0.995529955299553,
        "client_7": 0.9953049530495305,
        "client_8": 0.963549635496355,
        "client_9": 0.964419644196442
    },
    "client_7": {
        "client_0": 0.14940149401494016,
        "client_1": 0.14946149461494615,
        "client_2": 0.9609246092460925,
        "client_3": 0.9609246092460925,
        "client_4": 0.9609096090960909,
        "client_5": 0.996189961899619,
        "client_6": 0.9962349623496235,
        "client_7": 0.99579995799958,
        "client_8": 0.9637746377463775,
        "client_9": 0.96489964899649
    },
    "client_8": {
        "client_0": 0.54273,
        "client_1": 0.54307,
        "client_2": 0.54517,
        "client_3": 0.54631,
        "client_4": 0.54518,
        "client_5": 0.42915,
        "client_6": 0.422,
        "client_7": 0.40079,
        "client_8": 0.95873,
        "client_9": 0.95705
    },
    "client_9": {
        "client_0": 0.54368,
        "client_1": 0.54368,
        "client_2": 0.54619,
        "client_3": 0.54738,
        "client_4": 0.54626,
        "client_5": 0.42723,
        "client_6": 0.42064,
        "client_7": 0.39952,
        "client_8": 0.9588,
        "client_9": 0.95711
    }
}