{
    "client_0": {
        "client_0": 0.9998795543510991,
        "client_1": 0.9998544607771795,
        "client_2": 0.19350288871007118,
        "client_3": 0.16006556592045526,
        "client_4": 0.16864046344503922,
        "client_5": 0.46857826116949114,
        "client_6": 0.36320886107060346,
        "client_7": 0.2479048747312536,
        "client_8": 0.17037830317342634,
        "client_9": 0.168915514761787
    },
    "client_1": {
        "client_0": 0.9998695499473182,
        "client_1": 0.9998444594967512,
        "client_2": 0.1864432928876748,
        "client_3": 0.15278098741923257,
        "client_4": 0.1641308342521132,
        "client_5": 0.46627574985417375,
        "client_6": 0.35884715525950506,
        "client_7": 0.24222897134556978,
        "client_8": 0.1640136310611836,
        "client_9": 0.1625422856302397
    },
    "client_2": {
        "client_0": 0.3168499706153975,
        "client_1": 0.31343221743453764,
        "client_2": 0.9688969025693864,
        "client_3": 0.9690960597476177,
        "client_4": 0.9690920798454604,
        "client_5": 0.08266292087004638,
        "client_6": 0.07816156888063917,
        "client_7": 0.08731752442408791,
        "client_8": 0.2549903412749518,
        "client_9": 0.30409461517785147
    },
    "client_3": {
        "client_0": 0.32112200780343775,
        "client_1": 0.316918090013714,
        "client_2": 0.9697202483835863,
        "client_3": 0.9699065181201177,
        "client_4": 0.9700966895050266,
        "client_5": 0.08318692716381262,
        "client_6": 0.07889919330503531,
        "client_7": 0.08790666367511779,
        "client_8": 0.24734656206737424,
        "client_9": 0.29139668826493875
    },
    "client_4": {
        "client_0": 0.32263502834383495,
        "client_1": 0.3184168449031293,
        "client_2": 0.974126943665562,
        "client_3": 0.9742543971450419,
        "client_4": 0.974378585086042,
        "client_5": 0.08456131436314364,
        "client_6": 0.08007396390239982,
        "client_7": 0.0892416700300462,
        "client_8": 0.24337059964889587,
        "client_9": 0.29096809085992426
    },
    "client_5": {
        "client_0": 0.060712685266634585,
        "client_1": 0.06061913135804107,
        "client_2": 0.0007256894049346878,
        "client_3": 0.0007256894049346878,
        "client_4": 0.0007254261878853825,
        "client_5": 0.9449702067998599,
        "client_6": 0.9455830388692581,
        "client_7": 0.9429684732554021,
        "client_8": 0.2867783985102421,
        "client_9": 0.18778726198292844
    },
    "client_6": {
        "client_0": 0.05648723142828679,
        "client_1": 0.05637681880775802,
        "client_2": 0.0015226494099733535,
        "client_3": 0.0015226494099733535,
        "client_4": 0.0015226494099733535,
        "client_5": 0.947310243183493,
        "client_6": 0.9435364041604755,
        "client_7": 0.9420100689912363,
        "client_8": 0.2867383512544803,
        "client_9": 0.18570935450465997
    },
    "client_7": {
        "client_0": 0.056467847932784296,
        "client_1": 0.056374097848139154,
        "client_2": 0.00076657723265619,
        "client_3": 0.0007668711656441718,
        "client_4": 0.00076657723265619,
        "client_5": 0.9530900967982129,
        "client_6": 0.9512378094523631,
        "client_7": 0.9453654860587792,
        "client_8": 0.28411706675435705,
        "client_9": 0.19578000691802142
    },
    "client_8": {
        "client_0": 0.6770566105215375,
        "client_1": 0.6917186421874366,
        "client_2": 0.5949868196764068,
        "client_3": 0.5897522206638616,
        "client_4": 0.5920561445423325,
        "client_5": 0.4930167440074969,
        "client_6": 0.43693105523915354,
        "client_7": 0.4560121907243477,
        "client_8": 0.9682667326487691,
        "client_9": 0.966826326059961
    },
    "client_9": {
        "client_0": 0.6782879954925551,
        "client_1": 0.6920513461811447,
        "client_2": 0.5977917249946693,
        "client_3": 0.5925050484370782,
        "client_4": 0.5950545265387259,
        "client_5": 0.49688089040481104,
        "client_6": 0.4424055014538238,
        "client_7": 0.45891060483404655,
        "client_8": 0.9680909181844062,
        "client_9": 0.9668754221157978
    }
}