{
    "attacker_000": {
        "attacker_000": 0.01575525812619503,
        "attacker_001": 0.16399529673865956,
        "attacker_002": 0.012743743282665438,
        "client_000": 0.5433609751223898,
        "client_001": 0.5590205699188526,
        "client_002": 0.5432512118334916,
        "client_003": 0.5424695930727264,
        "client_004": 0.565312263132508,
        "client_005": 0.07860570138300875,
        "client_006": 0.07805773166772531,
        "client_007": 0.07705358405202883,
        "client_008": 0.08014648918937953,
        "client_009": 0.07694483734087695,
        "client_010": 0.5707576706324358,
        "client_011": 0.5707129439126934,
        "client_012": 0.5144814526010917,
        "client_013": 0.4600246002460024,
        "client_014": 0.4709807821874299,
        "client_015": 0.4469644585811091,
        "client_016": 0.44065297525013164
    },
    "attacker_001": {
        "attacker_000": 0.01814715974075486,
        "attacker_001": 0.16123413784523513,
        "attacker_002": 0.01318007662835249,
        "client_000": 0.5434684797280408,
        "client_001": 0.5580592533043293,
        "client_002": 0.5433907543065729,
        "client_003": 0.5430559727645939,
        "client_004": 0.5650383119722037,
        "client_005": 0.07893626002532715,
        "client_006": 0.07814700084483243,
        "client_007": 0.07700444256399408,
        "client_008": 0.07992695603315073,
        "client_009": 0.07620122768644605,
        "client_010": 0.5706620162318063,
        "client_011": 0.5706620162318063,
        "client_012": 0.5143921906721918,
        "client_013": 0.4609601117801657,
        "client_014": 0.4725754656390495,
        "client_015": 0.44665629860031103,
        "client_016": 0.4414499771905815
    },
    "attacker_002": {
        "attacker_000": 0.019189765458422176,
        "attacker_001": 0.1674858458284079,
        "attacker_002": 0.014698001990354438,
        "client_000": 0.5455862878844665,
        "client_001": 0.5595933325452181,
        "client_002": 0.5455817672930828,
        "client_003": 0.5451541850220265,
        "client_004": 0.5651533968078746,
        "client_005": 0.08435679696820829,
        "client_006": 0.08395928395928395,
        "client_007": 0.08296421289460733,
        "client_008": 0.0857322967009876,
        "client_009": 0.08219563687543983,
        "client_010": 0.5709047821323973,
        "client_011": 0.5708728313360758,
        "client_012": 0.5145698491624767,
        "client_013": 0.4602318145483614,
        "client_014": 0.472452587592414,
        "client_015": 0.4471035794570293,
        "client_016": 0.4411082202376767
    },
    "client_000": {
        "attacker_000": 0.05849233656553018,
        "attacker_001": 0.07336827060505004,
        "attacker_002": 0.10202286719437115,
        "client_000": 0.9715803452855245,
        "client_001": 0.9715727948990436,
        "client_002": 0.9702890792291221,
        "client_003": 0.9644056413700469,
        "client_004": 0.9640113222806308,
        "client_005": 0.208984375,
        "client_006": 0.22136669874879691,
        "client_007": 0.2210587550901687,
        "client_008": 0.2214532871972318,
        "client_009": 0.21899484043569653,
        "client_010": 0.13122008489117673,
        "client_011": 0.1285248245966841,
        "client_012": 0.09714215626149882,
        "client_013": 0.10325550805656035,
        "client_014": 0.10234680573663626,
        "client_015": 0.10284291890475566,
        "client_016": 0.10393909301555776
    },
    "client_001": {
        "attacker_000": 0.050268732216250396,
        "attacker_001": 0.074673503725663,
        "attacker_002": 0.10339539978094196,
        "client_000": 0.9703232644409115,
        "client_001": 0.9710952002121453,
        "client_002": 0.9684997330485852,
        "client_003": 0.9649732620320856,
        "client_004": 0.964491491357363,
        "client_005": 0.1919408214911427,
        "client_006": 0.20061609549480167,
        "client_007": 0.20034876961829104,
        "client_008": 0.2020785219399538,
        "client_009": 0.19931008049060941,
        "client_010": 0.1282155246204442,
        "client_011": 0.12466559657570894,
        "client_012": 0.10412597656249999,
        "client_013": 0.11103853690398433,
        "client_014": 0.11007511007511006,
        "client_015": 0.1104965185136982,
        "client_016": 0.11140373979457467
    },
    "client_002": {
        "attacker_000": 0.056120875732346594,
        "attacker_001": 0.07204929688734397,
        "attacker_002": 0.10042203224759226,
        "client_000": 0.9687788170201554,
        "client_001": 0.9693057568172837,
        "client_002": 0.9670388091440723,
        "client_003": 0.9633284437925056,
        "client_004": 0.9614664169119616,
        "client_005": 0.19674017257909876,
        "client_006": 0.205776854823485,
        "client_007": 0.20626432391138275,
        "client_008": 0.20584354382657868,
        "client_009": 0.2046948356807512,
        "client_010": 0.13184146670261526,
        "client_011": 0.12928466634063931,
        "client_012": 0.10399656209712074,
        "client_013": 0.11084718923198734,
        "client_014": 0.10952816625277742,
        "client_015": 0.10949192595510043,
        "client_016": 0.11043923184264734
    },
    "client_003": {
        "attacker_000": 0.05185069498672497,
        "attacker_001": 0.07247890719164324,
        "attacker_002": 0.10093743187268366,
        "client_000": 0.9711769415532426,
        "client_001": 0.9715658790548658,
        "client_002": 0.9699005643644183,
        "client_003": 0.9650802211136579,
        "client_004": 0.9641940278340765,
        "client_005": 0.19160975609756095,
        "client_006": 0.19550604954868445,
        "client_007": 0.19766536964980547,
        "client_008": 0.19703675197229173,
        "client_009": 0.1951779563719862,
        "client_010": 0.12622758807099738,
        "client_011": 0.12362502783344466,
        "client_012": 0.09249477951111658,
        "client_013": 0.09828496042216359,
        "client_014": 0.09756735547998954,
        "client_015": 0.09762498359795302,
        "client_016": 0.09908891401210347
    },
    "client_004": {
        "attacker_000": 0.056355666875391355,
        "attacker_001": 0.07245681381957773,
        "attacker_002": 0.09911274615884008,
        "client_000": 0.9719500738155952,
        "client_001": 0.9724795274533494,
        "client_002": 0.9702219815917704,
        "client_003": 0.9669287069666576,
        "client_004": 0.9655829138892666,
        "client_005": 0.2127659574468085,
        "client_006": 0.22012699634404462,
        "client_007": 0.22097305679395235,
        "client_008": 0.22141072458197195,
        "client_009": 0.2193251533742331,
        "client_010": 0.12876465284039673,
        "client_011": 0.12623872868493885,
        "client_012": 0.09709095372529764,
        "client_013": 0.10243966421825812,
        "client_014": 0.1011703511053316,
        "client_015": 0.10135841170323928,
        "client_016": 0.10253022395454844
    },
    "client_005": {
        "attacker_000": 0.38573806666408583,
        "attacker_001": 0.6109303624831575,
        "attacker_002": 0.637070350144555,
        "client_000": 0.5300227100681302,
        "client_001": 0.5307566684812194,
        "client_002": 0.5175192284214382,
        "client_003": 0.5308675550720696,
        "client_004": 0.5180106052294752,
        "client_005": 0.9682109354382092,
        "client_006": 0.9668645853284812,
        "client_007": 0.9683983203359328,
        "client_008": 0.9667686717031653,
        "client_009": 0.9671491805239861,
        "client_010": 0.7036890122967077,
        "client_011": 0.704500896842281,
        "client_012": 0.01099734546833523,
        "client_013": 0.008794570308765893,
        "client_014": 0.010911851219280767,
        "client_015": 0.01751296816256603,
        "client_016": 0.012787479721347457
    },