{
    "attacker_000": {
        "attacker_000": 0.003423591658885777,
        "attacker_001": 0.005280323031526634,
        "attacker_002": 0.0003120368203448007,
        "client_000": 0.46641718820569067,
        "client_001": 0.5135285602939539,
        "client_002": 0.5394065297119849,
        "client_003": 0.5335787045436874,
        "client_004": 0.5236689566337485,
        "client_005": 0.09996576514892161,
        "client_006": 0.08505875769445999,
        "client_007": 0.06928505239147481,
        "client_008": 0.09397640240115919,
        "client_009": 0.08187052380283669,
        "client_010": 0.571090100359865,
        "client_011": 0.571102865572891,
        "client_012": 0.44178142191387226,
        "client_013": 0.43578161123955184,
        "client_014": 0.43589287619589573,
        "client_015": 0.000779848709350386,
        "client_016": 0.4359083795703514
    },
    "attacker_001": {
        "attacker_000": 0.003111145679396437,
        "attacker_001": 0.006054960409874244,
        "attacker_002": 0.0,
        "client_000": 0.4676238102919826,
        "client_001": 0.5133478236638243,
        "client_002": 0.5375214573031692,
        "client_003": 0.5349877213390203,
        "client_004": 0.5248956510030968,
        "client_005": 0.09680290271787499,
        "client_006": 0.08249877442397927,
        "client_007": 0.06875891583452211,
        "client_008": 0.09166092350103378,
        "client_009": 0.08059429532553088,
        "client_010": 0.5710008267602171,
        "client_011": 0.5710008267602171,
        "client_012": 0.4417594732787,
        "client_013": 0.43724667567375386,
        "client_014": 0.4372622222222222,
        "client_015": 0.0009349435138293728,
        "client_016": 0.43724667567375386
    },
    "attacker_002": {
        "attacker_000": 0.005278683434249341,
        "attacker_001": 0.006666666666666667,
        "attacker_002": 0.00015583606046439146,
        "client_000": 0.4707445946383999,
        "client_001": 0.5163060213307953,
        "client_002": 0.537334191886671,
        "client_003": 0.537144041665587,
        "client_004": 0.5267652065825384,
        "client_005": 0.10025952738696899,
        "client_006": 0.08411933207573535,
        "client_007": 0.07280483469605403,
        "client_008": 0.09454995871180844,
        "client_009": 0.08449916060436485,
        "client_010": 0.571358344691976,
        "client_011": 0.5713711119056131,
        "client_012": 0.44182538847381525,
        "client_013": 0.43505242884656536,
        "client_014": 0.43506794592859444,
        "client_015": 0.0003115750116840629,
        "client_016": 0.43506794592859444
    },
    "client_000": {
        "attacker_000": 0.004171011470281543,
        "attacker_001": 0.5998709261051953,
        "attacker_002": 0.0,
        "client_000": 0.9475660453265387,
        "client_001": 0.9475379041996511,
        "client_002": 0.9459206836693819,
        "client_003": 0.9498525073746313,
        "client_004": 0.9506255885914165,
        "client_005": 0.18763619681156093,
        "client_006": 0.1386327503974563,
        "client_007": 0.17095053346265762,
        "client_008": 0.17703791782269787,
        "client_009": 0.20573124785934468,
        "client_010": 0.12389286095400706,
        "client_011": 0.12451069762453752,
        "client_012": 0.10342793471848988,
        "client_013": 0.10373306904525932,
        "client_014": 0.10369103230475687,
        "client_015": 0.09979539304336348,
        "client_016": 0.3095070422535211
    },
    "client_001": {
        "attacker_000": 0.0029118136439267887,
        "attacker_001": 0.5885593906984282,
        "attacker_002": 0.0,
        "client_000": 0.9491570778699492,
        "client_001": 0.948776247157951,
        "client_002": 0.9479430169085341,
        "client_003": 0.9499399279134962,
        "client_004": 0.9514354708881138,
        "client_005": 0.1735952489721334,
        "client_006": 0.1276188450494523,
        "client_007": 0.1593220338983051,
        "client_008": 0.16422976501305483,
        "client_009": 0.19652785657551344,
        "client_010": 0.12212445669458283,
        "client_011": 0.1225947444166089,
        "client_012": 0.11047345767575321,
        "client_013": 0.11113303084106003,
        "client_014": 0.11116208953267354,
        "client_015": 0.10634242523825173,
        "client_016": 0.31168678935646466
    },
    "client_002": {
        "attacker_000": 0.0020605810838656502,
        "attacker_001": 0.5876288659793815,
        "attacker_002": 0.0,
        "client_000": 0.9432454036770583,
        "client_001": 0.944,
        "client_002": 0.9424097664543524,
        "client_003": 0.9450286170637562,
        "client_004": 0.9478051391862956,
        "client_005": 0.17986181900554987,
        "client_006": 0.13263488737558932,
        "client_007": 0.16580807475739787,
        "client_008": 0.16965445570277993,
        "client_009": 0.2021587587137396,
        "client_010": 0.12506613056819382,
        "client_011": 0.125999360409338,
        "client_012": 0.10981062598632298,
        "client_013": 0.11035946411990981,
        "client_014": 0.11001783002047151,
        "client_015": 0.10586286849950313,
        "client_016": 0.31303834808259584
    },
    "client_003": {
        "attacker_000": 0.004204330460374185,
        "attacker_001": 0.611420391283601,
        "attacker_002": 0.0,
        "client_000": 0.9454398491176075,
        "client_001": 0.9472263463355379,
        "client_002": 0.9451669124547526,
        "client_003": 0.9497236824369861,
        "client_004": 0.9490196078431373,
        "client_005": 0.17269168777342853,
        "client_006": 0.12477299433821173,
        "client_007": 0.15910473178445445,
        "client_008": 0.1573684210526316,
        "client_009": 0.1946032471987194,
        "client_010": 0.12017394993635978,
        "client_011": 0.1205295185224725,
        "client_012": 0.09841666119177452,
        "client_013": 0.09895729561001526,
        "client_014": 0.09884373967624711,
        "client_015": 0.09561014368006356,
        "client_016": 0.31204176198017475
    },
    "client_004": {
        "attacker_000": 0.002510460251046025,
        "attacker_001": 0.5972629521016618,
        "attacker_002": 0.0,
        "client_000": 0.9479690259475614,
        "client_001": 0.9483414899401849,
        "client_002": 0.9501418727199027,
        "client_003": 0.952690795716416,
        "client_004": 0.9513292433537832,
        "client_005": 0.18084010529930183,
        "client_006": 0.13532883642495783,
        "client_007": 0.1714561700072446,
        "client_008": 0.17367314766158695,
        "client_009": 0.20174741858617953,
        "client_010": 0.12349877776596874,
        "client_011": 0.12358591248665957,
        "client_012": 0.10182341023462518,
        "client_013": 0.10203273495248152,
        "client_014": 0.10268209308440704,
        "client_015": 0.099150701165317,
        "client_016": 0.30582296313688656
    },
    "client_005": {
        "attacker_000": 0.02337325061318713,
        "attacker_001": 9.73709834469328e-05,
        "attacker_002": 0.0,
        "client_000": 0.49934907286865343,
        "client_001": 0.4998769814769253,
        "client_002": 0.4563959991052312,
        "client_003": 0.5190285889947741,
        "client_004": 0.49950815064643056,
        "client_005": 0.9564084340203743,
        "client_006": 0.9568003797768811,
        "client_007": 0.9568577253117148,
        "client_008": 0.957299753834501,
        "client_009": 0.9568990042674254,
        "client_010": 0.7078448866111999,
        "client_011": 0.7112797230341855,
        "client_012": 0.008993762390600069,
        "client_013": 0.008801624915368992,
        "client_014": 0.008806309575652005,
        "client_015": 0.00870869417968939,
        "client_016": 0.008520114246986493
    },
    "client_006": {
        "attacker_000": 0.020812256106373755,
        "attacker_001": 0.0,
        "attacker_002": 0.0,