{
    "attacker_000": {
        "attacker_000": 0.0034180066806494213,
        "attacker_001": 0.001402415270744059,
        "attacker_002": 0.0012468827930174563,
        "client_000": 0.5434619801288132,
        "client_001": 0.5492734928322828,
        "client_002": 0.5435352249756682,
        "client_003": 0.5433474036516223,
        "client_004": 0.5647595566718127,
        "client_005": 0.07695027936912087,
        "client_006": 0.08441059324994758,
        "client_007": 0.07602463368018687,
        "client_008": 0.07720042417815481,
        "client_009": 0.08391608391608392,
        "client_010": 0.5707257072570726,
        "client_011": 0.5706937424520284,
        "client_012": 0.4920639701231816,
        "client_013": 0.4580459385254135,
        "client_014": 0.4519201333378686,
        "client_015": 0.44826164628280885,
        "client_016": 0.45224251079601485
    },
    "attacker_001": {
        "attacker_000": 0.00341429347404361,
        "attacker_001": 0.0012447487163528862,
        "attacker_002": 0.0010895789555607441,
        "client_000": 0.5436737957225666,
        "client_001": 0.5505379492058845,
        "client_002": 0.5439832159448524,
        "client_003": 0.5435869239228232,
        "client_004": 0.5643868523779826,
        "client_005": 0.07660835214446952,
        "client_006": 0.08705326102072035,
        "client_007": 0.07550371155885471,
        "client_008": 0.07673319698145147,
        "client_009": 0.08615770060547011,
        "client_010": 0.570642817216322,
        "client_011": 0.570642817216322,
        "client_012": 0.4907332067624989,
        "client_013": 0.4587506280355049,
        "client_014": 0.4531329684153265,
        "client_015": 0.449570889117748,
        "client_016": 0.4529905811146248
    },
    "attacker_002": {
        "attacker_000": 0.0043383947939262466,
        "attacker_001": 0.002022244691607684,
        "attacker_002": 0.0015558148580318942,
        "client_000": 0.5458041958041958,
        "client_001": 0.5522067788344306,
        "client_002": 0.5459539087663229,
        "client_003": 0.5457316311489745,
        "client_004": 0.5643514025601922,
        "client_005": 0.08303426922806277,
        "client_006": 0.09269682440414148,
        "client_007": 0.08166431593794077,
        "client_008": 0.08314575126617894,
        "client_009": 0.09261576971214018,
        "client_010": 0.5708855948308628,
        "client_011": 0.5708855948308628,
        "client_012": 0.49129372001086397,
        "client_013": 0.4588625624183116,
        "client_014": 0.45332063146434404,
        "client_015": 0.44944129276259237,
        "client_016": 0.4532897870313669
    },
    "client_000": {
        "attacker_000": 0.055886394869445716,
        "attacker_001": 0.040909090909090916,
        "attacker_002": 0.050733580145344855,
        "client_000": 0.9762540021344719,
        "client_001": 0.9760982774736279,
        "client_002": 0.9749333333333334,
        "client_003": 0.9765208110992529,
        "client_004": 0.9757203842049094,
        "client_005": 0.1878121878121878,
        "client_006": 0.0918918918918919,
        "client_007": 0.14291701592623637,
        "client_008": 0.2201906243921416,
        "client_009": 0.10532736884912565,
        "client_010": 0.12892842773481158,
        "client_011": 0.1313052641224172,
        "client_012": 0.09612141652613827,
        "client_013": 0.09899255365746824,
        "client_014": 0.09932194876946258,
        "client_015": 0.10029273259513809,
        "client_016": 0.099444724886421
    },
    "client_001": {
        "attacker_000": 0.05166501562142803,
        "attacker_001": 0.038060220610156015,
        "attacker_002": 0.04702172869970526,
        "client_000": 0.9744748737038021,
        "client_001": 0.9745773991747636,
        "client_002": 0.9736842105263158,
        "client_003": 0.9746044408988166,
        "client_004": 0.973936170212766,
        "client_005": 0.17664611100059677,
        "client_006": 0.07915457936179031,
        "client_007": 0.1348595213319459,
        "client_008": 0.20362079034455907,
        "client_009": 0.08692120227457352,
        "client_010": 0.12505570906497906,
        "client_011": 0.12676249144421628,
        "client_012": 0.1029641185647426,
        "client_013": 0.10572632622706989,
        "client_014": 0.10678517776664999,
        "client_015": 0.10752416450818117,
        "client_016": 0.10673523140599525
    },
    "client_002": {
        "attacker_000": 0.055441008018327596,
        "attacker_001": 0.0400197628458498,
        "attacker_002": 0.05039950829748003,
        "client_000": 0.974311440677966,
        "client_001": 0.9741619186431695,
        "client_002": 0.9734091811086122,
        "client_003": 0.9739245532759763,
        "client_004": 0.9736598279285241,
        "client_005": 0.1785013730874853,
        "client_006": 0.08541793776693106,
        "client_007": 0.14344430743937528,
        "client_008": 0.20569680749378702,
        "client_009": 0.09611533840608731,
        "client_010": 0.1300502244544202,
        "client_011": 0.13220354425766478,
        "client_012": 0.10255169911718467,
        "client_013": 0.10526973807588923,
        "client_014": 0.10634540179134604,
        "client_015": 0.10706993363961204,
        "client_016": 0.10612760581174983
    },
    "client_003": {
        "attacker_000": 0.05233445224290509,
        "attacker_001": 0.038425165496988704,
        "attacker_002": 0.0480802252901985,
        "client_000": 0.9750937332619174,
        "client_001": 0.9746682750301567,
        "client_002": 0.9740433502809741,
        "client_003": 0.9749698835497256,
        "client_004": 0.9742903053026245,
        "client_005": 0.17259288853375948,
        "client_006": 0.074212271973466,
        "client_007": 0.13411322331313974,
        "client_008": 0.19526511445901001,
        "client_009": 0.08055612349212839,
        "client_010": 0.12461031442059323,
        "client_011": 0.12648293484212447,
        "client_012": 0.09117291414752116,
        "client_013": 0.09371671991480299,
        "client_014": 0.09467977811396873,
        "client_015": 0.09568216658150229,
        "client_016": 0.09508736388959231
    },
    "client_004": {
        "attacker_000": 0.05001140077525272,
        "attacker_001": 0.037436075666550814,
        "attacker_002": 0.046234051310193446,
        "client_000": 0.9761551933180656,
        "client_001": 0.976142337242216,
        "client_002": 0.9757543103448275,
        "client_003": 0.9761616161616161,
        "client_004": 0.9758792615550466,
        "client_005": 0.19741807348560078,
        "client_006": 0.0948436529302133,
        "client_007": 0.15535602422217581,
        "client_008": 0.2177560975609756,
        "client_009": 0.10444398935080894,
        "client_010": 0.1262932572244024,
        "client_011": 0.12848728368567647,
        "client_012": 0.09547950992817912,
        "client_013": 0.09822374571517607,
        "client_014": 0.09891283855966822,
        "client_015": 0.09969519939039877,
        "client_016": 0.09855254877281307
    },
    "client_005": {
        "attacker_000": 0.5724220214760525,
        "attacker_001": 0.5976467451084964,
        "attacker_002": 0.38006567510141015,
        "client_000": 0.5322864245437459,
        "client_001": 0.530971303767518,
        "client_002": 0.5309750566893424,
        "client_003": 0.5301883364621813,
        "client_004": 0.5303232054230722,
        "client_005": 0.9689126662810873,
        "client_006": 0.9685837405811406,
        "client_007": 0.9681525591263048,
        "client_008": 0.9677899742992337,
        "client_009": 0.9694877879245464,
        "client_010": 0.6964979727316654,
        "client_011": 0.6948050581774571,
        "client_012": 0.011657662780779074,
        "client_013": 0.010905125408942203,
        "client_014": 0.011097410604192354,
        "client_015": 0.018149163436997826,
        "client_016": 0.018233349078885217
    },