{
    "attacker_000": {
        "attacker_000": 0.006362014120567926,
        "attacker_001": 0.0048174048174048165,
        "attacker_002": 0.001868722261153936,
        "client_000": 0.5434212825441201,
        "client_001": 0.5435026838097616,
        "client_002": 0.5435167852240109,
        "client_003": 0.543334415341207,
        "client_004": 0.5613198728734343,
        "client_005": 0.08417814444522129,
        "client_006": 0.08441649196366176,
        "client_007": 0.08314087759815243,
        "client_008": 0.07710809281267685,
        "client_009": 0.0839219525840968,
        "client_010": 0.5708024953603291,
        "client_011": 0.5707066189624329,
        "client_012": 0.4759011361119023,
        "client_013": 0.44525951557093435,
        "client_014": 0.44531331095809834,
        "client_015": 0.44525951557093435,
        "client_016": 0.44528249662664776
    },
    "attacker_001": {
        "attacker_000": 0.006195786864931846,
        "attacker_001": 0.004346476249611922,
        "attacker_002": 0.0009337068160597573,
        "client_000": 0.5436102435977513,
        "client_001": 0.5436330476928074,
        "client_002": 0.544001199010816,
        "client_003": 0.543791698943002,
        "client_004": 0.5604895432805027,
        "client_005": 0.08644209354120266,
        "client_006": 0.08707747948254278,
        "client_007": 0.085901547901269,
        "client_008": 0.07611381769399138,
        "client_009": 0.08592716384652879,
        "client_010": 0.5706812135303717,
        "client_011": 0.5706939724557324,
        "client_012": 0.4772087432385411,
        "client_013": 0.44761575673807874,
        "client_014": 0.44745481563396344,
        "client_015": 0.4475239312990289,
        "client_016": 0.4475239312990289
    },
    "attacker_002": {
        "attacker_000": 0.008811934760763699,
        "attacker_001": 0.006509609423434595,
        "attacker_002": 0.0018661068346162819,
        "client_000": 0.5457133581399995,
        "client_001": 0.5458495654779743,
        "client_002": 0.5457769342190699,
        "client_003": 0.5453864028183795,
        "client_004": 0.5612110986126735,
        "client_005": 0.09235048678720445,
        "client_006": 0.09282934963868816,
        "client_007": 0.09125740160222917,
        "client_008": 0.08262368921106342,
        "client_009": 0.09182608695652174,
        "client_010": 0.5710198059641436,
        "client_011": 0.5709878613104419,
        "client_012": 0.4778850720278613,
        "client_013": 0.4469765186673131,
        "client_014": 0.44677681942568154,
        "client_015": 0.4466846809395136,
        "client_016": 0.44679229596785364
    },
    "client_000": {
        "attacker_000": 0.24421002538071065,
        "attacker_001": 0.2329069590376123,
        "attacker_002": 0.3107845709787458,
        "client_000": 0.9769179452968646,
        "client_001": 0.9763653358258779,
        "client_002": 0.9759935982928781,
        "client_003": 0.9769241029745231,
        "client_004": 0.9766635551406854,
        "client_005": 0.11150553351430363,
        "client_006": 0.08018569318421608,
        "client_007": 0.10725292788165193,
        "client_008": 0.08522365910536359,
        "client_009": 0.07589098532494759,
        "client_010": 0.15912528631315098,
        "client_011": 0.16059285091543155,
        "client_012": 0.09704358427308749,
        "client_013": 0.09828741623231572,
        "client_014": 0.0955509107196178,
        "client_015": 0.09730658322596479,
        "client_016": 0.09665878357892184
    },
    "client_001": {
        "attacker_000": 0.24556931777450317,
        "attacker_001": 0.23524468044466512,
        "attacker_002": 0.3113822848727119,
        "client_000": 0.9761746306402237,
        "client_001": 0.976149233844104,
        "client_002": 0.975759190197123,
        "client_003": 0.9761809713905522,
        "client_004": 0.9757785467128027,
        "client_005": 0.0951387440016691,
        "client_006": 0.06318449873631002,
        "client_007": 0.08797533401849948,
        "client_008": 0.06868942267172357,
        "client_009": 0.05815899581589958,
        "client_010": 0.16118067208812012,
        "client_011": 0.16252116160958457,
        "client_012": 0.10489127124322348,
        "client_013": 0.10595452010657413,
        "client_014": 0.1023842083358107,
        "client_015": 0.104786941370667,
        "client_016": 0.10371535761829845
    },
    "client_002": {
        "attacker_000": 0.24301288404360752,
        "attacker_001": 0.23224334600760455,
        "attacker_002": 0.30889448290329347,
        "client_000": 0.976651631732555,
        "client_001": 0.9761083089992036,
        "client_002": 0.9754804506295559,
        "client_003": 0.9765345353307702,
        "client_004": 0.9763988332007425,
        "client_005": 0.10292015519705942,
        "client_006": 0.07337180544105523,
        "client_007": 0.09668284789644013,
        "client_008": 0.07593891869583161,
        "client_009": 0.06792918896665294,
        "client_010": 0.1627188465499485,
        "client_011": 0.16394578443684232,
        "client_012": 0.10385793018983468,
        "client_013": 0.10504044803982576,
        "client_014": 0.10189786265940251,
        "client_015": 0.10404907975460122,
        "client_016": 0.10294743239137041
    },
    "client_003": {
        "attacker_000": 0.24633454516399664,
        "attacker_001": 0.23511415350491416,
        "attacker_002": 0.313783455630048,
        "client_000": 0.9760214333556597,
        "client_001": 0.975603217158177,
        "client_002": 0.9758907045271898,
        "client_003": 0.9762893503014066,
        "client_004": 0.9757600107138075,
        "client_005": 0.08589985334171381,
        "client_006": 0.05704627086414536,
        "client_007": 0.08190279214064117,
        "client_008": 0.06019499788045781,
        "client_009": 0.05305263157894737,
        "client_010": 0.15269021504447708,
        "client_011": 0.15381936887921652,
        "client_012": 0.09198358748239328,
        "client_013": 0.09361384289804557,
        "client_014": 0.090435407558244,
        "client_015": 0.09239830664457942,
        "client_016": 0.0918702150929639
    },
    "client_004": {
        "attacker_000": 0.24036389753411538,
        "attacker_001": 0.23015690776884806,
        "attacker_002": 0.30586996578046854,
        "client_000": 0.976687777927503,
        "client_001": 0.976530887510116,
        "client_002": 0.9772206496832457,
        "client_003": 0.9769510715729883,
        "client_004": 0.976687777927503,
        "client_005": 0.11027568922305764,
        "client_006": 0.07402707275803723,
        "client_007": 0.10630407911001236,
        "client_008": 0.07721680101824353,
        "client_009": 0.06879088415277486,
        "client_010": 0.15852184424106372,
        "client_011": 0.15961011270179712,
        "client_012": 0.09701492537313433,
        "client_013": 0.09801242236024843,
        "client_014": 0.09512428298279159,
        "client_015": 0.09702545231524072,
        "client_016": 0.0962378640776699
    },
    "client_005": {
        "attacker_000": 0.4461163813469996,
        "attacker_001": 0.5112506902263942,
        "attacker_002": 0.3131644153145232,
        "client_000": 0.5265240283653407,
        "client_001": 0.5273374509386314,
        "client_002": 0.5299493002216217,
        "client_003": 0.53203519487195,
        "client_004": 0.5302708926731713,
        "client_005": 0.9704113543420736,
        "client_006": 0.9724279339042335,
        "client_007": 0.9703160677803148,
        "client_008": 0.9744969696969696,
        "client_009": 0.9719202680228495,
        "client_010": 0.7086741685006022,
        "client_011": 0.6988083020922781,
        "client_012": 0.018157745413277852,
        "client_013": 0.013549365169603941,
        "client_014": 0.013737565135007105,
        "client_015": 0.018053783260078456,
        "client_016": 0.018050370930397394
    },