{
    "attacker_000": {
        "attacker_000": 0.02287878787878788,
        "client_000": 0.5400886895356543,
        "client_001": 0.5512102469195929,
        "client_002": 0.5448756518251102,
        "client_003": 0.5399383015067689,
        "client_004": 0.5541243913554484,
        "client_005": 0.13177428890494647,
        "client_006": 0.1299572509043078,
        "client_007": 0.12863726135615536,
        "client_008": 0.13125739061884115,
        "client_009": 0.12948220277649847,
        "client_010": 0.5709622607762476,
        "client_011": 0.5709622607762476,
        "client_012": 0.5709686794393151,
        "client_013": 0.5710006259501028,
        "client_014": 0.5143271267699856,
        "client_015": 0.48663265933255484,
        "client_016": 0.4734293319649786,
        "client_017": 0.4707704219899342,
        "client_018": 0.45608472746896916
    },
    "client_000": {
        "attacker_000": 0.34869759364921854,
        "client_000": 0.976930257367649,
        "client_001": 0.9766635551406854,
        "client_002": 0.9767628205128206,
        "client_003": 0.9773030707610146,
        "client_004": 0.9763716459751702,
        "client_005": 0.0715592600121976,
        "client_006": 0.06952721493841875,
        "client_007": 0.07532122286220647,
        "client_008": 0.06694091249065072,
        "client_009": 0.06325867669687125,
        "client_010": 0.16530129255415985,
        "client_011": 0.16897726742286326,
        "client_012": 0.16612243020742307,
        "client_013": 0.16810145330000925,
        "client_014": 0.11426558647411061,
        "client_015": 0.10690104166666667,
        "client_016": 0.11033453213001287,
        "client_017": 0.11675864072030208,
        "client_018": 0.11443247485196548
    },
    "client_001": {
        "attacker_000": 0.35171934009143313,
        "client_000": 0.9767070411287102,
        "client_001": 0.9769671148981494,
        "client_002": 0.9769364084788695,
        "client_003": 0.9770911028236549,
        "client_004": 0.9765395894428153,
        "client_005": 0.06097560975609756,
        "client_006": 0.05944125222904696,
        "client_007": 0.06409130816505706,
        "client_008": 0.05714285714285714,
        "client_009": 0.053980184489238116,
        "client_010": 0.16730691010982057,
        "client_011": 0.17079506447722423,
        "client_012": 0.1680526363885589,
        "client_013": 0.16997063142437593,
        "client_014": 0.12227628517029827,
        "client_015": 0.1140105420706709,
        "client_016": 0.1187716087044946,
        "client_017": 0.12501808710750978,
        "client_018": 0.12201177555508262
    },
    "client_002": {
        "attacker_000": 0.3501115794693776,
        "client_000": 0.9769169540992304,
        "client_001": 0.977052659503913,
        "client_002": 0.976639235465888,
        "client_003": 0.9770404777704048,
        "client_004": 0.9767688835789196,
        "client_005": 0.06618819776714514,
        "client_006": 0.06677018633540373,
        "client_007": 0.07090358841331605,
        "client_008": 0.06480117820324005,
        "client_009": 0.05897219882055602,
        "client_010": 0.16772037572254336,
        "client_011": 0.17150812064965196,
        "client_012": 0.16912335143522111,
        "client_013": 0.17106952852687582,
        "client_014": 0.12088299597997038,
        "client_015": 0.11209362808842654,
        "client_016": 0.11575737038292105,
        "client_017": 0.12322412293418382,
        "client_018": 0.11996010827753241
    },
    "client_003": {
        "attacker_000": 0.3497414478918059,
        "client_000": 0.9766881028938907,
        "client_001": 0.9768189736031087,
        "client_002": 0.9762766385203057,
        "client_003": 0.9768127596836885,
        "client_004": 0.9758713136729223,
        "client_005": 0.05391055748417398,
        "client_006": 0.05321683876092136,
        "client_007": 0.057155516171909615,
        "client_008": 0.04995305164319249,
        "client_009": 0.04838430965958181,
        "client_010": 0.15781804935798194,
        "client_011": 0.16231857002846875,
        "client_012": 0.15894465894465892,
        "client_013": 0.16110110387510967,
        "client_014": 0.10690801103019161,
        "client_015": 0.10018940630918949,
        "client_016": 0.10285714285714286,
        "client_017": 0.10890800408222774,
        "client_018": 0.10690073503175625
    },
    "client_004": {
        "attacker_000": 0.34619778473153534,
        "client_000": 0.9775023575373839,
        "client_001": 0.9773706896551724,
        "client_002": 0.9773584905660377,
        "client_003": 0.9778975741239893,
        "client_004": 0.9776220005392289,
        "client_005": 0.06687179487179488,
        "client_006": 0.06513105639396347,
        "client_007": 0.07193605683836589,
        "client_008": 0.06534466477809255,
        "client_009": 0.060096153846153855,
        "client_010": 0.16387777373590395,
        "client_011": 0.16779305523188068,
        "client_012": 0.16431558149152228,
        "client_013": 0.16706619952056057,
        "client_014": 0.11236271472824555,
        "client_015": 0.10494946877429386,
        "client_016": 0.108437817688919,
        "client_017": 0.11498409025166331,
        "client_018": 0.11219200454448625
    },
    "client_005": {
        "attacker_000": 0.5488090589613432,
        "client_000": 0.5360831004738185,
        "client_001": 0.53535170413343,
        "client_002": 0.5303613071262,
        "client_003": 0.5306035918713468,
        "client_004": 0.5217020238966106,
        "client_005": 0.9771425798311172,
        "client_006": 0.9767396829238775,
        "client_007": 0.9784899247390143,
        "client_008": 0.9776368652887362,
        "client_009": 0.976824159058436,
        "client_010": 0.677781820516662,
        "client_011": 0.6753140770965317,
        "client_012": 0.6925942294336764,
        "client_013": 0.6924501304603989,
        "client_014": 0.01933871043818688,
        "client_015": 0.020251495313898176,
        "client_016": 0.0189649478699816,
        "client_017": 0.01924982307147912,
        "client_018": 0.018867034573840858
    },
    "client_006": {
        "attacker_000": 0.550707690808546,
        "client_000": 0.5416339593019746,
        "client_001": 0.5415539931494502,
        "client_002": 0.5373934520044578,
        "client_003": 0.5376344086021505,
        "client_004": 0.5297218687511361,
        "client_005": 0.9769719299946673,
        "client_006": 0.9761242410314716,
        "client_007": 0.9778532443905398,
        "client_008": 0.9762854449198637,
        "client_009": 0.9758977833704384,
        "client_010": 0.6813238367381755,
        "client_011": 0.6786470701495411,
        "client_012": 0.6964996856005031,
        "client_013": 0.6961988181551486,
        "client_014": 0.02050458282150619,
        "client_015": 0.02150334810902575,
        "client_016": 0.01994328922495274,
        "client_017": 0.020032126996125863,
        "client_018": 0.019744922059518187
    },
    "client_007": {
        "attacker_000": 0.5493201002213627,
        "client_000": 0.5400512897872982,
        "client_001": 0.539011781678288,
        "client_002": 0.5338234850995872,
        "client_003": 0.5342296445904802,
        "client_004": 0.5260604590521817,
        "client_005": 0.9776520098679438,
        "client_006": 0.9772683397683397,
        "client_007": 0.978905607431419,
        "client_008": 0.9781412854661262,
        "client_009": 0.9772068765694418,
        "client_010": 0.6797396777979302,
        "client_011": 0.6768848739136019,
        "client_012": 0.6955317809943359,
        "client_013": 0.6953183991945634,
        "client_014": 0.022937720329024674,
        "client_015": 0.023668639053254437,
        "client_016": 0.02239051695752387,
        "client_017": 0.02201834862385321,
        "client_018": 0.021921159093047322
    },
    "client_008": {
        "attacker_000": 0.5490865630869045,