{
    "attacker_000": {
        "attacker_000": 0.010488162258039639,
        "client_000": 0.5627783964365256,
        "client_001": 0.5671131765992345,
        "client_002": 0.5671193612229578,
        "client_003": 0.5612640830255715,
        "client_004": 0.5658673024897978,
        "client_005": 0.14599574769666906,
        "client_006": 0.14481913727513057,
        "client_007": 0.13130914826498424,
        "client_008": 0.14481913727513057,
        "client_009": 0.1447181736102154,
        "client_010": 0.5710006259501028,
        "client_011": 0.5709878613104419,
        "client_012": 0.5709814442208808,
        "client_013": 0.5709878613104419,
        "client_014": 0.5385182361164061,
        "client_015": 0.5234653144891573,
        "client_016": 0.5137635127605038,
        "client_017": 0.5126539753639416,
        "client_018": 0.4990875375286984
    },
    "client_000": {
        "attacker_000": 0.35688777003688305,
        "client_000": 0.9767876200640342,
        "client_001": 0.9760063982937883,
        "client_002": 0.9763716459751702,
        "client_003": 0.9769241029745231,
        "client_004": 0.9765145449693088,
        "client_005": 0.07382690302398331,
        "client_006": 0.07404237106783651,
        "client_007": 0.07110376188507647,
        "client_008": 0.07484769364664927,
        "client_009": 0.07271963009667927,
        "client_010": 0.12953179085443614,
        "client_011": 0.1293871613020549,
        "client_012": 0.13280884143486,
        "client_013": 0.13221386723255063,
        "client_014": 0.10074308685588988,
        "client_015": 0.1109049680478252,
        "client_016": 0.11426141196484264,
        "client_017": 0.11540398589826606,
        "client_018": 0.10008141792446922
    },
    "client_001": {
        "attacker_000": 0.36148668422592917,
        "client_000": 0.976168286513114,
        "client_001": 0.9757978723404256,
        "client_002": 0.9760191846522782,
        "client_003": 0.9763045793397231,
        "client_004": 0.9762729938683017,
        "client_005": 0.06118626430801249,
        "client_006": 0.0626865671641791,
        "client_007": 0.05763688760806916,
        "client_008": 0.06381593227696983,
        "client_009": 0.06080939400293563,
        "client_010": 0.12568578553615958,
        "client_011": 0.12531124088913034,
        "client_012": 0.12858804373110025,
        "client_013": 0.1280697727794354,
        "client_014": 0.10770535497940394,
        "client_015": 0.11833674164962509,
        "client_016": 0.12178315286176347,
        "client_017": 0.12314497716894977,
        "client_018": 0.1076434311343674
    },
    "client_002": {
        "attacker_000": 0.35921476706709643,
        "client_000": 0.9763988332007425,
        "client_001": 0.9756291390728477,
        "client_002": 0.9761273209549073,
        "client_003": 0.9765283118949741,
        "client_004": 0.9766454352441615,
        "client_005": 0.06783144912641315,
        "client_006": 0.0686336053567692,
        "client_007": 0.06450295978771178,
        "client_008": 0.0693196405648267,
        "client_009": 0.0663075010360547,
        "client_010": 0.12991592080282074,
        "client_011": 0.12986308797614207,
        "client_012": 0.13329612576159247,
        "client_013": 0.1334004761032778,
        "client_014": 0.10537190082644628,
        "client_015": 0.11631399317406144,
        "client_016": 0.11948308735258809,
        "client_017": 0.12098217481566327,
        "client_018": 0.10592717506714133
    },
    "client_003": {
        "attacker_000": 0.36043312847527065,
        "client_000": 0.9760278558992902,
        "client_001": 0.9752508361204013,
        "client_002": 0.9756162915326901,
        "client_003": 0.9761585855879988,
        "client_004": 0.9761266094420601,
        "client_005": 0.05550918196994992,
        "client_006": 0.05561497326203208,
        "client_007": 0.053067993366500824,
        "client_008": 0.05653402913676887,
        "client_009": 0.054863895336568894,
        "client_010": 0.1252889714881465,
        "client_011": 0.1251584857815613,
        "client_012": 0.12804252541266437,
        "client_013": 0.12746223426236283,
        "client_014": 0.09465221098794006,
        "client_015": 0.10443146684987978,
        "client_016": 0.1063301906854753,
        "client_017": 0.1078981441519206,
        "client_018": 0.09471971971971971
    },
    "client_004": {
        "attacker_000": 0.35269977135486896,
        "client_000": 0.9771012931034483,
        "client_001": 0.9764500067285695,
        "client_002": 0.9767003367003366,
        "client_003": 0.9770951226084613,
        "client_004": 0.9766752056087368,
        "client_005": 0.06949968599539459,
        "client_006": 0.07026563838903171,
        "client_007": 0.06697171381031615,
        "client_008": 0.07039790118058592,
        "client_009": 0.06841216216216217,
        "client_010": 0.12686465654046702,
        "client_011": 0.12623560351863608,
        "client_012": 0.13005321631967134,
        "client_013": 0.12991311543235415,
        "client_014": 0.09812095945864299,
        "client_015": 0.1103476426967821,
        "client_016": 0.11263446530267876,
        "client_017": 0.11407766990291261,
        "client_018": 0.0997250687328168
    },
    "client_005": {
        "attacker_000": 0.4911506000498558,
        "client_000": 0.5309933012033585,
        "client_001": 0.5322448979591837,
        "client_002": 0.530762945253155,
        "client_003": 0.5309112927641538,
        "client_004": 0.5308769165505122,
        "client_005": 0.9683138979162684,
        "client_006": 0.9748224037114,
        "client_007": 0.9729521609394552,
        "client_008": 0.9750490065584085,
        "client_009": 0.9720493162536951,
        "client_010": 0.7011887041657059,
        "client_011": 0.6993472257092643,
        "client_012": 0.6959734643321996,
        "client_013": 0.6987896398185505,
        "client_014": 0.02459170264689318,
        "client_015": 0.02033802551668942,
        "client_016": 0.019141914191419144,
        "client_017": 0.019333239024850287,
        "client_018": 0.019234395625117855
    },
    "client_006": {
        "attacker_000": 0.49795918367346936,
        "client_000": 0.5371208009167119,
        "client_001": 0.539139325775118,
        "client_002": 0.5382485705687632,
        "client_003": 0.5376972178730579,
        "client_004": 0.5379584702088545,
        "client_005": 0.9667724160961763,
        "client_006": 0.9738563669281836,
        "client_007": 0.9721788058768365,
        "client_008": 0.9742870274062069,
        "client_009": 0.9709563504456241,
        "client_010": 0.7040922961167078,
        "client_011": 0.7024976024684151,
        "client_012": 0.6996716236849261,
        "client_013": 0.7016644793033768,
        "client_014": 0.026314552887552276,
        "client_015": 0.021402979445596833,
        "client_016": 0.019837521254487057,
        "client_017": 0.020212514757969303,
        "client_018": 0.020119013884953244
    },
    "client_007": {
        "attacker_000": 0.5004951195360022,
        "client_000": 0.5344073370139076,
        "client_001": 0.5358013544018059,
        "client_002": 0.5346182803794609,
        "client_003": 0.5342535941408723,
        "client_004": 0.5342102087607095,
        "client_005": 0.9691974176334659,
        "client_006": 0.9753912834095835,
        "client_007": 0.9734526007817933,
        "client_008": 0.9755626854509926,
        "client_009": 0.9724999400608981,
        "client_010": 0.7030462689999791,
        "client_011": 0.7018729403912735,
        "client_012": 0.6988466288489315,
        "client_013": 0.7009862179687663,
        "client_014": 0.02761008938181478,
        "client_015": 0.022643991355820726,
        "client_016": 0.022099967085155405,
        "client_017": 0.022564874012786763,
        "client_018": 0.022290148130731244
    },
    "client_008": {
        "attacker_000": 0.4926770022147603,