{
    "attacker_000": {
        "attacker_000": 0.009882643607164916,
        "client_000": 0.5540491901619676,
        "client_001": 0.5625275056169365,
        "client_002": 0.559800976342471,
        "client_003": 0.5466103799354358,
        "client_004": 0.5662349570200573,
        "client_005": 0.13118632928031548,
        "client_006": 0.13258943222842143,
        "client_007": 0.13129189118149562,
        "client_008": 0.131397411470994,
        "client_009": 0.13225636984502231,
        "client_010": 0.5709686794393151,
        "client_011": 0.5709367315001117,
        "client_012": 0.5709814442208808,
        "client_013": 0.5710006259501028,
        "client_014": 0.5124511100481162,
        "client_015": 0.4963264820488415,
        "client_016": 0.4876376988984088,
        "client_017": 0.48953301127214177,
        "client_018": 0.4641283619385809
    },
    "client_000": {
        "attacker_000": 0.3374930362116992,
        "client_000": 0.9767876200640342,
        "client_001": 0.9769117843320433,
        "client_002": 0.9770421783235451,
        "client_003": 0.9770421783235451,
        "client_004": 0.9769179452968646,
        "client_005": 0.07576747224036577,
        "client_006": 0.07387083157450401,
        "client_007": 0.07371319635670409,
        "client_008": 0.07643030704660923,
        "client_009": 0.07170503157465878,
        "client_010": 0.13094195214163862,
        "client_011": 0.16545212887850042,
        "client_012": 0.13325804630152457,
        "client_013": 0.16564360971140632,
        "client_014": 0.10942454294002564,
        "client_015": 0.10410993603951617,
        "client_016": 0.11270349241686378,
        "client_017": 0.11252521037624313,
        "client_018": 0.11495240140290604
    },
    "client_001": {
        "attacker_000": 0.3418011277985596,
        "client_000": 0.9767070411287102,
        "client_001": 0.9772273272073513,
        "client_002": 0.9772273272073513,
        "client_003": 0.9770972037283623,
        "client_004": 0.9770911028236549,
        "client_005": 0.06324453108078838,
        "client_006": 0.0620777027027027,
        "client_007": 0.06346519991537973,
        "client_008": 0.06448782627769248,
        "client_009": 0.05997973657548126,
        "client_010": 0.12686327569600514,
        "client_011": 0.1668790968681719,
        "client_012": 0.12909874461307852,
        "client_013": 0.1672423195782585,
        "client_014": 0.1175916582576522,
        "client_015": 0.11177290584209859,
        "client_016": 0.1208631096926386,
        "client_017": 0.1208417251198,
        "client_018": 0.12366128801942025
    },
    "client_002": {
        "attacker_000": 0.3386962088737961,
        "client_000": 0.9769169540992304,
        "client_001": 0.9769169540992304,
        "client_002": 0.9773179466772782,
        "client_003": 0.9770465702534163,
        "client_004": 0.977052659503913,
        "client_005": 0.06923076923076923,
        "client_006": 0.06748085282550198,
        "client_007": 0.06873568006665277,
        "client_008": 0.06933911159263272,
        "client_009": 0.0669204568222801,
        "client_010": 0.1312225475841874,
        "client_011": 0.16781943938842375,
        "client_012": 0.13350161267704388,
        "client_013": 0.1684592693442251,
        "client_014": 0.11597329917065605,
        "client_015": 0.1094224924012158,
        "client_016": 0.11891666086472186,
        "client_017": 0.11830946753788406,
        "client_018": 0.1215113782739373
    },
    "client_003": {
        "attacker_000": 0.34201534756063406,
        "client_000": 0.9765572672471534,
        "client_001": 0.9766818547306353,
        "client_002": 0.9768189736031087,
        "client_003": 0.9768189736031087,
        "client_004": 0.976544699101997,
        "client_005": 0.056295003272965306,
        "client_006": 0.05580215599239061,
        "client_007": 0.054952076677316296,
        "client_008": 0.05682819383259912,
        "client_009": 0.053954629061925205,
        "client_010": 0.12661949830010108,
        "client_011": 0.1583459404942007,
        "client_012": 0.12855400206437081,
        "client_013": 0.158564496933077,
        "client_014": 0.10324763193504737,
        "client_015": 0.09826258512060076,
        "client_016": 0.10498431509236668,
        "client_017": 0.10501359737814657,
        "client_018": 0.1076735338453808
    },
    "client_004": {
        "attacker_000": 0.3341919587859783,
        "client_000": 0.9773706896551724,
        "client_001": 0.977765799757445,
        "client_002": 0.9775023575373839,
        "client_003": 0.9776340609000269,
        "client_004": 0.9773706896551724,
        "client_005": 0.07000656311529206,
        "client_006": 0.06856899488926746,
        "client_007": 0.06903899424675049,
        "client_008": 0.07150739351136613,
        "client_009": 0.06801884859659905,
        "client_010": 0.12855501952676315,
        "client_011": 0.16336996336996337,
        "client_012": 0.1308551581714071,
        "client_013": 0.1637336014992915,
        "client_014": 0.10759919300605245,
        "client_015": 0.10297453995462565,
        "client_016": 0.110617626648161,
        "client_017": 0.11110339559752795,
        "client_018": 0.11315376941712983
    },
    "client_005": {
        "attacker_000": 0.4792181290946193,
        "client_000": 0.5343100160426189,
        "client_001": 0.533831843881087,
        "client_002": 0.530847006114912,
        "client_003": 0.530551686549991,
        "client_004": 0.530220445736434,
        "client_005": 0.9773801731034985,
        "client_006": 0.9761432373578515,
        "client_007": 0.9731085546149578,
        "client_008": 0.97502357407094,
        "client_009": 0.9752082076041039,
        "client_010": 0.6793847468489638,
        "client_011": 0.6776562265847444,
        "client_012": 0.6939557201784662,
        "client_013": 0.6938089535934118,
        "client_014": 0.019413815851474885,
        "client_015": 0.02126658511339042,
        "client_016": 0.019237116318544013,
        "client_017": 0.019422052514967238,
        "client_018": 0.019426631459826482
    },
    "client_006": {
        "attacker_000": 0.4872690963554669,
        "client_000": 0.5402101586728089,
        "client_001": 0.539918441323063,
        "client_002": 0.5380817628996327,
        "client_003": 0.5377898223426678,
        "client_004": 0.5374284853959651,
        "client_005": 0.9766484181967927,
        "client_006": 0.9754788160185722,
        "client_007": 0.9724324063810303,
        "client_008": 0.9741285600405827,
        "client_009": 0.973780061268302,
        "client_010": 0.6827721254948703,
        "client_011": 0.6811986776154421,
        "client_012": 0.6974608433103391,
        "client_013": 0.6973717251192767,
        "client_014": 0.02029163324052664,
        "client_015": 0.02251742980968532,
        "client_016": 0.020025504179851703,
        "client_017": 0.02001983096463478,
        "client_018": 0.020119013884953244
    },
    "client_007": {
        "attacker_000": 0.4888635878460115,
        "client_000": 0.5382669958451255,
        "client_001": 0.5365853658536586,
        "client_002": 0.5344780840488026,
        "client_003": 0.5340847447411247,
        "client_004": 0.5344380837601688,
        "client_005": 0.9778336435495177,
        "client_006": 0.9767419417100945,
        "client_007": 0.9737842128048487,
        "client_008": 0.9755050870340903,
        "client_009": 0.9755228766035284,
        "client_010": 0.6815190304785841,
        "client_011": 0.6799667143192438,
        "client_012": 0.6966320428076802,
        "client_013": 0.6970940457248137,
        "client_014": 0.02245607441510852,
        "client_015": 0.024498990941943962,
        "client_016": 0.021917035086069042,
        "client_017": 0.0228415660102458,
        "client_018": 0.022476136737668687
    },
    "client_008": {
        "attacker_000": 0.48209801248475276,
        "client_000": 0.5358700920988851,