{
    "attacker_000": {
        "attacker_000": 0.008042066192390968,
        "client_000": 0.5658317276814387,
        "client_001": 0.565326344345587,
        "client_002": 0.5658274865868758,
        "client_003": 0.5655619100117136,
        "client_004": 0.5657598972429928,
        "client_005": 0.08198792643549066,
        "client_006": 0.08082653921844252,
        "client_007": 0.0801352017463559,
        "client_008": 0.08072568736375782,
        "client_009": 0.08072568736375782,
        "client_010": 0.5709047821323973,
        "client_011": 0.5708728313360758,
        "client_012": 0.5708855948308628,
        "client_013": 0.5708855948308628,
        "client_014": 0.538430338673697,
        "client_015": 0.5221624252913973,
        "client_016": 0.5377920990536117,
        "client_017": 0.5243499959752074,
        "client_018": 0.510832511621355
    },
    "client_000": {
        "attacker_000": 0.1844018506278916,
        "client_000": 0.9645447219983884,
        "client_001": 0.9718178175504207,
        "client_002": 0.9642857142857143,
        "client_003": 0.9710645075657023,
        "client_004": 0.9661016949152542,
        "client_005": 0.07191568505889648,
        "client_006": 0.07430213464696225,
        "client_007": 0.06463959174994685,
        "client_008": 0.08023279983371441,
        "client_009": 0.07388958073889582,
        "client_010": 0.1170598434298324,
        "client_011": 0.12267190998962257,
        "client_012": 0.14790272347756941,
        "client_013": 0.1485538708169127,
        "client_014": 0.09718983924407903,
        "client_015": 0.10422890526455553,
        "client_016": 0.10420815080313288,
        "client_017": 0.10414593698175789,
        "client_018": 0.10319604612850083
    },
    "client_001": {
        "attacker_000": 0.18344370860927153,
        "client_000": 0.9649638940893287,
        "client_001": 0.9692041061191841,
        "client_002": 0.9640710564979298,
        "client_003": 0.9690230341540905,
        "client_004": 0.9653233364573571,
        "client_005": 0.060980634528224144,
        "client_006": 0.05906480721903199,
        "client_007": 0.05084745762711865,
        "client_008": 0.06620861961274203,
        "client_009": 0.05372761349437734,
        "client_010": 0.11473953707090234,
        "client_011": 0.11985465589240196,
        "client_012": 0.14408616273724306,
        "client_013": 0.145246946362188,
        "client_014": 0.10407790626902008,
        "client_015": 0.11183079973562457,
        "client_016": 0.11161746251898819,
        "client_017": 0.11172741679873217,
        "client_018": 0.11026516145970072
    },
    "client_002": {
        "attacker_000": 0.18408531583264973,
        "client_000": 0.9619174434087883,
        "client_001": 0.9699058729948296,
        "client_002": 0.9618097139055222,
        "client_003": 0.9682769514281953,
        "client_004": 0.9643667422928065,
        "client_005": 0.06596519627681101,
        "client_006": 0.06745633406946397,
        "client_007": 0.057668198913497705,
        "client_008": 0.07567127746135069,
        "client_009": 0.06448979591836736,
        "client_010": 0.11705232436939754,
        "client_011": 0.12343266568962712,
        "client_012": 0.14806586513329847,
        "client_013": 0.14854881266490766,
        "client_014": 0.10317119548549346,
        "client_015": 0.11106666666666666,
        "client_016": 0.11101485973212502,
        "client_017": 0.1105929380413058,
        "client_018": 0.10886510767604701
    },
    "client_003": {
        "attacker_000": 0.17871782259386784,
        "client_000": 0.9645504785011456,
        "client_001": 0.9711448127768084,
        "client_002": 0.964969011048235,
        "client_003": 0.9705215419501133,
        "client_004": 0.9648010788941335,
        "client_005": 0.053707911588514776,
        "client_006": 0.053754616331555184,
        "client_007": 0.04758869768429998,
        "client_008": 0.06000000000000001,
        "client_009": 0.0529718456725756,
        "client_010": 0.11333577291024101,
        "client_011": 0.11912806539509536,
        "client_012": 0.14204919110877284,
        "client_013": 0.14289508632138115,
        "client_014": 0.09209233791748528,
        "client_015": 0.09923969587835132,
        "client_016": 0.0990930914910643,
        "client_017": 0.0991008991008991,
        "client_018": 0.09835415427325005
    },
    "client_004": {
        "attacker_000": 0.17990302624979101,
        "client_000": 0.9661246612466126,
        "client_001": 0.9721922246220301,
        "client_002": 0.9661430119176597,
        "client_003": 0.9718272068687953,
        "client_004": 0.9677069199457259,
        "client_005": 0.06725809779244894,
        "client_006": 0.07119476268412439,
        "client_007": 0.06037414965986395,
        "client_008": 0.07621824239900041,
        "client_009": 0.0677115987460815,
        "client_010": 0.11604847594564818,
        "client_011": 0.1220626631853786,
        "client_012": 0.1461938285413514,
        "client_013": 0.1475290215588723,
        "client_014": 0.09565695437053325,
        "client_015": 0.1028117763810784,
        "client_016": 0.10221780867262495,
        "client_017": 0.10251322751322751,
        "client_018": 0.10105788816610817
    },
    "client_005": {
        "attacker_000": 0.5682898062342039,
        "client_000": 0.5306147144240076,
        "client_001": 0.5307171362921757,
        "client_002": 0.5310584327344103,
        "client_003": 0.531143383351952,
        "client_004": 0.5307022845400701,
        "client_005": 0.9682737467650725,
        "client_006": 0.9682258219112433,
        "client_007": 0.9685546687181459,
        "client_008": 0.9677450252628049,
        "client_009": 0.9675368139223561,
        "client_010": 0.6947558846420833,
        "client_011": 0.6810130350649627,
        "client_012": 0.7028460462299807,
        "client_013": 0.6931925721856533,
        "client_014": 0.017212843429328037,
        "client_015": 0.011070815041038367,
        "client_016": 0.011073457114218891,
        "client_017": 0.013071895424836603,
        "client_018": 0.01731272294887039
    },
    "client_006": {
        "attacker_000": 0.572629172689683,
        "client_000": 0.5376861742139312,
        "client_001": 0.5377418093203766,
        "client_002": 0.5387249894850688,
        "client_003": 0.5388243068697246,
        "client_004": 0.5380799182176254,
        "client_005": 0.9669403681804036,
        "client_006": 0.9667185069984447,
        "client_007": 0.9674785031464669,
        "client_008": 0.966550222519979,
        "client_009": 0.9662599393490771,
        "client_010": 0.6988118438423336,
        "client_011": 0.684056619766062,
        "client_012": 0.7046722745065378,
        "client_013": 0.6966612207280802,
        "client_014": 0.019778555881517935,
        "client_015": 0.012140911046317097,
        "client_016": 0.012144393975615586,
        "client_017": 0.0143348623853211,
        "client_018": 0.01792097612125256
    },
    "client_007": {
        "attacker_000": 0.5729994300848168,
        "client_000": 0.5344458836641865,
        "client_001": 0.5342164684630438,
        "client_002": 0.5347445650539736,
        "client_003": 0.5349690300078176,
        "client_004": 0.5344692636522367,
        "client_005": 0.9679577548923562,
        "client_006": 0.9682164433937483,
        "client_007": 0.9680080579404288,
        "client_008": 0.967436974789916,
        "client_009": 0.9675558416172018,
        "client_010": 0.6980234337336771,
        "client_011": 0.6854446184449993,
        "client_012": 0.7055615685621512,
        "client_013": 0.6968833780160859,
        "client_014": 0.019237116318544013,
        "client_015": 0.01019921837765704,
        "client_016": 0.010106788710907704,
        "client_017": 0.014094566925384506,
        "client_018": 0.018422676985898105
    },
    "client_008": {
        "attacker_000": 0.5776641893936847,