{
    "client_0": {
        "client_0": 0.0002006782926290863,
        "client_1": 0.00024077288094784258,
        "client_2": 0.7363242119144836,
        "client_3": 0.7298704443637244,
        "client_4": 0.728301718252525,
        "client_5": 0.46994426445976445,
        "client_6": 0.26554355676607,
        "client_7": 0.25905740139049016,
        "client_8": 0.46498517463129113,
        "client_9": 0.586379562250876
    },
    "client_1": {
        "client_0": 0.0005616625210623445,
        "client_1": 0.00030094798615639263,
        "client_2": 0.7579512675301696,
        "client_3": 0.762140111885854,
        "client_4": 0.7545977011494254,
        "client_5": 0.48932977659219745,
        "client_6": 0.2703434392516877,
        "client_7": 0.26459116868644655,
        "client_8": 0.4193072604434294,
        "client_9": 0.5398206751054853
    },
    "client_2": {
        "client_0": 0.002781125428756837,
        "client_1": 0.004073696879918526,
        "client_2": 0.10034207525655645,
        "client_3": 0.09572319311495565,
        "client_4": 0.08795848359574279,
        "client_5": 0.5719087324671968,
        "client_6": 0.5782088587132234,
        "client_7": 0.5491663384534594,
        "client_8": 0.006144107242599143,
        "client_9": 0.005791145152251074
    },
    "client_3": {
        "client_0": 0.004252958579881658,
        "client_1": 0.0033079114214830474,
        "client_2": 0.08354114713216958,
        "client_3": 0.0880113334513901,
        "client_4": 0.08075370121130551,
        "client_5": 0.5864366914935318,
        "client_6": 0.5887170154686079,
        "client_7": 0.5562922689298501,
        "client_8": 0.007643312101910828,
        "client_9": 0.008372008372008372
    },
    "client_4": {
        "client_0": 0.00348719831146187,
        "client_1": 0.003824439992715352,
        "client_2": 0.09980177540291305,
        "client_3": 0.0875,
        "client_4": 0.07938027678649143,
        "client_5": 0.5837639824687643,
        "client_6": 0.5875838707576053,
        "client_7": 0.5552358648377383,
        "client_8": 0.007616974972796518,
        "client_9": 0.007989105764866092
    },
    "client_5": {
        "client_0": 0.01845444059976932,
        "client_1": 0.009716870497570782,
        "client_2": 0.033932471023013604,
        "client_3": 0.06437373551590951,
        "client_4": 0.07949944792050055,
        "client_5": 0.24705535924617195,
        "client_6": 0.2533004497316118,
        "client_7": 0.23791159893206765,
        "client_8": 0.004721753794266442,
        "client_9": 0.004740941415509651
    },
    "client_6": {
        "client_0": 0.015274949083503053,
        "client_1": 0.00927357032457496,
        "client_2": 0.021216407355021217,
        "client_3": 0.06557991380925614,
        "client_4": 0.08423406634364516,
        "client_5": 0.2462196425843898,
        "client_6": 0.24792626728110595,
        "client_7": 0.23918417799752778,
        "client_8": 0.010013351134846462,
        "client_9": 0.007362784471218207
    },
    "client_7": {
        "client_0": 0.01710261569416499,
        "client_1": 0.010609171800136893,
        "client_2": 0.029416794937574823,
        "client_3": 0.07005520654863887,
        "client_4": 0.0865603644646925,
        "client_5": 0.24297622723062673,
        "client_6": 0.24737167594310452,
        "client_7": 0.23115264797507787,
        "client_8": 0.004920049200492006,
        "client_9": 0.003838771593090211
    },
    "client_8": {
        "client_0": 0.16355297013088713,
        "client_1": 0.16722949401356368,
        "client_2": 0.2317826432156747,
        "client_3": 0.2329971762807584,
        "client_4": 0.2378629064686486,
        "client_5": 0.24726836101660998,
        "client_6": 0.23627502316026908,
        "client_7": 0.2860163960106522,
        "client_8": 0.0412420429754042,
        "client_9": 0.0340379631155523
    },
    "client_9": {
        "client_0": 0.16372074926352065,
        "client_1": 0.1673162004354881,
        "client_2": 0.2373084770172421,
        "client_3": 0.23868268897711226,
        "client_4": 0.23794220793940768,
        "client_5": 0.2769491304631017,
        "client_6": 0.28399112851973385,
        "client_7": 0.35729712285579524,
        "client_8": 0.048360003536380515,
        "client_9": 0.034956526899908004
    }
}