{
    "client_0": {
        "client_0": 0.00018059596669007724,
        "client_1": 0.00024078254326561323,
        "client_2": 0.7128945601074546,
        "client_3": 0.342806305707064,
        "client_4": 0.7213451286558336,
        "client_5": 0.824787609732515,
        "client_6": 0.26480011143613313,
        "client_7": 0.6458314932704654,
        "client_8": 0.47447406080920784,
        "client_9": 0.6583064081852451
    },
    "client_1": {
        "client_0": 0.00042128491900295903,
        "client_1": 0.0002808847870792998,
        "client_2": 0.5993114109050028,
        "client_3": 0.2247553232226982,
        "client_4": 0.7088927315471449,
        "client_5": 0.7801086850093019,
        "client_6": 0.27207004160887654,
        "client_7": 0.6494949426517712,
        "client_8": 0.009248531820542527,
        "client_9": 0.6572995109859763
    },
    "client_2": {
        "client_0": 0.004260048157066124,
        "client_1": 0.004245108896271687,
        "client_2": 0.09241330751628234,
        "client_3": 0.10417030186703892,
        "client_4": 0.0929579935104797,
        "client_5": 0.6551495816529225,
        "client_6": 0.5736214124475976,
        "client_7": 0.5330079799511971,
        "client_8": 0.009182736455463728,
        "client_9": 0.009367251354578015
    },
    "client_3": {
        "client_0": 0.005345129481153811,
        "client_1": 0.00585383700722583,
        "client_2": 0.08290339797189113,
        "client_3": 0.08719587995027528,
        "client_4": 0.0811630396004281,
        "client_5": 0.6322355289421157,
        "client_6": 0.5865816359731894,
        "client_7": 0.5415388718495798,
        "client_8": 0.009795918367346938,
        "client_9": 0.00897189416826879
    },
    "client_4": {
        "client_0": 0.004589261128958238,
        "client_1": 0.005460502366217692,
        "client_2": 0.08625667045752777,
        "client_3": 0.10013884068031934,
        "client_4": 0.08623258259574096,
        "client_5": 0.6317846561180104,
        "client_6": 0.5894487878588792,
        "client_7": 0.5391630901287553,
        "client_8": 0.009461426491994177,
        "client_9": 0.009668004377964248
    },
    "client_5": {
        "client_0": 0.01940772963024929,
        "client_1": 0.008336112037345782,
        "client_2": 0.13346166185434713,
        "client_3": 0.18768149167048756,
        "client_4": 0.15962891874600127,
        "client_5": 0.2702781418377749,
        "client_6": 0.2753937292298801,
        "client_7": 0.26027196958619686,
        "client_8": 0.0013545546901456145,
        "client_9": 0.02190144350423096
    },
    "client_6": {
        "client_0": 0.019689119170984457,
        "client_1": 0.008313127814340146,
        "client_2": 0.12955465587044535,
        "client_3": 0.17762842054728759,
        "client_4": 0.14568022211334314,
        "client_5": 0.26843613331322574,
        "client_6": 0.2719311722230757,
        "client_7": 0.25616813889734996,
        "client_8": 0.0030911901081916533,
        "client_9": 0.02419215482979091
    },
    "client_7": {
        "client_0": 0.01971447994561523,
        "client_1": 0.010205817315870046,
        "client_2": 0.1374979342257478,
        "client_3": 0.1723229505656284,
        "client_4": 0.1541184041184041,
        "client_5": 0.26370918052988296,
        "client_6": 0.2658536585365854,
        "client_7": 0.2560542958506864,
        "client_8": 0.002817893624515674,
        "client_9": 0.0236846557266114
    },
    "client_8": {
        "client_0": 0.16250717355094269,
        "client_1": 0.16351655731053874,
        "client_2": 0.23638339841391248,
        "client_3": 0.23977501004419444,
        "client_4": 0.25537224087814075,
        "client_5": 0.3151056044167683,
        "client_6": 0.2426512891184223,
        "client_7": 0.2860276834682685,
        "client_8": 0.0361981466788425,
        "client_9": 0.03515607438821537
    },
    "client_9": {
        "client_0": 0.17007895830447434,
        "client_1": 0.16523369678449892,
        "client_2": 0.236850528112664,
        "client_3": 0.25139893905520355,
        "client_4": 0.2547802662159307,
        "client_5": 0.3200803059759336,
        "client_6": 0.28153674196147743,
        "client_7": 0.3513880751442925,
        "client_8": 0.036132217150164306,
        "client_9": 0.03265184744628652
    }
}