{
    "client_0": {
        "client_0": 0.00020067426553218814,
        "client_1": 0.0002608503722134157,
        "client_2": 0.7274642626844325,
        "client_3": 0.6947438735281406,
        "client_4": 0.7449088825359242,
        "client_5": 0.7197852307613261,
        "client_6": 0.24693899092252478,
        "client_7": 0.2600930524882375,
        "client_8": 0.7160562218987131,
        "client_9": 0.736928156348819
    },
    "client_1": {
        "client_0": 0.0005416248746238717,
        "client_1": 0.00038118931064922557,
        "client_2": 0.7231153525907897,
        "client_3": 0.7326968063466234,
        "client_4": 0.7431136554211246,
        "client_5": 0.49019934561318473,
        "client_6": 0.26628515767685373,
        "client_7": 0.2646516000975032,
        "client_8": 0.6910454327570243,
        "client_9": 0.7331405510184625
    },
    "client_2": {
        "client_0": 0.042162162162162155,
        "client_1": 0.005130554283096656,
        "client_2": 0.0883576803895529,
        "client_3": 0.08826125330979699,
        "client_4": 0.08879829847571782,
        "client_5": 0.5758966074313409,
        "client_6": 0.11835831062670299,
        "client_7": 0.5733924327102204,
        "client_8": 0.011849657470838736,
        "client_9": 0.5178510478530959
    },
    "client_3": {
        "client_0": 0.017752562225475842,
        "client_1": 0.005125388980413693,
        "client_2": 0.08007864867280365,
        "client_3": 0.08007900170571865,
        "client_4": 0.0807899461400359,
        "client_5": 0.5866632070576023,
        "client_6": 0.11859979101358413,
        "client_7": 0.5879602571595559,
        "client_8": 0.013840191917327918,
        "client_9": 0.527482993197279
    },
    "client_4": {
        "client_0": 0.027092928745597402,
        "client_1": 0.005460502366217692,
        "client_2": 0.07960893854748603,
        "client_3": 0.08016803780850691,
        "client_4": 0.08001406840763212,
        "client_5": 0.5858165256994144,
        "client_6": 0.12009317573979812,
        "client_7": 0.5839378238341969,
        "client_8": 0.014380631655592972,
        "client_9": 0.5198458313611468
    },
    "client_5": {
        "client_0": 0.024052718286655686,
        "client_1": 0.026635975008220982,
        "client_2": 0.03312355084465055,
        "client_3": 0.025469168900804293,
        "client_4": 0.028371161548731646,
        "client_5": 0.2532572097789489,
        "client_6": 0.23796870386772956,
        "client_7": 0.24305965741287655,
        "client_8": 0.08703939008894535,
        "client_9": 0.056203164029975015
    },
    "client_6": {
        "client_0": 0.021552449907391816,
        "client_1": 0.027122049221496733,
        "client_2": 0.03086526790358939,
        "client_3": 0.01828410689170183,
        "client_4": 0.031212068666551063,
        "client_5": 0.2520238277073469,
        "client_6": 0.2342760006181425,
        "client_7": 0.24147465437788018,
        "client_8": 0.08868601238995762,
        "client_9": 0.05464716006884682
    },
    "client_7": {
        "client_0": 0.02216538789428815,
        "client_1": 0.027720739219712527,
        "client_2": 0.027630905679686166,
        "client_3": 0.019818896292499572,
        "client_4": 0.02909464316275886,
        "client_5": 0.2497698680576864,
        "client_6": 0.23300370828182942,
        "client_7": 0.23761467889908258,
        "client_8": 0.07949652202716131,
        "client_9": 0.04895104895104895
    },
    "client_8": {
        "client_0": 0.037335963889636205,
        "client_1": 0.0344316087562368,
        "client_2": 0.23882797630217412,
        "client_3": 0.24612180599684938,
        "client_4": 0.3402809357788894,
        "client_5": 0.2358974358974359,
        "client_6": 0.181601683650864,
        "client_7": 0.3082133566847812,
        "client_8": 0.04460678345136042,
        "client_9": 0.03654992660055723
    },
    "client_9": {
        "client_0": 0.03605290533511666,
        "client_1": 0.16297140633036322,
        "client_2": 0.23905486221180355,
        "client_3": 0.24650268514221307,
        "client_4": 0.33667728170981914,
        "client_5": 0.2747982109559389,
        "client_6": 0.2603263942769222,
        "client_7": 0.3267686158438634,
        "client_8": 0.041769660010953065,
        "client_9": 0.033284706302658604
    }
}