{
    "attacker_000": {
        "attacker_000": 0.8846153846153846,
        "attacker_001": 0.9047619047619048,
        "client_000": 0.00537077779215737,
        "client_001": 0.009777916471628439,
        "client_002": 0.007197906063690564,
        "client_003": 0.005957853701592439,
        "client_004": 0.006287269898885143,
        "client_005": 0.03944896681277395,
        "client_006": 0.041418261688107944,
        "client_007": 0.03967254408060453,
        "client_008": 0.04724990771502399,
        "client_009": 0.03916614024005054,
        "client_010": 0.0008748086356109602,
        "client_011": 0.0008123476848090983,
        "client_012": 0.0008122969257685578,
        "client_013": 0.002548145244278924,
        "client_014": 0.002664251079021687,
        "client_015": 0.002879131831017108,
        "client_016": 0.0026318559848405093,
        "client_017": 0.002879291251384275
    },
    "attacker_001": {
        "attacker_000": 0.8506787330316742,
        "attacker_001": 0.8755760368663595,
        "client_000": 0.005959128153641869,
        "client_001": 0.010250509910569531,
        "client_002": 0.007637752318603382,
        "client_003": 0.006782910015851366,
        "client_004": 0.006605575883171971,
        "client_005": 0.049001814882032674,
        "client_006": 0.05095541401273885,
        "client_007": 0.04989351992698509,
        "client_008": 0.05961674946770759,
        "client_009": 0.04943545926151968,
        "client_010": 0.0012495704601543217,
        "client_011": 0.0012495704601543217,
        "client_012": 0.0012495704601543217,
        "client_013": 0.002158873460576027,
        "client_014": 0.002030348365035264,
        "client_015": 0.0021133418608531226,
        "client_016": 0.0020084566596194507,
        "client_017": 0.0023368385912201635
    },
    "client_000": {
        "attacker_000": 0.2740838493553954,
        "attacker_001": 0.26779949022939675,
        "client_000": 0.9771847898599066,
        "client_001": 0.9771908763505401,
        "client_002": 0.9765082754938601,
        "client_003": 0.9770544290288155,
        "client_004": 0.9770605494798613,
        "client_005": 0.0885450247152375,
        "client_006": 0.08833619210977703,
        "client_007": 0.10988553590010405,
        "client_008": 0.07284623773173392,
        "client_009": 0.07675996607294318,
        "client_010": 0.12384875271902623,
        "client_011": 0.15835320007335413,
        "client_012": 0.12593897802095894,
        "client_013": 0.09546053419571206,
        "client_014": 0.09308557115395819,
        "client_015": 0.09470685971991455,
        "client_016": 0.09493670886075949,
        "client_017": 0.09330985915492956
    },
    "client_001": {
        "attacker_000": 0.27829011056198094,
        "attacker_001": 0.27360747237726396,
        "client_000": 0.9759148369926813,
        "client_001": 0.9763234902899707,
        "client_002": 0.9756292449061127,
        "client_003": 0.9756616571352573,
        "client_004": 0.9759212451775975,
        "client_005": 0.07347287483981206,
        "client_006": 0.07274283269148481,
        "client_007": 0.09134315964293128,
        "client_008": 0.06098615916955018,
        "client_009": 0.05985247629083246,
        "client_010": 0.12181667739266341,
        "client_011": 0.16229985443959244,
        "client_012": 0.12406170849643101,
        "client_013": 0.10244164527490895,
        "client_014": 0.10027855153203342,
        "client_015": 0.10130622377209055,
        "client_016": 0.10166666666666666,
        "client_017": 0.10011097482623679
    },
    "client_002": {
        "attacker_000": 0.2765741023293663,
        "attacker_001": 0.26965525088178405,
        "client_000": 0.9765283118949741,
        "client_001": 0.9765345353307702,
        "client_002": 0.9763800424628449,
        "client_003": 0.9767996818242078,
        "client_004": 0.9765345353307702,
        "client_005": 0.08164983164983164,
        "client_006": 0.0813830908707569,
        "client_007": 0.0997353958884592,
        "client_008": 0.0691864189622037,
        "client_009": 0.06969508400746734,
        "client_010": 0.1252751283932502,
        "client_011": 0.1623096158217777,
        "client_012": 0.12843024592047805,
        "client_013": 0.10171730515191545,
        "client_014": 0.0993006993006993,
        "client_015": 0.10012485879065341,
        "client_016": 0.10096528568859044,
        "client_017": 0.09890626837586734
    },
    "client_003": {
        "attacker_000": 0.277128717922555,
        "attacker_001": 0.2735569244809491,
        "client_000": 0.9761458054140981,
        "client_001": 0.9765509848586359,
        "client_002": 0.9760021450596595,
        "client_003": 0.9762829961141632,
        "client_004": 0.9758971612212105,
        "client_005": 0.062379006237900624,
        "client_006": 0.06232538147431765,
        "client_007": 0.08324618280694415,
        "client_008": 0.0549618320610687,
        "client_009": 0.05314625850340136,
        "client_010": 0.12064281438504398,
        "client_011": 0.15214308586066508,
        "client_012": 0.1228612276898953,
        "client_013": 0.09066859066859069,
        "client_014": 0.08800841514726508,
        "client_015": 0.08940141472983416,
        "client_016": 0.08958794330482626,
        "client_017": 0.08792627810060456
    },
    "client_004": {
        "attacker_000": 0.2719060984945139,
        "attacker_001": 0.268938311131439,
        "client_000": 0.9768256534626786,
        "client_001": 0.9769758987478121,
        "client_002": 0.9765625,
        "client_003": 0.9766940590057928,
        "client_004": 0.9764309764309764,
        "client_005": 0.08263395739186573,
        "client_006": 0.08326180257510729,
        "client_007": 0.11051100955546324,
        "client_008": 0.0703056768558952,
        "client_009": 0.07215619694397284,
        "client_010": 0.12230613372628478,
        "client_011": 0.15719965269844172,
        "client_012": 0.1250519126943842,
        "client_013": 0.09529517530716211,
        "client_014": 0.09342419476964296,
        "client_015": 0.09389671361502347,
        "client_016": 0.09396453943048176,
        "client_017": 0.09270356009869579
    },
    "client_005": {
        "attacker_000": 0.30923678905972096,
        "attacker_001": 0.27863502679182955,
        "client_000": 0.5345113530139011,
        "client_001": 0.5323150300359224,
        "client_002": 0.5313151454726729,
        "client_003": 0.5335946924004825,
        "client_004": 0.5309279908137673,
        "client_005": 0.9741675955992827,
        "client_006": 0.9728029423151374,
        "client_007": 0.9695761796133989,
        "client_008": 0.9740054853037547,
        "client_009": 0.9744222625529341,
        "client_010": 0.6978110209601082,
        "client_011": 0.6844359220198146,
        "client_012": 0.69799448641596,
        "client_013": 0.0181525952538527,
        "client_014": 0.018139732627899287,
        "client_015": 0.018035882908404157,
        "client_016": 0.018143160878809354,
        "client_017": 0.01870041556479033
    },
    "client_006": {
        "attacker_000": 0.2996893172946706,
        "attacker_001": 0.27422747128296393,
        "client_000": 0.5407011646055949,
        "client_001": 0.5395586248311065,
        "client_002": 0.5383621337340346,
        "client_003": 0.539876932312772,
        "client_004": 0.5378348314944532,
        "client_005": 0.9738237644380948,
        "client_006": 0.9723692798607587,
        "client_007": 0.96836399395582,
        "client_008": 0.9733925149773218,
        "client_009": 0.9735219441421836,
        "client_010": 0.7008716156469744,
        "client_011": 0.6876631507459835,
        "client_012": 0.7010274690710842,
        "client_013": 0.019141476357433906,
        "client_014": 0.01902508282063417,
        "client_015": 0.01864470944539088,
        "client_016": 0.018938497230244784,
        "client_017": 0.019122449945567284
    },