{
    "client_0": {
        "client_0": 0.9992275900810529,
        "client_1": 0.999152504124647,
        "client_2": 0.6033413288390665,
        "client_3": 0.6125984689553609,
        "client_4": 0.5648168111192561,
        "client_5": 0.6467296827466318,
        "client_6": 0.654555028962612,
        "client_7": 0.6467121166852269,
        "client_8": 0.08417657111038575,
        "client_9": 0.08758228806331989
    },
    "client_1": {
        "client_0": 0.9993380140421264,
        "client_1": 0.9993130180570947,
        "client_2": 0.604634267312139,
        "client_3": 0.6142960208668627,
        "client_4": 0.5657412859584369,
        "client_5": 0.6480800792111437,
        "client_6": 0.6552345230947738,
        "client_7": 0.6480668940775955,
        "client_8": 0.08113149494250223,
        "client_9": 0.08379335835869471
    },
    "client_2": {
        "client_0": 0.13872337999258774,
        "client_1": 0.13266271869338309,
        "client_2": 0.9433374440189524,
        "client_3": 0.9414976599063963,
        "client_4": 0.9397825662391772,
        "client_5": 0.10165249478581743,
        "client_6": 0.30374562725747273,
        "client_7": 0.10075743109922984,
        "client_8": 0.21745057941376958,
        "client_9": 0.20279055018233708
    },
    "client_3": {
        "client_0": 0.13554147465437788,
        "client_1": 0.12883935852133732,
        "client_2": 0.9470967741935483,
        "client_3": 0.9442970822281167,
        "client_4": 0.9431273481020858,
        "client_5": 0.1056752734096939,
        "client_6": 0.31220878712517514,
        "client_7": 0.10502283105022832,
        "client_8": 0.21176073567873113,
        "client_9": 0.1970125786163522
    },
    "client_4": {
        "client_0": 0.13489971346704868,
        "client_1": 0.12884349687102103,
        "client_2": 0.9504391870231454,
        "client_3": 0.9478825268298954,
        "client_4": 0.9461285962541031,
        "client_5": 0.10794997910438164,
        "client_6": 0.3117016131326638,
        "client_7": 0.1071337417049515,
        "client_8": 0.21056200728998897,
        "client_9": 0.19567618747041185
    },
    "client_5": {
        "client_0": 0.04473085670962851,
        "client_1": 0.05694787622073185,
        "client_2": 0.0006261740763932373,
        "client_3": 0.0012476606363069245,
        "client_4": 0.0006255864873318737,
        "client_5": 0.9379722368652258,
        "client_6": 0.9358307318765174,
        "client_7": 0.9328499913688935,
        "client_8": 0.2904820766378245,
        "client_9": 0.3042944785276073
    },
    "client_6": {
        "client_0": 0.04101010689424169,
        "client_1": 0.05263246453870875,
        "client_2": 0.0006557377049180329,
        "client_3": 0.0013063357282821686,
        "client_4": 0.0006542361792607131,
        "client_5": 0.9353583997036488,
        "client_6": 0.9320672023374725,
        "client_7": 0.9318513119533528,
        "client_8": 0.29945143594707974,
        "client_9": 0.3140390150303806
    },
    "client_7": {
        "client_0": 0.04090288469918369,
        "client_1": 0.0530290260594006,
        "client_2": 0.0006613756613756613,
        "client_3": 0.0006589785831960462,
        "client_4": 0.0006609385327164573,
        "client_5": 0.9443614637789394,
        "client_6": 0.9393995210904402,
        "client_7": 0.939644101999633,
        "client_8": 0.2929853181076672,
        "client_9": 0.31280232183166723
    },
    "client_8": {
        "client_0": 0.7000314383373802,
        "client_1": 0.7022422481136855,
        "client_2": 0.5044235894908953,
        "client_3": 0.4966605950212507,
        "client_4": 0.5041779609758283,
        "client_5": 0.009896522212712986,
        "client_6": 0.009897754330267522,
        "client_7": 0.009888059701492539,
        "client_8": 0.9597388798434501,
        "client_9": 0.9596912259247937
    },
    "client_9": {
        "client_0": 0.7016102640138385,
        "client_1": 0.703803027782399,
        "client_2": 0.5059615341757483,
        "client_3": 0.49858578631398903,
        "client_4": 0.5050883352839548,
        "client_5": 0.009167634533488192,
        "client_6": 0.009168770424520266,
        "client_7": 0.009159549449189256,
        "client_8": 0.9600109559024924,
        "client_9": 0.9596263843251794
    }
}