{
    "client_0": {
        "client_0": 0.99907,
        "client_1": 0.99911,
        "client_2": 0.93826,
        "client_3": 0.94223,
        "client_4": 0.94111,
        "client_5": 0.76969,
        "client_6": 0.71245,
        "client_7": 0.75288,
        "client_8": 0.06318,
        "client_9": 0.0633
    },
    "client_1": {
        "client_0": 0.99922,
        "client_1": 0.9993,
        "client_2": 0.9383,
        "client_3": 0.94225,
        "client_4": 0.94082,
        "client_5": 0.76899,
        "client_6": 0.71198,
        "client_7": 0.75203,
        "client_8": 0.06074,
        "client_9": 0.06087
    },
    "client_2": {
        "client_0": 0.47608976089760896,
        "client_1": 0.47394473944739446,
        "client_2": 0.9941349413494135,
        "client_3": 0.994239942399424,
        "client_4": 0.994119941199412,
        "client_5": 0.537680376803768,
        "client_6": 0.5312453124531246,
        "client_7": 0.552530525305253,
        "client_8": 0.8668436684366844,
        "client_9": 0.8677436774367744
    },
    "client_3": {
        "client_0": 0.48036480364803646,
        "client_1": 0.477859778597786,
        "client_2": 0.9941049410494105,
        "client_3": 0.994209942099421,
        "client_4": 0.994029940299403,
        "client_5": 0.542720427204272,
        "client_6": 0.535580355803558,
        "client_7": 0.5592955929559296,
        "client_8": 0.8649386493864939,
        "client_9": 0.8645786457864578
    },
    "client_4": {
        "client_0": 0.480559805598056,
        "client_1": 0.47779977799777995,
        "client_2": 0.994839948399484,
        "client_3": 0.994809948099481,
        "client_4": 0.994779947799478,
        "client_5": 0.5403504035040351,
        "client_6": 0.5331953319533196,
        "client_7": 0.5565505655056551,
        "client_8": 0.8658086580865809,
        "client_9": 0.8658086580865809
    },
    "client_5": {
        "client_0": 0.14631146311463114,
        "client_1": 0.14790147901479014,
        "client_2": 0.9235442354423544,
        "client_3": 0.8405034050340503,
        "client_4": 0.8557885578855788,
        "client_5": 0.9953649536495365,
        "client_6": 0.995529955299553,
        "client_7": 0.9953949539495395,
        "client_8": 0.9596945969459695,
        "client_9": 0.960129601296013
    },
    "client_6": {
        "client_0": 0.14229142291422914,
        "client_1": 0.14439144391443914,
        "client_2": 0.9264542645426455,
        "client_3": 0.8411934119341193,
        "client_4": 0.8568535685356854,
        "client_5": 0.9955749557495575,
        "client_6": 0.995619956199562,
        "client_7": 0.995589955899559,
        "client_8": 0.961479614796148,
        "client_9": 0.9620646206462065
    },
    "client_7": {
        "client_0": 0.14460144601446015,
        "client_1": 0.14616146161461616,
        "client_2": 0.926859268592686,
        "client_3": 0.8410884108841088,
        "client_4": 0.8569585695856958,
        "client_5": 0.9960549605496055,
        "client_6": 0.996159961599616,
        "client_7": 0.9959949599495995,
        "client_8": 0.9617346173461735,
        "client_9": 0.9623046230462304
    },
    "client_8": {
        "client_0": 0.54264,
        "client_1": 0.54255,
        "client_2": 0.52255,
        "client_3": 0.52965,
        "client_4": 0.52117,
        "client_5": 0.35074,
        "client_6": 0.35063,
        "client_7": 0.35034,
        "client_8": 0.96702,
        "client_9": 0.96664
    },
    "client_9": {
        "client_0": 0.54353,
        "client_1": 0.54341,
        "client_2": 0.52341,
        "client_3": 0.53037,
        "client_4": 0.52232,
        "client_5": 0.34812,
        "client_6": 0.34813,
        "client_7": 0.34771,
        "client_8": 0.96757,
        "client_9": 0.96687
    }
}