{
    "client_0": {
        "client_0": 0.99911,
        "client_1": 0.99905,
        "client_2": 0.8583,
        "client_3": 0.85818,
        "client_4": 0.85898,
        "client_5": 0.6804,
        "client_6": 0.61906,
        "client_7": 0.58461,
        "client_8": 0.06314,
        "client_9": 0.06321
    },
    "client_1": {
        "client_0": 0.9993,
        "client_1": 0.99924,
        "client_2": 0.8554,
        "client_3": 0.85528,
        "client_4": 0.85619,
        "client_5": 0.68002,
        "client_6": 0.61961,
        "client_7": 0.58551,
        "client_8": 0.06056,
        "client_9": 0.06067
    },
    "client_2": {
        "client_0": 0.49275492754927547,
        "client_1": 0.490849908499085,
        "client_2": 0.9943449434494345,
        "client_3": 0.994359943599436,
        "client_4": 0.9942849428494285,
        "client_5": 0.5188101881018811,
        "client_6": 0.51740017400174,
        "client_7": 0.5168151681516815,
        "client_8": 0.8720337203372034,
        "client_9": 0.8721987219872199
    },
    "client_3": {
        "client_0": 0.4970149701497015,
        "client_1": 0.4945249452494525,
        "client_2": 0.9943449434494345,
        "client_3": 0.994329943299433,
        "client_4": 0.9942849428494285,
        "client_5": 0.5230552305523055,
        "client_6": 0.5212852128521285,
        "client_7": 0.522860228602286,
        "client_8": 0.8697236972369724,
        "client_9": 0.8691686916869169
    },
    "client_4": {
        "client_0": 0.4979149791497915,
        "client_1": 0.49543995439954397,
        "client_2": 0.9950349503495035,
        "client_3": 0.9949149491494915,
        "client_4": 0.994929949299493,
        "client_5": 0.5213752137521375,
        "client_6": 0.5198151981519815,
        "client_7": 0.520220202202022,
        "client_8": 0.8703837038370383,
        "client_9": 0.8698886988869888
    },
    "client_5": {
        "client_0": 0.14548645486454864,
        "client_1": 0.14797647976479764,
        "client_2": 0.9294392943929439,
        "client_3": 0.8909939099390994,
        "client_4": 0.8886238862388623,
        "client_5": 0.995409954099541,
        "client_6": 0.995619956199562,
        "client_7": 0.9955749557495575,
        "client_8": 0.9589445894458944,
        "client_9": 0.9589745897458974
    },
    "client_6": {
        "client_0": 0.14113641136411365,
        "client_1": 0.14403144031440315,
        "client_2": 0.9324543245432454,
        "client_3": 0.8919839198391984,
        "client_4": 0.8900639006390064,
        "client_5": 0.995709957099571,
        "client_6": 0.9956649566495664,
        "client_7": 0.995709957099571,
        "client_8": 0.9608196081960819,
        "client_9": 0.9609396093960939
    },
    "client_7": {
        "client_0": 0.14356643566435665,
        "client_1": 0.14622146221462215,
        "client_2": 0.9326193261932619,
        "client_3": 0.8930939309393094,
        "client_4": 0.8904239042390424,
        "client_5": 0.9961149611496115,
        "client_6": 0.9962499624996249,
        "client_7": 0.9962949629496295,
        "client_8": 0.9611346113461134,
        "client_9": 0.961149611496115
    },
    "client_8": {
        "client_0": 0.54295,
        "client_1": 0.54196,
        "client_2": 0.52482,
        "client_3": 0.53872,
        "client_4": 0.53957,
        "client_5": 0.35078,
        "client_6": 0.35083,
        "client_7": 0.35023,
        "client_8": 0.97137,
        "client_9": 0.97164
    },
    "client_9": {
        "client_0": 0.54337,
        "client_1": 0.54246,
        "client_2": 0.52547,
        "client_3": 0.54018,
        "client_4": 0.5408,
        "client_5": 0.34823,
        "client_6": 0.34838,
        "client_7": 0.34766,
        "client_8": 0.97165,
        "client_9": 0.97176
    }
}