{
    "attacker_000": {
        "attacker_000": 0.9953159224936815,
        "attacker_001": 0.9953331648555303,
        "client_000": 0.9553210115124787,
        "client_001": 0.9532193741622677,
        "client_002": 0.9537592308073549,
        "client_003": 0.9510801347691088,
        "client_004": 0.9570192991450165,
        "client_005": 0.03375064532782654,
        "client_006": 0.03451501564465663,
        "client_007": 0.03405792427272141,
        "client_008": 0.03502096098032892,
        "client_009": 0.03437489922930573,
        "client_010": 0.9639203715130061,
        "client_011": 0.963810822658419,
        "client_012": 0.9638890692992143,
        "client_013": 0.7005563434056944,
        "client_014": 0.7004646495495298,
        "client_015": 0.7109755306029726,
        "client_016": 0.7013367115149397,
        "client_017": 0.7004777174268698
    },
    "attacker_001": {
        "attacker_000": 0.9952969337356505,
        "attacker_001": 0.9953478964401294,
        "client_000": 0.954549961987241,
        "client_001": 0.9519597124208992,
        "client_002": 0.952895676318921,
        "client_003": 0.9496181691956758,
        "client_004": 0.9561057962858751,
        "client_005": 0.035371954171373246,
        "client_006": 0.03651259555526885,
        "client_007": 0.035679721272340155,
        "client_008": 0.03663807005095788,
        "client_009": 0.03637653584443227,
        "client_010": 0.963521195387364,
        "client_011": 0.9634116634457671,
        "client_012": 0.9635055464423187,
        "client_013": 0.6998404685417076,
        "client_014": 0.6997181375226692,
        "client_015": 0.7106768350810295,
        "client_016": 0.7004987312975763,
        "client_017": 0.6997618371315577
    },
    "client_000": {
        "attacker_000": 0.003630363036303631,
        "attacker_001": 0.002570143499678732,
        "client_000": 0.9765858970868501,
        "client_001": 0.9764401470788506,
        "client_002": 0.976858154097468,
        "client_003": 0.976858154097468,
        "client_004": 0.976725193956717,
        "client_005": 0.10002164970772896,
        "client_006": 0.1785787425762851,
        "client_007": 0.185655657611882,
        "client_008": 0.22355050806933655,
        "client_009": 0.0977475563110922,
        "client_010": 0.30766612779715813,
        "client_011": 0.30110646056939205,
        "client_012": 0.3097065847833504,
        "client_013": 0.10481736368448916,
        "client_014": 0.10851485148514853,
        "client_015": 0.10681685764226063,
        "client_016": 0.10805070684276896,
        "client_017": 0.10728969522939372
    },
    "client_001": {
        "attacker_000": 0.00426509186351706,
        "attacker_001": 0.0033648790746582547,
        "client_000": 0.9773299748110831,
        "client_001": 0.9782377919320594,
        "client_002": 0.9779840848806367,
        "client_003": 0.9777247414478918,
        "client_004": 0.9774655355249205,
        "client_005": 0.10006387055567383,
        "client_006": 0.18386190285026097,
        "client_007": 0.19273422562141493,
        "client_008": 0.22521994134897358,
        "client_009": 0.09877057720358408,
        "client_010": 0.3161164057181757,
        "client_011": 0.3084939210983376,
        "client_012": 0.3182186580215843,
        "client_013": 0.10397188515350442,
        "client_014": 0.10795454545454546,
        "client_015": 0.10587090496269867,
        "client_016": 0.10680836931252075,
        "client_017": 0.10587543297823673
    },
    "client_002": {
        "attacker_000": 0.0032273680813296756,
        "attacker_001": 0.0016767973171242924,
        "client_000": 0.9776648388391066,
        "client_001": 0.9772483940042827,
        "client_002": 0.9772666488365873,
        "client_003": 0.9775341000267451,
        "client_004": 0.9776648388391066,
        "client_005": 0.10337462622810764,
        "client_006": 0.19976028765481424,
        "client_007": 0.20871559633027523,
        "client_008": 0.23660539694955027,
        "client_009": 0.10014665828619318,
        "client_010": 0.31075495571488826,
        "client_011": 0.3043138545050788,
        "client_012": 0.31230977341900573,
        "client_013": 0.10248631537294732,
        "client_014": 0.10475751793117065,
        "client_015": 0.10282909184859837,
        "client_016": 0.1041625306068427,
        "client_017": 0.10347520499804765
    },
    "client_003": {
        "attacker_000": 0.006219312602291326,
        "attacker_001": 0.00416579879191835,
        "client_000": 0.9764070119942007,
        "client_001": 0.9766521567075584,
        "client_002": 0.9766767690077744,
        "client_003": 0.9769403083410199,
        "client_004": 0.9766829139770782,
        "client_005": 0.10291955471539593,
        "client_006": 0.19293746301045572,
        "client_007": 0.2004927041879856,
        "client_008": 0.23450134770889489,
        "client_009": 0.09969104016477857,
        "client_010": 0.3142545881169865,
        "client_011": 0.3080006544502618,
        "client_012": 0.31603714129658417,
        "client_013": 0.10248671347024474,
        "client_014": 0.10572514083584436,
        "client_015": 0.10396294390118373,
        "client_016": 0.10549190043461082,
        "client_017": 0.10465643416877146
    },
    "client_004": {
        "attacker_000": 0.004608294930875576,
        "attacker_001": 0.004227436060029592,
        "client_000": 0.9770849986677324,
        "client_001": 0.9778607628700987,
        "client_002": 0.9777481678880746,
        "client_003": 0.9778843591793233,
        "client_004": 0.9780146568954032,
        "client_005": 0.10878306878306879,
        "client_006": 0.19940179461615157,
        "client_007": 0.20831743609309422,
        "client_008": 0.2454368932038835,
        "client_009": 0.10780437044745056,
        "client_010": 0.3115569417516649,
        "client_011": 0.30446560499097025,
        "client_012": 0.3139362647594058,
        "client_013": 0.09999335150588393,
        "client_014": 0.10342316096139839,
        "client_015": 0.10189096107609331,
        "client_016": 0.10249566261844388,
        "client_017": 0.10173486088379706
    },
    "client_005": {
        "attacker_000": 0.04763343403826787,
        "attacker_001": 0.015774647887323946,
        "client_000": 0.5005574867186987,
        "client_001": 0.5165858389912705,
        "client_002": 0.5179586563307493,
        "client_003": 0.5174685179205684,
        "client_004": 0.51605400865689,
        "client_005": 0.975547842304305,
        "client_006": 0.9758546621464249,
        "client_007": 0.9738241519954567,
        "client_008": 0.9715710466790048,
        "client_009": 0.9751808916206334,
        "client_010": 0.6860256495448203,
        "client_011": 0.6882065719438701,
        "client_012": 0.6873173323886281,
        "client_013": 0.021173133421132608,
        "client_014": 0.021372499366928335,
        "client_015": 0.02179506583926139,
        "client_016": 0.020856535385238434,
        "client_017": 0.021708400646203555
    },
    "client_006": {
        "attacker_000": 0.04830089744882526,
        "attacker_001": 0.015396458814472672,
        "client_000": 0.4920404253913732,
        "client_001": 0.5101290930966086,
        "client_002": 0.5109175981284118,
        "client_003": 0.510183530940393,
        "client_004": 0.5091416880459845,
        "client_005": 0.9732237745923948,
        "client_006": 0.974454634955179,
        "client_007": 0.9716986004234881,
        "client_008": 0.9702649125968643,
        "client_009": 0.9737722779982878,
        "client_010": 0.6864065199096425,
        "client_011": 0.6885051149488506,
        "client_012": 0.6872194086294977,
        "client_013": 0.022917406074126654,
        "client_014": 0.02292903160351037,
        "client_015": 0.023242888181496637,
        "client_016": 0.022790579893643963,
        "client_017": 0.023157043179290123
    },
    "client_007": {
        "attacker_000": 0.0423360614327574,