{
    "attacker_000": {
        "attacker_000": 0.9831789210854852,
        "attacker_001": 0.9830642114427453,
        "client_000": 0.9673505332854951,
        "client_001": 0.9618143114458818,
        "client_002": 0.9665850872899331,
        "client_003": 0.9643136998824605,
        "client_004": 0.9667852132206597,
        "client_005": 0.06842759477936607,
        "client_006": 0.055703332811766544,
        "client_007": 0.056486926060302776,
        "client_008": 0.040367088208395095,
        "client_009": 0.05646926396097805,
        "client_010": 0.9784529679195748,
        "client_011": 0.9784999599775874,
        "client_012": 0.9784842954567284,
        "client_013": 0.6882263553282109,
        "client_014": 0.6936095834932003,
        "client_015": 0.7126233984457047,
        "client_016": 0.6760478004849325,
        "client_017": 0.7623546511627907
    },
    "attacker_001": {
        "attacker_000": 0.9828702942626993,
        "attacker_001": 0.9827543689480001,
        "client_000": 0.9660663012268337,
        "client_001": 0.9598727993967807,
        "client_002": 0.9654530915974476,
        "client_003": 0.9625465716713512,
        "client_004": 0.9655949077852131,
        "client_005": 0.07051003292538983,
        "client_006": 0.0588400812881038,
        "client_007": 0.05918565044842349,
        "client_008": 0.041436725426508156,
        "client_009": 0.05911576316200594,
        "client_010": 0.9781293028915431,
        "client_011": 0.9781613244100035,
        "client_012": 0.9781449637350497,
        "client_013": 0.6876152098426714,
        "client_014": 0.6934533970638443,
        "client_015": 0.7104952830188679,
        "client_016": 0.6749344145003577,
        "client_017": 0.7612151611989807
    },
    "client_000": {
        "attacker_000": 0.11420302760463047,
        "attacker_001": 0.10194467930909529,
        "client_000": 0.9764401470788506,
        "client_001": 0.9760283301552711,
        "client_002": 0.9756296800544588,
        "client_003": 0.9764337283748807,
        "client_004": 0.9756561947504421,
        "client_005": 0.20598802395209578,
        "client_006": 0.18744769874476988,
        "client_007": 0.21670702179176757,
        "client_008": 0.23229461756373937,
        "client_009": 0.10214239342133737,
        "client_010": 0.13155907889769725,
        "client_011": 0.1297835418759704,
        "client_012": 0.1307263625200718,
        "client_013": 0.10924593658406606,
        "client_014": 0.10903530350375641,
        "client_015": 0.10934274488912565,
        "client_016": 0.10990483849349954,
        "client_017": 0.10871006230942597
    },
    "client_001": {
        "attacker_000": 0.11737502752697644,
        "attacker_001": 0.10764734534827082,
        "client_000": 0.977459559798462,
        "client_001": 0.9779723991507431,
        "client_002": 0.9774475988325816,
        "client_003": 0.9784974780992832,
        "client_004": 0.9772064670023853,
        "client_005": 0.21425788858589792,
        "client_006": 0.19131144197430144,
        "client_007": 0.22239716591222197,
        "client_008": 0.23422354104846685,
        "client_009": 0.1030315878736485,
        "client_010": 0.1364990777089344,
        "client_011": 0.1338935062562791,
        "client_012": 0.13572306819256597,
        "client_013": 0.10776608498734515,
        "client_014": 0.10760125024938486,
        "client_015": 0.10799653771888942,
        "client_016": 0.108419993290842,
        "client_017": 0.10745832503154679
    },
    "client_002": {
        "attacker_000": 0.10489738299489629,
        "attacker_001": 0.0912912912912913,
        "client_000": 0.977123745819398,
        "client_001": 0.9773670818267042,
        "client_002": 0.9768437960112435,
        "client_003": 0.9772423025435073,
        "client_004": 0.9770053475935828,
        "client_005": 0.2250291488534784,
        "client_006": 0.20388151174668026,
        "client_007": 0.23258559622195987,
        "client_008": 0.24210110584518166,
        "client_009": 0.10385188337944243,
        "client_010": 0.1316752698263726,
        "client_011": 0.12970616285934874,
        "client_012": 0.13120135046422207,
        "client_013": 0.10513041746864009,
        "client_014": 0.10492150758428827,
        "client_015": 0.10544465813382851,
        "client_016": 0.10579816759178759,
        "client_017": 0.10489371564797036
    },
    "client_003": {
        "attacker_000": 0.11946176567115196,
        "attacker_001": 0.10609507843372051,
        "client_000": 0.9761434031896665,
        "client_001": 0.976124521830893,
        "client_002": 0.9759957794777103,
        "client_003": 0.9766459955139201,
        "client_004": 0.976027397260274,
        "client_005": 0.22235023041474658,
        "client_006": 0.20084524049104446,
        "client_007": 0.22980042627397793,
        "client_008": 0.2442064264849075,
        "client_009": 0.10433689503456946,
        "client_010": 0.1385539364029983,
        "client_011": 0.13614218693612415,
        "client_012": 0.13773848301535596,
        "client_013": 0.10640966400422472,
        "client_014": 0.1063114159467124,
        "client_015": 0.10660501981505943,
        "client_016": 0.10710484300159659,
        "client_017": 0.10596200617892591
    },
    "client_004": {
        "attacker_000": 0.11443116423196104,
        "attacker_001": 0.10183052491211056,
        "client_000": 0.9766759962681594,
        "client_001": 0.9771969595946126,
        "client_002": 0.9773333333333334,
        "client_003": 0.9768,
        "client_004": 0.9776238678742675,
        "client_005": 0.22681607418856264,
        "client_006": 0.2067016552280985,
        "client_007": 0.23664717348927877,
        "client_008": 0.24941451990632316,
        "client_009": 0.11031578947368421,
        "client_010": 0.13525260550544468,
        "client_011": 0.13237553085750428,
        "client_012": 0.13496415014761703,
        "client_013": 0.10368586527526924,
        "client_014": 0.1034782028172775,
        "client_015": 0.10421537844879418,
        "client_016": 0.10422838674925936,
        "client_017": 0.10330578512396693
    },
    "client_005": {
        "attacker_000": 0.29741650913673595,
        "attacker_001": 0.3624857096194676,
        "client_000": 0.4995568394445721,
        "client_001": 0.5151976175832712,
        "client_002": 0.5166063582321014,
        "client_003": 0.51437802907916,
        "client_004": 0.5145862914676649,
        "client_005": 0.9690002052966536,
        "client_006": 0.9695049708957915,
        "client_007": 0.9680273683669008,
        "client_008": 0.9685750962772786,
        "client_009": 0.9695498334151191,
        "client_010": 0.6852437971713773,
        "client_011": 0.6869649633748125,
        "client_012": 0.6866062705391243,
        "client_013": 0.020834386852085968,
        "client_014": 0.021245384187364057,
        "client_015": 0.021044111695669766,
        "client_016": 0.02092263727291284,
        "client_017": 0.022394835065066076
    },
    "client_006": {
        "attacker_000": 0.2950405531179365,
        "attacker_001": 0.3607107762856207,
        "client_000": 0.4908754297804813,
        "client_001": 0.5089370014650823,
        "client_002": 0.5102677410969587,
        "client_003": 0.5079984393289114,
        "client_004": 0.50814670561506,
        "client_005": 0.9678082367751715,
        "client_006": 0.9677619182820123,
        "client_007": 0.9662637560887606,
        "client_008": 0.9668560849553882,
        "client_009": 0.9682326158940397,
        "client_010": 0.6857901139002545,
        "client_011": 0.6876227031081111,
        "client_012": 0.6868287920475726,
        "client_013": 0.02280328367284889,
        "client_014": 0.022902310498581272,
        "client_015": 0.022895350015196027,
        "client_016": 0.02268662817433958,
        "client_017": 0.023752969121140145
    },
    "client_007": {
        "attacker_000": 0.29182156133828996,