{
    "attacker_000": {
        "attacker_000": 0.9995454046682238,
        "attacker_001": 0.9995924509373628,
        "client_000": 0.9542971178067852,
        "client_001": 0.9791297405189622,
        "client_002": 0.9644845894845895,
        "client_003": 0.9132356441029477,
        "client_004": 0.9698024428760191,
        "client_005": 0.14030998718098125,
        "client_006": 0.1407064441920736,
        "client_007": 0.14275322256816134,
        "client_008": 0.1425869343809108,
        "client_009": 0.14460001161912509,
        "client_010": 0.9995924509373628,
        "client_011": 0.9995924509373628,
        "client_012": 0.9995924509373628,
        "client_013": 0.6701116852808802,
        "client_014": 0.6700562617211919,
        "client_015": 0.26781740216034305,
        "client_016": 0.2858293940696175,
        "client_017": 0.6711638559233812
    },
    "attacker_001": {
        "attacker_000": 0.9994513504616493,
        "attacker_001": 0.999482734297851,
        "client_000": 0.9521030718290004,
        "client_001": 0.9789034926617373,
        "client_002": 0.9630794165316046,
        "client_003": 0.9116440571224319,
        "client_004": 0.9690256211806061,
        "client_005": 0.14548835047353437,
        "client_006": 0.14622956531838904,
        "client_007": 0.14802135313914355,
        "client_008": 0.1473183190155561,
        "client_009": 0.14900028977108082,
        "client_010": 0.9994827180813545,
        "client_011": 0.9994827180813545,
        "client_012": 0.9994670512257822,
        "client_013": 0.6691141194384764,
        "client_014": 0.6690863579474342,
        "client_015": 0.2702849242280478,
        "client_016": 0.28704896907216493,
        "client_017": 0.6700573215216258
    },
    "client_000": {
        "attacker_000": 0.3083279535183989,
        "attacker_001": 0.1657208765859285,
        "client_000": 0.9761742682096665,
        "client_001": 0.9760348583877996,
        "client_002": 0.9761742682096665,
        "client_003": 0.9765922700054438,
        "client_004": 0.9764529740029944,
        "client_005": 0.12641815235008105,
        "client_006": 0.1261101243339254,
        "client_007": 0.1697266421868625,
        "client_008": 0.12890231621349446,
        "client_009": 0.08508180943214629,
        "client_010": 0.16818224430486547,
        "client_011": 0.1657208765859285,
        "client_012": 0.16804911195463706,
        "client_013": 0.10697068403908794,
        "client_014": 0.10677404689225174,
        "client_015": 0.10695533804368963,
        "client_016": 0.10661645347704693,
        "client_017": 0.10645994832041343
    },
    "client_001": {
        "attacker_000": 0.31708051813917454,
        "attacker_001": 0.17032687595358081,
        "client_000": 0.9780963759458383,
        "client_001": 0.9779607010090281,
        "client_002": 0.9775772853920658,
        "client_003": 0.9783676177836762,
        "client_004": 0.9781021897810218,
        "client_005": 0.13094170403587443,
        "client_006": 0.1319104268719384,
        "client_007": 0.1723446893787575,
        "client_008": 0.13293532338308459,
        "client_009": 0.0806390262457208,
        "client_010": 0.17317279653842535,
        "client_011": 0.17046085508051081,
        "client_012": 0.17280120340337515,
        "client_013": 0.10656915240955989,
        "client_014": 0.10631921824104233,
        "client_015": 0.10603599506204925,
        "client_016": 0.10625,
        "client_017": 0.10563152096429267
    },
    "client_002": {
        "attacker_000": 0.31238809787705685,
        "attacker_001": 0.16598764019226367,
        "client_000": 0.9767192935509766,
        "client_001": 0.9763210702341137,
        "client_002": 0.9759358288770055,
        "client_003": 0.9766011498863484,
        "client_004": 0.976457998929909,
        "client_005": 0.13706942709262898,
        "client_006": 0.13646728644097525,
        "client_007": 0.18657610866959648,
        "client_008": 0.1405470153723298,
        "client_009": 0.08755760368663594,
        "client_010": 0.16840342389281726,
        "client_011": 0.16630036630036632,
        "client_012": 0.16830255384472254,
        "client_013": 0.10377604166666667,
        "client_014": 0.10341919159151365,
        "client_015": 0.10313146997929606,
        "client_016": 0.10363164721141375,
        "client_017": 0.10291174381819357
    },
    "client_003": {
        "attacker_000": 0.3148759630852595,
        "attacker_001": 0.17035217035217035,
        "client_000": 0.9765295358649789,
        "client_001": 0.9765419082762257,
        "client_002": 0.9761434031896665,
        "client_003": 0.9769342296032688,
        "client_004": 0.9770811380400423,
        "client_005": 0.13434952144629567,
        "client_006": 0.13347273044084335,
        "client_007": 0.18030513176144244,
        "client_008": 0.13378058405682716,
        "client_009": 0.08361839604713037,
        "client_010": 0.17268779451168806,
        "client_011": 0.17033867443554263,
        "client_012": 0.17223377223377226,
        "client_013": 0.10460820532762977,
        "client_014": 0.10451429310567843,
        "client_015": 0.10402165506573859,
        "client_016": 0.104412999935388,
        "client_017": 0.10398457583547557
    },
    "client_004": {
        "attacker_000": 0.31257735478639403,
        "attacker_001": 0.1671863536316948,
        "client_000": 0.9778725673153826,
        "client_001": 0.9777422364387579,
        "client_002": 0.9771033013844516,
        "client_003": 0.977760021307764,
        "client_004": 0.9777481678880746,
        "client_005": 0.13740458015267176,
        "client_006": 0.13459516298633017,
        "client_007": 0.18597258096562688,
        "client_008": 0.13881242626818716,
        "client_009": 0.08796648895658797,
        "client_010": 0.1694931047335073,
        "client_011": 0.16696498233053372,
        "client_012": 0.1685456070064288,
        "client_013": 0.10240648705205335,
        "client_014": 0.10215264187866928,
        "client_015": 0.10190420484824853,
        "client_016": 0.10200625325690464,
        "client_017": 0.10168612191958497
    },
    "client_005": {
        "attacker_000": 0.6809510092840841,
        "attacker_001": 0.6830825151266651,
        "client_000": 0.509350186355534,
        "client_001": 0.5100314394062165,
        "client_002": 0.5150637311703361,
        "client_003": 0.5097048054178412,
        "client_004": 0.5113448778119436,
        "client_005": 0.976749013909072,
        "client_006": 0.9780014527342534,
        "client_007": 0.9779436539408548,
        "client_008": 0.9772632890365449,
        "client_009": 0.9735567010309278,
        "client_010": 0.6806791699034513,
        "client_011": 0.6833690821042391,
        "client_012": 0.6822760322860382,
        "client_013": 0.1039184728003445,
        "client_014": 0.10616340181557574,
        "client_015": 0.10150628417921902,
        "client_016": 0.10863562791583357,
        "client_017": 0.10416068866571018
    },
    "client_006": {
        "attacker_000": 0.6802190250282649,
        "attacker_001": 0.6826876137220965,
        "client_000": 0.501353510974854,
        "client_001": 0.5022020683130526,
        "client_002": 0.5087764751603082,
        "client_003": 0.502071034865138,
        "client_004": 0.5044095154414396,
        "client_005": 0.9755717660496873,
        "client_006": 0.9771416696971271,
        "client_007": 0.9771400399595216,
        "client_008": 0.9766100109153283,
        "client_009": 0.9726897263810015,
        "client_010": 0.6807735861624885,
        "client_011": 0.6822357498616491,
        "client_012": 0.6810195276010854,
        "client_013": 0.10506098146547585,
        "client_014": 0.10760009590026373,
        "client_015": 0.10272950464545322,
        "client_016": 0.10897098886392965,
        "client_017": 0.10521263319573773
    },
    "client_007": {
        "attacker_000": 0.6816610530047865,