{
    "attacker_000": {
        "attacker_000": 0.9995767826073326,
        "attacker_001": 0.9995297068506035,
        "client_000": 0.9689727463312369,
        "client_001": 0.9795208223594948,
        "client_002": 0.9705338032475579,
        "client_003": 0.9538038586787544,
        "client_004": 0.9692699600154779,
        "client_005": 0.14523906349851856,
        "client_006": 0.1441603718768158,
        "client_007": 0.0725560619322126,
        "client_008": 0.07698795180722891,
        "client_009": 0.07694391763749663,
        "client_010": 0.9994826856453104,
        "client_011": 0.9995767826073326,
        "client_012": 0.9995924381603286,
        "client_013": 0.6700285482089647,
        "client_014": 0.6700422995978412,
        "client_015": 0.6648536702717402,
        "client_016": 0.2676438653637351,
        "client_017": 0.6712465650761928
    },
    "attacker_001": {
        "attacker_000": 0.9994670512257822,
        "attacker_001": 0.9994043140205668,
        "client_000": 0.9679595822639743,
        "client_001": 0.9792301920528744,
        "client_002": 0.96962669501079,
        "client_003": 0.9518408025440122,
        "client_004": 0.9681937743065081,
        "client_005": 0.14965513244073494,
        "client_006": 0.14874068921543054,
        "client_007": 0.07626965479848184,
        "client_008": 0.07982194953231675,
        "client_009": 0.08000961798563312,
        "client_010": 0.9994356659142212,
        "client_011": 0.999482734297851,
        "client_012": 0.9994513676620425,
        "client_013": 0.6690863579474342,
        "client_014": 0.6690724014935024,
        "client_015": 0.6645457019067752,
        "client_016": 0.27019113460756405,
        "client_017": 0.670167979659039
    },
    "client_000": {
        "attacker_000": 0.16644270423057317,
        "attacker_001": 0.15868430860976518,
        "client_000": 0.9761677788369877,
        "client_001": 0.9763007354944158,
        "client_002": 0.9760413830656139,
        "client_003": 0.976326530612245,
        "client_004": 0.9760283301552711,
        "client_005": 0.16934010152284262,
        "client_006": 0.1806636624334289,
        "client_007": 0.195201968423211,
        "client_008": 0.20046918319471105,
        "client_009": 0.15931533903884132,
        "client_010": 0.16050546963410037,
        "client_011": 0.16407108831073655,
        "client_012": 0.16705816029315043,
        "client_013": 0.10709173715029277,
        "client_014": 0.1066476610081638,
        "client_015": 0.10706638115631693,
        "client_016": 0.10761567702189016,
        "client_017": 0.10598575736190415
    },
    "client_001": {
        "attacker_000": 0.17111255692908262,
        "attacker_001": 0.16437205395062307,
        "client_000": 0.9783503785363263,
        "client_001": 0.9784803400637619,
        "client_002": 0.9770587455244663,
        "client_003": 0.9769353128313892,
        "client_004": 0.9778249900411632,
        "client_005": 0.17003400680136027,
        "client_006": 0.18170854271356782,
        "client_007": 0.19890399837629388,
        "client_008": 0.20275919732441472,
        "client_009": 0.16318622174381056,
        "client_010": 0.16687940244882524,
        "client_011": 0.16845779369890693,
        "client_012": 0.1722316544048293,
        "client_013": 0.10644403861205322,
        "client_014": 0.10599467428719883,
        "client_015": 0.10606356014817704,
        "client_016": 0.10714989166830804,
        "client_017": 0.10487083922375014
    },
    "client_002": {
        "attacker_000": 0.1663061985182458,
        "attacker_001": 0.1586318465449503,
        "client_000": 0.9769745649263721,
        "client_001": 0.9768375953942964,
        "client_002": 0.9761968440759561,
        "client_003": 0.9763400614891057,
        "client_004": 0.9761713520749665,
        "client_005": 0.18703888334995017,
        "client_006": 0.20004016870857602,
        "client_007": 0.21334946561806817,
        "client_008": 0.21949187838400666,
        "client_009": 0.1746987951807229,
        "client_010": 0.16068167985392573,
        "client_011": 0.1641566950270713,
        "client_012": 0.16704773459007977,
        "client_013": 0.103587210813621,
        "client_014": 0.1032116032116032,
        "client_015": 0.10314220926465824,
        "client_016": 0.10440136232643436,
        "client_017": 0.10221224751522923
    },
    "client_003": {
        "attacker_000": 0.17090111496984098,
        "attacker_001": 0.16335723478580622,
        "client_000": 0.9767871274070166,
        "client_001": 0.9767871274070166,
        "client_002": 0.9760147601476015,
        "client_003": 0.9765542676501581,
        "client_004": 0.9761182214012403,
        "client_005": 0.18027947254477467,
        "client_006": 0.18934442463854229,
        "client_007": 0.21010901883052527,
        "client_008": 0.21368399424696938,
        "client_009": 0.17170649185874393,
        "client_010": 0.16529540277971458,
        "client_011": 0.1688000361843593,
        "client_012": 0.1712988697424495,
        "client_013": 0.10432981684033395,
        "client_014": 0.10414384223754593,
        "client_015": 0.10404847859721505,
        "client_016": 0.10531117627891821,
        "client_017": 0.10327921044253423
    },
    "client_004": {
        "attacker_000": 0.16773184974021796,
        "attacker_001": 0.15941089292330493,
        "client_000": 0.9773333333333334,
        "client_001": 0.9778607628700987,
        "client_002": 0.9772333910264945,
        "client_003": 0.9774996671548396,
        "client_004": 0.9775999999999999,
        "client_005": 0.18759936406995228,
        "client_006": 0.1935483870967742,
        "client_007": 0.2140132503513351,
        "client_008": 0.21748135874067942,
        "client_009": 0.1741548994437313,
        "client_010": 0.16181017520846996,
        "client_011": 0.1655279220187665,
        "client_012": 0.16794249439880507,
        "client_013": 0.10231950343025155,
        "client_014": 0.10190005205622073,
        "client_015": 0.10201027909700086,
        "client_016": 0.10290150667807092,
        "client_017": 0.10099188458070334
    },
    "client_005": {
        "attacker_000": 0.6821026559632013,
        "attacker_001": 0.6823858838170586,
        "client_000": 0.5096477596477597,
        "client_001": 0.5103027549729047,
        "client_002": 0.515743093300743,
        "client_003": 0.5127426596466294,
        "client_004": 0.5101915162513367,
        "client_005": 0.9727680643663934,
        "client_006": 0.9754051675037541,
        "client_007": 0.9702448600061989,
        "client_008": 0.9754895603683049,
        "client_009": 0.9753317720530835,
        "client_010": 0.6808501178249078,
        "client_011": 0.684508718943586,
        "client_012": 0.6820405621775484,
        "client_013": 0.0999279365841941,
        "client_014": 0.10413476263399693,
        "client_015": 0.02327564584900928,
        "client_016": 0.10436114701517546,
        "client_017": 0.10063315425940138
    },
    "client_006": {
        "attacker_000": 0.6813079767096902,
        "attacker_001": 0.6818363806219138,
        "client_000": 0.5018736355045782,
        "client_001": 0.5026451570766115,
        "client_002": 0.5095780481491069,
        "client_003": 0.5061736417988043,
        "client_004": 0.502477183833116,
        "client_005": 0.971158807140646,
        "client_006": 0.9744879439979259,
        "client_007": 0.9692044925210911,
        "client_008": 0.9747650449140661,
        "client_009": 0.9747294301734255,
        "client_010": 0.6810923809100209,
        "client_011": 0.6833587246914399,
        "client_012": 0.6811690911517416,
        "client_013": 0.09965751772707539,
        "client_014": 0.10456511292647766,
        "client_015": 0.025064170315566965,
        "client_016": 0.10525810324129653,
        "client_017": 0.10083305243896566
    },
    "client_007": {
        "attacker_000": 0.6824044779751764,