{"threshold_type": "mean", "initial_interdistance": {"['client_003']": {"['client_002']": 1.4401186476664662e-07, "['attacker_000']": 0.0004887453745372472, "['client_005']": 1.797230009259465e-08, "['attacker_001']": 0.0004959770295368537, "['client_000']": 5.840272077062281e-08, "['client_001']": 2.5404521153404858e-08, "['attacker_003']": 0.00048271250039244595, "['attacker_002']": 0.00048822487219746247, "['client_004']": 2.0137859935154268e-08}, "['client_002']": {"['client_003']": 1.4401186476664662e-07, "['attacker_000']": 0.0005053424283749663, "['client_005']": 2.6324631063889825e-07, "['attacker_001']": 0.0005126946860818382, "['client_000']": 3.7975861844063985e-07, "['client_001']": 4.9397162249498194e-08, "['attacker_003']": 0.0004992136021125804, "['attacker_002']": 0.000504806512670708, "['client_004']": 2.6998580615611445e-07}, "['attacker_000']": {"['client_003']": 0.0004887453745372472, "['client_002']": 0.0005053424283749663, "['client_005']": 0.00048297790498563753, "['attacker_001']": 2.8687846431729724e-08, "['client_000']": 0.0004784686017597073, "['client_001']": 0.0004955714154500912, "['attacker_003']": 2.060428561101446e-08, "['attacker_002']": 6.4090044382680844e-09, "['client_004']": 0.00048256332436957816}, "['client_005']": {"['client_003']": 1.797230009259465e-08, "['client_002']": 2.6324631063889825e-07, "['attacker_000']": 0.00048297790498563753, "['attacker_001']": 0.0004901680017238563, "['client_000']": 1.3759751449349267e-08, "['client_001']": 8.54321036136696e-08, "['attacker_003']": 0.0004769785800718962, "['attacker_002']": 0.00048246399569651377, "['client_004']": 6.578683153790621e-10}, "['attacker_001']": {"['client_003']": 0.0004959770295368537, "['client_002']": 0.0005126946860818382, "['attacker_000']": 2.8687846431729724e-08, "['client_005']": 0.0004901680017238563, "['client_000']": 0.00048562380417438433, "['client_001']": 0.0005028532756750081, "['attacker_003']": 9.544519885551495e-08, "['attacker_002']": 3.402329129542636e-08, "['client_004']": 0.0004897500605435257}, "['client_000']": {"['client_003']": 5.840272077062281e-08, "['client_002']": 3.7975861844063985e-07, "['attacker_000']": 0.0004784686017597073, "['client_005']": 1.3759751449349267e-08, "['attacker_001']": 0.00048562380417438433, "['client_001']": 1.5619765791896612e-07, "['attacker_003']": 0.0004724976169603323, "['attacker_002']": 0.0004779594122455988, "['client_004']": 1.3937596854418643e-08}, "['client_001']": {"['client_003']": 2.5404521153404858e-08, "['client_002']": 4.9397162249498194e-08, "['attacker_000']": 0.0004955714154500912, "['client_005']": 8.54321036136696e-08, "['attacker_001']": 0.0005028532756750081, "['client_000']": 1.5619765791896612e-07, "['attacker_003']": 0.0004894991855256547, "['attacker_002']": 0.0004950446627525196, "['client_004']": 8.96906847680512e-08}, "['attacker_003']": {"['client_003']": 0.00048271250039244595, "['client_002']": 0.0004992136021125804, "['attacker_000']": 2.060428561101446e-08, "['client_005']": 0.0004769785800718962, "['attacker_001']": 9.544519885551495e-08, "['client_000']": 0.0004724976169603323, "['client_001']": 0.0004894991855256547, "['attacker_002']": 2.8896726567140263e-08, "['client_004']": 0.0004765681421847745}, "['attacker_002']": {"['client_003']": 0.00048822487219746247, "['client_002']": 0.000504806512670708, "['attacker_000']": 6.4090044382680844e-09, "['client_005']": 0.00048246399569651377, "['attacker_001']": 3.402329129542636e-08, "['client_000']": 0.0004779594122455988, "['client_001']": 0.0004950446627525196, "['attacker_003']": 2.8896726567140263e-08, "['client_004']": 0.0004820469723826326}, "['client_004']": {"['client_003']": 2.0137859935154268e-08, "['client_002']": 2.6998580615611445e-07, "['attacker_000']": 0.00048256332436957816, "['client_005']": 6.578683153790621e-10, "['attacker_001']": 0.0004897500605435257, "['client_000']": 1.3937596854418643e-08, "['client_001']": 8.96906847680512e-08, "['attacker_003']": 0.0004765681421847745, "['attacker_002']": 0.0004820469723826326}}, "final_interdistance": {"['client_003', 'client_001', 'client_005', 'client_004', 'client_000', 'client_002']": {"['attacker_000', 'attacker_002', 'attacker_003', 'attacker_001']": 0.0004890546337154023}, "['attacker_000', 'attacker_002', 'attacker_003', 'attacker_001']": {"['client_003', 'client_001', 'client_005', 'client_004', 'client_000', 'client_002']": 0.0004890546337154023}}, "end_clusters": [["client_003", "client_001", "client_005", "client_004", "client_000", "client_002"], ["attacker_000", "attacker_002", "attacker_003", "attacker_001"]], "r1": {"0": {"threshold": 6.522530011992297e-05, "inter": 6.578683153790621e-10, "c1": ["client_005"], "c2": ["client_004"]}, "1": {"threshold": 6.522530011992297e-05, "inter": 6.4090044382680844e-09, "c1": ["attacker_000"], "c2": ["attacker_002"]}, "2": {"threshold": 6.522530011992297e-05, "inter": 1.3684200217412013e-08, "c1": ["client_005", "client_004"], "c2": ["client_000"]}, "3": {"threshold": 6.522530011992297e-05, "inter": 2.3148506222980814e-08, "c1": ["attacker_000", "attacker_002"], "c2": ["attacker_003"]}, "4": {"threshold": 6.522530011992297e-05, "inter": 2.5404521153404858e-08, "c1": ["client_003"], "c2": ["client_001"]}, "5": {"threshold": 6.522530011992297e-05, "inter": 4.651535145949737e-08, "c1": ["attacker_000", "attacker_002", "attacker_003"], "c2": ["attacker_001"]}, "6": {"threshold": 6.522530011992297e-05, "inter": 6.180702449842812e-08, "c1": ["client_003", "client_001"], "c2": ["client_005", "client_004", "client_000"]}, "7": {"threshold": 6.522530011992297e-05, "inter": 2.0202487827081228e-07, "c1": ["client_003", "client_001", "client_005", "client_004", "client_000"], "c2": ["client_002"]}}, "r2": {"0": {"threshold": 6.563377320192916e-05, "inter": 8.207295953965854e-10, "c1": ["client_005"], "c2": ["client_004"]}, "1": {"threshold": 6.563377320192916e-05, "inter": 1.1085746765004956e-09, "c1": ["client_005", "client_004"], "c2": ["client_003"]}, "2": {"threshold": 6.563377320192916e-05, "inter": 2.0517249010865157e-09, "c1": ["attacker_000"], "c2": ["attacker_002"]}, "3": {"threshold": 6.563377320192916e-05, "inter": 1.0013669782260592e-08, "c1": ["attacker_001"], "c2": ["attacker_000", "attacker_002"]}, "4": {"threshold": 6.563377320192916e-05, "inter": 2.889300110275883e-08, "c1": ["client_000"], "c2": ["client_005", "client_004", "client_003"]}, "5": {"threshold": 6.563377320192916e-05, "inter": 3.072275789328671e-08, "c1": ["attacker_001", "attacker_000", "attacker_002"], "c2": ["attacker_003"]}, "6": {"threshold": 6.563377320192916e-05, "inter": 5.942438208172973e-08, "c1": ["client_000", "client_005", "client_004", "client_003"], "c2": ["client_001"]}, "7": {"threshold": 6.563377320192916e-05, "inter": 2.3519855385512045e-07, "c1": ["client_000", "client_005", "client_004", "client_003", "client_001"], "c2": ["client_002"]}}, "r3": {"0": {"threshold": 7.375195465608349e-05, "inter": 2.2330243210078038e-09, "c1": ["client_004"], "c2": ["client_000"]}, "1": {"threshold": 7.375195465608349e-05, "inter": 7.268632806756159e-09, "c1": ["client_004", "client_000"], "c2": ["client_005"]}, "2": {"threshold": 7.375195465608349e-05, "inter": 1.0481964518582743e-08, "c1": ["attacker_003"], "c2": ["attacker_000"]}, "3": {"threshold": 7.375195465608349e-05, "inter": 2.047837910357231e-08, "c1": ["attacker_001"], "c2": ["attacker_002"]}, "4": {"threshold": 7.375195465608349e-05, "inter": 2.167885193582464e-08, "c1": ["client_001"], "c2": ["client_004", "client_000", "client_005"]}, "5": {"threshold": 7.375195465608349e-05, "inter": 3.490525368743391e-08, "c1": ["client_003"], "c2": ["client_002"]}, "6": {"threshold": 7.375195465608349e-05, "inter": 4.7833077831960225e-08, "c1": ["attacker_003", "attacker_000"], "c2": ["attacker_001", "attacker_002"]}, "7": {"threshold": 7.375195465608349e-05, "inter": 1.0317414544935843e-07, "c1": ["client_003", "client_002"],