{
    "attacker_000": {
        "attacker_000": 0.994572728804989,
        "attacker_001": 0.9944676831736609,
        "attacker_002": 0.9947763960502815,
        "attacker_003": 0.9946066203734916,
        "client_000": 0.9634752118437713,
        "client_001": 0.963443932212194,
        "client_002": 0.9635377772005584,
        "client_003": 0.9635064935064935,
        "client_004": 0.9635064935064935,
        "client_005": 0.963569062926164
    },
    "attacker_001": {
        "attacker_000": 0.9955837238310353,
        "attacker_001": 0.9953431868799353,
        "attacker_002": 0.9957532861476238,
        "attacker_003": 0.9955159974377129,
        "client_000": 0.963622190463817,
        "client_001": 0.963622190463817,
        "client_002": 0.9638413306910107,
        "client_003": 0.9635595972718415,
        "client_004": 0.963590892851343,
        "client_005": 0.963590892851343
    },
    "attacker_002": {
        "attacker_000": 0.9949105126563079,
        "attacker_001": 0.9949074230211461,
        "attacker_002": 0.9950463352990733,
        "attacker_003": 0.9948766347579884,
        "client_000": 0.9635643307137753,
        "client_001": 0.9635017534744771,
        "client_002": 0.9635643307137753,
        "client_003": 0.9635643307137753,
        "client_004": 0.9635330410780971,
        "client_005": 0.9636269160820993
    },
    "attacker_003": {
        "attacker_000": 0.9951850230647498,
        "attacker_001": 0.9949125703311884,
        "attacker_002": 0.9952871473776341,
        "attacker_003": 0.9951850230647498,
        "client_000": 0.964301940676316,
        "client_001": 0.9643332359718301,
        "client_002": 0.9644897429239159,
        "client_003": 0.964301940676316,
        "client_004": 0.964301940676316,
        "client_005": 0.9643645332987147
    },
    "client_000": {
        "attacker_000": 0.9646325224903382,
        "attacker_001": 0.9638585543421737,
        "attacker_002": 0.9649014578395403,
        "attacker_003": 0.9646661470511821,
        "client_000": 0.9995922336187697,
        "client_001": 0.9995922336187697,
        "client_002": 0.9995608531994982,
        "client_003": 0.9996549885518927,
        "client_004": 0.9995922336187697,
        "client_005": 0.9995922336187697
    },
    "client_001": {
        "attacker_000": 0.9640002599259211,
        "attacker_001": 0.9631604617135425,
        "attacker_002": 0.9641035636552644,
        "attacker_003": 0.9639689398615939,
        "client_000": 0.999435701297887,
        "client_001": 0.999404370042948,
        "client_002": 0.9993729621269126,
        "client_003": 0.999435736677116,
        "client_004": 0.999404370042948,
        "client_005": 0.9995297068506035
    },
    "client_002": {
        "attacker_000": 0.9636588219997401,
        "attacker_001": 0.9632183160427981,
        "attacker_002": 0.9639619146654534,
        "attacker_003": 0.9636588219997401,
        "client_000": 0.9995609909062402,
        "client_001": 0.9995923614812956,
        "client_002": 0.9994982438534872,
        "client_003": 0.9995923614812956,
        "client_004": 0.9995923614812956,
        "client_005": 0.9996236828901154
    },
    "client_003": {
        "attacker_000": 0.9632254917899529,
        "attacker_001": 0.9626520918732513,
        "attacker_002": 0.963367463026166,
        "attacker_003": 0.9631965667468626,
        "client_000": 0.9995923870441789,
        "client_001": 0.9996237300890506,
        "client_002": 0.999655075099558,
        "client_003": 0.9996237536840785,
        "client_004": 0.9996237300890506,
        "client_005": 0.999655075099558
    },
    "client_004": {
        "attacker_000": 0.9640339192306443,
        "attacker_001": 0.9636635465418617,
        "attacker_002": 0.9644376603552988,
        "attacker_003": 0.9640675763482781,
        "client_000": 0.9992163746356143,
        "client_001": 0.9991850551654966,
        "client_002": 0.999153578482084,
        "client_003": 0.9992477432296891,
        "client_004": 0.9992163746356143,
        "client_005": 0.9992163746356143
    },
    "client_005": {
        "attacker_000": 0.9642984764317968,
        "attacker_001": 0.9635914439893376,
        "attacker_002": 0.9643680774352812,
        "attacker_003": 0.9642335055062861,
        "client_000": 0.9996237064910631,
        "client_001": 0.9995610184372256,
        "client_002": 0.9994669008121924,
        "client_003": 0.9995923614812957,
        "client_004": 0.9995923614812957,
        "client_005": 0.9995923359152058
    }
}