{
    "attacker_000": {
        "attacker_000": 0.9944721585546717,
        "attacker_001": 0.994472903747641,
        "attacker_002": 0.9944725311762724,
        "attacker_003": 0.994406254212158,
        "client_000": 0.9633164524087781,
        "client_001": 0.9634126546115637,
        "client_002": 0.9631937682570593,
        "client_003": 0.9632562970656973,
        "client_004": 0.9632562970656973,
        "client_005": 0.9632250316465968
    },
    "attacker_001": {
        "attacker_000": 0.995213052858684,
        "attacker_001": 0.9950788728596468,
        "attacker_002": 0.9953478964401294,
        "attacker_003": 0.9950801994878017,
        "client_000": 0.9633694875625123,
        "client_001": 0.963497012210964,
        "client_002": 0.9632780285074192,
        "client_003": 0.9632780285074192,
        "client_004": 0.9632780285074192,
        "client_005": 0.9632467532467534
    },
    "attacker_002": {
        "attacker_000": 0.9948431022279146,
        "attacker_001": 0.9948431022279146,
        "attacker_002": 0.9948095719582069,
        "attacker_003": 0.9947089947089948,
        "client_000": 0.9633742450808495,
        "client_001": 0.9635017534744771,
        "client_002": 0.9632827971301496,
        "client_003": 0.9632827971301496,
        "client_004": 0.9632827971301496,
        "client_005": 0.9632515257758734
    },
    "attacker_003": {
        "attacker_000": 0.9951850230647498,
        "attacker_001": 0.9950845060938657,
        "attacker_002": 0.995084175084175,
        "attacker_003": 0.9949511948838774,
        "client_000": 0.9642057439558656,
        "client_001": 0.9641767798040106,
        "client_002": 0.9641142115509409,
        "client_003": 0.9641118826659745,
        "client_004": 0.9641142115509409,
        "client_005": 0.9641142115509409
    },
    "client_000": {
        "attacker_000": 0.9646011951156144,
        "attacker_001": 0.964767007631109,
        "attacker_002": 0.9646011951156144,
        "attacker_003": 0.9648388039349372,
        "client_000": 0.9995609082925605,
        "client_001": 0.9994982438534872,
        "client_002": 0.9994042206265091,
        "client_003": 0.9994041832606855,
        "client_004": 0.9994355597365945,
        "client_005": 0.9994042206265091
    },
    "client_001": {
        "attacker_000": 0.963935278445643,
        "attacker_001": 0.9642045085428442,
        "attacker_002": 0.9639016148422523,
        "attacker_003": 0.9644735987530039,
        "client_000": 0.9993416721527321,
        "client_001": 0.9993730014420966,
        "client_002": 0.999341754693916,
        "client_003": 0.999341754693916,
        "client_004": 0.999341754693916,
        "client_005": 0.999341754693916
    },
    "client_002": {
        "attacker_000": 0.9636588219997401,
        "attacker_001": 0.9637598725907628,
        "attacker_002": 0.9636588219997401,
        "attacker_003": 0.9638272287042152,
        "client_000": 0.9992788386166244,
        "client_001": 0.9995609909062402,
        "client_002": 0.9992476960692119,
        "client_003": 0.9992476960692119,
        "client_004": 0.9992476960692119,
        "client_005": 0.9992476960692119
    },
    "client_003": {
        "attacker_000": 0.9632302740661269,
        "attacker_001": 0.9634300945941553,
        "attacker_002": 0.9632302740661269,
        "attacker_003": 0.963367463026166,
        "client_000": 0.9994983067854007,
        "client_001": 0.9995296478630334,
        "client_002": 0.9993417134259114,
        "client_003": 0.9993417134259114,
        "client_004": 0.9993417134259114,
        "client_005": 0.9993730800576767
    },
    "client_004": {
        "attacker_000": 0.964137214137214,
        "attacker_001": 0.9642404754944948,
        "attacker_002": 0.9640409290238753,
        "attacker_003": 0.9642114835022084,
        "client_000": 0.999028548149541,
        "client_001": 0.999122477121725,
        "client_002": 0.9989033369888767,
        "client_003": 0.9989033369888767,
        "client_004": 0.9989033369888767,
        "client_005": 0.9989033369888767
    },
    "client_005": {
        "attacker_000": 0.964141873457191,
        "attacker_001": 0.9643796473682502,
        "attacker_002": 0.9640769130830195,
        "attacker_003": 0.9645141391513262,
        "client_000": 0.9993102150874772,
        "client_001": 0.999404220626509,
        "client_002": 0.9992476489028214,
        "client_003": 0.9991850040749797,
        "client_004": 0.9992163255070374,
        "client_005": 0.9991850040749797
    }
}