{
    "attacker_000": {
        "attacker_000": 0.9944732762687875,
        "attacker_001": 0.994643037633503,
        "attacker_002": 0.9947428725483589,
        "attacker_003": 0.994572728804989,
        "client_000": 0.963443932212194,
        "client_001": 0.9634752118437713,
        "client_002": 0.963569062926164,
        "client_003": 0.9633501055023536,
        "client_004": 0.9633501055023536,
        "client_005": 0.9635377772005584
    },
    "attacker_001": {
        "attacker_000": 0.9957197263321088,
        "attacker_001": 0.9958218208774177,
        "attacker_002": 0.9957532861476238,
        "attacker_003": 0.9955159974377129,
        "client_000": 0.963622190463817,
        "client_001": 0.9636534901094618,
        "client_002": 0.9638413306910107,
        "client_003": 0.9635283037251146,
        "client_004": 0.9634657227291917,
        "client_005": 0.963622190463817
    },
    "attacker_002": {
        "attacker_000": 0.9948444923678269,
        "attacker_001": 0.9948116703726164,
        "attacker_002": 0.9949450697580373,
        "attacker_003": 0.9949105126563079,
        "client_000": 0.9635956223817101,
        "client_001": 0.9635643307137753,
        "client_002": 0.9636269160820993,
        "client_003": 0.9634704679027177,
        "client_004": 0.9634391843626209,
        "client_005": 0.9636269160820993
    },
    "attacker_003": {
        "attacker_000": 0.9953215980613239,
        "attacker_001": 0.9952549217566886,
        "attacker_002": 0.9952874646559848,
        "attacker_003": 0.9951853472947039,
        "client_000": 0.9643332359718301,
        "client_001": 0.9643332359718301,
        "client_002": 0.9644584374695705,
        "client_003": 0.9642706474119747,
        "client_004": 0.9642393561786085,
        "client_005": 0.9643332359718301
    },
    "client_000": {
        "attacker_000": 0.9649014578395403,
        "attacker_001": 0.9650694714972082,
        "attacker_002": 0.9648701298701299,
        "attacker_003": 0.9646325224903382,
        "client_000": 0.9995922336187697,
        "client_001": 0.9995922336187697,
        "client_002": 0.9995608531994982,
        "client_003": 0.9995922847734044,
        "client_004": 0.9995609082925605,
        "client_005": 0.9995922336187697
    },
    "client_001": {
        "attacker_000": 0.9642381524669504,
        "attacker_001": 0.9643727063102854,
        "attacker_002": 0.9641708624330031,
        "attacker_003": 0.9640025990903184,
        "client_000": 0.9993416308743769,
        "client_001": 0.9993416308743769,
        "client_002": 0.999341589590845,
        "client_003": 0.999373040752351,
        "client_004": 0.9993417134259114,
        "client_005": 0.9993416308743769
    },
    "client_002": {
        "attacker_000": 0.9637598725907628,
        "attacker_001": 0.9640965656171817,
        "attacker_002": 0.9639619146654534,
        "attacker_003": 0.9636925077198114,
        "client_000": 0.9994982438534872,
        "client_001": 0.9995295888606642,
        "client_002": 0.9994982123816095,
        "client_003": 0.9994356659142212,
        "client_004": 0.9994356659142212,
        "client_005": 0.9995609633718012
    },
    "client_003": {
        "attacker_000": 0.9635624898423534,
        "attacker_001": 0.9637669385500276,
        "attacker_002": 0.9634685387415497,
        "attacker_003": 0.9631965667468626,
        "client_000": 0.9995296478630334,
        "client_001": 0.9995609909062402,
        "client_002": 0.999529618363699,
        "client_003": 0.9994044073853484,
        "client_004": 0.999341754693916,
        "client_005": 0.9995296478630334
    },
    "client_004": {
        "attacker_000": 0.9643031149511158,
        "attacker_001": 0.9647066463196857,
        "attacker_002": 0.9645049199493392,
        "attacker_003": 0.9640699109869404,
        "client_000": 0.9991536846064633,
        "client_001": 0.9991850551654966,
        "client_002": 0.9991222570532915,
        "client_003": 0.9991537907042342,
        "client_004": 0.9990598558445628,
        "client_005": 0.9991850040749797
    },
    "client_005": {
        "attacker_000": 0.9645003085517555,
        "attacker_001": 0.9646348196018576,
        "attacker_002": 0.96430543375881,
        "attacker_003": 0.964170862433003,
        "client_000": 0.9994982438534873,
        "client_001": 0.9994669008121924,
        "client_002": 0.9994041458901747,
        "client_003": 0.9994669676731571,
        "client_004": 0.9994669676731571,
        "client_005": 0.9995295888606643
    }
}