{
    "attacker_000": {
        "attacker_000": 0.9952836544940035,
        "attacker_001": 0.9949518745372551,
        "client_000": 0.9518607942719174,
        "client_001": 0.9509690243498427,
        "client_002": 0.9539983730929495,
        "client_003": 0.9341010876519514,
        "client_004": 0.9553605494086226,
        "client_005": 0.03418362410912961,
        "client_006": 0.034629522151286514,
        "client_007": 0.034071110537523396,
        "client_008": 0.03502209036086297,
        "client_009": 0.03437489922930573,
        "client_010": 0.9638577691183634,
        "client_011": 0.963842119790229,
        "client_012": 0.9638264709702559,
        "client_013": 0.7004493695737534,
        "client_014": 0.7005104934770279,
        "client_015": 0.7016389155261094,
        "client_016": 0.7013367115149397,
        "client_017": 0.7004340902645988
    },
    "attacker_001": {
        "attacker_000": 0.9954839579401457,
        "attacker_001": 0.9951861576785834,
        "client_000": 0.9495738044004072,
        "client_001": 0.9494071801674819,
        "client_002": 0.9528997542018203,
        "client_003": 0.931182287623612,
        "client_004": 0.9538323621694307,
        "client_005": 0.035806451612903224,
        "client_006": 0.036564132327336046,
        "client_007": 0.035690083578043826,
        "client_008": 0.03670257369541379,
        "client_009": 0.03644103324841175,
        "client_010": 0.9635055464423187,
        "client_011": 0.9634116634457671,
        "client_012": 0.9634429557450265,
        "client_013": 0.6997028491522461,
        "client_014": 0.6997334265612026,
        "client_015": 0.7015775348563201,
        "client_016": 0.7004834087976026,
        "client_017": 0.6997181375226692
    },
    "client_000": {
        "attacker_000": 0.004527618472683369,
        "attacker_001": 0.0037657691583505926,
        "client_000": 0.9765795206971678,
        "client_001": 0.9764401470788506,
        "client_002": 0.9764337283748807,
        "client_003": 0.976725193956717,
        "client_004": 0.9764401470788506,
        "client_005": 0.09035552936554704,
        "client_006": 0.12756964457252642,
        "client_007": 0.09987085665088248,
        "client_008": 0.12016293279022403,
        "client_009": 0.0883859948761742,
        "client_010": 0.3076923076923077,
        "client_011": 0.30207206457518515,
        "client_012": 0.3108732876712329,
        "client_013": 0.1042060645582002,
        "client_014": 0.10738167038153926,
        "client_015": 0.10723337882628192,
        "client_016": 0.1054801808991753,
        "client_017": 0.1067495789610053
    },
    "client_001": {
        "attacker_000": 0.004493708807669263,
        "attacker_001": 0.0040680473372781065,
        "client_000": 0.9782377919320594,
        "client_001": 0.9783676177836762,
        "client_002": 0.9786216969857919,
        "client_003": 0.9782435659326081,
        "client_004": 0.9783676177836762,
        "client_005": 0.09087408548324989,
        "client_006": 0.1380863039399625,
        "client_007": 0.09866610205377939,
        "client_008": 0.12814371257485027,
        "client_009": 0.08598993288590602,
        "client_010": 0.315829624920534,
        "client_011": 0.3097760604927501,
        "client_012": 0.319232745333105,
        "client_013": 0.10346631785480707,
        "client_014": 0.10719211822660096,
        "client_015": 0.10644951140065147,
        "client_016": 0.10458300026645351,
        "client_017": 0.10609011816647189
    },
    "client_002": {
        "attacker_000": 0.003869623455871409,
        "attacker_001": 0.001839926402943882,
        "client_000": 0.9776588628762541,
        "client_001": 0.9775100401606427,
        "client_002": 0.9771053688579461,
        "client_003": 0.9776648388391066,
        "client_004": 0.9776409157852456,
        "client_005": 0.09320388349514562,
        "client_006": 0.14186265286923802,
        "client_007": 0.10584484590860786,
        "client_008": 0.1357429718875502,
        "client_009": 0.0915225643188528,
        "client_010": 0.3104999789748118,
        "client_011": 0.30516586895527315,
        "client_012": 0.31333785847615814,
        "client_013": 0.10181201929344286,
        "client_014": 0.10366492146596859,
        "client_015": 0.10320907617504052,
        "client_016": 0.10280188116844406,
        "client_017": 0.10297542043984477
    },
    "client_003": {
        "attacker_000": 0.006294964028776979,
        "attacker_001": 0.006248851314096673,
        "client_000": 0.9766644693473963,
        "client_001": 0.9765233447639146,
        "client_002": 0.9765233447639146,
        "client_003": 0.9769403083410199,
        "client_004": 0.9763945667941449,
        "client_005": 0.09228994424149202,
        "client_006": 0.13523666416228403,
        "client_007": 0.10317460317460318,
        "client_008": 0.12738095238095237,
        "client_009": 0.09387923904052937,
        "client_010": 0.3137975688207528,
        "client_011": 0.3089237336836056,
        "client_012": 0.3169919487417274,
        "client_013": 0.10162232316677482,
        "client_014": 0.10470043679509747,
        "client_015": 0.10426356589147287,
        "client_016": 0.10290916287354047,
        "client_017": 0.10402317347924042
    },
    "client_004": {
        "attacker_000": 0.005401350337584395,
        "attacker_001": 0.0055658627087198514,
        "client_000": 0.9775940250733528,
        "client_001": 0.9782579698546084,
        "client_002": 0.9777184789859907,
        "client_003": 0.9780087964814075,
        "client_004": 0.9779853235490327,
        "client_005": 0.09973045822102423,
        "client_006": 0.14803625377643506,
        "client_007": 0.11169652265542676,
        "client_008": 0.135797509039775,
        "client_009": 0.09735627360469996,
        "client_010": 0.3111708834159872,
        "client_011": 0.3057766049560879,
        "client_012": 0.31479279891304346,
        "client_013": 0.09961937262107888,
        "client_014": 0.10243261012491783,
        "client_015": 0.10208604954367667,
        "client_016": 0.10070694944644525,
        "client_017": 0.10190005205622073
    },
    "client_005": {
        "attacker_000": 0.046125182536885044,
        "attacker_001": 0.02515274949083503,
        "client_000": 0.5124429967426709,
        "client_001": 0.5162855387003913,
        "client_002": 0.5160434726355284,
        "client_003": 0.5174942654993054,
        "client_004": 0.5163648124191462,
        "client_005": 0.9759590528383828,
        "client_006": 0.9727282082947412,
        "client_007": 0.9772249201443893,
        "client_008": 0.9757926860807946,
        "client_009": 0.9771059659311883,
        "client_010": 0.6859946082114289,
        "client_011": 0.6882591093117408,
        "client_012": 0.6868230447205795,
        "client_013": 0.021138869222210983,
        "client_014": 0.021154916746798924,
        "client_015": 0.021303447927709624,
        "client_016": 0.020684410646387832,
        "client_017": 0.021713881735090642
    },
    "client_006": {
        "attacker_000": 0.04600484261501211,
        "attacker_001": 0.024594346361873663,
        "client_000": 0.5061946902654868,
        "client_001": 0.5096776292248137,
        "client_002": 0.5096610500292759,
        "client_003": 0.5103201690232407,
        "client_004": 0.5098396382916436,
        "client_005": 0.9743298089600083,
        "client_006": 0.9718600216461373,
        "client_007": 0.9756198991526746,
        "client_008": 0.9740350513862642,
        "client_009": 0.9758779893136899,
        "client_010": 0.6867022920991035,
        "client_011": 0.6887353083593784,
        "client_012": 0.6867989646246765,
        "client_013": 0.022987341772151892,
        "client_014": 0.023016476552598225,
        "client_015": 0.022967572216320127,
        "client_016": 0.022605169792194627,
        "client_017": 0.023161727520987156
    },