{
    "attacker_000": {
        "attacker_000": 0.9836356466876972,
        "attacker_001": 0.9831356225011928,
        "client_000": 0.9564145952783848,
        "client_001": 0.9602449471506979,
        "client_002": 0.9609544115492912,
        "client_003": 0.9657698541329012,
        "client_004": 0.9577529415620596,
        "client_005": 0.09017529064514186,
        "client_006": 0.09017800668654559,
        "client_007": 0.09115265360185437,
        "client_008": 0.09006024096385543,
        "client_009": 0.09040534843100645,
        "client_010": 0.9783917024137269,
        "client_011": 0.9784066716821667,
        "client_012": 0.9784230239779749,
        "client_013": 0.6887527839643653,
        "client_014": 0.6903653065584278,
        "client_015": 0.6934225670318428,
        "client_016": 0.6885014137606033,
        "client_017": 0.6892570817744521
    },
    "attacker_001": {
        "attacker_000": 0.9828028409838222,
        "attacker_001": 0.9827455629095458,
        "client_000": 0.9545491931371419,
        "client_001": 0.9592279225966319,
        "client_002": 0.9599348268839104,
        "client_003": 0.9651179761615177,
        "client_004": 0.9562607626076259,
        "client_005": 0.09549278846153847,
        "client_006": 0.09549565792241355,
        "client_007": 0.09583608724388631,
        "client_008": 0.095323957206395,
        "client_009": 0.09560723514211886,
        "client_010": 0.9781470630613323,
        "client_011": 0.9781790820165539,
        "client_012": 0.9781477627471384,
        "client_013": 0.687824334176781,
        "client_014": 0.6903718274925699,
        "client_015": 0.6932104297358426,
        "client_016": 0.6875750815170757,
        "client_017": 0.6886186520510406
    },
    "client_000": {
        "attacker_000": 0.13568382143872618,
        "attacker_001": 0.13546397532940846,
        "client_000": 0.9767125153207136,
        "client_001": 0.9769848835625765,
        "client_002": 0.9761742682096665,
        "client_003": 0.9765922700054438,
        "client_004": 0.9768518518518519,
        "client_005": 0.1905511811023622,
        "client_006": 0.09055568259775897,
        "client_007": 0.08538163001293661,
        "client_008": 0.08881875563570785,
        "client_009": 0.15016366612111295,
        "client_010": 0.16437859634814914,
        "client_011": 0.1613410633229967,
        "client_012": 0.1642547363615613,
        "client_013": 0.10563067352250365,
        "client_014": 0.10651645115862245,
        "client_015": 0.10498389236308509,
        "client_016": 0.10481121353706276,
        "client_017": 0.10269971096488532
    },
    "client_001": {
        "attacker_000": 0.13525032676024323,
        "attacker_001": 0.13584736753762658,
        "client_000": 0.9781021897810218,
        "client_001": 0.9782377919320594,
        "client_002": 0.9786216969857919,
        "client_003": 0.9783733581000397,
        "client_004": 0.9786273728926059,
        "client_005": 0.1965250965250965,
        "client_006": 0.08691736095473994,
        "client_007": 0.08324485028668507,
        "client_008": 0.08537934085379341,
        "client_009": 0.15335206744279403,
        "client_010": 0.16880283610580857,
        "client_011": 0.16568420105296314,
        "client_012": 0.16913280498419533,
        "client_013": 0.10437432543965462,
        "client_014": 0.10518214468958441,
        "client_015": 0.10364852922610782,
        "client_016": 0.10370931112793338,
        "client_017": 0.101346780640797
    },
    "client_002": {
        "attacker_000": 0.1309054008343669,
        "attacker_001": 0.12930890460544633,
        "client_000": 0.9776588628762541,
        "client_001": 0.9773973518790959,
        "client_002": 0.9773791995716772,
        "client_003": 0.9771420933030344,
        "client_004": 0.9777896708589777,
        "client_005": 0.20762306071633788,
        "client_006": 0.09013452914798206,
        "client_007": 0.08655267046654,
        "client_008": 0.08972375690607734,
        "client_009": 0.16485725774024929,
        "client_010": 0.1651872211958726,
        "client_011": 0.161833698226174,
        "client_012": 0.16488106046849463,
        "client_013": 0.1020253164556962,
        "client_014": 0.10287249696116693,
        "client_015": 0.10146660791842387,
        "client_016": 0.10137262309532805,
        "client_017": 0.09929339477726574
    },
    "client_003": {
        "attacker_000": 0.1339712918660287,
        "attacker_001": 0.13313609467455623,
        "client_000": 0.9773266543633008,
        "client_001": 0.9774673870075109,
        "client_002": 0.9769220625082421,
        "client_003": 0.9770811380400423,
        "client_004": 0.9777250560168711,
        "client_005": 0.20638257213835276,
        "client_006": 0.09068681929317626,
        "client_007": 0.08693817261025533,
        "client_008": 0.08975481611208405,
        "client_009": 0.16247504990019962,
        "client_010": 0.16907087178568228,
        "client_011": 0.16617078911141703,
        "client_012": 0.16876381184323275,
        "client_013": 0.10339399282161071,
        "client_014": 0.10438546241486857,
        "client_015": 0.10261229092275888,
        "client_016": 0.10249671484888304,
        "client_017": 0.10059352628036469
    },
    "client_004": {
        "attacker_000": 0.13165755509214902,
        "attacker_001": 0.12970688024917962,
        "client_000": 0.9778725673153826,
        "client_001": 0.9781449893390193,
        "client_002": 0.9774696707105719,
        "client_003": 0.9774936742575576,
        "client_004": 0.9782695640581256,
        "client_005": 0.21123250910484956,
        "client_006": 0.09630459126539755,
        "client_007": 0.09469214437367304,
        "client_008": 0.09590849098108227,
        "client_009": 0.16327345309381236,
        "client_010": 0.1655861696380335,
        "client_011": 0.16243246863419208,
        "client_012": 0.16515426497277677,
        "client_013": 0.10083926754832147,
        "client_014": 0.10188873185147115,
        "client_015": 0.10040516586477591,
        "client_016": 0.10029088149740736,
        "client_017": 0.09854285008644109
    },
    "client_005": {
        "attacker_000": 0.5203626943005181,
        "attacker_001": 0.5140005688135068,
        "client_000": 0.519021127439946,
        "client_001": 0.5178491027207822,
        "client_002": 0.5202839430829024,
        "client_003": 0.5207926497422928,
        "client_004": 0.5183449427021476,
        "client_005": 0.9727067514877898,
        "client_006": 0.9778734663173458,
        "client_007": 0.978088216272151,
        "client_008": 0.9775807998341238,
        "client_009": 0.9720150213488349,
        "client_010": 0.6830945558739255,
        "client_011": 0.6849224532957349,
        "client_012": 0.6834308422563197,
        "client_013": 0.10363288718929253,
        "client_014": 0.10375824806349812,
        "client_015": 0.1029566548655631,
        "client_016": 0.10534358435604795,
        "client_017": 0.1039606325545841
    },
    "client_006": {
        "attacker_000": 0.5187736288777255,
        "attacker_001": 0.510985171958699,
        "client_000": 0.5134567542244193,
        "client_001": 0.5123416903592659,
        "client_002": 0.5144590756519495,
        "client_003": 0.5146424663705993,
        "client_004": 0.5127592992870278,
        "client_005": 0.972003904042739,
        "client_006": 0.9762998728032604,
        "client_007": 0.9765635115887609,
        "client_008": 0.9761008900537146,
        "client_009": 0.9717420983488319,
        "client_010": 0.6823015487799498,
        "client_011": 0.684069995807313,
        "client_012": 0.6823134212910783,
        "client_013": 0.1033174900379279,
        "client_014": 0.10316011910479302,
        "client_015": 0.10278578290105668,
        "client_016": 0.10566689040176432,
        "client_017": 0.10351112816577128
    },
    "client_007": {
        "attacker_000": 0.5213206375491617,