{
    "client_0": {
        "client_0": 0.999503293814252,
        "client_1": 0.9994782102611959,
        "client_2": 0.9038959329618743,
        "client_3": 0.9799529565434795,
        "client_4": 0.962759636988185,
        "client_5": 0.8491687831909489,
        "client_6": 0.8641294439380128,
        "client_7": 0.850792296651545,
        "client_8": 0.09155764669879886,
        "client_9": 0.09156027351408215
    },
    "client_1": {
        "client_0": 0.9996237716143208,
        "client_1": 0.9995485372607248,
        "client_2": 0.9033836834799213,
        "client_3": 0.9801490732662962,
        "client_4": 0.9625688987616389,
        "client_5": 0.848655232729309,
        "client_6": 0.8638678439191113,
        "client_7": 0.8502548020384162,
        "client_8": 0.08773358108172824,
        "client_9": 0.08769778935672963
    },
    "client_2": {
        "client_0": 0.13231720786392756,
        "client_1": 0.13255731610161992,
        "client_2": 0.9674885727161527,
        "client_3": 0.9659156556903524,
        "client_4": 0.9602846054333766,
        "client_5": 0.10602890526925676,
        "client_6": 0.10565480963530807,
        "client_7": 0.10527325023969321,
        "client_8": 0.22234957020057308,
        "client_9": 0.21839295748267468
    },
    "client_3": {
        "client_0": 0.13010475852272727,
        "client_1": 0.13011994669035984,
        "client_2": 0.9694446223816539,
        "client_3": 0.9669880595108868,
        "client_4": 0.9628486952050392,
        "client_5": 0.10894562463457416,
        "client_6": 0.10846646400620916,
        "client_7": 0.10840686512169107,
        "client_8": 0.21563240170535292,
        "client_9": 0.2116706931797064
    },
    "client_4": {
        "client_0": 0.13274277488650205,
        "client_1": 0.13302569108577006,
        "client_2": 0.973809978971516,
        "client_3": 0.9717808567433582,
        "client_4": 0.9666560000000001,
        "client_5": 0.1115982206176262,
        "client_6": 0.1111860487522883,
        "client_7": 0.11087980014732729,
        "client_8": 0.21306169078446302,
        "client_9": 0.20894687791239516
    },
    "client_5": {
        "client_0": 0.055207491242252764,
        "client_1": 0.057617039861584715,
        "client_2": 0.0010422094841063055,
        "client_3": 0.004676539360872954,
        "client_4": 0.0010422094841063055,
        "client_5": 0.9473313369737537,
        "client_6": 0.9462817147856518,
        "client_7": 0.9461953682744211,
        "client_8": 0.09592822636300898,
        "client_9": 0.11543715846994534
    },
    "client_6": {
        "client_0": 0.051031414318457605,
        "client_1": 0.05338712388636746,
        "client_2": 0.0005415651232060656,
        "client_3": 0.005937921727395412,
        "client_4": 0.0005415651232060656,
        "client_5": 0.9434661723818352,
        "client_6": 0.9443009959424565,
        "client_7": 0.9444749862561846,
        "client_8": 0.09568684305907939,
        "client_9": 0.10666666666666669
    },
    "client_7": {
        "client_0": 0.05056663682886048,
        "client_1": 0.05294910684192787,
        "client_2": 0.0005532503457814661,
        "client_3": 0.005515719801434087,
        "client_4": 0.0005532503457814661,
        "client_5": 0.9522024367385191,
        "client_6": 0.9507829977628636,
        "client_7": 0.9492216456634543,
        "client_8": 0.09912536443148687,
        "client_9": 0.11628746840014445
    },
    "client_8": {
        "client_0": 0.6982648267172452,
        "client_1": 0.6986407011755554,
        "client_2": 0.5363495709164994,
        "client_3": 0.542050889611632,
        "client_4": 0.5375134387958839,
        "client_5": 0.010036678381240312,
        "client_6": 0.009944751381215469,
        "client_7": 0.009673258813413584,
        "client_8": 0.969183561474428,
        "client_9": 0.9683371808432609
    },
    "client_9": {
        "client_0": 0.6997443208438751,
        "client_1": 0.6999678508278412,
        "client_2": 0.5392486240727447,
        "client_3": 0.544909038956091,
        "client_4": 0.5405240066146038,
        "client_5": 0.009238157874611892,
        "client_6": 0.009208272148800784,
        "client_7": 0.00899770466717674,
        "client_8": 0.9695860754043913,
        "client_9": 0.9683958352529255
    }
}