{
    "attacker_0": {
        "attacker_0": 0.0,
        "attacker_1": 0.0,
        "attacker_2": 0.0,
        "attacker_3": 0.0,
        "client_0": 0.0,
        "client_1": 0.0,
        "client_2": 0.0,
        "client_3": 0.0,
        "client_4": 0.0,
        "client_5": 0.0,
        "client_6": 0.0,
        "client_7": 0.0
    },
    "attacker_1": {
        "attacker_0": 0.0,
        "attacker_1": 0.0,
        "attacker_2": 0.0,
        "attacker_3": 0.0,
        "client_0": 0.0,
        "client_1": 0.0,
        "client_2": 0.0,
        "client_3": 0.0,
        "client_4": 0.0,
        "client_5": 0.0,
        "client_6": 0.0,
        "client_7": 0.0
    },
    "attacker_2": {
        "attacker_0": 0.0,
        "attacker_1": 0.0,
        "attacker_2": 0.0,
        "attacker_3": 0.0,
        "client_0": 0.0,
        "client_1": 0.0,
        "client_2": 0.0,
        "client_3": 0.0,
        "client_4": 0.0,
        "client_5": 0.0,
        "client_6": 0.0,
        "client_7": 0.0
    },
    "attacker_3": {
        "attacker_0": 0.0,
        "attacker_1": 0.0,
        "attacker_2": 0.0,
        "attacker_3": 0.0,
        "client_0": 0.0,
        "client_1": 0.0,
        "client_2": 0.0,
        "client_3": 0.0,
        "client_4": 0.0,
        "client_5": 0.0,
        "client_6": 0.0,
        "client_7": 0.0
    },
    "client_0": {
        "attacker_0": 0.7085185521182981,
        "attacker_1": 0.7537861260833135,
        "attacker_2": 0.7523178144621606,
        "attacker_3": 0.7538232609320877,
        "client_0": 0.00020067426553218814,
        "client_1": 0.00020067225204434857,
        "client_2": 0.2626477458944946,
        "client_3": 0.2568394906241254,
        "client_4": 0.196958594548629,
        "client_5": 0.37050177394830214,
        "client_6": 0.22571972866629872,
        "client_7": 0.7408450882169004
    },
    "client_1": {
        "attacker_0": 0.2831080906483372,
        "attacker_1": 0.7600579627222579,
        "attacker_2": 0.7545783426118577,
        "attacker_3": 0.628295381820434,
        "client_0": 0.00018058147234093782,
        "client_1": 0.000220708474202189,
        "client_2": 0.26554370334278804,
        "client_3": 0.26238025087387445,
        "client_4": 0.1848910905514679,
        "client_5": 0.19581115817674957,
        "client_6": 0.16549020329655162,
        "client_7": 0.7413314139960098
    },
    "client_2": {
        "attacker_0": 0.12020460358056266,
        "attacker_1": 0.121251629726206,
        "attacker_2": 0.10691924867554985,
        "attacker_3": 0.13155809161515294,
        "client_0": 0.019719251336898395,
        "client_1": 0.0010109519797809603,
        "client_2": 0.26067549471804796,
        "client_3": 0.2755741127348643,
        "client_4": 0.26709905660377364,
        "client_5": 0.04875621890547264,
        "client_6": 0.01893491124260355,
        "client_7": 0.04959568733153639
    },
    "client_3": {
        "attacker_0": 0.1130812980930077,
        "attacker_1": 0.11678832116788321,
        "attacker_2": 0.09950248756218906,
        "attacker_3": 0.12343234323432342,
        "client_0": 0.022389306599832914,
        "client_1": 0.006729475100942127,
        "client_2": 0.2641793290206108,
        "client_3": 0.2719784334281863,
        "client_4": 0.2687556492919554,
        "client_5": 0.04581467447468137,
        "client_6": 0.021180555555555553,
        "client_7": 0.04905034113959063
    },
    "client_4": {
        "attacker_0": 0.10912602607436021,
        "attacker_1": 0.11349179779042519,
        "attacker_2": 0.09748940332572548,
        "attacker_3": 0.12032993692382338,
        "client_0": 0.018691588785046728,
        "client_1": 0.0024449877750611247,
        "client_2": 0.2584337349397591,
        "client_3": 0.26528466276100343,
        "client_4": 0.26271441468552514,
        "client_5": 0.04821697639377197,
        "client_6": 0.01731160896130346,
        "client_7": 0.04542894687441336
    },
    "client_5": {
        "attacker_0": 0.26710252286926944,
        "attacker_1": 0.26635896083344324,
        "attacker_2": 0.25697021096151806,
        "attacker_3": 0.26798065901635026,
        "client_0": 0.16250559785042543,
        "client_1": 0.16710401429289265,
        "client_2": 0.3252013867645559,
        "client_3": 0.2493904470055293,
        "client_4": 0.274109007790024,
        "client_5": 0.137872292098464,
        "client_6": 0.14279647821532712,
        "client_7": 0.3656328979967879
    },
    "client_6": {
        "attacker_0": 0.2649287980907923,
        "attacker_1": 0.2646383241235381,
        "attacker_2": 0.2567601385614372,
        "attacker_3": 0.2654695589488171,
        "client_0": 0.16283628779979145,
        "client_1": 0.17259346278764426,
        "client_2": 0.3449406288710101,
        "client_3": 0.25718277189098004,
        "client_4": 0.2794787087376115,
        "client_5": 0.14211111580310518,
        "client_6": 0.14376345144818467,
        "client_7": 0.3674420899425217
    },
    "client_7": {
        "attacker_0": 0.12196235025670278,
        "attacker_1": 0.11739898558158089,
        "attacker_2": 0.13253420784801537,
        "attacker_3": 0.12092228864218618,
        "client_0": 0.023557984213721916,
        "client_1": 0.00852307317667113,
        "client_2": 0.372710485601637,
        "client_3": 0.2254025044722719,
        "client_4": 0.2653704396132685,
        "client_5": 0.009911894273127752,
        "client_6": 0.029208580778087505,
        "client_7": 0.07170294494238155
    }
}