{
    "attacker_0": {
        "attacker_0": 0.0,
        "attacker_1": 0.0,
        "attacker_2": 0.0,
        "attacker_3": 0.0,
        "client_0": 0.0,
        "client_1": 0.0,
        "client_2": 0.0,
        "client_3": 0.0,
        "client_4": 0.0,
        "client_5": 0.0,
        "client_6": 0.0,
        "client_7": 0.0
    },
    "attacker_1": {
        "attacker_0": 0.0,
        "attacker_1": 0.0,
        "attacker_2": 0.0,
        "attacker_3": 0.0,
        "client_0": 0.0,
        "client_1": 0.0,
        "client_2": 0.0,
        "client_3": 0.0,
        "client_4": 0.0,
        "client_5": 0.0,
        "client_6": 0.0,
        "client_7": 0.0
    },
    "attacker_2": {
        "attacker_0": 0.0,
        "attacker_1": 0.0,
        "attacker_2": 0.0,
        "attacker_3": 0.0,
        "client_0": 0.0,
        "client_1": 0.0,
        "client_2": 0.0,
        "client_3": 0.0,
        "client_4": 0.0,
        "client_5": 0.0,
        "client_6": 0.0,
        "client_7": 0.0
    },
    "attacker_3": {
        "attacker_0": 0.0,
        "attacker_1": 0.0,
        "attacker_2": 0.0,
        "attacker_3": 0.0,
        "client_0": 0.0,
        "client_1": 0.0,
        "client_2": 0.0,
        "client_3": 0.0,
        "client_4": 0.0,
        "client_5": 0.0,
        "client_6": 0.0,
        "client_7": 0.0
    },
    "client_0": {
        "attacker_0": 0.4080928456752159,
        "attacker_1": 0.21358405334671784,
        "attacker_2": 0.6720587353511395,
        "attacker_3": 0.7490161866326909,
        "client_0": 0.0002809355152658352,
        "client_1": 0.0003611375833876712,
        "client_2": 0.7637649247945418,
        "client_3": 0.741182860896367,
        "client_4": 0.7762550348757244,
        "client_5": 0.4587879584593138,
        "client_6": 0.7424180289083349,
        "client_7": 0.7608034765093161
    },
    "client_1": {
        "attacker_0": 0.4126958848260925,
        "attacker_1": 0.21301202226943872,
        "attacker_2": 0.41478854198145465,
        "attacker_3": 0.7529932815373644,
        "client_0": 0.00032100474485138484,
        "client_1": 0.00030095100517635727,
        "client_2": 0.7696333462936564,
        "client_3": 0.755574421333866,
        "client_4": 0.7497004936366658,
        "client_5": 0.45018777262018617,
        "client_6": 0.7462515723270441,
        "client_7": 0.7638465163578639
    },
    "client_2": {
        "attacker_0": 0.07976747941223962,
        "attacker_1": 0.0761701370350596,
        "attacker_2": 0.05986103687867451,
        "attacker_3": 0.05431830526887561,
        "client_0": 0.008995502248875561,
        "client_1": 0.04286426316663897,
        "client_2": 0.20466949666464526,
        "client_3": 0.19066564651874524,
        "client_4": 0.3154761904761905,
        "client_5": 0.007877892663712457,
        "client_6": 0.011595163160510187,
        "client_7": 0.07378087397086763
    },
    "client_3": {
        "attacker_0": 0.07509553081907293,
        "attacker_1": 0.07224474751197936,
        "attacker_2": 0.05852417302798982,
        "attacker_3": 0.05326965466568699,
        "client_0": 0.01343408900083963,
        "client_1": 0.03680567280094547,
        "client_2": 0.2021276595744681,
        "client_3": 0.19339548111866015,
        "client_4": 0.31226109967656573,
        "client_5": 0.014844804318488529,
        "client_6": 0.015922464520595363,
        "client_7": 0.07076167076167075
    },
    "client_4": {
        "attacker_0": 0.07717151113377528,
        "attacker_1": 0.07197180485995176,
        "attacker_2": 0.05987802624283867,
        "attacker_3": 0.05335856196783349,
        "client_0": 0.004885709300296632,
        "client_1": 0.03208375548801081,
        "client_2": 0.19477286869943994,
        "client_3": 0.1792690611216131,
        "client_4": 0.3040953090096798,
        "client_5": 0.009429020429544263,
        "client_6": 0.010212765957446808,
        "client_7": 0.07210561949898443
    },
    "client_5": {
        "attacker_0": 0.08341718802409182,
        "attacker_1": 0.1791603159207427,
        "attacker_2": 0.21960869329575633,
        "attacker_3": 0.1536863675279653,
        "client_0": 0.1638747778384203,
        "client_1": 0.27165671031636135,
        "client_2": 0.3643991833076042,
        "client_3": 0.3245815472545418,
        "client_4": 0.31352516877582975,
        "client_5": 0.12955442511292553,
        "client_6": 0.1185801362495518,
        "client_7": 0.38473166115692325
    },
    "client_6": {
        "attacker_0": 0.08032641682034006,
        "attacker_1": 0.17844449954541697,
        "attacker_2": 0.22006942762573667,
        "attacker_3": 0.15687476489683325,
        "client_0": 0.1676231667082536,
        "client_1": 0.27388018722380564,
        "client_2": 0.36793069832298825,
        "client_3": 0.32719867440772077,
        "client_4": 0.32194936226917953,
        "client_5": 0.13146204125519936,
        "client_6": 0.11993785012757828,
        "client_7": 0.38134608563775796
    },
    "client_7": {
        "attacker_0": 0.037650152393473975,
        "attacker_1": 0.12251618031111615,
        "attacker_2": 0.08649959579628133,
        "attacker_3": 0.13049920218828356,
        "client_0": 0.012665164708031421,
        "client_1": 0.5250123379245367,
        "client_2": 0.10821067157313707,
        "client_3": 0.10622646973646103,
        "client_4": 0.11018806968962731,
        "client_5": 0.5284866065358292,
        "client_6": 0.0097835391953039,
        "client_7": 0.05643075476134493
    }
}