{
    "client_0": {
        "client_0": 0.999538453820298,
        "client_1": 0.9995233723164606,
        "client_2": 0.9306433837297639,
        "client_3": 0.9423579584537075,
        "client_4": 0.9867542619036757,
        "client_5": 0.9401670374480331,
        "client_6": 0.9048191250624134,
        "client_7": 0.8948271852401467,
        "client_8": 0.19749029520628328,
        "client_9": 0.19796299470450793
    },
    "client_1": {
        "client_0": 0.9995585963363497,
        "client_1": 0.9995736121074095,
        "client_2": 0.928592103429423,
        "client_3": 0.9412200922723252,
        "client_4": 0.9865543150914123,
        "client_5": 0.9400589375315264,
        "client_6": 0.9041389192364493,
        "client_7": 0.8937186820983548,
        "client_8": 0.195999421777312,
        "client_9": 0.19661683997689197
    },
    "client_2": {
        "client_0": 0.22133143520773235,
        "client_1": 0.24504104725981807,
        "client_2": 0.9623913889249124,
        "client_3": 0.962258043633068,
        "client_4": 0.9622861586314152,
        "client_5": 0.10868522839881085,
        "client_6": 0.1029089489958272,
        "client_7": 0.11678224687933428,
        "client_8": 0.3258426966292135,
        "client_9": 0.3294968760276225
    },
    "client_3": {
        "client_0": 0.21774284532360572,
        "client_1": 0.24212021663855096,
        "client_2": 0.964207544740569,
        "client_3": 0.9644395858787215,
        "client_4": 0.9642880123544173,
        "client_5": 0.11147708739726903,
        "client_6": 0.10503571214212833,
        "client_7": 0.11980542043085474,
        "client_8": 0.31221257026060295,
        "client_9": 0.3149748909195686
    },
    "client_4": {
        "client_0": 0.22135007849293561,
        "client_1": 0.2473798257639411,
        "client_2": 0.9677667414290291,
        "client_3": 0.9675395351815097,
        "client_4": 0.9675187391889294,
        "client_5": 0.11433126095966843,
        "client_6": 0.10762975364745278,
        "client_7": 0.12212579094775425,
        "client_8": 0.31835269993164733,
        "client_9": 0.32191103789126857
    },
    "client_5": {
        "client_0": 0.023939151321056847,
        "client_1": 0.027195047750059525,
        "client_2": 0.0007249003262051467,
        "client_3": 0.005063291139240506,
        "client_4": 0.0014492753623188404,
        "client_5": 0.9444637278722665,
        "client_6": 0.9484210526315789,
        "client_7": 0.9453906935908692,
        "client_8": 0.07737887765772047,
        "client_9": 0.09458060062133242
    },
    "client_6": {
        "client_0": 0.025819902173041455,
        "client_1": 0.028169014084507043,
        "client_2": 0.0015209125475285172,
        "client_3": 0.007581501137225171,
        "client_4": 0.0015220700152207003,
        "client_5": 0.9461383969326274,
        "client_6": 0.9453672942045035,
        "client_7": 0.9456360946745562,
        "client_8": 0.08178167214311792,
        "client_9": 0.09285455204932898
    },
    "client_7": {
        "client_0": 0.024883234015139314,
        "client_1": 0.026598709882933825,
        "client_2": 0.0007651109410864574,
        "client_3": 0.0045784051888592145,
        "client_4": 0.0007656967840735067,
        "client_5": 0.9502028771670971,
        "client_6": 0.9524342473419138,
        "client_7": 0.9496456546064902,
        "client_8": 0.08373117884686007,
        "client_9": 0.09770324462267589
    },
    "client_8": {
        "client_0": 0.6663910880683808,
        "client_1": 0.6688492273031296,
        "client_2": 0.5670250759152805,
        "client_3": 0.5718544398135402,
        "client_4": 0.5697410787433079,
        "client_5": 0.07752548453427834,
        "client_6": 0.07072370818453465,
        "client_7": 0.05712591714222189,
        "client_8": 0.9664488487501157,
        "client_9": 0.965874218383467
    },
    "client_9": {
        "client_0": 0.6676651526073781,
        "client_1": 0.6715422822658265,
        "client_2": 0.570325794522241,
        "client_3": 0.5745149370103297,
        "client_4": 0.5726912353242418,
        "client_5": 0.07755725190839696,
        "client_6": 0.07105905603348057,
        "client_7": 0.05744325816978987,
        "client_8": 0.9667103779878989,
        "client_9": 0.9660810655643587
    }
}