{
    "client_0": {
        "client_0": 0.9993829730665236,
        "client_1": 0.9991675192072376,
        "client_2": 0.9179264489300876,
        "client_3": 0.982513655638646,
        "client_4": 0.888056753373209,
        "client_5": 0.7111274918688936,
        "client_6": 0.6990705688849438,
        "client_7": 0.646723743439679,
        "client_8": 0.19016613464886828,
        "client_9": 0.2247380871916188
    },
    "client_1": {
        "client_0": 0.9994081771857319,
        "client_1": 0.9993029751427898,
        "client_2": 0.9177330697787766,
        "client_3": 0.9829589110800153,
        "client_4": 0.8873869108927427,
        "client_5": 0.7117288258251272,
        "client_6": 0.6992111804889506,
        "client_7": 0.6481648483533472,
        "client_8": 0.18743075106711474,
        "client_9": 0.22301146478672645
    },
    "client_2": {
        "client_0": 0.1944398202097553,
        "client_1": 0.17256446991404012,
        "client_2": 0.9525471942073959,
        "client_3": 0.9520000000000001,
        "client_4": 0.9534027014799974,
        "client_5": 0.10591621362328112,
        "client_6": 0.10608684497466488,
        "client_7": 0.10632618274209629,
        "client_8": 0.26600236446546194,
        "client_9": 0.25492094223943207
    },
    "client_3": {
        "client_0": 0.191839476114516,
        "client_1": 0.1684059014033825,
        "client_2": 0.9564100918020159,
        "client_3": 0.9558917809975638,
        "client_4": 0.9568733153638814,
        "client_5": 0.10871880951612382,
        "client_6": 0.10904737250841315,
        "client_7": 0.10933999935071258,
        "client_8": 0.2545086802629361,
        "client_9": 0.24524040012907386
    },
    "client_4": {
        "client_0": 0.1904761904761905,
        "client_1": 0.16779849807768316,
        "client_2": 0.9597598364844149,
        "client_3": 0.9589180913498341,
        "client_4": 0.9599540141789614,
        "client_5": 0.11152035358549788,
        "client_6": 0.11176772867420351,
        "client_7": 0.11211701407906183,
        "client_8": 0.25875965046237387,
        "client_9": 0.25076997892689257
    },
    "client_5": {
        "client_0": 0.00981052226603828,
        "client_1": 0.007235726399095534,
        "client_2": 0.0015690376569037659,
        "client_3": 0.002083333333333333,
        "client_4": 0.0010506960861570791,
        "client_5": 0.943455497382199,
        "client_6": 0.9417289963471908,
        "client_7": 0.9425646364740586,
        "client_8": 0.2592242194891201,
        "client_9": 0.37503679717397703
    },
    "client_6": {
        "client_0": 0.009673986649898422,
        "client_1": 0.005947705083604534,
        "client_2": 0.0005422993492407808,
        "client_3": 0.0010825439783491205,
        "client_4": 0.0005433306166802499,
        "client_5": 0.9398385913426265,
        "client_6": 0.94003300935265,
        "client_7": 0.9398249452954048,
        "client_8": 0.2675871137409599,
        "client_9": 0.37546239210850807
    },
    "client_7": {
        "client_0": 0.011580775911986104,
        "client_1": 0.007853256296628709,
        "client_2": 0.0005549389567147614,
        "client_3": 0.0016579165515335729,
        "client_4": 0.0005557099194220617,
        "client_5": 0.9472315124489038,
        "client_6": 0.9453197405004634,
        "client_7": 0.9466297322253001,
        "client_8": 0.25459405278984293,
        "client_9": 0.3760099440646364
    },
    "client_8": {
        "client_0": 0.6942661358034723,
        "client_1": 0.6967983917753882,
        "client_2": 0.5245714285714286,
        "client_3": 0.5324779316000193,
        "client_4": 0.5230956710124183,
        "client_5": 0.010737382801621436,
        "client_6": 0.010178748758689179,
        "client_7": 0.010469582455705614,
        "client_8": 0.9613192713326942,
        "client_9": 0.9599718617863179
    },
    "client_9": {
        "client_0": 0.6956645210147673,
        "client_1": 0.6980040283194902,
        "client_2": 0.5267677937316659,
        "client_3": 0.5350036987577937,
        "client_4": 0.5248761493532779,
        "client_5": 0.010134458699770513,
        "client_6": 0.00939039646624554,
        "client_7": 0.009837026072744653,
        "client_8": 0.9614492045558644,
        "client_9": 0.9603993547012449
    }
}