{
    "client_0": {
        "client_0": 0.9994781945531539,
        "client_1": 0.9995183865950935,
        "client_2": 0.9720430771129693,
        "client_3": 0.9816085391838024,
        "client_4": 0.9886810027133196,
        "client_5": 0.936512334168043,
        "client_6": 0.793651753325272,
        "client_7": 0.6860965876914566,
        "client_8": 0.1151263916299185,
        "client_9": 0.1183579205354197
    },
    "client_1": {
        "client_0": 0.9995384862348504,
        "client_1": 0.9995435599315842,
        "client_2": 0.9711432542337983,
        "client_3": 0.9812042344014523,
        "client_4": 0.9888397941055892,
        "client_5": 0.936848552635083,
        "client_6": 0.7941238677084654,
        "client_7": 0.6872874387395981,
        "client_8": 0.11142119254164815,
        "client_9": 0.11473737888832228
    },
    "client_2": {
        "client_0": 0.2531030581345047,
        "client_1": 0.22570551422836221,
        "client_2": 0.9693844666451821,
        "client_3": 0.9695447814049322,
        "client_4": 0.9637601296596434,
        "client_5": 0.09877672344803932,
        "client_6": 0.08634052426321766,
        "client_7": 0.09347156973918677,
        "client_8": 0.34744897959183674,
        "client_9": 0.34118967452300786
    },
    "client_3": {
        "client_0": 0.25306040537828617,
        "client_1": 0.225969245383839,
        "client_2": 0.9706447891295987,
        "client_3": 0.970496,
        "client_4": 0.9662631985578162,
        "client_5": 0.1001338535585111,
        "client_6": 0.08799940774375048,
        "client_7": 0.09495052974954843,
        "client_8": 0.33225366518922606,
        "client_9": 0.32712788986059405
    },
    "client_4": {
        "client_0": 0.2574145498071552,
        "client_1": 0.2303907037410328,
        "client_2": 0.974561683136755,
        "client_3": 0.9742707935294866,
        "client_4": 0.9689504747241469,
        "client_5": 0.10297717310866968,
        "client_6": 0.08982892077108909,
        "client_7": 0.09702736117830457,
        "client_8": 0.3420042643923241,
        "client_9": 0.33457506714025814
    },
    "client_5": {
        "client_0": 0.023527697854827546,
        "client_1": 0.03860097223366565,
        "client_2": 0.001447178002894356,
        "client_3": 0.005772005772005772,
        "client_4": 0.001447178002894356,
        "client_5": 0.9449964513839603,
        "client_6": 0.9455638034641216,
        "client_7": 0.9434616718695803,
        "client_8": 0.0726764500349406,
        "client_9": 0.07534007673526333
    },
    "client_6": {
        "client_0": 0.024820235792240023,
        "client_1": 0.036009993599141046,
        "client_2": 0.002280501710376283,
        "client_3": 0.00909090909090909,
        "client_4": 0.0015209125475285172,
        "client_5": 0.9422753596114329,
        "client_6": 0.9429897864438255,
        "client_7": 0.9452154857560264,
        "client_8": 0.0712449504223283,
        "client_9": 0.07334066740007335
    },
    "client_7": {
        "client_0": 0.02330097087378641,
        "client_1": 0.03572977550135278,
        "client_2": 0.0007648183556405354,
        "client_3": 0.008377760853008377,
        "client_4": 0.0015290519877675843,
        "client_5": 0.9471498678746697,
        "client_6": 0.950093808630394,
        "client_7": 0.9502028771670971,
        "client_8": 0.07314370151459179,
        "client_9": 0.07737656595431099
    },
    "client_8": {
        "client_0": 0.7510634152677209,
        "client_1": 0.654959409489537,
        "client_2": 0.5716809116809117,
        "client_3": 0.5747082891347175,
        "client_4": 0.572151128520089,
        "client_5": 0.09549724276678584,
        "client_6": 0.27424014912235284,
        "client_7": 0.06163907260271946,
        "client_8": 0.9664695796587754,
        "client_9": 0.9663623183935346
    },
    "client_9": {
        "client_0": 0.7515322045958053,
        "client_1": 0.6570578297412117,
        "client_2": 0.5748981732613853,
        "client_3": 0.5773926817080414,
        "client_4": 0.5752914017559795,
        "client_5": 0.09586471589761347,
        "client_6": 0.27628460543337646,
        "client_7": 0.06148175451529672,
        "client_8": 0.9668485038598962,
        "client_9": 0.9664474845204208
    }
}