{
    "attacker_000": {
        "attacker_000": 0.9886926735175763,
        "attacker_001": 0.9887228079540904,
        "client_000": 0.9602275529833446,
        "client_001": 0.9502667240979423,
        "client_002": 0.9197403615176243,
        "client_003": 0.9450227824525227,
        "client_004": 0.9503870572048999,
        "client_005": 0.06048006048006049,
        "client_006": 0.06078548707127335,
        "client_007": 0.06054496771145062,
        "client_008": 0.059442763489662126,
        "client_009": 0.06029675834042151,
        "client_010": 0.9712544537056442,
        "client_011": 0.971160511340738,
        "client_012": 0.971160511340738,
        "client_013": 0.8397330162261691,
        "client_014": 0.8725714817919344,
        "client_015": 0.8397760392698267,
        "client_016": 0.7821883874086156,
        "client_017": 0.9170457776514074
    },
    "attacker_001": {
        "attacker_000": 0.9881707012727727,
        "attacker_001": 0.9883864508593359,
        "client_000": 0.9592853970290678,
        "client_001": 0.9485227027654739,
        "client_002": 0.9188018888832064,
        "client_003": 0.9438131208092775,
        "client_004": 0.9490186970154454,
        "client_005": 0.06342108577906538,
        "client_006": 0.06452222082336649,
        "client_007": 0.06342907533383725,
        "client_008": 0.06281699902340673,
        "client_009": 0.06342308297905842,
        "client_010": 0.9708784829721361,
        "client_011": 0.9708324599732349,
        "client_012": 0.9708158658497259,
        "client_013": 0.8395876921895694,
        "client_014": 0.8737198823222732,
        "client_015": 0.8409448215038919,
        "client_016": 0.7815141306759729,
        "client_017": 0.9161430427739903
    },
    "client_000": {
        "attacker_000": 0.10615491009681882,
        "attacker_001": 0.08693192532528758,
        "client_000": 0.9747007616974973,
        "client_001": 0.9744287268770403,
        "client_002": 0.9742822152673833,
        "client_003": 0.9741777656972003,
        "client_004": 0.9745612841790233,
        "client_005": 0.21637675010606705,
        "client_006": 0.21114488348530902,
        "client_007": 0.21636440320539857,
        "client_008": 0.21109720483938255,
        "client_009": 0.21457064875078735,
        "client_010": 0.16863191440928751,
        "client_011": 0.12826235481667048,
        "client_012": 0.17066642052796754,
        "client_013": 0.1010064265793622,
        "client_014": 0.10311067046722024,
        "client_015": 0.10321940326282489,
        "client_016": 0.10450404858299595,
        "client_017": 0.09666839288796825
    },
    "client_001": {
        "attacker_000": 0.10904370402423193,
        "attacker_001": 0.0886268543172309,
        "client_000": 0.9755193859997353,
        "client_001": 0.9761589403973511,
        "client_002": 0.9760296649450404,
        "client_003": 0.975642043950225,
        "client_004": 0.9762945305257581,
        "client_005": 0.22180762852404642,
        "client_006": 0.21936758893280633,
        "client_007": 0.22116773261811432,
        "client_008": 0.21669047133238115,
        "client_009": 0.22026251025430676,
        "client_010": 0.1726638391024764,
        "client_011": 0.13250706279048574,
        "client_012": 0.17506704892259317,
        "client_013": 0.09991532599491955,
        "client_014": 0.10185414091470951,
        "client_015": 0.10224948875255624,
        "client_016": 0.10302493355271485,
        "client_017": 0.09486664754803557
    },
    "client_002": {
        "attacker_000": 0.09955525145398564,
        "attacker_001": 0.07484524479459764,
        "client_000": 0.9746260683760684,
        "client_001": 0.9751203852327447,
        "client_002": 0.974331550802139,
        "client_003": 0.9744822979291917,
        "client_004": 0.9751336898395723,
        "client_005": 0.2343492586490939,
        "client_006": 0.2299212598425197,
        "client_007": 0.23449691991786448,
        "client_008": 0.23115986187284182,
        "client_009": 0.23279558913620585,
        "client_010": 0.16788155928826912,
        "client_011": 0.12825742125538184,
        "client_012": 0.16996699669966994,
        "client_013": 0.09781225380279984,
        "client_014": 0.0997463028277953,
        "client_015": 0.09967765931068683,
        "client_016": 0.10102414970287014,
        "client_017": 0.09373378682192886
    },
    "client_003": {
        "attacker_000": 0.10920276852089207,
        "attacker_001": 0.08670627552914964,
        "client_000": 0.9751217585889167,
        "client_001": 0.9751086527064401,
        "client_002": 0.9748319936750559,
        "client_003": 0.9747235387045813,
        "client_004": 0.9750955330083014,
        "client_005": 0.23062768350030668,
        "client_006": 0.22734374999999996,
        "client_007": 0.23014256619144602,
        "client_008": 0.2259750703659027,
        "client_009": 0.22859450726979,
        "client_010": 0.17297735356354957,
        "client_011": 0.13500135001350014,
        "client_012": 0.17477231329690346,
        "client_013": 0.09914261562613212,
        "client_014": 0.10095413973530318,
        "client_015": 0.10107858243451465,
        "client_016": 0.10226773038507445,
        "client_017": 0.09558274455741284
    },
    "client_004": {
        "attacker_000": 0.10659114315139033,
        "attacker_001": 0.08182844243792325,
        "client_000": 0.9757785467128027,
        "client_001": 0.9760191846522782,
        "client_002": 0.9760319573901465,
        "client_003": 0.975902010384769,
        "client_004": 0.9762856381561418,
        "client_005": 0.2368908081431215,
        "client_006": 0.23311675526678477,
        "client_007": 0.23676139848701694,
        "client_008": 0.23243571573192956,
        "client_009": 0.2348884381338742,
        "client_010": 0.1691708906589428,
        "client_011": 0.13165379926859,
        "client_012": 0.1715911176362635,
        "client_013": 0.09752538456861434,
        "client_014": 0.09890178072842339,
        "client_015": 0.09922808764940239,
        "client_016": 0.0995492349692083,
        "client_017": 0.09264493798673205
    },
    "client_005": {
        "attacker_000": 0.06774161832661488,
        "attacker_001": 0.0400320256204964,
        "client_000": 0.5159988469299511,
        "client_001": 0.516579183203175,
        "client_002": 0.5172523961661342,
        "client_003": 0.5171277786662402,
        "client_004": 0.5167577238889421,
        "client_005": 0.9678848283499447,
        "client_006": 0.9675781049607552,
        "client_007": 0.968346103242783,
        "client_008": 0.9685359699263607,
        "client_009": 0.9679991768276998,
        "client_010": 0.6883577486507325,
        "client_011": 0.6919795972210008,
        "client_012": 0.6896597525070285,
        "client_013": 0.01691076551411747,
        "client_014": 0.01984564498346196,
        "client_015": 0.01643725104623607,
        "client_016": 0.013263808029160128,
        "client_017": 0.02683425607262208
    },
    "client_006": {
        "attacker_000": 0.06526346921673978,
        "attacker_001": 0.037368156705173274,
        "client_000": 0.5094868408336823,
        "client_001": 0.5108149864812669,
        "client_002": 0.5118833504624872,
        "client_003": 0.5107915983145164,
        "client_004": 0.510586345381526,
        "client_005": 0.9663263201320133,
        "client_006": 0.965784741844336,
        "client_007": 0.9669370253655007,
        "client_008": 0.9670567613548486,
        "client_009": 0.9665352809336115,
        "client_010": 0.6887650595775608,
        "client_011": 0.6916323791502563,
        "client_012": 0.6893055586301552,
        "client_013": 0.019556451612903227,
        "client_014": 0.023013918898547814,
        "client_015": 0.018787878787878784,
        "client_016": 0.014503042596348884,
        "client_017": 0.028514257128564282
    },
    "client_007": {
        "attacker_000": 0.06207134751073174,