{
  "r1": {
    "client_012": 0.3333370409468282,
    "client_011": 0.3333259181063436,
    "client_010": 0.3333370409468282,
    "client_007": 0.19996393499506113,
    "client_005": 0.19998071843975915,
    "client_009": 0.19984246411271334,
    "client_008": 0.1999975093327346,
    "client_006": 0.20021537311973187,
    "client_001": 0.19991649721072743,
    "client_002": 0.19986588776560216,
    "client_003": 0.20027921839469728,
    "client_004": 0.20004718147097428,
    "client_000": 0.1998912151579989,
    "client_014": 0.20026465540128924,
    "client_015": 0.19963780466140188,
    "client_013": 0.1997922056209628,
    "client_016": 0.20065841868113804,
    "client_017": 0.19964691563520806,
    "attacker_000": 0.49566246056782337,
    "attacker_001": 0.5043375394321766
  },
  "r2": {
    "attacker_001": 0.5009562999884085,
    "attacker_000": 0.49904370001159154,
    "client_016": 0.19991305533601322,
    "client_015": 0.19996852295662154,
    "client_013": 0.2002525898849609,
    "client_014": 0.20019143629821187,
    "client_017": 0.19967439552419253,
    "client_000": 0.19993911501698938,
    "client_004": 0.20044374364635803,
    "client_003": 0.19969375535885533,
    "client_002": 0.20029640465893572,
    "client_001": 0.19962698131886153,
    "client_006": 0.19999622802699357,
    "client_007": 0.20000582410885953,
    "client_005": 0.1999199435906542,
    "client_009": 0.20009330720016996,
    "client_008": 0.1999846970733227,
    "client_012": 0.33333418954201227,
    "client_011": 0.3333145145711882,
    "client_010": 0.33335129588679957
  },
  "r3": {
    "client_008": 0.19992882570172105,
    "client_005": 0.19989579712813765,
    "client_007": 0.19999147068004705,
    "client_009": 0.2001981028293283,
    "client_006": 0.19998580366076596,
    "client_017": 0.2000980746844741,
    "client_014": 0.20022716600271456,
    "client_015": 0.19986001738431766,
    "client_016": 0.1997319090977606,
    "client_013": 0.20008283283073316,
    "client_010": 0.33333570554426595,
    "client_012": 0.33333890790903725,
    "client_011": 0.3333253865466969,
    "client_002": 0.200085087665468,
    "client_004": 0.2001261804481163,
    "client_003": 0.19989007873280135,
    "client_001": 0.19991324774160563,
    "client_000": 0.19998540541200874,
    "attacker_001": 0.49781089442572235,
    "attacker_000": 0.5021891055742776
  },
  "r4": {
    "client_016": 0.1999478280606046,
    "client_013": 0.20025131809373822,
    "client_017": 0.20007088074185742,
    "client_014": 0.20007862399531542,
    "client_015": 0.1996513491084843,
    "attacker_000": 0.4915324410833211,
    "attacker_001": 0.5084675589166788,
    "client_001": 0.19991825798734764,
    "client_000": 0.19998880419018292,
    "client_003": 0.19984746353903324,
    "client_002": 0.1999655012516917,
    "client_004": 0.20027997303174455,
    "client_009": 0.20000145141017742,
    "client_005": 0.19996825107199362,
    "client_006": 0.20016994423374448,
    "client_007": 0.19982982126893695,
    "client_008": 0.20003053201514753,
    "client_011": 0.3333257634162956,
    "client_010": 0.3333288004715575,
    "client_012": 0.33334543611214695
  },
  "r5": {
    "attacker_000": 0.49657500140262556,
    "attacker_001": 0.5034249985973744,
    "client_003": 0.20000076435314562,
    "client_002": 0.19994075747416512,
    "client_004": 0.19991032210149806,
    "client_000": 0.2001292353787886,
    "client_001": 0.2000189206924026,
    "client_005": 0.19981934231159532,
    "client_009": 0.20016581189233518,
    "client_008": 0.1999771878309063,
    "client_006": 0.20000422375278412,
    "client_007": 0.20003343421237912,
    "client_011": 0.33333107450792837,
    "client_010": 0.3333241798419139,
    "client_012": 0.33334474565015776,
    "client_015": 0.199879663787545,
    "client_013": 0.19997305168702262,
    "client_014": 0.20042864491220871,
    "client_017": 0.2000080590378088,
    "client_016": 0.19971058057541483
  },
  "r6": {
    "attacker_001": 0.5068110610944402,
    "attacker_000": 0.4931889389055598,
    "client_016": 0.199838300304832,
    "client_013": 0.19966074203246534,
    "client_017": 0.2001200509632848,
    "client_015": 0.20000475371769488,
    "client_014": 0.20037615298172298,
    "client_005": 0.1998697082485595,
    "client_009": 0.20000213808028244,
    "client_008": 0.20015387908249138,
    "client_006": 0.20006368921103646,
    "client_007": 0.19991058537763012,
    "client_012": 0.33333675201103424,
    "client_010": 0.3333228031317246,
    "client_011": 0.3333404448572412,
    "client_000": 0.19997314415166048,
    "client_001": 0.20008668034412158,
    "client_002": 0.20002021494870745,
    "client_003": 0.19993185570935723,
    "client_004": 0.1999881048461532
  },
  "r7": {
    "client_015": 0.19962087370938866,
    "client_017": 0.20021097784288255,
    "client_013": 0.19989865735408274,
    "client_014": 0.20024046813181196,
    "client_016": 0.20002902296183406,
    "client_012": 0.33333435839203424,
    "client_010": 0.3333301759503551,
    "client_011": 0.33333546565761074,
    "client_009": 0.20012465132698057,
    "client_005": 0.1998514292727998,
    "client_008": 0.2004007636117157,
    "client_006": 0.19988638457928407,
    "client_007": 0.19973677120921984,
    "client_004": 0.20003831348003687,
    "client_003": 0.19986938882153316,
    "client_002": 0.20001351128438183,
    "client_001": 0.2000506662587683,
    "client_000": 0.20002812015527985,
    "attacker_001": 0.5045068196868068,
    "attacker_000": 0.49549318031319317
  },
  "r8": {
    "client_004": 0.20012796289598112,
    "client_001": 0.19995380560575152,
    "client_003": 0.20002279252254052,
    "client_002": 0.2000115126867431,
    "client_000": 0.1998839262889837,
    "client_006": 0.1997999516084431,
    "client_009": 0.19987712139277558,
    "client_005": 0.20017849177085686,
    "client_008": 0.20006655593914657,
    "client_007": 0.2000778792887779,
    "client_013": 0.1997098158134149,
    "client_015": 0.19982418828544732,
    "client_017": 0.20028188957524612,
    "client_014": 0.2002551592021381,
    "client_016": 0.19992894712375348,
    "client_012": 0.3333362361505923,
    "client_011": 0.33332878221192547,
    "client_010": 0.3333349816374821,
    "attacker_001": 0.5029782081516501,
    "attacker_000": 0.49702179184835005
  },
  "r9": {
    "client_007": 0.20030157577417484,
    "client_005": 0.19936872794922125,
    "client_009": 0.20009488365358447,
    "client_008": 0.20019465877026874,
    "client_006": 0.20004015385275076,
    "client_017": 0.20023197164251513,
    "client_014": 0.19998793636811868,
    "client_015": 0.1999856612245875,
    "client_013": 0.19997217631374556,
    "client_016": 0.19982225445103313,
    "client_003": 0.20007850052862294,
    "client_001": 0.19994314479281425,
    "client_002": 0.1999518325791676,
    "client_000": 0.19995946966303516,
    "client_004": 0.20006705243636003,
    "client_012": 0.33333939442788363,
    "client_011": 0.33332937291376086,
    "client_010": 0.3333312326583555,
    "attacker_001": 0.5014644624284997,
    "attacker_000": 0.4985355375715002
  },
  "r10": {
    "client_002": 0.20009747421202467,
    "client_003": 0.20007700712905904,
    "client_001": 0.19993775516751403,
    "client_000": 0.1998763008880503,
    "client_004": 0.20001146260335195,
    "client_012": 0.33334445337543894,
    "client_011": 0.3333333316225333,
    "client_010": 0.3333222150020278,
    "client_016": 0.20007081821528272,
    "client_015": 0.1999357881692245,
    "client_013": 0.2001723020806595,
    "client_017": 0.19993176438482246,
    "client_014": 0.19988932715001093,
    "attacker_000": 0.49724972497249725,
    "attacker_001": 0.5027502750275028,
    "client_006": 0.19941614619197787,
    "client_005": 0.20009581138238566,
    "client_009": 0.20000161958523976,
    "client_008": 0.2002104245092141,
    "client_007": 0.20027599833118265
  }
}