{
    "attacker_000": {
        "attacker_000": 0.09247910863509748,
        "attacker_001": 0.09222222222222222,
        "client_000": 0.0996370608779018,
        "client_001": 0.09965142505638712,
        "client_002": 0.09969592401516963,
        "client_003": 0.09962733768675854,
        "client_004": 0.0994848350448637,
        "client_005": 0.09781696053736355,
        "client_006": 0.09783749737560361,
        "client_007": 0.09537037037037037,
        "client_008": 0.09785804283914322,
        "client_009": 0.09534829900485998,
        "client_010": 0.09617330238647862,
        "client_011": 0.09611664930813868,
        "client_012": 0.0962865984289455,
        "client_013": 0.09437244010548168,
        "client_014": 0.09444226347372553,
        "client_015": 0.09433538979248458,
        "client_016": 0.09437773538323421,
        "client_017": 0.09457033879291002
    },
    "attacker_001": {
        "attacker_000": 0.09050279329608939,
        "attacker_001": 0.0913649025069638,
        "client_000": 0.10052873721073954,
        "client_001": 0.10034293552812071,
        "client_002": 0.1003805409852926,
        "client_003": 0.10026421439110593,
        "client_004": 0.10024650780608052,
        "client_005": 0.09713932908005761,
        "client_006": 0.09713932908005761,
        "client_007": 0.10163339382940109,
        "client_008": 0.09715932482503087,
        "client_009": 0.10156427114033098,
        "client_010": 0.09649879525240207,
        "client_011": 0.09655828896094237,
        "client_012": 0.09655541674103159,
        "client_013": 0.09596669854306125,
        "client_014": 0.09615925321936682,
        "client_015": 0.09595050618672665,
        "client_016": 0.09596669854306125,
        "client_017": 0.09596130048374395
    },
    "client_000": {
        "attacker_000": 0.22780398656976497,
        "attacker_001": 0.21841903918173397,
        "client_000": 0.9763071895424836,
        "client_001": 0.975769126054996,
        "client_002": 0.9756429446183155,
        "client_003": 0.976731528099061,
        "client_004": 0.9762001903984767,
        "client_005": 0.19391251763757306,
        "client_006": 0.2607600251942054,
        "client_007": 0.11288848263254114,
        "client_008": 0.23421891604675873,
        "client_009": 0.1092896174863388,
        "client_010": 0.16881957818591758,
        "client_011": 0.16686444545869467,
        "client_012": 0.1690590111642743,
        "client_013": 0.10751152372914367,
        "client_014": 0.10752269779507133,
        "client_015": 0.10809402878166309,
        "client_016": 0.10548389146597191,
        "client_017": 0.1067404879933046
    },
    "client_001": {
        "attacker_000": 0.2310926153976814,
        "attacker_001": 0.221481897728185,
        "client_000": 0.9774475988325816,
        "client_001": 0.9774356251659144,
        "client_002": 0.9778367617783675,
        "client_003": 0.9779782435659325,
        "client_004": 0.9775832338506433,
        "client_005": 0.19802371541501976,
        "client_006": 0.26309278350515464,
        "client_007": 0.10533423362592843,
        "client_008": 0.23372842586816386,
        "client_009": 0.10582959641255606,
        "client_010": 0.17384332405791633,
        "client_011": 0.17176847403340195,
        "client_012": 0.17408105560791703,
        "client_013": 0.10689317216595885,
        "client_014": 0.10710782711044269,
        "client_015": 0.10720136295131381,
        "client_016": 0.1048325236512401,
        "client_017": 0.10604783820574318
    },
    "client_002": {
        "attacker_000": 0.2300877453266076,
        "attacker_001": 0.22175816232279832,
        "client_000": 0.9771176234443998,
        "client_001": 0.976706827309237,
        "client_002": 0.9757924301190317,
        "client_003": 0.9771298649190853,
        "client_004": 0.9767379679144386,
        "client_005": 0.1992503452357467,
        "client_006": 0.2635690789473684,
        "client_007": 0.10488408732838171,
        "client_008": 0.24659231722428748,
        "client_009": 0.10368043087971275,
        "client_010": 0.16924799402873672,
        "client_011": 0.1665532108009984,
        "client_012": 0.16916767639108957,
        "client_013": 0.10413694721825963,
        "client_014": 0.10394660099799106,
        "client_015": 0.1044349070100143,
        "client_016": 0.10187123374563908,
        "client_017": 0.10341274951706377
    },
    "client_003": {
        "attacker_000": 0.23227675528289027,
        "attacker_001": 0.22198058878015384,
        "client_000": 0.976425655208745,
        "client_001": 0.9762845849802371,
        "client_002": 0.9764070119942007,
        "client_003": 0.9772218564845293,
        "client_004": 0.9776021080368906,
        "client_005": 0.20238327798398126,
        "client_006": 0.2717149220489978,
        "client_007": 0.1082519964507542,
        "client_008": 0.23963890028723844,
        "client_009": 0.1065193370165746,
        "client_010": 0.17296296296296296,
        "client_011": 0.17151110308719986,
        "client_012": 0.17313653819460512,
        "client_013": 0.1050455455778797,
        "client_014": 0.10503197467863833,
        "client_015": 0.1056863126499384,
        "client_016": 0.10296805091688196,
        "client_017": 0.10444031524316012
    },
    "client_004": {
        "attacker_000": 0.23040531901291395,
        "attacker_001": 0.22189887231720629,
        "client_000": 0.9769609801571447,
        "client_001": 0.976818545163869,
        "client_002": 0.9770849986677324,
        "client_003": 0.97790202342918,
        "client_004": 0.9773635153129162,
        "client_005": 0.20610837438423643,
        "client_006": 0.27224272242722425,
        "client_007": 0.11754189944134079,
        "client_008": 0.2499484429779336,
        "client_009": 0.11431123018530921,
        "client_010": 0.1696103167928231,
        "client_011": 0.16749931873921337,
        "client_012": 0.16999254009697873,
        "client_013": 0.10268789144050104,
        "client_014": 0.10256744428515573,
        "client_015": 0.10290271966527197,
        "client_016": 0.10038855978087777,
        "client_017": 0.10178479048111742
    },
    "client_005": {
        "attacker_000": 0.27767306374228923,
        "attacker_001": 0.3051359516616314,
        "client_000": 0.5465490072486606,
        "client_001": 0.5470608651752753,
        "client_002": 0.5472624292007552,
        "client_003": 0.5477815163045187,
        "client_004": 0.5472790185592954,
        "client_005": 0.971629566869496,
        "client_006": 0.976763507022873,
        "client_007": 0.9781109289190808,
        "client_008": 0.977509457428616,
        "client_009": 0.9771710868434738,
        "client_010": 0.6775508385860972,
        "client_011": 0.6793860915532061,
        "client_012": 0.6776855827197296,
        "client_013": 0.10878025628856194,
        "client_014": 0.11141639033633349,
        "client_015": 0.10903397229075726,
        "client_016": 0.11385647470118582,
        "client_017": 0.10927717700626068
    },
    "client_006": {
        "attacker_000": 0.28009764872157267,
        "attacker_001": 0.30843979057591625,
        "client_000": 0.5416679854407342,
        "client_001": 0.542798288702266,
        "client_002": 0.5426052889324192,
        "client_003": 0.5437199898913319,
        "client_004": 0.5427091230730351,
        "client_005": 0.9706328203283574,
        "client_006": 0.9761440203959519,
        "client_007": 0.9780151081010678,
        "client_008": 0.9765608794855839,
        "client_009": 0.9766606822262118,
        "client_010": 0.6766934046345812,
        "client_011": 0.6797591806811365,
        "client_012": 0.6778514529838459,
        "client_013": 0.10942191297717199,
        "client_014": 0.11188744712201151,
        "client_015": 0.1087598894290344,
        "client_016": 0.11435615399203489,
        "client_017": 0.10944941893694037
    },
    "client_007": {
        "attacker_000": 0.27994880546075085,