{
    "attacker_000": {
        "attacker_000": 0.8285714285714286,
        "client_000": 0.004393048646553395,
        "client_001": 0.004457847122066343,
        "client_002": 0.004260263361735089,
        "client_003": 0.0043442151664217716,
        "client_004": 0.004844335357188994,
        "client_005": 0.03146853146853147,
        "client_006": 0.02689243027888446,
        "client_007": 0.030388294879009563,
        "client_008": 0.030214991284137127,
        "client_009": 0.04788418708240535,
        "client_010": 0.0013121309631666093,
        "client_011": 0.001374527506169754,
        "client_012": 0.0013745704467353953,
        "client_013": 0.0014370060291774703,
        "client_014": 0.0022173894503432694,
        "client_015": 0.002282918874847126,
        "client_016": 0.002404077315126454,
        "client_017": 0.001905608842025027,
        "client_018": 0.0024141132776230273
    },
    "client_000": {
        "attacker_000": 0.23578448578448583,
        "client_000": 0.9653756671684686,
        "client_001": 0.9655361050328227,
        "client_002": 0.9652530779753761,
        "client_003": 0.964876315429821,
        "client_004": 0.9706122448979593,
        "client_005": 0.06179286335944299,
        "client_006": 0.1806529140797116,
        "client_007": 0.11569901488157619,
        "client_008": 0.12291446673706442,
        "client_009": 0.06091370558375635,
        "client_010": 0.10700945913170021,
        "client_011": 0.12469163489571654,
        "client_012": 0.10737800154918668,
        "client_013": 0.10851634701381299,
        "client_014": 0.1088120579096979,
        "client_015": 0.10834976988823143,
        "client_016": 0.10960730715381024,
        "client_017": 0.10866684336072092,
        "client_018": 0.10744826685815001
    },
    "client_001": {
        "attacker_000": 0.23658800606191818,
        "client_000": 0.9672785315243417,
        "client_001": 0.9675359233634913,
        "client_002": 0.9672698243746676,
        "client_003": 0.9667729930887825,
        "client_004": 0.971277299801456,
        "client_005": 0.06468085106382979,
        "client_006": 0.1798547025328883,
        "client_007": 0.11491894110404269,
        "client_008": 0.12254191678741463,
        "client_009": 0.06455777921239508,
        "client_010": 0.11078207679984466,
        "client_011": 0.1300281690140845,
        "client_012": 0.11129407206509107,
        "client_013": 0.11288233535917107,
        "client_014": 0.1081509882990679,
        "client_015": 0.1074363863501874,
        "client_016": 0.10886075949367088,
        "client_017": 0.10744405338999932,
        "client_018": 0.10586776320083546
    },
    "client_002": {
        "attacker_000": 0.24010194665377685,
        "client_000": 0.9662951524103666,
        "client_001": 0.9664339419978518,
        "client_002": 0.9662951524103666,
        "client_003": 0.9654062751407884,
        "client_004": 0.9714285714285715,
        "client_005": 0.06599957419629551,
        "client_006": 0.18811106765741104,
        "client_007": 0.11508425811755034,
        "client_008": 0.12479338842975207,
        "client_009": 0.06649395509499136,
        "client_010": 0.10804787053636321,
        "client_011": 0.12409941357162804,
        "client_012": 0.10808720452458065,
        "client_013": 0.10928476232785429,
        "client_014": 0.10476441168728613,
        "client_015": 0.10415301978252325,
        "client_016": 0.10557768924302788,
        "client_017": 0.10465731675046308,
        "client_018": 0.10362088019242022
    },
    "client_003": {
        "attacker_000": 0.24048237313498527,
        "client_000": 0.9646840148698885,
        "client_001": 0.964958853198832,
        "client_002": 0.964958853198832,
        "client_003": 0.9645747644951572,
        "client_004": 0.9711500461072323,
        "client_005": 0.0693174569423772,
        "client_006": 0.19146032364983423,
        "client_007": 0.12136121361213612,
        "client_008": 0.12696443341604632,
        "client_009": 0.06890648405735074,
        "client_010": 0.11241867585151166,
        "client_011": 0.13096620762125988,
        "client_012": 0.11284548188457683,
        "client_013": 0.11477579024748835,
        "client_014": 0.10584921726599857,
        "client_015": 0.10520833333333335,
        "client_016": 0.10664023785926659,
        "client_017": 0.10571297087633949,
        "client_018": 0.10454133781860524
    },
    "client_004": {
        "attacker_000": 0.2385321100917431,
        "client_000": 0.965267533860802,
        "client_001": 0.9660812441346025,
        "client_002": 0.9659426119603111,
        "client_003": 0.9649263721552879,
        "client_004": 0.9711013450526036,
        "client_005": 0.0730050933786078,
        "client_006": 0.19809301420509826,
        "client_007": 0.12653562653562653,
        "client_008": 0.131627811017124,
        "client_009": 0.07326478149100259,
        "client_010": 0.11001870413889023,
        "client_011": 0.12819373472561654,
        "client_012": 0.11018651362984218,
        "client_013": 0.11245256985167297,
        "client_014": 0.10413902892013796,
        "client_015": 0.10356200527704487,
        "client_016": 0.10486190062194878,
        "client_017": 0.10334022268151209,
        "client_018": 0.10220795387538491
    },
    "client_005": {
        "attacker_000": 0.3718928485238517,
        "client_000": 0.5132060921534606,
        "client_001": 0.5147356580427447,
        "client_002": 0.5159526566319311,
        "client_003": 0.5178291598707986,
        "client_004": 0.5145939697524323,
        "client_005": 0.9642417402011081,
        "client_006": 0.9633670686007088,
        "client_007": 0.9642582825541502,
        "client_008": 0.9630292951260073,
        "client_009": 0.9655367086658626,
        "client_010": 0.6857357589690312,
        "client_011": 0.6858831572679355,
        "client_012": 0.6880901547333437,
        "client_013": 0.685792834338418,
        "client_014": 0.01671478498708403,
        "client_015": 0.018808777429467086,
        "client_016": 0.022022426507728052,
        "client_017": 0.010264832683227264,
        "client_018": 0.022479838709677423
    },
    "client_006": {
        "attacker_000": 0.3693200128907509,
        "client_000": 0.5068037105271664,
        "client_001": 0.5083047889872682,
        "client_002": 0.5092002716424667,
        "client_003": 0.5118760646675024,
        "client_004": 0.5082808716707022,
        "client_005": 0.962354270453495,
        "client_006": 0.9617416604987111,
        "client_007": 0.9628736987846778,
        "client_008": 0.9613678894614064,
        "client_009": 0.9643068225619942,
        "client_010": 0.6856624961315707,
        "client_011": 0.6861893316280403,
        "client_012": 0.6877118830625633,
        "client_013": 0.6857447091707707,
        "client_014": 0.017453955045918106,
        "client_015": 0.019659505472233486,
        "client_016": 0.023672230652503793,
        "client_017": 0.011715137190422362,
        "client_018": 0.02412557411800333
    },
    "client_007": {
        "attacker_000": 0.3701382192221151,
        "client_000": 0.5161622334437618,
        "client_001": 0.5173966171457971,
        "client_002": 0.5184183410613087,
        "client_003": 0.5198514344262295,
        "client_004": 0.5174285989655283,
        "client_005": 0.9641997439180536,
        "client_006": 0.963351318334521,
        "client_007": 0.964463633344404,
        "client_008": 0.9629553931837923,
        "client_009": 0.9660634643973958,
        "client_010": 0.686263675544259,
        "client_011": 0.6865283260193618,
        "client_012": 0.6882747990751954,
        "client_013": 0.6859005632678405,
        "client_014": 0.015110029408782071,
        "client_015": 0.017621145374449337,
        "client_016": 0.0211324570273003,
        "client_017": 0.009346274328557488,
        "client_018": 0.021294847857899785
    },
    "client_008": {
        "attacker_000": 0.3660025057592047,