{
    "attacker_000": {
        "attacker_000": 0.0006064281382656155,
        "attacker_001": 0.009647271630991858,
        "client_000": 0.18489875435385797,
        "client_001": 0.18340232340766457,
        "client_002": 0.18405997238114025,
        "client_003": 0.18283264722893203,
        "client_004": 0.1843450898125082,
        "client_005": 0.06042296072507553,
        "client_006": 0.06149215222532788,
        "client_007": 0.061731059788473985,
        "client_008": 0.0611448395490026,
        "client_009": 0.06152512998266898,
        "client_010": 0.1827996704264568,
        "client_011": 0.1829389540664148,
        "client_012": 0.18278928378647122,
        "client_013": 0.17862595419847327,
        "client_014": 0.17240429633709722,
        "client_015": 0.17244888518826904,
        "client_016": 0.16778488034233188,
        "client_017": 0.16923944817682957
    },
    "attacker_001": {
        "attacker_000": 0.00424757281553398,
        "attacker_001": 0.012077294685990338,
        "client_000": 0.1850069384983318,
        "client_001": 0.18447513071457303,
        "client_002": 0.18402192939000628,
        "client_003": 0.18435696971766072,
        "client_004": 0.18419320873914188,
        "client_005": 0.07272727272727272,
        "client_006": 0.07535121328224775,
        "client_007": 0.07364590023549561,
        "client_008": 0.07132116004296456,
        "client_009": 0.07246998284734134,
        "client_010": 0.1825103699073811,
        "client_011": 0.18270651062379278,
        "client_012": 0.18260844862361864,
        "client_013": 0.179041271824777,
        "client_014": 0.17190524472301594,
        "client_015": 0.17166187250626336,
        "client_016": 0.17111959287531808,
        "client_017": 0.17178735011064794
    },
    "client_000": {
        "attacker_000": 0.0,
        "attacker_001": 0.0,
        "client_000": 0.9605227334603865,
        "client_001": 0.9633879781420766,
        "client_002": 0.9613079019073569,
        "client_003": 0.9639442775198034,
        "client_004": 0.9617009676979691,
        "client_005": 0.19219219219219222,
        "client_006": 0.19165085388994307,
        "client_007": 0.19734690168998728,
        "client_008": 0.19586840091813312,
        "client_009": 0.20011725620480753,
        "client_010": 0.15249063410573055,
        "client_011": 0.12253329709160099,
        "client_012": 0.12520425987490844,
        "client_013": 0.10890497376983864,
        "client_014": 0.10837959291567538,
        "client_015": 0.1090015932023367,
        "client_016": 0.1083509513742072,
        "client_017": 0.10844726240010569
    },
    "client_001": {
        "attacker_000": 0.0,
        "attacker_001": 0.0,
        "client_000": 0.9597147008321226,
        "client_001": 0.9651873505182035,
        "client_002": 0.9607194815500595,
        "client_003": 0.9650498338870432,
        "client_004": 0.9626588983050848,
        "client_005": 0.19633943427620631,
        "client_006": 0.1962962962962963,
        "client_007": 0.2026714158504007,
        "client_008": 0.19917168674698796,
        "client_009": 0.20387790362833555,
        "client_010": 0.15873456361870403,
        "client_011": 0.12739898299524305,
        "client_012": 0.1314142678347935,
        "client_013": 0.10757978723404253,
        "client_014": 0.10687627980712068,
        "client_015": 0.10774544971436163,
        "client_016": 0.10707431672291708,
        "client_017": 0.10699642904377726
    },
    "client_002": {
        "attacker_000": 0.0,
        "attacker_001": 0.0,
        "client_000": 0.9597440682484671,
        "client_001": 0.9647216633132126,
        "client_002": 0.9604595244456317,
        "client_003": 0.9642043169325647,
        "client_004": 0.9609938551963666,
        "client_005": 0.20811997073884417,
        "client_006": 0.20976958525345624,
        "client_007": 0.21238938053097345,
        "client_008": 0.21182174156255826,
        "client_009": 0.2161443494776828,
        "client_010": 0.15107519517874263,
        "client_011": 0.12145486035938513,
        "client_012": 0.12436220913933277,
        "client_013": 0.10492150758428827,
        "client_014": 0.10425728219322526,
        "client_015": 0.1052771148236542,
        "client_016": 0.10448548812664908,
        "client_017": 0.10457602531979428
    },
    "client_003": {
        "attacker_000": 0.0,
        "attacker_001": 0.0,
        "client_000": 0.9596199524940618,
        "client_001": 0.963277210658889,
        "client_002": 0.9606132698916204,
        "client_003": 0.9635326879724175,
        "client_004": 0.9617674295541738,
        "client_005": 0.20975160993560257,
        "client_006": 0.20847145488029467,
        "client_007": 0.20884955752212386,
        "client_008": 0.21231979030144169,
        "client_009": 0.2157834540602364,
        "client_010": 0.15946572168461223,
        "client_011": 0.12858758279037208,
        "client_012": 0.1311511789181692,
        "client_013": 0.10625411454904543,
        "client_014": 0.10563564875491481,
        "client_015": 0.10662103461892852,
        "client_016": 0.10535281399462752,
        "client_017": 0.10582842174197774
    },
    "client_004": {
        "attacker_000": 0.0,
        "attacker_001": 0.0,
        "client_000": 0.9600106638229805,
        "client_001": 0.9639941105608353,
        "client_002": 0.9611637528359804,
        "client_003": 0.963736116686739,
        "client_004": 0.9616771264521298,
        "client_005": 0.21102248005801305,
        "client_006": 0.2133529519955858,
        "client_007": 0.21512546060712406,
        "client_008": 0.2160343860960568,
        "client_009": 0.22116663499904995,
        "client_010": 0.15658460069562846,
        "client_011": 0.12483185364541298,
        "client_012": 0.12867257623905892,
        "client_013": 0.10337228714524206,
        "client_014": 0.10285335102853349,
        "client_015": 0.10409021151664777,
        "client_016": 0.10283357722495677,
        "client_017": 0.10273427130342448
    },
    "client_005": {
        "attacker_000": 0.0,
        "attacker_001": 0.0,
        "client_000": 0.5153796653796654,
        "client_001": 0.5154493024454683,
        "client_002": 0.5162491971740527,
        "client_003": 0.5160354552780017,
        "client_004": 0.5160069288509656,
        "client_005": 0.963939788903371,
        "client_006": 0.9632409251033849,
        "client_007": 0.9624618514750763,
        "client_008": 0.9630443672050706,
        "client_009": 0.96304826244946,
        "client_010": 0.6828587257617729,
        "client_011": 0.6872617499944913,
        "client_012": 0.6848109661728942,
        "client_013": 0.01032825442274261,
        "client_014": 0.012238029677221967,
        "client_015": 0.010925613927605044,
        "client_016": 0.010599434010805247,
        "client_017": 0.010513422476268245
    },
    "client_006": {
        "attacker_000": 0.0,
        "attacker_001": 0.0,
        "client_000": 0.5085501858736059,
        "client_001": 0.5093722684450775,
        "client_002": 0.5097165730518433,
        "client_003": 0.510008421325387,
        "client_004": 0.5095422308188265,
        "client_005": 0.9631487357969086,
        "client_006": 0.9620317849660177,
        "client_007": 0.9616158528819948,
        "client_008": 0.962335602067448,
        "client_009": 0.9622515877893874,
        "client_010": 0.6828208482053784,
        "client_011": 0.68707977867425,
        "client_012": 0.6847903026013095,
        "client_013": 0.012207632334837917,
        "client_014": 0.01361310133060389,
        "client_015": 0.012489762489762489,
        "client_016": 0.01205129525673379,
        "client_017": 0.012288157288413292
    },
    "client_007": {
        "attacker_000": 0.0,
        "attacker_001": 0.0,
        "client_000": 0.5181203733504989,
        "client_001": 0.5184827097231621,
        "client_002": 0.5187566299141727,
        "client_003": 0.519005706548022,