{
    "attacker_000": {
        "attacker_000": 0.0185795624812706,
        "attacker_001": 0.019155941334929663,
        "client_000": 0.1842898480829515,
        "client_001": 0.18446805326948976,
        "client_002": 0.18332184700206752,
        "client_003": 0.18203891680437054,
        "client_004": 0.18330153299559182,
        "client_005": 0.09775967413441955,
        "client_006": 0.09327162691349235,
        "client_007": 0.09848870776023094,
        "client_008": 0.09325502758497954,
        "client_009": 0.07086956521739131,
        "client_010": 0.1826343902716218,
        "client_011": 0.18257756563245825,
        "client_012": 0.1825671913176885,
        "client_013": 0.17035968257240028,
        "client_014": 0.1703421269579555,
        "client_015": 0.1703509043128768,
        "client_016": 0.16998247603339864,
        "client_017": 0.1704276146316332
    },
    "attacker_001": {
        "attacker_000": 0.021595680863827234,
        "attacker_001": 0.02158920539730135,
        "client_000": 0.18432567824486226,
        "client_001": 0.18413478834392613,
        "client_002": 0.1831477699453192,
        "client_003": 0.1823718490949078,
        "client_004": 0.18330692023243528,
        "client_005": 0.10900553412711722,
        "client_006": 0.10299823633156965,
        "client_007": 0.1087248322147651,
        "client_008": 0.10368541703403279,
        "client_009": 0.07901020186672456,
        "client_010": 0.1824535484970737,
        "client_011": 0.1824535484970737,
        "client_012": 0.18245873227831916,
        "client_013": 0.17197188921041753,
        "client_014": 0.17205745582308565,
        "client_015": 0.17207523770152955,
        "client_016": 0.17179182386686653,
        "client_017": 0.1719452337897184
    },
    "client_000": {
        "attacker_000": 0.5755968169761274,
        "attacker_001": 0.5401610185358547,
        "client_000": 0.9761807540492718,
        "client_001": 0.9761937151407972,
        "client_002": 0.9755035383777899,
        "client_003": 0.9764657869677595,
        "client_004": 0.9764593822288747,
        "client_005": 0.06594341629440545,
        "client_006": 0.06634063363810334,
        "client_007": 0.0605181347150259,
        "client_008": 0.05191434133679429,
        "client_009": 0.0608,
        "client_010": 0.3097881790228903,
        "client_011": 0.2997941539728283,
        "client_012": 0.30826329934729746,
        "client_013": 0.10510184534831749,
        "client_014": 0.10648746446110106,
        "client_015": 0.10587102983638114,
        "client_016": 0.10622331478845906,
        "client_017": 0.10479909308477138
    },
    "client_001": {
        "attacker_000": 0.5805864509605663,
        "attacker_001": 0.54472679884576,
        "client_000": 0.9773359840954275,
        "client_001": 0.9772125066242713,
        "client_002": 0.9773299748110831,
        "client_003": 0.9773359840954275,
        "client_004": 0.9777247414478918,
        "client_005": 0.06070826306913996,
        "client_006": 0.06620574062434528,
        "client_007": 0.05835216765974933,
        "client_008": 0.0436830835117773,
        "client_009": 0.05612932195779075,
        "client_010": 0.318762551809597,
        "client_011": 0.3070976231597993,
        "client_012": 0.31673860091449085,
        "client_013": 0.103821289125008,
        "client_014": 0.1058016058016058,
        "client_015": 0.10509390275276564,
        "client_016": 0.10526315789473684,
        "client_017": 0.10330891639302854
    },
    "client_002": {
        "attacker_000": 0.5723776927722972,
        "attacker_001": 0.5349847490525926,
        "client_000": 0.9766011498863484,
        "client_001": 0.9771359807460891,
        "client_002": 0.9765823631740935,
        "client_003": 0.9766136576239477,
        "client_004": 0.9771359807460891,
        "client_005": 0.06302521008403361,
        "client_006": 0.06526315789473684,
        "client_007": 0.06091788433834122,
        "client_008": 0.04965753424657535,
        "client_009": 0.05607054035722361,
        "client_010": 0.3130191557891168,
        "client_011": 0.30299063126457476,
        "client_012": 0.3117168980697596,
        "client_013": 0.10203039203166901,
        "client_014": 0.10315001290988897,
        "client_015": 0.10196229318968834,
        "client_016": 0.1030741410488246,
        "client_017": 0.1010343087790111
    },
    "client_003": {
        "attacker_000": 0.5825990073939026,
        "attacker_001": 0.5466405740378344,
        "client_000": 0.9765419082762257,
        "client_001": 0.9768115942028986,
        "client_002": 0.9760084365937253,
        "client_003": 0.9766890557092058,
        "client_004": 0.9768115942028986,
        "client_005": 0.06715634837355719,
        "client_006": 0.06798748696558915,
        "client_007": 0.061149612719119444,
        "client_008": 0.05113999573833369,
        "client_009": 0.060714285714285714,
        "client_010": 0.3160994489083337,
        "client_011": 0.30665365218805923,
        "client_012": 0.31454155631227143,
        "client_013": 0.1028013689948029,
        "client_014": 0.10389777178449881,
        "client_015": 0.1030415099151948,
        "client_016": 0.10390278402880473,
        "client_017": 0.10222722722722723
    },
    "client_004": {
        "attacker_000": 0.5772506082725062,
        "attacker_001": 0.5441424554826617,
        "client_000": 0.9765645805592542,
        "client_001": 0.9773695420660278,
        "client_002": 0.976818545163869,
        "client_003": 0.9773635153129162,
        "client_004": 0.9773635153129162,
        "client_005": 0.07142857142857142,
        "client_006": 0.07433702234286908,
        "client_007": 0.06755373592630501,
        "client_008": 0.05223720830657247,
        "client_009": 0.06285072951739619,
        "client_010": 0.3136657784545109,
        "client_011": 0.3032974208292523,
        "client_012": 0.31188704768346304,
        "client_013": 0.099967958987504,
        "client_014": 0.10150375939849625,
        "client_015": 0.10097237426749951,
        "client_016": 0.10101928195806013,
        "client_017": 0.09970266337698488
    },
    "client_005": {
        "attacker_000": 0.080531587821085,
        "attacker_001": 0.12458222329861952,
        "client_000": 0.5164952110677546,
        "client_001": 0.5160520887055184,
        "client_002": 0.5179008370895043,
        "client_003": 0.517804775869292,
        "client_004": 0.5168235142451979,
        "client_005": 0.9686580529614942,
        "client_006": 0.9688797744168162,
        "client_007": 0.9701816695198916,
        "client_008": 0.9719009967290804,
        "client_009": 0.9704943357363544,
        "client_010": 0.6833119554159848,
        "client_011": 0.687623915054853,
        "client_012": 0.6854831579877995,
        "client_013": 0.09805708803070282,
        "client_014": 0.0975562917086754,
        "client_015": 0.09940930701628008,
        "client_016": 0.09467967510933821,
        "client_017": 0.1028609702420821
    },
    "client_006": {
        "attacker_000": 0.07972201538843385,
        "attacker_001": 0.12738360274900784,
        "client_000": 0.509721185367912,
        "client_001": 0.5093244251289204,
        "client_002": 0.5110837438423644,
        "client_003": 0.5107694303879591,
        "client_004": 0.5103774808665196,
        "client_005": 0.9677188131991911,
        "client_006": 0.9679107348980377,
        "client_007": 0.9688586623031294,
        "client_008": 0.9708427776633011,
        "client_009": 0.9689457000747366,
        "client_010": 0.6838578410774708,
        "client_011": 0.6881981009451213,
        "client_012": 0.6858317129220435,
        "client_013": 0.09750457654880046,
        "client_014": 0.09711640466775967,
        "client_015": 0.09975903614457832,
        "client_016": 0.09541266702040423,
        "client_017": 0.10323633919139538
    },
    "client_007": {
        "attacker_000": 0.080526941362916,