{
    "attacker_000": {
        "attacker_000": 0.017991004497751123,
        "attacker_001": 0.017991004497751123,
        "client_000": 0.18507127225409592,
        "client_001": 0.18358288061481384,
        "client_002": 0.1843845622347251,
        "client_003": 0.1839653588767878,
        "client_004": 0.1843439331094871,
        "client_005": 0.06853839801816682,
        "client_006": 0.06856670797191244,
        "client_007": 0.0625,
        "client_008": 0.06291747468218056,
        "client_009": 0.06865177832919768,
        "client_010": 0.1827376555486107,
        "client_011": 0.1826860243770776,
        "client_012": 0.1826808341383033,
        "client_013": 0.17940862130388316,
        "client_014": 0.17132252393045516,
        "client_015": 0.1733014861995754,
        "client_016": 0.1693411072700067,
        "client_017": 0.17514879144904652
    },
    "attacker_001": {
        "attacker_000": 0.021014710297208042,
        "attacker_001": 0.021014710297208042,
        "client_000": 0.18522464926300833,
        "client_001": 0.18422977195665183,
        "client_002": 0.18430439952437574,
        "client_003": 0.18405271828665568,
        "client_004": 0.18426357357655068,
        "client_005": 0.07962240919351529,
        "client_006": 0.08,
        "client_007": 0.07730087550715353,
        "client_008": 0.07772795216741404,
        "client_009": 0.07924450831451448,
        "client_010": 0.18250518480638656,
        "client_011": 0.18245873227831916,
        "client_012": 0.18251555530300878,
        "client_013": 0.17743952549397934,
        "client_014": 0.17206517471535138,
        "client_015": 0.1736662379706417,
        "client_016": 0.1715320910973085,
        "client_017": 0.17630431271200128
    },
    "client_000": {
        "attacker_000": 0.03565564156697162,
        "attacker_001": 0.03522595596755504,
        "client_000": 0.970892274211099,
        "client_001": 0.9707443189549598,
        "client_002": 0.9708684998638715,
        "client_003": 0.9655266757865938,
        "client_004": 0.9664337580490479,
        "client_005": 0.05209187858900738,
        "client_006": 0.06625347296430861,
        "client_007": 0.061036789297658864,
        "client_008": 0.0544425087108014,
        "client_009": 0.057307863171923594,
        "client_010": 0.11097887533472181,
        "client_011": 0.12603555803779204,
        "client_012": 0.13198934956257133,
        "client_013": 0.10728969522939372,
        "client_014": 0.10714984031806035,
        "client_015": 0.10783798001052079,
        "client_016": 0.108015543700191,
        "client_017": 0.10704298627820771
    },
    "client_001": {
        "attacker_000": 0.03012048192771084,
        "attacker_001": 0.02977553825011452,
        "client_000": 0.971277299801456,
        "client_001": 0.9716556291390728,
        "client_002": 0.9717693836978132,
        "client_003": 0.9670037253858434,
        "client_004": 0.9685501066098082,
        "client_005": 0.04991883116883117,
        "client_006": 0.06683480453972257,
        "client_007": 0.06504734458624949,
        "client_008": 0.05113880532874946,
        "client_009": 0.055858607898756275,
        "client_010": 0.11547459061271215,
        "client_011": 0.13087248322147652,
        "client_012": 0.1376839289126696,
        "client_013": 0.10568893528183718,
        "client_014": 0.10561314296890281,
        "client_015": 0.10679292431117247,
        "client_016": 0.10658761528326743,
        "client_017": 0.1051743166915536
    },
    "client_002": {
        "attacker_000": 0.03310795057122873,
        "attacker_001": 0.032643678160919544,
        "client_000": 0.9709333333333335,
        "client_001": 0.9711615487316422,
        "client_002": 0.9712835581674903,
        "client_003": 0.9644724493899987,
        "client_004": 0.9674468657519504,
        "client_005": 0.05571255551069842,
        "client_006": 0.06379853095487933,
        "client_007": 0.06462235027783494,
        "client_008": 0.057301689116955316,
        "client_009": 0.060566448801742924,
        "client_010": 0.11056862454998273,
        "client_011": 0.12619467384244223,
        "client_012": 0.1324127494561619,
        "client_013": 0.10326687016951354,
        "client_014": 0.10283710965396352,
        "client_015": 0.10444240597562574,
        "client_016": 0.10395584176632935,
        "client_017": 0.10281644545160246
    },
    "client_003": {
        "attacker_000": 0.03319502074688797,
        "attacker_001": 0.03326498063340169,
        "client_000": 0.9719478467009087,
        "client_001": 0.9715189873417722,
        "client_002": 0.9717901397310835,
        "client_003": 0.9650962176509623,
        "client_004": 0.9661129568106314,
        "client_005": 0.05602579604997984,
        "client_006": 0.06883525708289612,
        "client_007": 0.0679909891460168,
        "client_008": 0.05826906598114825,
        "client_009": 0.06094661767884158,
        "client_010": 0.11712987837639818,
        "client_011": 0.13192272309107636,
        "client_012": 0.13863519273101965,
        "client_013": 0.10437927916289884,
        "client_014": 0.10408873984264155,
        "client_015": 0.10540013012361744,
        "client_016": 0.10533882245311378,
        "client_017": 0.10403656730831135
    },
    "client_004": {
        "attacker_000": 0.0355576079427384,
        "attacker_001": 0.03563270899954317,
        "client_000": 0.971763452317528,
        "client_001": 0.9721518987341772,
        "client_002": 0.9722740602505998,
        "client_003": 0.9658222758343386,
        "client_004": 0.9671008459782463,
        "client_005": 0.0620467365028203,
        "client_006": 0.07316053511705685,
        "client_007": 0.07363469012067907,
        "client_008": 0.06351236146632566,
        "client_009": 0.06764960971379011,
        "client_010": 0.11408934707903781,
        "client_011": 0.1279417860268042,
        "client_012": 0.13589490040966237,
        "client_013": 0.10161723302560073,
        "client_014": 0.10160847391133776,
        "client_015": 0.1029663810151615,
        "client_016": 0.10260144303965049,
        "client_017": 0.10114192495921698
    },
    "client_005": {
        "attacker_000": 0.0175754149750758,
        "attacker_001": 0.01736896197327852,
        "client_000": 0.5168553782810087,
        "client_001": 0.5164071548063311,
        "client_002": 0.5166977671964481,
        "client_003": 0.5171804185014945,
        "client_004": 0.516195438901219,
        "client_005": 0.9656776304020036,
        "client_006": 0.965929712460064,
        "client_007": 0.9655824895162115,
        "client_008": 0.9664298218515086,
        "client_009": 0.9679587491341936,
        "client_010": 0.6829732601381264,
        "client_011": 0.6873317742576004,
        "client_012": 0.6834219858156029,
        "client_013": 0.011147707119331138,
        "client_014": 0.01125703564727955,
        "client_015": 0.01135499569118467,
        "client_016": 0.01078002644157429,
        "client_017": 0.01134694291069348
    },
    "client_006": {
        "attacker_000": 0.017897551944044437,
        "attacker_001": 0.01779469245011315,
        "client_000": 0.5101704233095108,
        "client_001": 0.5100944739226091,
        "client_002": 0.5100792751981879,
        "client_003": 0.5106946688206785,
        "client_004": 0.5101374292643494,
        "client_005": 0.9641970569417786,
        "client_006": 0.9641440380825633,
        "client_007": 0.9641742156712216,
        "client_008": 0.9650407342477054,
        "client_009": 0.9666700903861956,
        "client_010": 0.6833285369579174,
        "client_011": 0.6873110115434701,
        "client_012": 0.6833551362497505,
        "client_013": 0.012797074954296161,
        "client_014": 0.01280878316559927,
        "client_015": 0.01259330726654141,
        "client_016": 0.012246772465173241,
        "client_017": 0.012793826471036199
    },
    "client_007": {
        "attacker_000": 0.018460591764524893,