{
    "attacker_000": {
        "attacker_000": 0.03214285714285714,
        "attacker_001": 0.03389830508474576,
        "client_000": 0.1721046209347976,
        "client_001": 0.1647612642905178,
        "client_002": 0.1623863222990178,
        "client_003": 0.164332784184514,
        "client_004": 0.1640900461079468,
        "client_005": 0.07178378378378378,
        "client_006": 0.06999125109361329,
        "client_007": 0.07018308631211857,
        "client_008": 0.07524583155194527,
        "client_009": 0.07620660457239627,
        "client_010": 0.18334658639100304,
        "client_011": 0.18342372015105485,
        "client_012": 0.18337213924697598,
        "client_013": 0.16662199110062723,
        "client_014": 0.16709539121114686,
        "client_015": 0.1676089828269485,
        "client_016": 0.0018181818181818184,
        "client_017": 0.16770580154285109
    },
    "attacker_001": {
        "attacker_000": 0.032835820895522394,
        "attacker_001": 0.032835820895522394,
        "client_000": 0.16838870343877496,
        "client_001": 0.16122944189808572,
        "client_002": 0.16081638561192735,
        "client_003": 0.16227709190672154,
        "client_004": 0.1608510061657294,
        "client_005": 0.07981220657276995,
        "client_006": 0.07669108143041793,
        "client_007": 0.07798362774666093,
        "client_008": 0.07971320118093632,
        "client_009": 0.08110367892976589,
        "client_010": 0.18295419045184744,
        "client_011": 0.18309859154929578,
        "client_012": 0.18309859154929578,
        "client_013": 0.16986212839293408,
        "client_014": 0.17023796705071606,
        "client_015": 0.17102263690823308,
        "client_016": 0.0030339805825242722,
        "client_017": 0.17093473304702825
    },
    "client_000": {
        "attacker_000": 0.23926794816679972,
        "attacker_001": 0.26028592522988125,
        "client_000": 0.9565929565929566,
        "client_001": 0.9538712750034019,
        "client_002": 0.9556677124539626,
        "client_003": 0.9563318777292577,
        "client_004": 0.9546506877298108,
        "client_005": 0.14954561141148054,
        "client_006": 0.15342260042547864,
        "client_007": 0.1588711784687745,
        "client_008": 0.16448207864516876,
        "client_009": 0.13892941308495116,
        "client_010": 0.14256410256410257,
        "client_011": 0.13415794481446242,
        "client_012": 0.12387821395143975,
        "client_013": 0.303846606281614,
        "client_014": 0.30564355273964566,
        "client_015": 0.3047140016376184,
        "client_016": 0.30256048860700024,
        "client_017": 0.3027902370827751
    },
    "client_001": {
        "attacker_000": 0.24305682719892574,
        "attacker_001": 0.26386207814684154,
        "client_000": 0.9548455241616055,
        "client_001": 0.9543415149115861,
        "client_002": 0.9555908009516257,
        "client_003": 0.9556025369978858,
        "client_004": 0.9537122510879599,
        "client_005": 0.1591892507401503,
        "client_006": 0.15577703949796973,
        "client_007": 0.16232929657304818,
        "client_008": 0.16949931097841067,
        "client_009": 0.1433014885580982,
        "client_010": 0.14704757046295114,
        "client_011": 0.13823355068168347,
        "client_012": 0.12901442706318056,
        "client_013": 0.30837056195626616,
        "client_014": 0.31056119157919426,
        "client_015": 0.30987892612739076,
        "client_016": 0.307466541441653,
        "client_017": 0.30801466736511257
    },
    "client_002": {
        "attacker_000": 0.24687270051508461,
        "attacker_001": 0.26795154922037073,
        "client_000": 0.9543025120256546,
        "client_001": 0.9521652231845437,
        "client_002": 0.9541872579137172,
        "client_003": 0.9539324342368807,
        "client_004": 0.9515312916111851,
        "client_005": 0.1621251852696386,
        "client_006": 0.1660916707737802,
        "client_007": 0.1724492418401439,
        "client_008": 0.17447199265381083,
        "client_009": 0.14960717052119069,
        "client_010": 0.14157388663967613,
        "client_011": 0.13254075687128478,
        "client_012": 0.12284824307339197,
        "client_013": 0.3069908814589665,
        "client_014": 0.30800653594771243,
        "client_015": 0.30736081993943626,
        "client_016": 0.3062905204135273,
        "client_017": 0.3055523356902747
    },
    "client_003": {
        "attacker_000": 0.24750646472109347,
        "attacker_001": 0.2690576935993015,
        "client_000": 0.9542328042328042,
        "client_001": 0.9530981635618971,
        "client_002": 0.9540701522170747,
        "client_003": 0.9544853135750198,
        "client_004": 0.9535006605019815,
        "client_005": 0.15892557358701734,
        "client_006": 0.16290909090909092,
        "client_007": 0.16759493670886078,
        "client_008": 0.17316409791477788,
        "client_009": 0.14738907663795922,
        "client_010": 0.1490879252666793,
        "client_011": 0.14000469814423303,
        "client_012": 0.12950108459869847,
        "client_013": 0.30653617616218104,
        "client_014": 0.30787104269532384,
        "client_015": 0.3075049298225264,
        "client_016": 0.305205001453911,
        "client_017": 0.3056340464794418
    },
    "client_004": {
        "attacker_000": 0.24873846153846152,
        "attacker_001": 0.2681556774107262,
        "client_000": 0.9542117207315445,
        "client_001": 0.9514433949713983,
        "client_002": 0.9530541477727393,
        "client_003": 0.9530666666666666,
        "client_004": 0.9519371588337107,
        "client_005": 0.16158192090395482,
        "client_006": 0.16568771414586392,
        "client_007": 0.17303771661569828,
        "client_008": 0.175290631410987,
        "client_009": 0.14995602462620933,
        "client_010": 0.1467122767008742,
        "client_011": 0.1379757275833628,
        "client_012": 0.1275526919296713,
        "client_013": 0.3064316453457525,
        "client_014": 0.3078461357487355,
        "client_015": 0.3072229067652409,
        "client_016": 0.3054442611359887,
        "client_017": 0.3054630441133509
    },
    "client_005": {
        "attacker_000": 0.3045809584124973,
        "attacker_001": 0.28081042715189053,
        "client_000": 0.5026970819522973,
        "client_001": 0.5031209362808844,
        "client_002": 0.5030710925248301,
        "client_003": 0.50290952829882,
        "client_004": 0.5026640675763482,
        "client_005": 0.9548354430379746,
        "client_006": 0.9549275802694217,
        "client_007": 0.9551566100321577,
        "client_008": 0.9559148244968402,
        "client_009": 0.9556204750412803,
        "client_010": 0.6923144296036785,
        "client_011": 0.6933602315586352,
        "client_012": 0.6915379213483147,
        "client_013": 0.01032844453625284,
        "client_014": 0.010425806451612903,
        "client_015": 0.010720544273786208,
        "client_016": 0.010338054378166029,
        "client_017": 0.01062567700005158
    },
    "client_006": {
        "attacker_000": 0.30238838720567135,
        "attacker_001": 0.276592082616179,
        "client_000": 0.49488712470188506,
        "client_001": 0.4956203425284351,
        "client_002": 0.4958118450875406,
        "client_003": 0.49594612266248206,
        "client_004": 0.4950184562114134,
        "client_005": 0.9543705054188191,
        "client_006": 0.9545938275984391,
        "client_007": 0.9547227146112939,
        "client_008": 0.9550670186839967,
        "client_009": 0.954935731341767,
        "client_010": 0.6925807441167448,
        "client_011": 0.6937933456237381,
        "client_012": 0.6924394099051634,
        "client_013": 0.012095523622454253,
        "client_014": 0.012090523922703317,
        "client_015": 0.012175617809420627,
        "client_016": 0.012001448450675084,
        "client_017": 0.012389654638376955
    },
    "client_007": {
        "attacker_000": 0.3074984247006931,