{
  "r1": {
    "client_002": 0.19348018693846442,
    "client_001": 0.17149163549402582,
    "client_000": 0.17215468595650776,
    "client_004": 0.24195094132629683,
    "client_003": 0.22092255028470517,
    "attacker_000": 0.0049111906840174305,
    "attacker_001": 0.7677178512732145,
    "attacker_002": 0.22737095804276813,
    "client_006": 0.19934384380987238,
    "client_008": 0.1873482784110061,
    "client_007": 0.1993422463629693,
    "client_009": 0.19267467997116047,
    "client_005": 0.22129095144499178,
    "client_011": 0.5,
    "client_010": 0.5,
    "client_013": 0.2754660519244562,
    "client_012": 0.15587107334372205,
    "client_015": 0.19198715755687062,
    "client_016": 0.19542724482288856,
    "client_014": 0.18124847235206257
  },
  "r2": {
    "attacker_002": 0.08591148006276246,
    "attacker_001": 0.806760942260977,
    "attacker_000": 0.10732757767626047,
    "client_006": 0.19465075454111572,
    "client_009": 0.19719485474043824,
    "client_007": 0.2094264784825966,
    "client_008": 0.1985234638962188,
    "client_005": 0.20020444833963066,
    "client_016": 0.18442601897582703,
    "client_012": 0.17122820561189991,
    "client_013": 0.22663310801868883,
    "client_015": 0.20904487202469502,
    "client_014": 0.2086677953688893,
    "client_011": 0.49616132960240966,
    "client_010": 0.5038386703975903,
    "client_001": 0.2076961775515616,
    "client_002": 0.22144408356674436,
    "client_004": 0.15777687099172547,
    "client_000": 0.21502709875714945,
    "client_003": 0.19805576913281908
  },
  "r3": {
    "attacker_001": 0.5887947819771656,
    "attacker_000": 0.33324327768070267,
    "attacker_002": 0.07796194034213175,
    "client_014": 0.21646138025744627,
    "client_015": 0.19335698959715478,
    "client_012": 0.20544265044399684,
    "client_013": 0.19536270480592516,
    "client_016": 0.189376274895477,
    "client_009": 0.18650385458312696,
    "client_008": 0.22804150506944315,
    "client_007": 0.17340684255510178,
    "client_005": 0.2105965281292334,
    "client_006": 0.2014512696630948,
    "client_000": 0.22780548676339382,
    "client_004": 0.1855562216764486,
    "client_003": 0.2050424703289617,
    "client_002": 0.18341839829080764,
    "client_001": 0.19817742294038826,
    "client_011": 0.49892303713324987,
    "client_010": 0.5010769628667502
  },
  "r4": {
    "client_016": 0.20003116995493736,
    "client_015": 0.22858994768741114,
    "client_014": 0.1581764443738061,
    "client_012": 0.20525836340784614,
    "client_013": 0.20794407457599934,
    "client_010": 0.5003169257212396,
    "client_011": 0.4996830742787603,
    "client_007": 0.1825341390799645,
    "client_009": 0.23630344305317225,
    "client_008": 0.22550588040378497,
    "client_005": 0.16673082501108102,
    "client_006": 0.18892571245199727,
    "client_003": 0.20102321604168125,
    "client_001": 0.21569280004318572,
    "client_002": 0.13957768471972953,
    "client_000": 0.2174025127119188,
    "client_004": 0.22630378648348465,
    "attacker_000": 0.5179611551879988,
    "attacker_001": 0.3254879408920028,
    "attacker_002": 0.15655090391999837
  },
  "r5": {
    "client_000": 0.21352356147854937,
    "client_004": 0.2033305060739146,
    "client_001": 0.20933974187667267,
    "client_002": 0.1780330540247511,
    "client_003": 0.19577313654611234,
    "client_008": 0.23854822705952,
    "client_009": 0.1989100208036345,
    "client_007": 0.1270220961753764,
    "client_005": 0.21582376946177081,
    "client_006": 0.21969588649969823,
    "attacker_001": 0.15796522247545491,
    "attacker_000": 0.7812813117215468,
    "attacker_002": 0.0607534658029982,
    "client_010": 0.5000945366892041,
    "client_011": 0.49990546331079583,
    "client_016": 0.19578091204639453,
    "client_015": 0.188319544344582,
    "client_014": 0.1977734285730453,
    "client_012": 0.21197444299885743,
    "client_013": 0.20615167203712081
  },
  "r6": {
    "client_003": 0.1874744066880141,
    "client_002": 0.1949691161262139,
    "client_001": 0.20801642254903913,
    "client_000": 0.2060623608540875,
    "client_004": 0.20347769378264535,
    "client_015": 0.19122159171679476,
    "client_016": 0.22438458165821562,
    "client_014": 0.20956327699267144,
    "client_012": 0.16889214127514363,
    "client_013": 0.20593840835717453,
    "client_011": 0.4999716873266343,
    "client_010": 0.5000283126733658,
    "client_006": 0.2047663035665969,
    "client_007": 0.18401162240907304,
    "client_009": 0.19529649803195626,
    "client_008": 0.19763195932146843,
    "client_005": 0.2182936166709054,
    "attacker_001": 0.003938518807131507,
    "attacker_000": 0.22864637212658404,
    "attacker_002": 0.7674151090662844
  },
  "r7": {
    "client_001": 0.20624178451139405,
    "client_002": 0.18998120622414544,
    "client_004": 0.20443669269568734,
    "client_000": 0.19558309152705822,
    "client_003": 0.20375722504171495,
    "attacker_001": 1.3261313740530929e-06,
    "attacker_000": 0.5104451274844034,
    "attacker_002": 0.4895535463842226,
    "client_012": 0.17939142888928963,
    "client_013": 0.25120585963615644,
    "client_014": 0.2150939627072183,
    "client_015": 0.14272658180114,
    "client_016": 0.2115821669661957,
    "client_006": 0.20612898834854632,
    "client_007": 0.23624755186842486,
    "client_008": 0.21040762699764426,
    "client_009": 0.12474825367718147,
    "client_005": 0.22246757910820314,
    "client_010": 0.5035019887507742,
    "client_011": 0.4964980112492257
  },
  "r8": {
    "client_011": 0.49894957604166895,
    "client_010": 0.501050423958331,
    "client_012": 0.2155425320428656,
    "client_013": 0.25323420374743083,
    "client_014": 0.22240001792916336,
    "client_016": 0.22415377667650743,
    "client_015": 0.08466946960403271,
    "attacker_000": 0.49001234406353317,
    "attacker_001": 0.0016191200227864417,
    "attacker_002": 0.5083685359136805,
    "client_007": 0.19786856236806105,
    "client_008": 0.2596988719869715,
    "client_009": 0.14089682962292838,
    "client_005": 0.26010257020398103,
    "client_006": 0.14143316581805793,
    "client_002": 0.1956265778879462,
    "client_001": 0.20370189247594622,
    "client_004": 0.19767353218764255,
    "client_000": 0.19683789610528823,
    "client_003": 0.20616010134317683
  },
  "r9": {
    "client_004": 0.1966537945833343,
    "client_000": 0.20097522997164108,
    "client_002": 0.1996892966207538,
    "client_001": 0.20486400016731687,
    "client_003": 0.19781767865695407,
    "client_006": 0.1797758879196294,
    "client_007": 0.10923768016503409,
    "client_009": 0.2060535160505135,
    "client_008": 0.26381861747833446,
    "client_005": 0.24111429838648854,
    "attacker_000": 0.419577486337002,
    "attacker_001": 0.011982284455798124,
    "attacker_002": 0.5684402292071999,
    "client_013": 0.23716048682257115,
    "client_012": 0.22891539041416864,
    "client_015": 0.16584549667638981,
    "client_016": 0.15433344185229725,
    "client_014": 0.2137451842345731,
    "client_011": 0.4996848891224911,
    "client_010": 0.5003151108775089
  },
  "r10": {
    "client_014": 0.14402215999504445,
    "client_013": 0.22450865496952868,
    "client_012": 0.22647189197116976,
    "client_016": 0.2125338590767005,
    "client_015": 0.1924634339875566,
    "client_001": 0.20731594549928686,
    "client_002": 0.19230128343878986,
    "client_000": 0.20012728258123075,
    "client_004": 0.19816814597221827,
    "client_003": 0.20208734250847418,
    "client_010": 0.4950107321267885,
    "client_011": 0.5049892678732115,
    "client_008": 0.23967518756759737,
    "client_009": 0.20220398004580556,
    "client_007": 0.19893580224550636,
    "client_005": 0.20154856928157938,
    "client_006": 0.15763646085951133,
    "attacker_000": 0.15496861932741246,
    "attacker_001": 0.1296768856397393,
    "attacker_002": 0.7153544950328482
  }
}