{
    "attacker_000": {
        "attacker_000": 0.8732394366197183,
        "attacker_001": 0.8708133971291867,
        "attacker_002": 0.8815165876777251,
        "client_000": 0.008347245409015025,
        "client_001": 0.008146639511201629,
        "client_002": 0.008414139859422297,
        "client_003": 0.006018657839301836,
        "client_004": 0.0060922541340295904,
        "client_005": 0.044606650446066515,
        "client_006": 0.04398240703718513,
        "client_007": 0.04451639012545528,
        "client_008": 0.044606650446066515,
        "client_009": 0.04392029280195201,
        "client_010": 0.001374226997314011,
        "client_011": 0.0013118031046006808,
        "client_012": 0.0024180142058334592,
        "client_013": 0.0025534276991396056,
        "client_014": 0.002347707895712344,
        "client_015": 0.0023478529502625888,
        "client_016": 0.002712365922820861
    },
    "attacker_001": {
        "attacker_000": 0.9134615384615385,
        "attacker_001": 0.8975609756097561,
        "attacker_002": 0.9082125603864735,
        "client_000": 0.007610112066718791,
        "client_001": 0.007306508011064141,
        "client_002": 0.0071979434447300775,
        "client_003": 0.005330730535325475,
        "client_004": 0.005079272938359395,
        "client_005": 0.04543577034283353,
        "client_006": 0.044624746450304266,
        "client_007": 0.04372937293729374,
        "client_008": 0.04543577034283353,
        "client_009": 0.04389233954451346,
        "client_010": 0.0008747539754444062,
        "client_011": 0.0008123223044958916,
        "client_012": 0.0026218928049210914,
        "client_013": 0.0030023351495607692,
        "client_014": 0.0033318936262108968,
        "client_015": 0.0033325104912367317,
        "client_016": 0.003201773289822055
    },
    "attacker_002": {
        "attacker_000": 0.867579908675799,
        "attacker_001": 0.8703703703703703,
        "attacker_002": 0.8755760368663595,
        "client_000": 0.008690644468875975,
        "client_001": 0.008280488444001886,
        "client_002": 0.008569511124877395,
        "client_003": 0.006106064603671177,
        "client_004": 0.006024533643028235,
        "client_005": 0.055977608956417436,
        "client_006": 0.0557081208316987,
        "client_007": 0.05584363781412046,
        "client_008": 0.05677728908436626,
        "client_009": 0.05611222444889779,
        "client_010": 0.0013118850538809935,
        "client_011": 0.001249453364153183,
        "client_012": 0.002617801047120419,
        "client_013": 0.0026715645349807983,
        "client_014": 0.0023535240926545273,
        "client_015": 0.0024778541782816085,
        "client_016": 0.0024721878862793575
    },
    "client_000": {
        "attacker_000": 0.2356969947452323,
        "attacker_001": 0.23919221234657476,
        "attacker_002": 0.24267111028821822,
        "client_000": 0.9774516344229486,
        "client_001": 0.9774456159081809,
        "client_002": 0.9771665108826278,
        "client_003": 0.9771908763505401,
        "client_004": 0.9771847898599066,
        "client_005": 0.11798799420409853,
        "client_006": 0.11835548172757475,
        "client_007": 0.21135958836334853,
        "client_008": 0.11804102134784429,
        "client_009": 0.11849344054168431,
        "client_010": 0.310829639012033,
        "client_011": 0.31664282308059133,
        "client_012": 0.10086054163502911,
        "client_013": 0.10136080376446649,
        "client_014": 0.09996237300890506,
        "client_015": 0.10110504255048901,
        "client_016": 0.10030165912518854
    },
    "client_001": {
        "attacker_000": 0.2352730954791828,
        "attacker_001": 0.23858921161825727,
        "attacker_002": 0.24065101254814264,
        "client_000": 0.9766884241374716,
        "client_001": 0.9769671148981494,
        "client_002": 0.976545842217484,
        "client_003": 0.9765770561618313,
        "client_004": 0.9765645805592543,
        "client_005": 0.10218376596621344,
        "client_006": 0.10366991499066973,
        "client_007": 0.19901283316880555,
        "client_008": 0.10269254852849094,
        "client_009": 0.10235888795282225,
        "client_010": 0.3089157234821391,
        "client_011": 0.3153297297297298,
        "client_012": 0.10829594995893095,
        "client_013": 0.10869427357473523,
        "client_014": 0.10740185046261563,
        "client_015": 0.10834813499111899,
        "client_016": 0.10760365777276713
    },
    "client_002": {
        "attacker_000": 0.23487374940447833,
        "attacker_001": 0.23830150692453175,
        "attacker_002": 0.24090401092760466,
        "client_000": 0.9767873723305478,
        "client_001": 0.9770465702534163,
        "client_002": 0.9766330323951141,
        "client_003": 0.9762693888373326,
        "client_004": 0.9767935287097202,
        "client_005": 0.10892095102621419,
        "client_006": 0.10979591836734695,
        "client_007": 0.19883040935672516,
        "client_008": 0.10848572015615367,
        "client_009": 0.107928601079286,
        "client_010": 0.31054178916421665,
        "client_011": 0.31594390507011866,
        "client_012": 0.10755148741418764,
        "client_013": 0.10878179726447654,
        "client_014": 0.10655582845267335,
        "client_015": 0.10776605944391181,
        "client_016": 0.10673058727054816
    },
    "client_003": {
        "attacker_000": 0.24487857015616654,
        "attacker_001": 0.24766071211568838,
        "attacker_002": 0.2518729490434029,
        "client_000": 0.9766818547306353,
        "client_001": 0.9769498793889039,
        "client_002": 0.9769375167605255,
        "client_003": 0.9767005891805034,
        "client_004": 0.9765572672471534,
        "client_005": 0.09125156969443282,
        "client_006": 0.09153894604241025,
        "client_007": 0.18922155688622752,
        "client_008": 0.08994932432432433,
        "client_009": 0.09030883919062833,
        "client_010": 0.30956697727368554,
        "client_011": 0.3151206017117662,
        "client_012": 0.09538344143456695,
        "client_013": 0.09584582987684258,
        "client_014": 0.0944168187826525,
        "client_015": 0.09556009186016841,
        "client_016": 0.09436220472440945
    },
    "client_004": {
        "attacker_000": 0.23551892989370596,
        "attacker_001": 0.2373688064437393,
        "attacker_002": 0.2418523806567757,
        "client_000": 0.9782989621242755,
        "client_001": 0.9777717903812475,
        "client_002": 0.9782931104220035,
        "client_003": 0.9777777777777777,
        "client_004": 0.9777777777777777,
        "client_005": 0.1179904106733375,
        "client_006": 0.11838527504706128,
        "client_007": 0.21965777954635893,
        "client_008": 0.11784511784511785,
        "client_009": 0.11667021503087079,
        "client_010": 0.30789362600253267,
        "client_011": 0.3136115207773055,
        "client_012": 0.09959349593495935,
        "client_013": 0.1002167537931914,
        "client_014": 0.09850915267031515,
        "client_015": 0.09969403365629782,
        "client_016": 0.0985711588090892
    },
    "client_005": {
        "attacker_000": 0.2947693281633299,
        "attacker_001": 0.28472779829773565,
        "attacker_002": 0.28583996480985324,
        "client_000": 0.5293294389679932,
        "client_001": 0.5347087378640777,
        "client_002": 0.5441296034207596,
        "client_003": 0.532740525663128,
        "client_004": 0.5319477686551337,
        "client_005": 0.9766709464861068,
        "client_006": 0.9752513534416086,
        "client_007": 0.9710691219898682,
        "client_008": 0.9773782043494107,
        "client_009": 0.9765693218201222,
        "client_010": 0.7002129139701078,
        "client_011": 0.6463352241130019,
        "client_012": 0.10371032632990612,
        "client_013": 0.0975325780305405,
        "client_014": 0.09853802476863235,
        "client_015": 0.09723093467156556,