{
    "attacker_000": {
        "attacker_000": 0.8425925925925927,
        "attacker_001": 0.8387096774193549,
        "attacker_002": 0.8387096774193549,
        "client_000": 0.006572314126741104,
        "client_001": 0.0074730749505458275,
        "client_002": 0.007748439028059881,
        "client_003": 0.008963277998810994,
        "client_004": 0.0067236960356821885,
        "client_005": 0.08136094674556213,
        "client_006": 0.0675422138836773,
        "client_007": 0.08136094674556213,
        "client_008": 0.07994078460399703,
        "client_009": 0.0771513353115727,
        "client_010": 0.0013744416330865586,
        "client_011": 0.0013120079970011245,
        "client_012": 0.0019097438452277161,
        "client_013": 0.0020936429387133615,
        "client_014": 0.0023155457320282076,
        "client_015": 0.002185575203655871,
        "client_016": 0.0024400594101421603
    },
    "attacker_001": {
        "attacker_000": 0.8932038834951458,
        "attacker_001": 0.8846153846153846,
        "attacker_002": 0.8846153846153846,
        "client_000": 0.0056805441363330595,
        "client_001": 0.006728097118619277,
        "client_002": 0.007003539423149334,
        "client_003": 0.0077230726796303955,
        "client_004": 0.00568656966047834,
        "client_005": 0.07142857142857142,
        "client_006": 0.061050061050061055,
        "client_007": 0.07027818448023426,
        "client_008": 0.07012417823228634,
        "client_009": 0.07038123167155426,
        "client_010": 0.0008747813046738316,
        "client_011": 0.0008123223044958916,
        "client_012": 0.002403646912556983,
        "client_013": 0.0027626941030770694,
        "client_014": 0.003064729194187583,
        "client_015": 0.002893056664006385,
        "client_016": 0.003083138422283649
    },
    "attacker_002": {
        "attacker_000": 0.8506787330316742,
        "attacker_001": 0.8506787330316742,
        "attacker_002": 0.8506787330316742,
        "client_000": 0.0063553777711316305,
        "client_001": 0.0069665970006966595,
        "client_002": 0.007452574525745257,
        "client_003": 0.008115835100986813,
        "client_004": 0.006018054162487463,
        "client_005": 0.09642074506939372,
        "client_006": 0.07961399276236429,
        "client_007": 0.09649122807017543,
        "client_008": 0.09642074506939372,
        "client_009": 0.09642074506939372,
        "client_010": 0.0013120899718837861,
        "client_011": 0.0012496485363491518,
        "client_012": 0.001983880967141971,
        "client_013": 0.002384358607534573,
        "client_014": 0.0025411615225792794,
        "client_015": 0.002492273950752667,
        "client_016": 0.0026656714826464784
    },
    "client_000": {
        "attacker_000": 0.22207632334837915,
        "attacker_001": 0.22176692345517127,
        "attacker_002": 0.2294969577513069,
        "client_000": 0.9740588000532125,
        "client_001": 0.974413646055437,
        "client_002": 0.971072186836518,
        "client_003": 0.9735125781977905,
        "client_004": 0.9751933849026407,
        "client_005": 0.23375097885669538,
        "client_006": 0.23255813953488372,
        "client_007": 0.22145061728395063,
        "client_008": 0.23557312252964424,
        "client_009": 0.20364920541495,
        "client_010": 0.1267890069365177,
        "client_011": 0.15736864587782998,
        "client_012": 0.1005254162182693,
        "client_013": 0.10102432778489118,
        "client_014": 0.09994971083731456,
        "client_015": 0.1001895135818067,
        "client_016": 0.10026653128569615
    },
    "client_001": {
        "attacker_000": 0.22555399950572533,
        "attacker_001": 0.2249137789456397,
        "attacker_002": 0.23254814305364507,
        "client_000": 0.9726572869657552,
        "client_001": 0.9721041445270988,
        "client_002": 0.9695606140815245,
        "client_003": 0.9722332934768169,
        "client_004": 0.9731382978723404,
        "client_005": 0.21710269426005466,
        "client_006": 0.21484071484071482,
        "client_007": 0.20081096736821782,
        "client_008": 0.21702378612148612,
        "client_009": 0.1873536299765808,
        "client_010": 0.12367971249506947,
        "client_011": 0.15942951738189232,
        "client_012": 0.10787595528326911,
        "client_013": 0.10837312957656797,
        "client_014": 0.1073648521378791,
        "client_015": 0.10759732896560412,
        "client_016": 0.10760574065878484
    },
    "client_002": {
        "attacker_000": 0.22497522299306247,
        "attacker_001": 0.22416913458374463,
        "attacker_002": 0.232097489557766,
        "client_000": 0.9723727693324521,
        "client_001": 0.9727368978295394,
        "client_002": 0.9682602396944555,
        "client_003": 0.972086254795608,
        "client_004": 0.9735169491525424,
        "client_005": 0.21893035782993459,
        "client_006": 0.21864211737629458,
        "client_007": 0.20541158536585366,
        "client_008": 0.2214452214452214,
        "client_009": 0.18705314009661836,
        "client_010": 0.12802164237717079,
        "client_011": 0.16046452487920657,
        "client_012": 0.10739279806591169,
        "client_013": 0.10835098530072533,
        "client_014": 0.10674583122789288,
        "client_015": 0.10721309395419655,
        "client_016": 0.10690820947885438
    },
    "client_003": {
        "attacker_000": 0.22497011664811842,
        "attacker_001": 0.22461652341982974,
        "attacker_002": 0.2335546167773084,
        "client_000": 0.9732548809842203,
        "client_001": 0.9733494040444624,
        "client_002": 0.971596212828377,
        "client_003": 0.9725679111467951,
        "client_004": 0.9738780977896851,
        "client_005": 0.2084729064039409,
        "client_006": 0.20701823171927072,
        "client_007": 0.1978319783197832,
        "client_008": 0.20884326885116464,
        "client_009": 0.18146111547525529,
        "client_010": 0.12244897959183675,
        "client_011": 0.1509997015816174,
        "client_012": 0.09515934100884167,
        "client_013": 0.09633292659430995,
        "client_014": 0.09471560095850674,
        "client_015": 0.09513554598429187,
        "client_016": 0.09523809523809523
    },
    "client_004": {
        "attacker_000": 0.22097300872153106,
        "attacker_001": 0.22051662952876125,
        "attacker_002": 0.22878611219069828,
        "client_000": 0.9745796906523201,
        "client_001": 0.975609756097561,
        "client_002": 0.9721104853848217,
        "client_003": 0.9743037804385847,
        "client_004": 0.9757477768795473,
        "client_005": 0.23446105428796224,
        "client_006": 0.23271302644466207,
        "client_007": 0.22209324821048562,
        "client_008": 0.23566627125345987,
        "client_009": 0.2092476489028213,
        "client_010": 0.12464887640449437,
        "client_011": 0.15670050328414228,
        "client_012": 0.09918090037462694,
        "client_013": 0.10033915658795674,
        "client_014": 0.09861111111111112,
        "client_015": 0.09925307000886188,
        "client_016": 0.09909281228192603
    },
    "client_005": {
        "attacker_000": 0.29653172301458025,
        "attacker_001": 0.298141086749285,
        "attacker_002": 0.2960079443892751,
        "client_000": 0.5306159640383914,
        "client_001": 0.5298005214333353,
        "client_002": 0.5314170113831939,
        "client_003": 0.5304145093408424,
        "client_004": 0.5301241295791704,
        "client_005": 0.9676970670759492,
        "client_006": 0.9684422399539933,
        "client_007": 0.9691418706691922,
        "client_008": 0.9696181809427512,
        "client_009": 0.9710319564274352,
        "client_010": 0.7038631992641525,
        "client_011": 0.7008654207951838,
        "client_012": 0.08743268316966105,
        "client_013": 0.09181834564786448,
        "client_014": 0.09159341897678612,
        "client_015": 0.09255841174087245,