{
    "attacker_000": {
        "attacker_000": 0.9952478851403728,
        "client_000": 0.9591586618085459,
        "client_001": 0.9586194344711196,
        "client_002": 0.9345794392523364,
        "client_003": 0.9513117348213543,
        "client_004": 0.9577227165966458,
        "client_005": 0.05939800979697465,
        "client_006": 0.05939800979697465,
        "client_007": 0.05939617991374,
        "client_008": 0.05933822170189168,
        "client_009": 0.0592784299226669,
        "client_010": 0.9639203715130061,
        "client_011": 0.9639047201519801,
        "client_012": 0.963842119790229,
        "client_013": 0.963810822658419,
        "client_014": 0.7836109124348625,
        "client_015": 0.775601728039498,
        "client_016": 0.8058893145848794,
        "client_017": 0.7577048358807316,
        "client_018": 0.868470449934586
    },
    "client_000": {
        "attacker_000": 0.08874892642427713,
        "client_000": 0.9765795206971678,
        "client_001": 0.9764529740029944,
        "client_002": 0.9765858970868501,
        "client_003": 0.9765922700054438,
        "client_004": 0.9765858970868501,
        "client_005": 0.09215167548500881,
        "client_006": 0.06017925736235596,
        "client_007": 0.08367683429513602,
        "client_008": 0.09982486865148861,
        "client_009": 0.09638047138047139,
        "client_010": 0.16322543403934106,
        "client_011": 0.16394628566261246,
        "client_012": 0.16443117508132435,
        "client_013": 0.16653076017033616,
        "client_014": 0.10366846124953048,
        "client_015": 0.10540402752995158,
        "client_016": 0.10800599309491239,
        "client_017": 0.10470805006671326,
        "client_018": 0.10261793035317363
    },
    "client_001": {
        "attacker_000": 0.09141895681435783,
        "client_000": 0.9781080005307151,
        "client_001": 0.9776010603048376,
        "client_002": 0.9782435659326081,
        "client_003": 0.9777306468716862,
        "client_004": 0.9781196127834505,
        "client_005": 0.09250054030689432,
        "client_006": 0.06333892617449664,
        "client_007": 0.08495145631067962,
        "client_008": 0.10002146383344065,
        "client_009": 0.09624122263527468,
        "client_010": 0.16703667525086582,
        "client_011": 0.16753358360848525,
        "client_012": 0.1678545972915182,
        "client_013": 0.17065990307532042,
        "client_014": 0.10308890005022603,
        "client_015": 0.1044757033248082,
        "client_016": 0.10671189093992564,
        "client_017": 0.10436226607907007,
        "client_018": 0.10121732682444541
    },
    "client_002": {
        "attacker_000": 0.08928822125508916,
        "client_000": 0.9764642952661139,
        "client_001": 0.9770053475935828,
        "client_002": 0.9766136576239477,
        "client_003": 0.9767504008551579,
        "client_004": 0.9770053475935828,
        "client_005": 0.09490940465918896,
        "client_006": 0.06485575910718046,
        "client_007": 0.08754071661237785,
        "client_008": 0.10049601035152039,
        "client_009": 0.09494066208619613,
        "client_010": 0.16263036945377407,
        "client_011": 0.16391234057840848,
        "client_012": 0.16319475223827676,
        "client_013": 0.16560910850096755,
        "client_014": 0.10060210737581535,
        "client_015": 0.10180099629582323,
        "client_016": 0.10377297227092669,
        "client_017": 0.10135435874610542,
        "client_018": 0.09899525365222213
    },
    "client_003": {
        "attacker_000": 0.09337306655314317,
        "client_000": 0.9769463838756424,
        "client_001": 0.9770871740848038,
        "client_002": 0.9770690564048499,
        "client_003": 0.9767074615080931,
        "client_004": 0.9774792572105888,
        "client_005": 0.09562607204116638,
        "client_006": 0.06847893753890849,
        "client_007": 0.08645187112267361,
        "client_008": 0.10023359524315141,
        "client_009": 0.09642492339121553,
        "client_010": 0.16783954961294864,
        "client_011": 0.16840037501674182,
        "client_012": 0.1683430386447856,
        "client_013": 0.1704088022184453,
        "client_014": 0.10163791492806876,
        "client_015": 0.10272974855912344,
        "client_016": 0.10552210785265746,
        "client_017": 0.1023696682464455,
        "client_018": 0.10041121954213467
    },
    "client_004": {
        "attacker_000": 0.0886685552407932,
        "client_000": 0.9777422364387579,
        "client_001": 0.9780205141867591,
        "client_002": 0.9778961384820241,
        "client_003": 0.977245508982036,
        "client_004": 0.9782811459027315,
        "client_005": 0.09974315068493152,
        "client_006": 0.07175828787242972,
        "client_007": 0.09348441926345609,
        "client_008": 0.10737111205794632,
        "client_009": 0.10177906495655771,
        "client_010": 0.1635081533715293,
        "client_011": 0.16482529417048417,
        "client_012": 0.16417514374170722,
        "client_013": 0.16724456252532985,
        "client_014": 0.0996414417814682,
        "client_015": 0.1008909685276585,
        "client_016": 0.10291236776805539,
        "client_017": 0.09980855137204851,
        "client_018": 0.0983403517463463
    },
    "client_005": {
        "attacker_000": 0.019989801121876594,
        "client_000": 0.5124403764341886,
        "client_001": 0.5155878382721605,
        "client_002": 0.5155267547799307,
        "client_003": 0.5149500594148441,
        "client_004": 0.5147540983606557,
        "client_005": 0.9755097805219737,
        "client_006": 0.9754355085030931,
        "client_007": 0.9728042109608834,
        "client_008": 0.9725564975391038,
        "client_009": 0.9747113372768839,
        "client_010": 0.681586527808553,
        "client_011": 0.6804105428831105,
        "client_012": 0.6832171700409337,
        "client_013": 0.6823388651319433,
        "client_014": 0.09330258479869319,
        "client_015": 0.09484496496112124,
        "client_016": 0.09049642650183504,
        "client_017": 0.09634742594190394,
        "client_018": 0.09356388088376562
    },
    "client_006": {
        "attacker_000": 0.01899606801817903,
        "client_000": 0.5058998962655601,
        "client_001": 0.5092754185249821,
        "client_002": 0.5098178529905696,
        "client_003": 0.5086148375626314,
        "client_004": 0.5087276958882855,
        "client_005": 0.9748065035582567,
        "client_006": 0.9744466019417476,
        "client_007": 0.97163065644441,
        "client_008": 0.9710380399742101,
        "client_009": 0.9731586969438633,
        "client_010": 0.681403960000887,
        "client_011": 0.6804311186019693,
        "client_012": 0.6826209311085998,
        "client_013": 0.6817929780202718,
        "client_014": 0.09318028359216746,
        "client_015": 0.09481595683175949,
        "client_016": 0.08933074684772066,
        "client_017": 0.09726765441600922,
        "client_018": 0.09370932754880694
    },
    "client_007": {
        "attacker_000": 0.018674422164396142,
        "client_000": 0.5154925036272772,
        "client_001": 0.5178491027207821,
        "client_002": 0.517878369261413,
        "client_003": 0.5172635504404295,
        "client_004": 0.5173966171457971,
        "client_005": 0.9743563203519214,
        "client_006": 0.9747760307747916,
        "client_007": 0.9724524998712734,
        "client_008": 0.9715093854461302,
        "client_009": 0.9736374178585233,
        "client_010": 0.6823451180316966,
        "client_011": 0.681640798226164,
        "client_012": 0.6840089441873852,
        "client_013": 0.6828781698882781,
        "client_014": 0.08941018122386195,
        "client_015": 0.09129746075937215,
        "client_016": 0.08630103889828461,
        "client_017": 0.09322399654725938,
        "client_018": 0.08985200845665961
    },
    "client_008": {
        "attacker_000": 0.018849562055012037,
        "client_000": 0.511470113085622,