{"client_0": {"client_0": 0.9951216012626444, "client_1": 0.9951216012626444, "client_2": 0.9516105889949064, "client_3": 0.9485974603630103, "client_4": 0.9955520482100582, "client_5": 0.9789080995767272, "client_6": 0.9962335892101298, "client_7": 0.9954803070521558, "client_8": 0.9446875672573355, "client_9": 0.9477006958892317}, "client_1": {"client_0": 0.9956596599469115, "client_1": 0.9956596599469115, "client_2": 0.9512518832053949, "client_3": 0.947772437047134, "client_4": 0.9951574718415955, "client_5": 0.9775808881555348, "client_6": 0.9961977186311787, "client_7": 0.9954444364732047, "client_8": 0.9446158260994333, "client_9": 0.947055025468111}, "client_2": {"client_0": 0.12707463023597154, "client_1": 0.12707463023597154, "client_2": 0.9759512250197584, "client_3": 0.9595799932256972, "client_4": 0.6177035113469572, "client_5": 0.6033645703962968, "client_6": 0.6335102179067404, "client_7": 0.6043242632945692, "client_8": 0.5513153437958677, "client_9": 0.5636784464265553}, "client_3": {"client_0": 0.12684882014226037, "client_1": 0.12684882014226037, "client_2": 0.9765157502540364, "client_3": 0.9611606638816755, "client_4": 0.6218809980806143, "client_5": 0.6098001580670656, "client_6": 0.635034436039291, "client_7": 0.6064130066613977, "client_8": 0.551484701366151, "client_9": 0.5664446200745173}, "client_4": {"client_0": 0.024083500876930317, "client_1": 0.024083500876930317, "client_2": 0.24220387560422638, "client_3": 0.24190443598408692, "client_4": 0.950934679385721, "client_5": 0.9653505582410061, "client_6": 0.9730076570988578, "client_7": 0.9650083415322753, "client_8": 0.17722547803396502, "client_9": 0.2083244214398768}, "client_5": {"client_0": 0.024939042648757327, "client_1": 0.024939042648757327, "client_2": 0.24057834623775506, "client_3": 0.2401933524404329, "client_4": 0.9504641314112161, "client_5": 0.9653077811524148, "client_6": 0.9733070967189973, "client_7": 0.9656927749497369, "client_8": 0.17132223980835865, "client_9": 0.20413226675792445}, "client_6": {"client_0": 0.025794584420584334, "client_1": 0.025794584420584334, "client_2": 0.24583992813449115, "client_3": 0.24532660307139495, "client_4": 0.9499935834367113, "client_5": 0.9662488771014245, "client_6": 0.9731787654532232, "client_7": 0.9662916541900158, "client_8": 0.17752491765410447, "client_9": 0.21024939042648758}, "client_7": {"client_0": 0.02605124695213244, "client_1": 0.02605124695213244, "client_2": 0.24601103648885655, "client_3": 0.24532660307139495, "client_4": 0.9495230354622064, "client_5": 0.965949437481285, "client_6": 0.9727082174787184, "client_7": 0.9654361124181888, "client_8": 0.17568550284467638, "client_9": 0.2081533130855114}, "client_8": {"client_0": 0.7447296917455261, "client_1": 0.7447296917455261, "client_2": 0.7488990911646211, "client_3": 0.7409819169867891, "client_4": 0.9588681720228615, "client_5": 0.8914550735500797, "client_6": 0.8966551110278272, "client_7": 0.8825541084980792, "client_8": 0.7895156001124333, "client_9": 0.733673756207252}, "client_9": {"client_0": 0.7490864799025578, "client_1": 0.7490864799025578, "client_2": 0.7478216059214842, "client_3": 0.7403729035884943, "client_4": 0.9595240326056405, "client_5": 0.8956244729691746, "client_6": 0.9017614541366064, "client_7": 0.8840063712170898, "client_8": 0.7875480183640963, "client_9": 0.7370936006745995}}