{"client_0": {"client_0": 0.9951216012626444, "client_1": 0.9951216012626444, "client_2": 0.9964488126838367, "client_3": 0.9964488126838367, "client_4": 0.9965564244206901, "client_5": 0.9963053303680321, "client_6": 0.9965922949996413, "client_7": 0.9965922949996413, "client_8": 0.9966640361575436, "client_9": 0.9964846832627878}, "client_1": {"client_0": 0.9956596599469115, "client_1": 0.9956596599469115, "client_2": 0.9964129421048856, "client_3": 0.9964846832627878, "client_4": 0.9964846832627878, "client_5": 0.9964846832627878, "client_6": 0.9964846832627878, "client_7": 0.9966640361575436, "client_8": 0.9966640361575436, "client_9": 0.9966640361575436}, "client_2": {"client_0": 0.12707463023597154, "client_1": 0.12707463023597154, "client_2": 0.9530879530315005, "client_3": 0.9561363892966016, "client_4": 0.4598622558428362, "client_5": 0.4963305859771932, "client_6": 0.49943547476572203, "client_7": 0.4655639607090437, "client_8": 0.5387828835948967, "client_9": 0.49288698204809755}, "client_3": {"client_0": 0.12684882014226037, "client_1": 0.12684882014226037, "client_2": 0.9567573670543074, "client_3": 0.9591283730382748, "client_4": 0.4699108050129841, "client_5": 0.5030484362651011, "client_6": 0.5066049452410523, "client_7": 0.4740882917466411, "client_8": 0.544823303601671, "client_9": 0.5010161454217004}, "client_4": {"client_0": 0.024083500876930317, "client_1": 0.024083500876930317, "client_2": 0.23779783547931727, "client_3": 0.2368995166188989, "client_4": 0.9632972579886213, "client_5": 0.9594900971039911, "client_6": 0.9458869829319416, "client_7": 0.9475552893870043, "client_8": 0.23339179535440818, "client_9": 0.24211832142704368}, "client_5": {"client_0": 0.024939042648757327, "client_1": 0.024939042648757327, "client_2": 0.23625786029002865, "client_3": 0.23557342687256705, "client_4": 0.9625700474825684, "client_5": 0.9582923386234333, "client_6": 0.9466997476151773, "client_7": 0.9482824998930572, "client_8": 0.23026906788723958, "client_9": 0.24062112332634641}, "client_6": {"client_0": 0.025794584420584334, "client_1": 0.025794584420584334, "client_2": 0.24087778585789452, "client_3": 0.23997946699747616, "client_4": 0.962398939128203, "client_5": 0.9588056636865295, "client_6": 0.9447747786285665, "client_7": 0.9469564101467254, "client_8": 0.23694229370749026, "client_9": 0.2457115968687171}, "client_7": {"client_0": 0.02605124695213244, "client_1": 0.02605124695213244, "client_2": 0.24169055054113017, "client_3": 0.24083500876930317, "client_4": 0.963382812165804, "client_5": 0.9596184283697652, "client_6": 0.9454592120460281, "client_7": 0.9471702955896821, "client_8": 0.2353595414296103, "client_9": 0.2458827052230825}, "client_8": {"client_0": 0.7447296917455261, "client_1": 0.7447296917455261, "client_2": 0.9544176894968612, "client_3": 0.9554014803710297, "client_4": 0.9415347137637028, "client_5": 0.9380680221118711, "client_6": 0.9355851213342078, "client_7": 0.940035603860208, "client_8": 0.9775601986320622, "client_9": 0.985898997470252}, "client_9": {"client_0": 0.7490864799025578, "client_1": 0.7490864799025578, "client_2": 0.9538555232830507, "client_3": 0.9546050782347981, "client_4": 0.9419094912395765, "client_5": 0.9389112714325869, "client_6": 0.9364283706549237, "client_7": 0.9403166869671132, "client_8": 0.9763890190199569, "client_9": 0.9860863862081889}}