{"client_0": {"client_0": 0.08336322548245928, "client_1": 0.02378219384460865, "client_2": 0.4633761388908817, "client_3": 0.47266661883922806, "client_4": 0.4942607073678169, "client_5": 0.49307697826242913, "client_6": 0.5134873376856303, "client_7": 0.5219886648970514, "client_8": 0.3888012052514528, "client_9": 0.3770715259344286}, "client_1": {"client_0": 0.08408063706148217, "client_1": 0.0234952292129995, "client_2": 0.46542076189109693, "client_3": 0.4752851711026616, "client_4": 0.4944041896836215, "client_5": 0.49365090752564744, "client_6": 0.5135949494224836, "client_7": 0.5205538417390057, "client_8": 0.38944687567257336, "client_9": 0.3760312791448454}, "client_2": {"client_0": 0.7305521056791239, "client_1": 0.6853900869368861, "client_2": 0.8840465168793045, "client_3": 0.8784012645365248, "client_4": 0.878909337247375, "client_5": 0.8691995032177938, "client_6": 0.8756350908885627, "client_7": 0.8726431071468894, "client_8": 0.7584396522524557, "client_9": 0.7420684204583945}, "client_3": {"client_0": 0.7374393135373151, "client_1": 0.6871401151631478, "client_2": 0.8851755673478604, "client_3": 0.8791351473410861, "client_4": 0.8747883030371457, "client_5": 0.8649091114372812, "client_6": 0.8710059839674833, "client_7": 0.8698769334989274, "client_8": 0.7648187873997968, "client_9": 0.7488991757931579}, "client_4": {"client_0": 0.25696197116824226, "client_1": 0.2527270393976986, "client_2": 0.4591264918509646, "client_3": 0.484193865765496, "client_4": 0.9806647559567095, "client_5": 0.980108653805022, "client_6": 0.9806219788681182, "client_7": 0.9800658767164306, "client_8": 0.28143046584249476, "client_9": 0.2772810882491338}, "client_5": {"client_0": 0.25619198357359796, "client_1": 0.2525559310433332, "client_2": 0.4552337767891517, "client_3": 0.480771698678188, "client_4": 0.9795525516533344, "client_5": 0.9791247807674209, "client_6": 0.9795097745647431, "client_7": 0.9790392265902382, "client_8": 0.2781366300209608, "client_9": 0.2766394319202635}, "client_6": {"client_0": 0.26166745091329086, "client_1": 0.25824528382598283, "client_2": 0.46361808615305644, "client_3": 0.48795824956153483, "client_4": 0.979253112033195, "client_5": 0.9794669974761517, "client_6": 0.9790392265902382, "client_7": 0.9786542327929161, "client_8": 0.2865637164734568, "client_9": 0.2824143388800958}, "client_7": {"client_0": 0.26055524660991575, "client_1": 0.2564914231937374, "client_2": 0.45993925653420026, "client_3": 0.4852205158916884, "client_4": 0.9783547931727766, "client_5": 0.978525901527142, "client_6": 0.9782264619070026, "client_7": 0.9777559139324977, "client_8": 0.2836976515378363, "client_9": 0.28125935748812936}, "client_8": {"client_0": 0.36442424810268903, "client_1": 0.4924576032980418, "client_2": 0.4010587463693432, "client_3": 0.3848496205378057, "client_4": 0.6211936662606578, "client_5": 0.6231612480089946, "client_6": 0.6219432212124051, "client_7": 0.6222711515037946, "client_8": 0.25662887660451605, "client_9": 0.2563477934976108}, "client_9": {"client_0": 0.36742246790967864, "client_1": 0.4928323807739155, "client_2": 0.40087135763140636, "client_3": 0.38353789937224775, "client_4": 0.6200693338330366, "client_5": 0.622130609950342, "client_6": 0.6201161810175209, "client_7": 0.6197882507261313, "client_8": 0.25241263000093694, "client_9": 0.2523657828164527}}