{
    "attacker_000": {
        "attacker_000": 0.9947578674128137,
        "client_000": 0.8707074297902594,
        "client_001": 0.909324825030877,
        "client_002": 0.9094981619218603,
        "client_003": 0.7865755318331924,
        "client_004": 0.9426819872031088,
        "client_005": 0.042516129032258064,
        "client_006": 0.04276867500967617,
        "client_007": 0.04264653698506403,
        "client_008": 0.04264653698506403,
        "client_009": 0.04270554462471374,
        "client_010": 0.9636679605658508,
        "client_011": 0.9637149168399168,
        "client_012": 0.9636836121487738,
        "client_013": 0.9636836121487738,
        "client_014": 0.9236919123420658,
        "client_015": 0.7981796116504853,
        "client_016": 0.8155873104326712,
        "client_017": 0.7331726153649223,
        "client_018": 0.72153806407165
    },
    "client_000": {
        "attacker_000": 0.004484304932735426,
        "client_000": 0.9597754911131899,
        "client_001": 0.9640171858216972,
        "client_002": 0.9644056413700469,
        "client_003": 0.9632609278626977,
        "client_004": 0.9622159472905741,
        "client_005": 0.22629969418960247,
        "client_006": 0.22234848484848485,
        "client_007": 0.21898928024502295,
        "client_008": 0.23012956874879134,
        "client_009": 0.22018698721618013,
        "client_010": 0.1315801323906876,
        "client_011": 0.13106029856131332,
        "client_012": 0.1189217758985201,
        "client_013": 0.1380680660281231,
        "client_014": 0.09960912873534232,
        "client_015": 0.10484840390009349,
        "client_016": 0.10470855008670137,
        "client_017": 0.10455244334514338,
        "client_018": 0.10477843032568072
    },
    "client_001": {
        "attacker_000": 0.006984285357944625,
        "client_000": 0.9616204690831557,
        "client_001": 0.9642094017094017,
        "client_002": 0.9645863958305492,
        "client_003": 0.9636849132176235,
        "client_004": 0.9624080267558529,
        "client_005": 0.20984108749760672,
        "client_006": 0.20573163788195103,
        "client_007": 0.19927189116689017,
        "client_008": 0.2113192968900908,
        "client_009": 0.20099540581929556,
        "client_010": 0.12815568808573607,
        "client_011": 0.1271137026239067,
        "client_012": 0.11704754399789861,
        "client_013": 0.13549888686500705,
        "client_014": 0.10648960160360811,
        "client_015": 0.11246261216350945,
        "client_016": 0.11215077311035901,
        "client_017": 0.11181364392678869,
        "client_018": 0.1122923588039867
    },
    "client_002": {
        "attacker_000": 0.009806325079676392,
        "client_000": 0.9576866958482557,
        "client_001": 0.962558294470353,
        "client_002": 0.962440063931806,
        "client_003": 0.959840425531915,
        "client_004": 0.9595082186288921,
        "client_005": 0.2114587259705993,
        "client_006": 0.20824780742675872,
        "client_007": 0.20473933649289103,
        "client_008": 0.21559633027522934,
        "client_009": 0.2060377358490566,
        "client_010": 0.13227205652193355,
        "client_011": 0.1317718576792419,
        "client_012": 0.12044773766356613,
        "client_013": 0.13974196812547432,
        "client_014": 0.1065993053362804,
        "client_015": 0.11224489795918367,
        "client_016": 0.11133440514469453,
        "client_017": 0.11082716879623404,
        "client_018": 0.1114688128772636
    },
    "client_003": {
        "attacker_000": 0.006488644871474919,
        "client_000": 0.9609448396188431,
        "client_001": 0.964709051724138,
        "client_002": 0.9645791245791246,
        "client_003": 0.9639105844330729,
        "client_004": 0.9622437971952535,
        "client_005": 0.20292645360030803,
        "client_006": 0.19843541308910512,
        "client_007": 0.1965696666024282,
        "client_008": 0.2048286604361371,
        "client_009": 0.19658283739681323,
        "client_010": 0.12769203158650394,
        "client_011": 0.1266493133470963,
        "client_012": 0.11585205450623454,
        "client_013": 0.13379995942381823,
        "client_014": 0.09456473707467962,
        "client_015": 0.10004700194722353,
        "client_016": 0.0996312437143815,
        "client_017": 0.09964364956632824,
        "client_018": 0.09973154362416106
    },
    "client_004": {
        "attacker_000": 0.009027081243731194,
        "client_000": 0.9623532586695451,
        "client_001": 0.966002979818502,
        "client_002": 0.9658721560130009,
        "client_003": 0.9648268398268398,
        "client_004": 0.9634758995247794,
        "client_005": 0.22532517214996173,
        "client_006": 0.22108456579446342,
        "client_007": 0.22013061851709564,
        "client_008": 0.2290253826777756,
        "client_009": 0.22090579017771836,
        "client_010": 0.13019502353732346,
        "client_011": 0.1294550677798725,
        "client_012": 0.11910801099133375,
        "client_013": 0.13694024147944367,
        "client_014": 0.0986180904522613,
        "client_015": 0.10371259081517031,
        "client_016": 0.10272787757817697,
        "client_017": 0.10252302763315978,
        "client_018": 0.10287846481876334
    },
    "client_005": {
        "attacker_000": 0.0954163623082542,
        "client_000": 0.5317769130998703,
        "client_001": 0.5301306617580495,
        "client_002": 0.530529745384337,
        "client_003": 0.5307218734910671,
        "client_004": 0.5177705238109764,
        "client_005": 0.9677172142925566,
        "client_006": 0.9663012780623236,
        "client_007": 0.9659506343934434,
        "client_008": 0.9659262093206762,
        "client_009": 0.9650783056422968,
        "client_010": 0.7021999791471171,
        "client_011": 0.7033049574361543,
        "client_012": 0.7015127803860198,
        "client_013": 0.7012726474829164,
        "client_014": 0.01399666746012854,
        "client_015": 0.010695697846535835,
        "client_016": 0.009080915738660803,
        "client_017": 0.01,
        "client_018": 0.016946732041700385
    },
    "client_006": {
        "attacker_000": 0.09178169850991864,
        "client_000": 0.5385469495543618,
        "client_001": 0.5377803128095825,
        "client_002": 0.5380043227665706,
        "client_003": 0.5378655936580387,
        "client_004": 0.5272953229668698,
        "client_005": 0.9669609320797148,
        "client_006": 0.9660798009759832,
        "client_007": 0.9648058831956451,
        "client_008": 0.9651135005973716,
        "client_009": 0.9642261706283047,
        "client_010": 0.7044192575647291,
        "client_011": 0.7054099042863088,
        "client_012": 0.7035372451102787,
        "client_013": 0.7033942449940617,
        "client_014": 0.016588016588016587,
        "client_015": 0.011768082663605052,
        "client_016": 0.009674329501915708,
        "client_017": 0.010201135598113753,
        "client_018": 0.0173688982201651
    },
    "client_007": {
        "attacker_000": 0.09842179469686632,
        "client_000": 0.53474683164154,
        "client_001": 0.5338619094813347,
        "client_002": 0.534165966134262,
        "client_003": 0.5341902159224,
        "client_004": 0.521794599192005,
        "client_005": 0.9686327910365752,
        "client_006": 0.9671935437658182,
        "client_007": 0.9659889887265535,
        "client_008": 0.9661655929372465,
        "client_009": 0.9650186678081377,
        "client_010": 0.7049749485457681,
        "client_011": 0.705975333291737,
        "client_012": 0.7044627067512744,
        "client_013": 0.7044881807768406,
        "client_014": 0.015296185454372715,
        "client_015": 0.009539709038874314,
        "client_016": 0.008402157826896454,
        "client_017": 0.008734462734558718,
        "client_018": 0.018242280285035627
    },
    "client_008": {
        "attacker_000": 0.0998084116412736,
        "client_000": 0.5337441846414115,