{
    "attacker_000": {
        "attacker_000": 0.9994982753214173,
        "client_000": 0.9365649311789348,
        "client_001": 0.9842162093495935,
        "client_002": 0.9413147093869985,
        "client_003": 0.9217388372916211,
        "client_004": 0.9800382653061225,
        "client_005": 0.07146306132303235,
        "client_006": 0.07163116287490194,
        "client_007": 0.06134336508706996,
        "client_008": 0.06157299281142892,
        "client_009": 0.07140701394338142,
        "client_010": 0.9995767029865956,
        "client_011": 0.9995767029865956,
        "client_012": 0.9994825720871161,
        "client_013": 0.9994982753214173,
        "client_014": 0.8779338595966877,
        "client_015": 0.852739664442806,
        "client_016": 0.8560980856098086,
        "client_017": 0.8673860570779497,
        "client_018": 0.8023428260339035
    },
    "client_000": {
        "attacker_000": 0.29731782387976174,
        "client_000": 0.9758827448367755,
        "client_001": 0.9756227520980418,
        "client_002": 0.9730017289533183,
        "client_003": 0.975486277644551,
        "client_004": 0.9753300440058674,
        "client_005": 0.16127010653854187,
        "client_006": 0.16659910822861776,
        "client_007": 0.21500605082694635,
        "client_008": 0.1415891800507185,
        "client_009": 0.11006423982869379,
        "client_010": 0.1281768929216403,
        "client_011": 0.29798940086573084,
        "client_012": 0.1309636865192421,
        "client_013": 0.13068361047271415,
        "client_014": 0.08694255581133893,
        "client_015": 0.0957069948964275,
        "client_016": 0.09549007817197835,
        "client_017": 0.09713375796178345,
        "client_018": 0.09987357774968394
    },
    "client_001": {
        "attacker_000": 0.29588670538626777,
        "client_000": 0.9743589743589743,
        "client_001": 0.9737191398991241,
        "client_002": 0.9720122032099748,
        "client_003": 0.9739638682252922,
        "client_004": 0.9733901011176158,
        "client_005": 0.15224191866527634,
        "client_006": 0.15813953488372093,
        "client_007": 0.1997170002021427,
        "client_008": 0.13085690164626426,
        "client_009": 0.0899118089911809,
        "client_010": 0.12458814743223652,
        "client_011": 0.2966988727858293,
        "client_012": 0.1270198496646712,
        "client_013": 0.12710532225465976,
        "client_014": 0.09343904645346672,
        "client_015": 0.10223756248512259,
        "client_016": 0.10262843488649939,
        "client_017": 0.10421987109327495,
        "client_018": 0.10671862233674816
    },
    "client_002": {
        "attacker_000": 0.2971523888955081,
        "client_000": 0.9741961095672885,
        "client_001": 0.9740672135485577,
        "client_002": 0.9710967401346179,
        "client_003": 0.9740672135485577,
        "client_004": 0.9738969126805354,
        "client_005": 0.157354149548069,
        "client_006": 0.16049629777866717,
        "client_007": 0.20175438596491224,
        "client_008": 0.1391376796500729,
        "client_009": 0.09913153992798136,
        "client_010": 0.12909710689625034,
        "client_011": 0.2978279198618862,
        "client_012": 0.13162377835559938,
        "client_013": 0.1318297758088334,
        "client_014": 0.09250040147743697,
        "client_015": 0.1017906501622401,
        "client_016": 0.10143011657252735,
        "client_017": 0.10304736262391384,
        "client_018": 0.10604239164821258
    },
    "client_003": {
        "attacker_000": 0.29504280310571374,
        "client_000": 0.974461826447386,
        "client_001": 0.9748528624933119,
        "client_002": 0.9733992781713675,
        "client_003": 0.9748528624933119,
        "client_004": 0.9742834181623359,
        "client_005": 0.14342297269126536,
        "client_006": 0.1486458969659947,
        "client_007": 0.19437133022879122,
        "client_008": 0.12040557667934093,
        "client_009": 0.08336914482165879,
        "client_010": 0.12443428973153477,
        "client_011": 0.29616205549514724,
        "client_012": 0.12685256092616784,
        "client_013": 0.12682137075013492,
        "client_014": 0.08194704466434875,
        "client_015": 0.09046733457315975,
        "client_016": 0.09044984363723839,
        "client_017": 0.09189056557477611,
        "client_018": 0.09469480889903022
    },
    "client_004": {
        "attacker_000": 0.2943619230154928,
        "client_000": 0.976043068640646,
        "client_001": 0.9763122476446837,
        "client_002": 0.9740695955931749,
        "client_003": 0.97576084029087,
        "client_004": 0.9757477768795473,
        "client_005": 0.16589861751152077,
        "client_006": 0.17046379170056958,
        "client_007": 0.21988256732132008,
        "client_008": 0.1451681566624095,
        "client_009": 0.10909874946097455,
        "client_010": 0.1270343978182458,
        "client_011": 0.2948888619952398,
        "client_012": 0.12967221245322152,
        "client_013": 0.1297088077771277,
        "client_014": 0.08697505862289491,
        "client_015": 0.09523809523809523,
        "client_016": 0.09509551470147913,
        "client_017": 0.0959054350475262,
        "client_018": 0.09807377565151705
    },
    "client_005": {
        "attacker_000": 0.7048645051265521,
        "client_000": 0.5348977135980746,
        "client_001": 0.5317247811305996,
        "client_002": 0.5337628322846736,
        "client_003": 0.5317156877502484,
        "client_004": 0.5301168351595132,
        "client_005": 0.9691763516927742,
        "client_006": 0.9676228820667674,
        "client_007": 0.9681519497338003,
        "client_008": 0.9706805776940539,
        "client_009": 0.9714230639487254,
        "client_010": 0.7069380972164521,
        "client_011": 0.705468766251326,
        "client_012": 0.7023655555091993,
        "client_013": 0.7034560339978753,
        "client_014": 0.03373989438758821,
        "client_015": 0.01823448406856926,
        "client_016": 0.01858578234822397,
        "client_017": 0.0184083828943642,
        "client_018": 0.01795468579299862
    },
    "client_006": {
        "attacker_000": 0.7067634854771785,
        "client_000": 0.5417477472083346,
        "client_001": 0.5386043725666367,
        "client_002": 0.5404093374486829,
        "client_003": 0.5387750209756682,
        "client_004": 0.5371156683831723,
        "client_005": 0.967906339399476,
        "client_006": 0.96730617230725,
        "client_007": 0.9673215141351221,
        "client_008": 0.9700012067093038,
        "client_009": 0.9710169369022094,
        "client_010": 0.708457711442786,
        "client_011": 0.7071226963307322,
        "client_012": 0.7043308233140575,
        "client_013": 0.7059287880676388,
        "client_014": 0.03216579922164393,
        "client_015": 0.019124643196955282,
        "client_016": 0.01937801304471122,
        "client_017": 0.019389926696618584,
        "client_018": 0.018845476609717794
    },
    "client_007": {
        "attacker_000": 0.7070975235408801,
        "client_000": 0.5388414907947912,
        "client_001": 0.5347234705494638,
        "client_002": 0.5371596321480993,
        "client_003": 0.5346760175028472,
        "client_004": 0.5335262031763253,
        "client_005": 0.9692824574034077,
        "client_006": 0.9683017785427424,
        "client_007": 0.9679594471809095,
        "client_008": 0.9703948160817093,
        "client_009": 0.9719725013220517,
        "client_010": 0.7089824328803446,
        "client_011": 0.7079877239548773,
        "client_012": 0.7050871427977206,
        "client_013": 0.7064467890670432,
        "client_014": 0.03636533171709636,
        "client_015": 0.02093695229974895,
        "client_016": 0.021545843722068025,
        "client_017": 0.021284611037860238,
        "client_018": 0.020008534445972215
    },
    "client_008": {
        "attacker_000": 0.706711283852597,
        "client_000": 0.536692685573069,