{
    "attacker_000": {
        "attacker_000": 0.9821335419926969,
        "attacker_001": 0.9821110001800357,
        "client_000": 0.9684306302500528,
        "client_001": 0.9689196174722151,
        "client_002": 0.9686471055747491,
        "client_003": 0.9691854060009073,
        "client_004": 0.9693140209325686,
        "client_005": 0.09875729899685583,
        "client_006": 0.09841859350664908,
        "client_007": 0.09837931757586652,
        "client_008": 0.08320753577682508,
        "client_009": 0.0987543418373458,
        "client_010": 0.9819910353958304,
        "client_011": 0.9820374565293687,
        "client_012": 0.9820235113968065,
        "client_013": 0.6962624654319952,
        "client_014": 0.7233657915280004,
        "client_015": 0.7737977829500178,
        "client_016": 0.6898197018958747,
        "client_017": 0.7506520605112154
    },
    "attacker_001": {
        "attacker_000": 0.9814763435771057,
        "attacker_001": 0.9812952468306746,
        "client_000": 0.9674913039237997,
        "client_001": 0.9681413354453909,
        "client_002": 0.967496957403651,
        "client_003": 0.968070277804791,
        "client_004": 0.9681382082198885,
        "client_005": 0.1038386855862584,
        "client_006": 0.10367183532012787,
        "client_007": 0.10345755012999433,
        "client_008": 0.08687002652519893,
        "client_009": 0.10344518480891625,
        "client_010": 0.9817810535719984,
        "client_011": 0.9818129606585623,
        "client_012": 0.9817822161248126,
        "client_013": 0.6967852946113815,
        "client_014": 0.7215925483246094,
        "client_015": 0.7743808508117075,
        "client_016": 0.6899336236418213,
        "client_017": 0.7504624788868334
    },
    "client_000": {
        "attacker_000": 0.18540040954120315,
        "attacker_001": 0.09071789916444041,
        "client_000": 0.9767125153207136,
        "client_001": 0.9761872363586883,
        "client_002": 0.9760283301552711,
        "client_003": 0.9764593822288747,
        "client_004": 0.976858154097468,
        "client_005": 0.0475229769110065,
        "client_006": 0.05301314000906208,
        "client_007": 0.05308529945553538,
        "client_008": 0.05148063781321184,
        "client_009": 0.06002728512960437,
        "client_010": 0.16523391548276176,
        "client_011": 0.16377281406812025,
        "client_012": 0.1670844537623627,
        "client_013": 0.1012534988438603,
        "client_014": 0.10217631870158612,
        "client_015": 0.100421432871764,
        "client_016": 0.10049642813899988,
        "client_017": 0.09758632636563115
    },
    "client_001": {
        "attacker_000": 0.19121389841761646,
        "attacker_001": 0.09392296718972895,
        "client_000": 0.9782377919320594,
        "client_001": 0.977712921199257,
        "client_002": 0.9778367617783675,
        "client_003": 0.9781138081973736,
        "client_004": 0.9782435659326081,
        "client_005": 0.046521931767833404,
        "client_006": 0.049888641425389756,
        "client_007": 0.05394560855996434,
        "client_008": 0.050797932119577435,
        "client_009": 0.06550802139037434,
        "client_010": 0.16881764253045328,
        "client_011": 0.16740674955595028,
        "client_012": 0.17098469271190314,
        "client_013": 0.10030358227079539,
        "client_014": 0.10108702327580911,
        "client_015": 0.09930271699927867,
        "client_016": 0.09882666021531389,
        "client_017": 0.0958138999251454
    },
    "client_002": {
        "attacker_000": 0.18515676386757293,
        "attacker_001": 0.08666215301286392,
        "client_000": 0.9776528837147063,
        "client_001": 0.9775280898876404,
        "client_002": 0.9765823631740935,
        "client_003": 0.9775341000267451,
        "client_004": 0.9779264214046823,
        "client_005": 0.049966836170683177,
        "client_006": 0.05263157894736842,
        "client_007": 0.05481283422459893,
        "client_008": 0.05303370786516855,
        "client_009": 0.06163465832961144,
        "client_010": 0.165685790017521,
        "client_011": 0.1638113740727658,
        "client_012": 0.1668477276842296,
        "client_013": 0.09807972775887212,
        "client_014": 0.09880184331797234,
        "client_015": 0.09729925247166625,
        "client_016": 0.09746659411088941,
        "client_017": 0.09458755426917512
    },
    "client_003": {
        "attacker_000": 0.18957552040871786,
        "attacker_001": 0.09414401793219389,
        "client_000": 0.9771918259723138,
        "client_001": 0.9770750988142292,
        "client_002": 0.9765295358649789,
        "client_003": 0.9772098537742063,
        "client_004": 0.9771978384078029,
        "client_005": 0.0517503805175038,
        "client_006": 0.05611573871109162,
        "client_007": 0.05998248686514886,
        "client_008": 0.056941072610902664,
        "client_009": 0.06548011426060206,
        "client_010": 0.16994633273703041,
        "client_011": 0.16840163394386612,
        "client_012": 0.17118415128320577,
        "client_013": 0.09933454325468843,
        "client_014": 0.099926614481409,
        "client_015": 0.09873873873873874,
        "client_016": 0.09854828022408291,
        "client_017": 0.095952023988006
    },
    "client_004": {
        "attacker_000": 0.18488869393573856,
        "attacker_001": 0.09151283205763171,
        "client_000": 0.9780087964814075,
        "client_001": 0.9778843591793233,
        "client_002": 0.9774696707105719,
        "client_003": 0.9778961384820241,
        "client_004": 0.9782811459027315,
        "client_005": 0.053805774278215215,
        "client_006": 0.05515111405250386,
        "client_007": 0.059148090929154705,
        "client_008": 0.057867794346761633,
        "client_009": 0.06431581281880684,
        "client_010": 0.1660079051383399,
        "client_011": 0.1644922425952045,
        "client_012": 0.16782140107775212,
        "client_013": 0.09745090864739604,
        "client_014": 0.09794355585746928,
        "client_015": 0.09651506915504017,
        "client_016": 0.09603010804904699,
        "client_017": 0.09291038308198996
    },
    "client_005": {
        "attacker_000": 0.5191566420902858,
        "attacker_001": 0.4902504023852872,
        "client_000": 0.4831062037865977,
        "client_001": 0.4955450733752621,
        "client_002": 0.49573041060035994,
        "client_003": 0.49403825995807127,
        "client_004": 0.5000163041706068,
        "client_005": 0.9736543617240668,
        "client_006": 0.9743018496450961,
        "client_007": 0.9727998346808566,
        "client_008": 0.9745250991266489,
        "client_009": 0.9719885793656917,
        "client_010": 0.6879465365253139,
        "client_011": 0.691071898867527,
        "client_012": 0.6882047216349542,
        "client_013": 0.026940730393135104,
        "client_014": 0.026348620190628273,
        "client_015": 0.02654028436018957,
        "client_016": 0.10343179428352929,
        "client_017": 0.09975038402457759
    },
    "client_006": {
        "attacker_000": 0.5170817492952647,
        "attacker_001": 0.48939365991198713,
        "client_000": 0.4768061850173288,
        "client_001": 0.490561073472341,
        "client_002": 0.4900910375653203,
        "client_003": 0.48884501480750253,
        "client_004": 0.49499116087212724,
        "client_005": 0.972712266584133,
        "client_006": 0.9723871503020561,
        "client_007": 0.9709560723514212,
        "client_008": 0.9732811568663021,
        "client_009": 0.9706109424056824,
        "client_010": 0.6882325775735051,
        "client_011": 0.6908412036020207,
        "client_012": 0.688422722665374,
        "client_013": 0.028408522556767034,
        "client_014": 0.027626244932686055,
        "client_015": 0.027708312493748125,
        "client_016": 0.10340527577937648,
        "client_017": 0.09846806050679255
    },
    "client_007": {
        "attacker_000": 0.5178858000724749,