{
    "attacker_000": {
        "attacker_000": 0.9862290071263643,
        "attacker_001": 0.9862615107378444,
        "attacker_002": 0.9863376228125311,
        "client_000": 0.9201041011073501,
        "client_001": 0.9615917801516758,
        "client_002": 0.9221630270123062,
        "client_003": 0.9214760672047104,
        "client_004": 0.9589360479435186,
        "client_005": 0.10445302907795047,
        "client_006": 0.10438688426411137,
        "client_007": 0.07908232937820533,
        "client_008": 0.08853056559478578,
        "client_009": 0.06194995145479032,
        "client_010": 0.9747955856130825,
        "client_011": 0.9747642683886719,
        "client_012": 0.6994738868215065,
        "client_013": 0.7741636436920597,
        "client_014": 0.74931106815284,
        "client_015": 0.6925690203835898,
        "client_016": 0.7478590250329381
    },
    "attacker_001": {
        "attacker_000": 0.9858082956660462,
        "attacker_001": 0.9852237941590137,
        "attacker_002": 0.9853340395947824,
        "client_000": 0.9185921776294506,
        "client_001": 0.9605510127470661,
        "client_002": 0.920620857683199,
        "client_003": 0.9205317077300822,
        "client_004": 0.9571795040452541,
        "client_005": 0.10922134210133014,
        "client_006": 0.10966681607649785,
        "client_007": 0.08407789926401552,
        "client_008": 0.09249482881047205,
        "client_009": 0.06567949159440253,
        "client_010": 0.9745023376873765,
        "client_011": 0.9744702045275622,
        "client_012": 0.698940156300182,
        "client_013": 0.7729263812349867,
        "client_014": 0.7466490699880397,
        "client_015": 0.6914330016798036,
        "client_016": 0.7453239192369627
    },
    "attacker_002": {
        "attacker_000": 0.9858002726879719,
        "attacker_001": 0.9859266731713772,
        "attacker_002": 0.9860338893301562,
        "client_000": 0.9174033760880305,
        "client_001": 0.9611528617772199,
        "client_002": 0.919078297031053,
        "client_003": 0.9186880244088481,
        "client_004": 0.9577168754823561,
        "client_005": 0.10382136969878614,
        "client_006": 0.10387819936462267,
        "client_007": 0.08028887000849617,
        "client_008": 0.08646838073380268,
        "client_009": 0.06151622733984731,
        "client_010": 0.9747461765839865,
        "client_011": 0.9747618359117709,
        "client_012": 0.6947205702385296,
        "client_013": 0.772318003795373,
        "client_014": 0.7461283071783557,
        "client_015": 0.6866142412720359,
        "client_016": 0.7445490584737363
    },
    "client_000": {
        "attacker_000": 0.13331094694425788,
        "attacker_001": 0.11233931057070336,
        "attacker_002": 0.16245318352059923,
        "client_000": 0.9759085340955491,
        "client_001": 0.9764593822288747,
        "client_002": 0.9758954105951246,
        "client_003": 0.9765922700054438,
        "client_004": 0.9765922700054438,
        "client_005": 0.046449647820293156,
        "client_006": 0.037943853352134335,
        "client_007": 0.03926314374075568,
        "client_008": 0.04279647174126102,
        "client_009": 0.04917387883556255,
        "client_010": 0.16577785950717175,
        "client_011": 0.16955702167766262,
        "client_012": 0.10396453126003985,
        "client_013": 0.10484860223384337,
        "client_014": 0.10400462814167255,
        "client_015": 0.10428975083483176,
        "client_016": 0.10261264672472549
    },
    "client_001": {
        "attacker_000": 0.13870320855614973,
        "attacker_001": 0.11495754408883083,
        "attacker_002": 0.17026248150167456,
        "client_000": 0.9774535809018567,
        "client_001": 0.9777306468716862,
        "client_002": 0.9780905590227061,
        "client_003": 0.9778426429613905,
        "client_004": 0.9779782435659325,
        "client_005": 0.04574669187145557,
        "client_006": 0.039964362988417976,
        "client_007": 0.041242635243706485,
        "client_008": 0.043689320388349516,
        "client_009": 0.05080473143300368,
        "client_010": 0.1700755481850009,
        "client_011": 0.17442740866931666,
        "client_012": 0.10405221999612228,
        "client_013": 0.10487329434697856,
        "client_014": 0.10401860705517509,
        "client_015": 0.10415318928710053,
        "client_016": 0.10235920852359208
    },
    "client_002": {
        "attacker_000": 0.134420229579105,
        "attacker_001": 0.10659072416598861,
        "attacker_002": 0.1664854791116633,
        "client_000": 0.9768499933092466,
        "client_001": 0.9768623779590745,
        "client_002": 0.9761713520749665,
        "client_003": 0.9768685653162187,
        "client_004": 0.9775341000267451,
        "client_005": 0.04854921297174284,
        "client_006": 0.03974193548387097,
        "client_007": 0.04121767241379311,
        "client_008": 0.045373521309350184,
        "client_009": 0.05203442879499218,
        "client_010": 0.16642309097552066,
        "client_011": 0.16968050220181768,
        "client_012": 0.1001542813062484,
        "client_013": 0.10073519927769896,
        "client_014": 0.10016072002571519,
        "client_015": 0.10022515278224509,
        "client_016": 0.09881996592414968
    },
    "client_003": {
        "attacker_000": 0.14309237609089412,
        "attacker_001": 0.11580217129071171,
        "attacker_002": 0.1711890243902439,
        "client_000": 0.9765542676501581,
        "client_001": 0.9770992366412213,
        "client_002": 0.9761371127224786,
        "client_003": 0.9764318630678077,
        "client_004": 0.9772218564845293,
        "client_005": 0.04693954187007135,
        "client_006": 0.042215683766150695,
        "client_007": 0.04242749731471536,
        "client_008": 0.045906902086677366,
        "client_009": 0.053667953667953676,
        "client_010": 0.1708214139762975,
        "client_011": 0.17333952624245239,
        "client_012": 0.10156947811662626,
        "client_013": 0.10234049374799616,
        "client_014": 0.10159984702657912,
        "client_015": 0.10184002044467161,
        "client_016": 0.10031936877700545
    },
    "client_004": {
        "attacker_000": 0.1389004408217583,
        "attacker_001": 0.11177904142973193,
        "attacker_002": 0.16994674693216022,
        "client_000": 0.9772273272073512,
        "client_001": 0.9764658954926206,
        "client_002": 0.9772030395947208,
        "client_003": 0.9771154869611496,
        "client_004": 0.978162450066578,
        "client_005": 0.05162019593067068,
        "client_006": 0.04402677651905252,
        "client_007": 0.045637583892617455,
        "client_008": 0.05025289606787404,
        "client_009": 0.05606743775730249,
        "client_010": 0.16650691496645215,
        "client_011": 0.17009319533555006,
        "client_012": 0.09990964244223569,
        "client_013": 0.10078372951616037,
        "client_014": 0.09994189424753051,
        "client_015": 0.09961933027937285,
        "client_016": 0.09821937773271656
    },
    "client_005": {
        "attacker_000": 0.10983892877935184,
        "attacker_001": 0.06691486721270787,
        "attacker_002": 0.1888336200083678,
        "client_000": 0.5090024330900245,
        "client_001": 0.5103091115067163,
        "client_002": 0.5102067267189424,
        "client_003": 0.49174949972115606,
        "client_004": 0.5145496237444692,
        "client_005": 0.9782126549249837,
        "client_006": 0.976428017575601,
        "client_007": 0.9777364533292009,
        "client_008": 0.9771031910484874,
        "client_009": 0.9779358322084933,
        "client_010": 0.6790923464047921,
        "client_011": 0.6748136708520781,
        "client_012": 0.10765276984580241,
        "client_013": 0.10875960899686818,
        "client_014": 0.10740811274043038,
        "client_015": 0.11133200795228629,
        "client_016": 0.10905633468029474
    },