{
    "attacker_000": {
        "attacker_000": 0.9861757255674576,
        "attacker_001": 0.98600563753938,
        "attacker_002": 0.9862406562148573,
        "client_000": 0.95969083259955,
        "client_001": 0.9577064444988973,
        "client_002": 0.9447761440881199,
        "client_003": 0.9600704064669644,
        "client_004": 0.9590368521509324,
        "client_005": 0.06244519604158837,
        "client_006": 0.061590566984445566,
        "client_007": 0.06227289813306604,
        "client_008": 0.061969359942354085,
        "client_009": 0.06122384970046733,
        "client_010": 0.9748417569000418,
        "client_011": 0.9748112449799196,
        "client_012": 0.9597107085593423,
        "client_013": 0.9601923044137953,
        "client_014": 0.9551107788500748,
        "client_015": 0.7778804064093812,
        "client_016": 0.959234168899203
    },
    "attacker_001": {
        "attacker_000": 0.9853876739562625,
        "attacker_001": 0.9855019574016323,
        "attacker_002": 0.9852371652709279,
        "client_000": 0.9589675819424731,
        "client_001": 0.956043776276399,
        "client_002": 0.9435274250426317,
        "client_003": 0.9592106336133083,
        "client_004": 0.9582265463034003,
        "client_005": 0.0668419076229816,
        "client_006": 0.06595884618998403,
        "client_007": 0.06679186228482002,
        "client_008": 0.06600288058112593,
        "client_009": 0.06547413928135085,
        "client_010": 0.9745814454191973,
        "client_011": 0.9745493107104983,
        "client_012": 0.9599304027429508,
        "client_013": 0.9604978262722701,
        "client_014": 0.9559365813040597,
        "client_015": 0.7773197949130392,
        "client_016": 0.9592202516088285
    },
    "attacker_002": {
        "attacker_000": 0.9859537533956139,
        "attacker_001": 0.9858014861995754,
        "attacker_002": 0.9859364659166114,
        "client_000": 0.9591390836458504,
        "client_001": 0.9566453679342409,
        "client_002": 0.9435223643494233,
        "client_003": 0.9593845752656628,
        "client_004": 0.958419653198049,
        "client_005": 0.06213677630132253,
        "client_006": 0.061008207805276896,
        "client_007": 0.06190296631473103,
        "client_008": 0.061600352002011444,
        "client_009": 0.0607051866763124,
        "client_010": 0.9746967627921922,
        "client_011": 0.974681917491325,
        "client_012": 0.9584258531752808,
        "client_013": 0.9589784735143995,
        "client_014": 0.953978172407335,
        "client_015": 0.775846110507465,
        "client_016": 0.9576988155668359
    },
    "client_000": {
        "attacker_000": 0.1314123553809212,
        "attacker_001": 0.09947643979057592,
        "attacker_002": 0.11839323467230445,
        "client_000": 0.9706161137440757,
        "client_001": 0.9702219815917704,
        "client_002": 0.9724297161483091,
        "client_003": 0.9718157181571816,
        "client_004": 0.9729949789659383,
        "client_005": 0.11558441558441558,
        "client_006": 0.20316789862724394,
        "client_007": 0.08573853989813242,
        "client_008": 0.198124745209947,
        "client_009": 0.08858826096443377,
        "client_010": 0.12907761529808776,
        "client_011": 0.13153649046218088,
        "client_012": 0.10638024183174684,
        "client_013": 0.10593057512488793,
        "client_014": 0.10567289898538701,
        "client_015": 0.10780327868852457,
        "client_016": 0.10503033367037413
    },
    "client_001": {
        "attacker_000": 0.13482181193645343,
        "attacker_001": 0.10193779514737014,
        "attacker_002": 0.11896838602329451,
        "client_000": 0.9724383489384149,
        "client_001": 0.9715264961771684,
        "client_002": 0.9757776307081402,
        "client_003": 0.9735938737787166,
        "client_004": 0.9746233148295004,
        "client_005": 0.1172734970364098,
        "client_006": 0.21011351909184725,
        "client_007": 0.08206623620079151,
        "client_008": 0.20131291028446388,
        "client_009": 0.08383233532934133,
        "client_010": 0.13331458304036,
        "client_011": 0.1361042419630968,
        "client_012": 0.10535106314639943,
        "client_013": 0.10502692998204669,
        "client_014": 0.10453762205628947,
        "client_015": 0.10616101305688602,
        "client_016": 0.10377597567156616
    },
    "client_002": {
        "attacker_000": 0.11869179120641109,
        "attacker_001": 0.0874370225906062,
        "attacker_002": 0.10043942247332079,
        "client_000": 0.9708970099667774,
        "client_001": 0.9702365134201435,
        "client_002": 0.9739548550821424,
        "client_003": 0.9721963549288279,
        "client_004": 0.9741333333333333,
        "client_005": 0.12125079770261647,
        "client_006": 0.22413439868879323,
        "client_007": 0.08704749947687802,
        "client_008": 0.2154949213304123,
        "client_009": 0.08975188781014024,
        "client_010": 0.1298047803196198,
        "client_011": 0.13299401479805834,
        "client_012": 0.10291287052482997,
        "client_013": 0.10294117647058824,
        "client_014": 0.10190433730335648,
        "client_015": 0.1038501833420639,
        "client_016": 0.10168635129160615
    },
    "client_003": {
        "attacker_000": 0.13418803418803418,
        "attacker_001": 0.10198116271516726,
        "attacker_002": 0.11536876802637,
        "client_000": 0.972816808929744,
        "client_001": 0.9717662508207484,
        "client_002": 0.9745684543418105,
        "client_003": 0.973718791064389,
        "client_004": 0.9744803998947645,
        "client_005": 0.1206535400083787,
        "client_006": 0.21725888324873094,
        "client_007": 0.08661579707156115,
        "client_008": 0.2126154450776184,
        "client_009": 0.08927438121430081,
        "client_010": 0.13627958579881658,
        "client_011": 0.138201879470756,
        "client_012": 0.10360245273377619,
        "client_013": 0.10334733358788342,
        "client_014": 0.10275578080456128,
        "client_015": 0.1051330427428274,
        "client_016": 0.10245437382001259
    },
    "client_004": {
        "attacker_000": 0.1303881621273858,
        "attacker_001": 0.09779231398201145,
        "attacker_002": 0.11458117890382628,
        "client_000": 0.9724211084592946,
        "client_001": 0.9722848428590373,
        "client_002": 0.974468085106383,
        "client_003": 0.9730733519034355,
        "client_004": 0.9746179401993356,
        "client_005": 0.122397476340694,
        "client_006": 0.22222222222222224,
        "client_007": 0.09253855773238849,
        "client_008": 0.21573654111615068,
        "client_009": 0.09301337863665322,
        "client_010": 0.13303028897444222,
        "client_011": 0.13531430720767315,
        "client_012": 0.10179331699135596,
        "client_013": 0.10152936640534635,
        "client_014": 0.10110705829653806,
        "client_015": 0.10224274406332454,
        "client_016": 0.10047634169577645
    },
    "client_005": {
        "attacker_000": 0.03880762077112552,
        "attacker_001": 0.11554439184619844,
        "attacker_002": 0.03575035346394668,
        "client_000": 0.5175698288067963,
        "client_001": 0.5172147499839115,
        "client_002": 0.5199178908204503,
        "client_003": 0.5180761574520003,
        "client_004": 0.5184995026152809,
        "client_005": 0.9688223491279518,
        "client_006": 0.9699628406275804,
        "client_007": 0.9676873798846893,
        "client_008": 0.9688552838001183,
        "client_009": 0.9680506250964656,
        "client_010": 0.6781251389691823,
        "client_011": 0.6782446062387282,
        "client_012": 0.02614770459081836,
        "client_013": 0.029423459244532806,
        "client_014": 0.025496175573663953,
        "client_015": 0.020989204117499372,
        "client_016": 0.02911222614138805
    },
    "client_006": {
        "attacker_000": 0.037149202503533214,