{
    "attacker_0": {
        "attacker_0": 0.008329742926899326,
        "client_0": 0.6762719923918212,
        "client_1": 0.681863991937419,
        "client_2": 0.6508098642930104,
        "client_3": 0.18183009963293129,
        "client_4": 0.6808835456323649,
        "client_5": 0.6813544709995689,
        "client_6": 0.6770753998476771,
        "client_7": 0.0062004325883201145,
        "client_8": 0.004632310364794441
    },
    "client_0": {
        "attacker_0": 0.22318101588546777,
        "client_0": 0.0001404719858725317,
        "client_1": 0.00010033713276609407,
        "client_2": 0.2647524855914053,
        "client_3": 0.2199121208873647,
        "client_4": 0.25346781048185696,
        "client_5": 0.6782785118980527,
        "client_6": 0.6697455268655024,
        "client_7": 0.18742497544650977,
        "client_8": 0.25642057382785166
    },
    "client_1": {
        "attacker_0": 0.22901210985047044,
        "client_0": 0.000260852989274929,
        "client_1": 0.00018058871922467244,
        "client_2": 0.2676377035788156,
        "client_3": 0.12797250084526088,
        "client_4": 0.25114704050390824,
        "client_5": 0.45679203505566485,
        "client_6": 0.3622679954975311,
        "client_7": 0.1466426167320602,
        "client_8": 0.24192609577564161
    },
    "client_2": {
        "attacker_0": 0.14197339931951747,
        "client_0": 0.05610236220472441,
        "client_1": 0.1002856236115519,
        "client_2": 0.2879746835443038,
        "client_3": 0.27979870596693024,
        "client_4": 0.26491310474401125,
        "client_5": 0.065227973389583,
        "client_6": 0.04794520547945205,
        "client_7": 0.005662891405729514,
        "client_8": 0.008681135225375627
    },
    "client_3": {
        "attacker_0": 0.13077790304396844,
        "client_0": 0.0589041095890411,
        "client_1": 0.0982871778453658,
        "client_2": 0.28015448603683896,
        "client_3": 0.27578947368421053,
        "client_4": 0.2696520618556701,
        "client_5": 0.06814026923716138,
        "client_6": 0.05540448674371176,
        "client_7": 0.008613264427217916,
        "client_8": 0.013554727211114878
    },
    "client_4": {
        "attacker_0": 0.13563659628918745,
        "client_0": 0.052860488457678156,
        "client_1": 0.09965122072745392,
        "client_2": 0.2841183574879227,
        "client_3": 0.2800181241504304,
        "client_4": 0.246275463666768,
        "client_5": 0.061782579338284946,
        "client_6": 0.04769152714358194,
        "client_7": 0.007270209451272286,
        "client_8": 0.01141078838174274
    },
    "client_5": {
        "attacker_0": 0.18870215525567788,
        "client_0": 0.3593441475667975,
        "client_1": 0.3498226102709911,
        "client_2": 0.29045567544350587,
        "client_3": 0.2756167979002625,
        "client_4": 0.2311111111111111,
        "client_5": 0.179351294359202,
        "client_6": 0.1829582260609584,
        "client_7": 0.2348243455814141,
        "client_8": 0.21700688587377254
    },
    "client_6": {
        "attacker_0": 0.18971660362878914,
        "client_0": 0.35777271992338594,
        "client_1": 0.3439589527429654,
        "client_2": 0.29415936964007067,
        "client_3": 0.2749527225301598,
        "client_4": 0.23367881183887165,
        "client_5": 0.1768746976294146,
        "client_6": 0.1785161860567893,
        "client_7": 0.23185610778523313,
        "client_8": 0.21510346971601582
    },
    "client_7": {
        "attacker_0": 0.0234886883421931,
        "client_0": 0.1820245120290513,
        "client_1": 0.1594002306805075,
        "client_2": 0.07950042031944278,
        "client_3": 0.07269249163079866,
        "client_4": 0.09959398137090995,
        "client_5": 0.6533434522303736,
        "client_6": 0.6104933981931897,
        "client_7": 0.006447613143211408,
        "client_8": 0.006941001487357461
    },
    "client_8": {
        "attacker_0": 0.022524636320976062,
        "client_0": 0.16497125165855817,
        "client_1": 0.1551839464882943,
        "client_2": 0.08373590982286634,
        "client_3": 0.0749913204490221,
        "client_4": 0.10640732265446223,
        "client_5": 0.6442800227660785,
        "client_6": 0.6051419479105602,
        "client_7": 0.00638147010163082,
        "client_8": 0.00662957262933586
    }
}