{
  "r1": {
    "client_001": 0.14107492249786785,
    "client_002": 0.31853334051792,
    "client_004": 0.18751039571642703,
    "client_000": 0.06108786761365195,
    "client_003": 0.2917934736541331,
    "client_008": 0.20146795478442625,
    "client_009": 0.20413680717755564,
    "client_007": 0.18946578724444046,
    "client_005": 0.1934626549338699,
    "client_006": 0.21146679585970768,
    "attacker_000": 0.0,
    "client_010": 0.25,
    "client_012": 0.25,
    "client_013": 0.25,
    "client_011": 0.25,
    "client_016": 0.18146611888769035,
    "client_014": 0.17011135581957001,
    "client_015": 0.2287760761086671,
    "client_017": 0.2083794170161679,
    "client_018": 0.2112670321679046
  },
  "r2": {
    "client_002": 0.23703018006372492,
    "client_001": 0.16642313440588766,
    "client_000": 0.17001750514789307,
    "client_004": 0.21989308418667516,
    "client_003": 0.20663609619581927,
    "client_014": 0.20867544572318358,
    "client_015": 0.20493195058618244,
    "client_017": 0.1945405340623268,
    "client_018": 0.15385513180568663,
    "client_016": 0.23799693782262057,
    "client_008": 0.19004162345343162,
    "client_007": 0.19646094576793333,
    "client_005": 0.21520586708298423,
    "client_009": 0.21866020768399966,
    "client_006": 0.17963135601165112,
    "client_011": 0.25,
    "client_013": 0.25,
    "client_012": 0.25,
    "client_010": 0.25,
    "attacker_000": 0.0
  },
  "r3": {
    "client_006": 0.19106182744297734,
    "client_008": 0.18781474576669888,
    "client_005": 0.20150654885521888,
    "client_009": 0.21907874650894024,
    "client_007": 0.20053813142616464,
    "client_014": 0.16126893579367782,
    "client_018": 0.20840528931579658,
    "client_017": 0.1846017075304896,
    "client_016": 0.23108688595376636,
    "client_015": 0.21463718140626964,
    "client_011": 0.25,
    "client_012": 0.25,
    "client_010": 0.25,
    "client_013": 0.25,
    "attacker_000": 0.0,
    "client_004": 0.20898320993838673,
    "client_000": 0.23637291966191892,
    "client_003": 0.2153057107612136,
    "client_001": 0.1744997033249966,
    "client_002": 0.16483845631348418
  },
  "r4": {
    "client_005": 0.22864545790099575,
    "client_008": 0.1977465579911584,
    "client_007": 0.1926374386422101,
    "client_009": 0.1934403995436921,
    "client_006": 0.18753014592194364,
    "client_011": 0.25,
    "client_010": 0.25,
    "client_012": 0.25,
    "client_013": 0.25,
    "attacker_000": 0.0,
    "client_000": 0.23251250974786672,
    "client_004": 0.1887893749351268,
    "client_001": 0.19776636619358007,
    "client_002": 0.20189052072343705,
    "client_003": 0.17904122839998948,
    "client_018": 0.20156211070966265,
    "client_014": 0.142756695438921,
    "client_016": 0.16762233644334396,
    "client_017": 0.23840636031041418,
    "client_015": 0.24965249709765827
  },
  "r5": {
    "client_003": 0.17853657837566375,
    "client_002": 0.1834698429150253,
    "client_001": 0.17129052455507818,
    "client_004": 0.21550079820544693,
    "client_000": 0.25120225594878587,
    "client_007": 0.18674616951525466,
    "client_006": 0.15886917704178882,
    "client_008": 0.22054310543276123,
    "client_005": 0.21686673758604552,
    "client_009": 0.2169748104241497,
    "client_017": 0.22827081734906793,
    "client_015": 0.23984101990137838,
    "client_016": 0.08809315177082912,
    "client_018": 0.20296064360979282,
    "client_014": 0.2408343673689317,
    "client_012": 0.25,
    "client_011": 0.25,
    "client_010": 0.25,
    "client_013": 0.25,
    "attacker_000": 0.0
  },
  "r6": {
    "client_005": 0.19141444738461172,
    "client_008": 0.15442137205994624,
    "client_009": 0.2600689520825478,
    "client_007": 0.19252751271128393,
    "client_006": 0.20156771576161028,
    "client_001": 0.17521825210117659,
    "client_002": 0.20221216332265332,
    "client_004": 0.19571799366957307,
    "client_000": 0.23346861892487328,
    "client_003": 0.19338297198172383,
    "client_016": 0.17996659100819404,
    "client_014": 0.22090774610226002,
    "client_018": 0.17137879286562005,
    "client_015": 0.22621281018514272,
    "client_017": 0.20153405983878311,
    "client_012": 0.25,
    "client_013": 0.25,
    "client_010": 0.25,
    "client_011": 0.25,
    "attacker_000": 0.0
  },
  "r7": {
    "client_006": 0.19857495085682872,
    "client_005": 0.21711506666303776,
    "client_008": 0.16884965396606907,
    "client_009": 0.2514600650463466,
    "client_007": 0.1640002634677179,
    "client_017": 0.1957710058935726,
    "client_016": 0.19212896282689174,
    "client_018": 0.19329385631501816,
    "client_015": 0.19052358967563615,
    "client_014": 0.22828258528888132,
    "client_000": 0.21510712280928712,
    "client_004": 0.19871101243903544,
    "client_001": 0.1907176773049431,
    "client_002": 0.18646257320238924,
    "client_003": 0.20900161424434505,
    "client_013": 0.25,
    "client_012": 0.25,
    "client_010": 0.25,
    "client_011": 0.25,
    "attacker_000": 0.0
  },
  "r8": {
    "client_011": 0.25,
    "client_010": 0.25,
    "client_013": 0.25,
    "client_012": 0.25,
    "attacker_000": 0.0,
    "client_006": 0.23149604479246938,
    "client_008": 0.21810535772566156,
    "client_009": 0.1831111349952865,
    "client_007": 0.19507982733486967,
    "client_005": 0.17220763515171286,
    "client_016": 0.17583773461573163,
    "client_017": 0.21256936072023336,
    "client_018": 0.16830308983186978,
    "client_015": 0.20253158894342832,
    "client_014": 0.24075822588873697,
    "client_004": 0.1965048053432184,
    "client_000": 0.20965200525348734,
    "client_001": 0.20142288433393726,
    "client_002": 0.18597135888544192,
    "client_003": 0.2064489461839151
  },
  "r9": {
    "client_009": 0.19028752858862483,
    "client_008": 0.23577296495780745,
    "client_005": 0.1756210684267494,
    "client_007": 0.15904319895315783,
    "client_006": 0.23927523907366047,
    "client_012": 0.25,
    "client_013": 0.25,
    "client_011": 0.25,
    "client_010": 0.25,
    "attacker_000": 0.0,
    "client_016": 0.19605201472468894,
    "client_017": 0.1465522422335933,
    "client_018": 0.2083160843141303,
    "client_014": 0.23142139663663452,
    "client_015": 0.21765826209095296,
    "client_000": 0.19969500911328766,
    "client_004": 0.2021550571955987,
    "client_001": 0.20546147676195523,
    "client_002": 0.19258827032042536,
    "client_003": 0.20010018660873316
  },
  "r10": {
    "client_002": 0.21370986626453012,
    "client_001": 0.20065924959126555,
    "client_004": 0.19476900455601218,
    "client_000": 0.19804432815431233,
    "client_003": 0.19281755143387988,
    "client_014": 0.18846884545121048,
    "client_015": 0.2732659200256778,
    "client_018": 0.15733768911745635,
    "client_017": 0.18843977657850708,
    "client_016": 0.19248776882714824,
    "client_006": 0.13874047970721715,
    "client_009": 0.19659126821597742,
    "client_008": 0.23483351900519697,
    "client_005": 0.2443268408461973,
    "client_007": 0.18550789222541111,
    "client_011": 0.25,
    "client_010": 0.25,
    "client_012": 0.25,
    "client_013": 0.25,
    "attacker_000": 0.0
  }
}