{
    "attacker_000": {
        "attacker_000": 0.015565389897756752,
        "client_000": 0.33545094495095823,
        "client_001": 0.3350353704590181,
        "client_002": 0.33476052442624266,
        "client_003": 0.3325429918513068,
        "client_004": 0.335114158892167,
        "client_005": 0.13160474997276392,
        "client_006": 0.12362178416304712,
        "client_007": 0.12295265873906212,
        "client_008": 0.12370675269774167,
        "client_009": 0.12880536322672823,
        "client_010": 0.33346363328381934,
        "client_011": 0.33342889161085193,
        "client_012": 0.33342889161085193,
        "client_013": 0.33342889161085193,
        "client_014": 0.30194754201350715,
        "client_015": 0.2872717603261833,
        "client_016": 0.28741504153524944,
        "client_017": 0.28741504153524944,
        "client_018": 0.2869078304150742
    },
    "client_000": {
        "attacker_000": 0.16831085162069656,
        "client_000": 0.9765208110992529,
        "client_001": 0.9732606092856193,
        "client_002": 0.9738990764288582,
        "client_003": 0.9739222990952634,
        "client_004": 0.9753168779186123,
        "client_005": 0.23025276461295419,
        "client_006": 0.2313005723307677,
        "client_007": 0.224755048990202,
        "client_008": 0.2141397629750715,
        "client_009": 0.2167988610941631,
        "client_010": 0.10540000928634442,
        "client_011": 0.1272176949941793,
        "client_012": 0.11928156365557316,
        "client_013": 0.12002560546249866,
        "client_014": 0.09842568488905418,
        "client_015": 0.10095567955871979,
        "client_016": 0.10075437923539189,
        "client_017": 0.10001911193221634,
        "client_018": 0.1007462686567164
    },
    "client_001": {
        "attacker_000": 0.1837144003208985,
        "client_000": 0.9747340425531915,
        "client_001": 0.9716105067657205,
        "client_002": 0.9715582854853785,
        "client_003": 0.9724137931034482,
        "client_004": 0.9736491881820601,
        "client_005": 0.2142857142857143,
        "client_006": 0.21473601260835307,
        "client_007": 0.20724144828965793,
        "client_008": 0.20400654129190518,
        "client_009": 0.2035272653557673,
        "client_010": 0.10349456144411015,
        "client_011": 0.12477370839715916,
        "client_012": 0.11651909676743331,
        "client_013": 0.1173160632763563,
        "client_014": 0.10568652929892952,
        "client_015": 0.10855683269476372,
        "client_016": 0.10825267447784005,
        "client_017": 0.10707262924199176,
        "client_018": 0.1081219574686139
    },
    "client_002": {
        "attacker_000": 0.17568907396391037,
        "client_000": 0.9747053370414515,
        "client_001": 0.9712249208025343,
        "client_002": 0.9726282221631677,
        "client_003": 0.9717454449432268,
        "client_004": 0.9738969126805354,
        "client_005": 0.21690962099125363,
        "client_006": 0.21845794392523366,
        "client_007": 0.21098209013973626,
        "client_008": 0.2046417759838547,
        "client_009": 0.2074489387264718,
        "client_010": 0.10663210996436341,
        "client_011": 0.12812803552430732,
        "client_012": 0.12007112226754524,
        "client_013": 0.12117035937665642,
        "client_014": 0.10532853061731462,
        "client_015": 0.10803858520900322,
        "client_016": 0.10739289613976492,
        "client_017": 0.1059957857097248,
        "client_018": 0.10672853828306265
    },
    "client_003": {
        "attacker_000": 0.1817095038852361,
        "client_000": 0.9752243203428418,
        "client_001": 0.9732620320855615,
        "client_002": 0.973125503896802,
        "client_003": 0.9734063878123748,
        "client_004": 0.974146014735432,
        "client_005": 0.20691024622716442,
        "client_006": 0.2065001981767737,
        "client_007": 0.20216606498194944,
        "client_008": 0.19292472233648703,
        "client_009": 0.19840783833435394,
        "client_010": 0.10227693446871527,
        "client_011": 0.12385598141695703,
        "client_012": 0.11590706456180837,
        "client_013": 0.11674102400679838,
        "client_014": 0.09352294603490033,
        "client_015": 0.09639796378632645,
        "client_016": 0.09575150815042999,
        "client_017": 0.09531729785056295,
        "client_018": 0.0961910910264687
    },
    "client_004": {
        "attacker_000": 0.1719512195121951,
        "client_000": 0.9764182724700176,
        "client_001": 0.9730020147750167,
        "client_002": 0.9736379613356767,
        "client_003": 0.973662993818866,
        "client_004": 0.975616327630338,
        "client_005": 0.22983950861898156,
        "client_006": 0.22853759621077566,
        "client_007": 0.22310915984833365,
        "client_008": 0.22357971899816736,
        "client_009": 0.22249339027862516,
        "client_010": 0.10510189870479551,
        "client_011": 0.12567391708496004,
        "client_012": 0.1184998424204223,
        "client_013": 0.11951258447294205,
        "client_014": 0.09769436330868186,
        "client_015": 0.10021786492374729,
        "client_016": 0.09980167615635596,
        "client_017": 0.0985359643539147,
        "client_018": 0.0992798353909465
    },
    "client_005": {
        "attacker_000": 0.365261012697915,
        "client_000": 0.5637388724035608,
        "client_001": 0.5516911390890876,
        "client_002": 0.5626206527872649,
        "client_003": 0.5409426291221202,
        "client_004": 0.5316179147954849,
        "client_005": 0.9703734059735313,
        "client_006": 0.9682547305734319,
        "client_007": 0.969249633351766,
        "client_008": 0.970679012345679,
        "client_009": 0.9705421875376352,
        "client_010": 0.7091754160268914,
        "client_011": 0.7052302563033964,
        "client_012": 0.7063640520430644,
        "client_013": 0.7043915046166032,
        "client_014": 0.021196773588444948,
        "client_015": 0.01791269916093146,
        "client_016": 0.02010144655269585,
        "client_017": 0.01882441526660078,
        "client_018": 0.017582833104882546
    },
    "client_006": {
        "attacker_000": 0.3628946852323985,
        "client_000": 0.5691676263028906,
        "client_001": 0.5572414613828395,
        "client_002": 0.5681012059588555,
        "client_003": 0.5469250816283737,
        "client_004": 0.5383455017196646,
        "client_005": 0.9696911289933986,
        "client_006": 0.9675963707935289,
        "client_007": 0.9684008170130962,
        "client_008": 0.9698400462516862,
        "client_009": 0.9701564380264742,
        "client_010": 0.7103426855782172,
        "client_011": 0.7067259727302959,
        "client_012": 0.70789266309983,
        "client_013": 0.7059557477957079,
        "client_014": 0.022084390564796542,
        "client_015": 0.018424906694382768,
        "client_016": 0.020718557235014357,
        "client_017": 0.019432129044429772,
        "client_018": 0.01819646495758897
    },
    "client_007": {
        "attacker_000": 0.35992301952005024,
        "client_000": 0.5663711583924349,
        "client_001": 0.5548410146480887,
        "client_002": 0.5653549359903025,
        "client_003": 0.5444574305493122,
        "client_004": 0.5351049373395742,
        "client_005": 0.9700641996681816,
        "client_006": 0.9685037484132117,
        "client_007": 0.9692447941656271,
        "client_008": 0.9707458955313575,
        "client_009": 0.9707450641302782,
        "client_010": 0.7113097085169324,
        "client_011": 0.707309473859128,
        "client_012": 0.7086339885543668,
        "client_013": 0.7066234252214045,
        "client_014": 0.023330990864371043,
        "client_015": 0.019757267852102738,
        "client_016": 0.021959459459459457,
        "client_017": 0.020579805478550955,
        "client_018": 0.019437629741460655
    },
    "client_008": {
        "attacker_000": 0.3675022556980895,