{
    "attacker_000": {
        "attacker_000": 0.013753056234718826,
        "client_000": 0.3345641354952641,
        "client_001": 0.33473049096297086,
        "client_002": 0.3353974539559359,
        "client_003": 0.3306635519216864,
        "client_004": 0.33507018290089324,
        "client_005": 0.1315875613747954,
        "client_006": 0.13154450261780104,
        "client_007": 0.1282051282051282,
        "client_008": 0.1294901190086254,
        "client_009": 0.1284885629856627,
        "client_010": 0.33348099121869873,
        "client_011": 0.33348099121869873,
        "client_012": 0.33339414631603637,
        "client_013": 0.33342889161085193,
        "client_014": 0.2890570021111893,
        "client_015": 0.2873389604620169,
        "client_016": 0.28738950828410254,
        "client_017": 0.2873389604620169,
        "client_018": 0.28741504153524944
    },
    "client_000": {
        "attacker_000": 0.10710690557680692,
        "client_000": 0.9771847898599066,
        "client_001": 0.9755902360944378,
        "client_002": 0.9763716459751702,
        "client_003": 0.9765333333333334,
        "client_004": 0.975974372664175,
        "client_005": 0.2136354440623103,
        "client_006": 0.22239936229573534,
        "client_007": 0.22509960159362546,
        "client_008": 0.2391347887041859,
        "client_009": 0.13982521847690385,
        "client_010": 0.1275820709875172,
        "client_011": 0.1286377432601321,
        "client_012": 0.10663014733660749,
        "client_013": 0.1288549907622341,
        "client_014": 0.10005685048322911,
        "client_015": 0.09989211144253349,
        "client_016": 0.09913305691669809,
        "client_017": 0.09902115566782443,
        "client_018": 0.09928449312986767
    },
    "client_001": {
        "attacker_000": 0.11640000000000002,
        "client_000": 0.9755058572949946,
        "client_001": 0.9744544970729112,
        "client_002": 0.9753628978559064,
        "client_003": 0.9750066471683063,
        "client_004": 0.9744544970729112,
        "client_005": 0.2036775106082037,
        "client_006": 0.21094527363184082,
        "client_007": 0.2073219259848786,
        "client_008": 0.22369744518205592,
        "client_009": 0.13394153016794527,
        "client_010": 0.12432935751341286,
        "client_011": 0.1246552184358039,
        "client_012": 0.1045253551604102,
        "client_013": 0.12634953561831125,
        "client_014": 0.10780106033829841,
        "client_015": 0.10751328105236528,
        "client_016": 0.10710040663121677,
        "client_017": 0.10660282258064516,
        "client_018": 0.1066162570888469
    },
    "client_002": {
        "attacker_000": 0.11152857425350997,
        "client_000": 0.9763863093658796,
        "client_001": 0.9741756058800158,
        "client_002": 0.976120986999204,
        "client_003": 0.9752285070870315,
        "client_004": 0.9748010610079575,
        "client_005": 0.20302547770700638,
        "client_006": 0.2127326150832517,
        "client_007": 0.21184778344448804,
        "client_008": 0.22697563874034457,
        "client_009": 0.13907014681892332,
        "client_010": 0.12857079782771866,
        "client_011": 0.12914949253202143,
        "client_012": 0.10758244855773749,
        "client_013": 0.13006065735646774,
        "client_014": 0.10712019291788298,
        "client_015": 0.10709964979305953,
        "client_016": 0.10546210546210547,
        "client_017": 0.10546306260682407,
        "client_018": 0.10564362714013951
    },
    "client_003": {
        "attacker_000": 0.1163578402072126,
        "client_000": 0.9761521972132904,
        "client_001": 0.9749497655726724,
        "client_002": 0.975479029880745,
        "client_003": 0.9752375853299424,
        "client_004": 0.97481243301179,
        "client_005": 0.1917140536149472,
        "client_006": 0.20271348762968874,
        "client_007": 0.202718912435026,
        "client_008": 0.21565850697956707,
        "client_009": 0.12045169385194479,
        "client_010": 0.12325128386754028,
        "client_011": 0.1241446725317693,
        "client_012": 0.10397438312299868,
        "client_013": 0.12556732223903178,
        "client_014": 0.09501458835468732,
        "client_015": 0.095201682278723,
        "client_016": 0.09409988677821109,
        "client_017": 0.09433962264150943,
        "client_018": 0.09477290027911697
    },
    "client_004": {
        "attacker_000": 0.10822772078052705,
        "client_000": 0.9770704073374696,
        "client_001": 0.9756228956228956,
        "client_002": 0.9765498652291105,
        "client_003": 0.9761616161616161,
        "client_004": 0.9762739282825559,
        "client_005": 0.2217741935483871,
        "client_006": 0.22509445217737126,
        "client_007": 0.22438830316292022,
        "client_008": 0.23993558776167473,
        "client_009": 0.15019762845849802,
        "client_010": 0.12547107071602748,
        "client_011": 0.1259575984322109,
        "client_012": 0.10663652206678911,
        "client_013": 0.12796746429584793,
        "client_014": 0.099657664511221,
        "client_015": 0.09953659620389768,
        "client_016": 0.09894392758360572,
        "client_017": 0.09840828701364326,
        "client_018": 0.09869669745666203
    },
    "client_005": {
        "attacker_000": 0.08808099401748734,
        "client_000": 0.5651490434524692,
        "client_001": 0.5629787992161055,
        "client_002": 0.5633476776969877,
        "client_003": 0.5609437214001306,
        "client_004": 0.5338828948963511,
        "client_005": 0.9699725710985997,
        "client_006": 0.9712233683601659,
        "client_007": 0.9708143542284241,
        "client_008": 0.9684063955442455,
        "client_009": 0.9735413839891451,
        "client_010": 0.7098115011326558,
        "client_011": 0.7085797281875712,
        "client_012": 0.7062693901347158,
        "client_013": 0.6969252680965148,
        "client_014": 0.021381347587565058,
        "client_015": 0.020891886827805878,
        "client_016": 0.09260009908570914,
        "client_017": 0.08796380090497737,
        "client_018": 0.020901677757990438
    },
    "client_006": {
        "attacker_000": 0.08899318976624333,
        "client_000": 0.569733112895607,
        "client_001": 0.5677545228804541,
        "client_002": 0.5681616734621522,
        "client_003": 0.5666903157147923,
        "client_004": 0.5399017154572041,
        "client_005": 0.9694696860425982,
        "client_006": 0.9709537572254336,
        "client_007": 0.9699494341439924,
        "client_008": 0.967666106980091,
        "client_009": 0.9727466356859328,
        "client_010": 0.7106217992577388,
        "client_011": 0.7101194295531222,
        "client_012": 0.7077562039248262,
        "client_013": 0.7000459155987812,
        "client_014": 0.02256487401278676,
        "client_015": 0.021518511557977824,
        "client_016": 0.08827523766410139,
        "client_017": 0.08519343546847297,
        "client_018": 0.02143360752056404
    },
    "client_007": {
        "attacker_000": 0.08882560970008728,
        "client_000": 0.5672585458090821,
        "client_001": 0.5657354028085736,
        "client_002": 0.565696557837199,
        "client_003": 0.5643482375207002,
        "client_004": 0.5368090755491189,
        "client_005": 0.9707321754150274,
        "client_006": 0.9718678678678678,
        "client_007": 0.9708644584824537,
        "client_008": 0.9691486560876953,
        "client_009": 0.9737236149350336,
        "client_010": 0.7115751097854007,
        "client_011": 0.7105714935776779,
        "client_012": 0.7081836493137031,
        "client_013": 0.6995530679587318,
        "client_014": 0.023692466170342277,
        "client_015": 0.02283468251368677,
        "client_016": 0.09832974137931036,
        "client_017": 0.09375563977621369,
        "client_018": 0.022942223054593126
    },
    "client_008": {
        "attacker_000": 0.08691239562670111,