{
    "client_0": {
        "client_0": 0.9995133575818386,
        "client_1": 0.999533434673329,
        "client_2": 0.9180928036046965,
        "client_3": 0.9004870799966977,
        "client_4": 0.9448259105890305,
        "client_5": 0.7281157719511961,
        "client_6": 0.7104371443352302,
        "client_7": 0.6998526516188763,
        "client_8": 0.1532334991063077,
        "client_9": 0.14671140066357494
    },
    "client_1": {
        "client_0": 0.9995886755352235,
        "client_1": 0.9995686368925806,
        "client_2": 0.916823909601579,
        "client_3": 0.8982511485282844,
        "client_4": 0.9439260735563885,
        "client_5": 0.7286876051598429,
        "client_6": 0.7101592659411433,
        "client_7": 0.6997418648310388,
        "client_8": 0.15088672371116818,
        "client_9": 0.14403617652805822
    },
    "client_2": {
        "client_0": 0.15041222602051074,
        "client_1": 0.1448663004768516,
        "client_2": 0.9755909061634572,
        "client_3": 0.9733933161953727,
        "client_4": 0.9759711395993043,
        "client_5": 0.09585684162534908,
        "client_6": 0.09551662454924897,
        "client_7": 0.09424583672667022,
        "client_8": 0.2887644382219111,
        "client_9": 0.2852897473997028
    },
    "client_3": {
        "client_0": 0.1448974813526441,
        "client_1": 0.14085015492915376,
        "client_2": 0.9751759436980166,
        "client_3": 0.9743655309083936,
        "client_4": 0.9754817233211701,
        "client_5": 0.0981060714592705,
        "client_6": 0.0978533911852021,
        "client_7": 0.09725014867888193,
        "client_8": 0.276103714085494,
        "client_9": 0.2713673344414312
    },
    "client_4": {
        "client_0": 0.1468767774097494,
        "client_1": 0.1405057968402715,
        "client_2": 0.9783411899605047,
        "client_3": 0.977656120695143,
        "client_4": 0.9789024157052713,
        "client_5": 0.09988610478359908,
        "client_6": 0.0999602430851366,
        "client_7": 0.09871341086577898,
        "client_8": 0.27889843887037363,
        "client_9": 0.2725197541703248
    },
    "client_5": {
        "client_0": 0.11560541075552622,
        "client_1": 0.19894769421231814,
        "client_2": 0.0007168458781362007,
        "client_3": 0.0007181328545780969,
        "client_4": 0.0007171029042667623,
        "client_5": 0.9488486552997012,
        "client_6": 0.9446717665895749,
        "client_7": 0.9472951817707427,
        "client_8": 0.18421052631578946,
        "client_9": 0.1889763779527559
    },
    "client_6": {
        "client_0": 0.10501858736059479,
        "client_1": 0.18751557438325445,
        "client_2": 0.0015077271013946476,
        "client_3": 0.0015105740181268882,
        "client_4": 0.0015100037750094377,
        "client_5": 0.9475240206947524,
        "client_6": 0.9447255012179128,
        "client_7": 0.948389458272328,
        "client_8": 0.18351155570886513,
        "client_9": 0.187263339070568
    },
    "client_7": {
        "client_0": 0.10398567544266861,
        "client_1": 0.18569292123629114,
        "client_2": 0.0007572889057175313,
        "client_3": 0.0007572889057175313,
        "client_4": 0.0007575757575757576,
        "client_5": 0.9532884902840059,
        "client_6": 0.9511043987162546,
        "client_7": 0.951657714391554,
        "client_8": 0.19307958477508652,
        "client_9": 0.1993790962400828
    },
    "client_8": {
        "client_0": 0.7190599583003043,
        "client_1": 0.7058514224079817,
        "client_2": 0.549181746504875,
        "client_3": 0.5682976119318021,
        "client_4": 0.5675947541232517,
        "client_5": 0.012668443090978303,
        "client_6": 0.010641217184498583,
        "client_7": 0.010600383806999908,
        "client_8": 0.9689580430407183,
        "client_9": 0.9688455435581873
    },
    "client_9": {
        "client_0": 0.7202603158125886,
        "client_1": 0.707676760871762,
        "client_2": 0.5513370622940771,
        "client_3": 0.5706916587149375,
        "client_4": 0.5704217368301716,
        "client_5": 0.011534900663256789,
        "client_6": 0.01020904229460379,
        "client_7": 0.009928044448492577,
        "client_8": 0.9687863587680975,
        "client_9": 0.9689692619320851
    }
}