{
    "attacker_000": {
        "attacker_000": 0.9953317491615686,
        "attacker_001": 0.9954005559767501,
        "client_000": 0.9484261218776557,
        "client_001": 0.9480489494343107,
        "client_002": 0.9339595834656593,
        "client_003": 0.9048339407274978,
        "client_004": 0.9407580969473386,
        "client_005": 0.020892996615464725,
        "client_006": 0.020892996615464725,
        "client_007": 0.0208923167040906,
        "client_008": 0.020895716703554227,
        "client_009": 0.02089367657109383,
        "client_010": 0.9637951748546937,
        "client_011": 0.9637951748546937,
        "client_012": 0.9638264709702559,
        "client_013": 0.7848132221973139,
        "client_014": 0.7615683504062168,
        "client_015": 0.7562232655190403,
        "client_016": 0.7012098092643051,
        "client_017": 0.7585531932615622
    },
    "attacker_001": {
        "attacker_000": 0.995278883118635,
        "attacker_001": 0.9954490291262136,
        "client_000": 0.9469013262156977,
        "client_001": 0.9471095117039189,
        "client_002": 0.9333801662568785,
        "client_003": 0.9031336088154269,
        "client_004": 0.9395910626050211,
        "client_005": 0.022969807391983343,
        "client_006": 0.02296831283753009,
        "client_007": 0.02296906009044474,
        "client_008": 0.022972797084472214,
        "client_009": 0.02296906009044474,
        "client_010": 0.9634273093413018,
        "client_011": 0.9634273093413018,
        "client_012": 0.9634429557450265,
        "client_013": 0.7863955004890772,
        "client_014": 0.7593105891669967,
        "client_015": 0.7559752632458632,
        "client_016": 0.701337814539185,
        "client_017": 0.7582582582582583
    },
    "client_000": {
        "attacker_000": 0.11774671749258787,
        "attacker_001": 0.13,
        "client_000": 0.9761807540492718,
        "client_001": 0.9764593822288747,
        "client_002": 0.9760413830656139,
        "client_003": 0.9769974139104396,
        "client_004": 0.9768644529123571,
        "client_005": 0.0875912408759124,
        "client_006": 0.10577561407391015,
        "client_007": 0.07601162530739995,
        "client_008": 0.09758321933424532,
        "client_009": 0.09179600886917959,
        "client_010": 0.16889176329283506,
        "client_011": 0.16676400557078033,
        "client_012": 0.16867132867132864,
        "client_013": 0.102532427424336,
        "client_014": 0.10365548322483725,
        "client_015": 0.10327408793264733,
        "client_016": 0.10584528326152658,
        "client_017": 0.09883686603294561
    },
    "client_001": {
        "attacker_000": 0.11609171658748192,
        "attacker_001": 0.12699884125144842,
        "client_000": 0.9778485210240084,
        "client_001": 0.9786273728926059,
        "client_002": 0.9781080005307151,
        "client_003": 0.9790228359001594,
        "client_004": 0.9785031847133757,
        "client_005": 0.08369659982563209,
        "client_006": 0.09750765194578048,
        "client_007": 0.07059342598720493,
        "client_008": 0.09217625899280575,
        "client_009": 0.08733624454148473,
        "client_010": 0.1737759643916914,
        "client_011": 0.17018024902234008,
        "client_012": 0.17343259821135928,
        "client_013": 0.10135802469135802,
        "client_014": 0.10266017234919445,
        "client_015": 0.10226069626953978,
        "client_016": 0.10522243713733075,
        "client_017": 0.09710792381848109
    },
    "client_002": {
        "attacker_000": 0.0941908713692946,
        "attacker_001": 0.10596026490066225,
        "client_000": 0.9772605671482076,
        "client_001": 0.9772666488365873,
        "client_002": 0.9765823631740935,
        "client_003": 0.9773973518790959,
        "client_004": 0.9772666488365873,
        "client_005": 0.0880503144654088,
        "client_006": 0.10258639426211692,
        "client_007": 0.07746478873239437,
        "client_008": 0.09812667261373773,
        "client_009": 0.0902353966870096,
        "client_010": 0.16825951111927953,
        "client_011": 0.16563978926689885,
        "client_012": 0.16872713802842987,
        "client_013": 0.0989805375347544,
        "client_014": 0.09977494373593399,
        "client_015": 0.09938971229293811,
        "client_016": 0.10227711308375145,
        "client_017": 0.09567171239356671
    },
    "client_003": {
        "attacker_000": 0.11527257594673325,
        "attacker_001": 0.12592936802973978,
        "client_000": 0.9762783342119136,
        "client_001": 0.9771978384078029,
        "client_002": 0.9761308189370961,
        "client_003": 0.9774555042847727,
        "client_004": 0.9773266543633008,
        "client_005": 0.08937823834196891,
        "client_006": 0.10209820462902876,
        "client_007": 0.07977332170880558,
        "client_008": 0.0965028773793714,
        "client_009": 0.09165585819282317,
        "client_010": 0.1734447030900543,
        "client_011": 0.17085516383980107,
        "client_012": 0.17295308187672495,
        "client_013": 0.10003686862480031,
        "client_014": 0.10097376418780625,
        "client_015": 0.10084137589705519,
        "client_016": 0.10330973789936866,
        "client_017": 0.0969547034222772
    },
    "client_004": {
        "attacker_000": 0.11071503459844831,
        "attacker_001": 0.1216089803554724,
        "client_000": 0.9769487008660892,
        "client_001": 0.9776179056754596,
        "client_002": 0.9768123667377397,
        "client_003": 0.9778725673153826,
        "client_004": 0.9774756763961082,
        "client_005": 0.09,
        "client_006": 0.1033434650455927,
        "client_007": 0.0820355341083571,
        "client_008": 0.1007803790412486,
        "client_009": 0.09447104919460166,
        "client_010": 0.17066446098704163,
        "client_011": 0.16691199429055711,
        "client_012": 0.16947582885719578,
        "client_013": 0.09797841994294927,
        "client_014": 0.09882116879859544,
        "client_015": 0.09885646441292259,
        "client_016": 0.10083166784862357,
        "client_017": 0.09400496630010641
    },
    "client_005": {
        "attacker_000": 0.035627530364372474,
        "attacker_001": 0.022838499184339313,
        "client_000": 0.5149569201974895,
        "client_001": 0.5146010131973799,
        "client_002": 0.5167649048217219,
        "client_003": 0.5094443544467844,
        "client_004": 0.5149549898364147,
        "client_005": 0.9741828884184437,
        "client_006": 0.9707488399518036,
        "client_007": 0.9743669411216405,
        "client_008": 0.9758736733108982,
        "client_009": 0.9708533422356899,
        "client_010": 0.6802790388661278,
        "client_011": 0.6914365974630207,
        "client_012": 0.6814202550771008,
        "client_013": 0.02257154373236598,
        "client_014": 0.023287464085891427,
        "client_015": 0.022277102968600374,
        "client_016": 0.022477572825320032,
        "client_017": 0.022964193987007102
    },
    "client_006": {
        "attacker_000": 0.031621759023894254,
        "attacker_001": 0.0185365354088791,
        "client_000": 0.5086528783402059,
        "client_001": 0.5087508523557489,
        "client_002": 0.5107899682457391,
        "client_003": 0.501941082438913,
        "client_004": 0.5087981299915589,
        "client_005": 0.9725571188847295,
        "client_006": 0.9697809956609926,
        "client_007": 0.9730667633500802,
        "client_008": 0.9750978207354046,
        "client_009": 0.9700552628196889,
        "client_010": 0.6800496321900205,
        "client_011": 0.6908547834490029,
        "client_012": 0.6807669236408878,
        "client_013": 0.024419778002018167,
        "client_014": 0.025441696113074206,
        "client_015": 0.024124356515595035,
        "client_016": 0.024124356515595035,
        "client_017": 0.024710035300050427
    },
    "client_007": {
        "attacker_000": 0.030742694805194804,