{
    "attacker_000": {
        "attacker_000": 0.995315764642448,
        "attacker_001": 0.995315606780575,
        "client_000": 0.9502301687904464,
        "client_001": 0.9510645375914838,
        "client_002": 0.9522655199322586,
        "client_003": 0.8872634759103197,
        "client_004": 0.9551981143037366,
        "client_005": 0.034184726522187826,
        "client_006": 0.023676699532952775,
        "client_007": 0.0340700112921439,
        "client_008": 0.023740797197807546,
        "client_009": 0.03412132744219047,
        "client_010": 0.963810822658419,
        "client_011": 0.963842119790229,
        "client_012": 0.963810822658419,
        "client_013": 0.7004646495495298,
        "client_014": 0.7004493695737534,
        "client_015": 0.70058691335937,
        "client_016": 0.7013213934694771,
        "client_017": 0.7004188116220225
    },
    "attacker_001": {
        "attacker_000": 0.9953982300884955,
        "attacker_001": 0.9953980749456366,
        "client_000": 0.9484250258876976,
        "client_001": 0.9497710813285607,
        "client_002": 0.9508932280847529,
        "client_003": 0.8840060956161179,
        "client_004": 0.9537480063795852,
        "client_005": 0.035744241563971865,
        "client_006": 0.02555786196159834,
        "client_007": 0.03568893191352049,
        "client_008": 0.02555869092796212,
        "client_009": 0.03574539471561764,
        "client_010": 0.9634429557450265,
        "client_011": 0.9634586026569657,
        "client_012": 0.9634429557450265,
        "client_013": 0.6997181375226692,
        "client_014": 0.6997181375226692,
        "client_015": 0.6998710579801998,
        "client_016": 0.7004834087976026,
        "client_017": 0.6997028491522461
    },
    "client_000": {
        "attacker_000": 0.0749063670411985,
        "attacker_001": 0.0040574809805579036,
        "client_000": 0.9772510557144803,
        "client_001": 0.9773903568509943,
        "client_002": 0.976725193956717,
        "client_003": 0.9765922700054438,
        "client_004": 0.9769911504424779,
        "client_005": 0.0830649262586879,
        "client_006": 0.08933352120614343,
        "client_007": 0.08542348237004727,
        "client_008": 0.08768558951965066,
        "client_009": 0.08506113769271664,
        "client_010": 0.3100722191359344,
        "client_011": 0.30733341816176785,
        "client_012": 0.3094654453188836,
        "client_013": 0.1064757565896518,
        "client_014": 0.10683148991541964,
        "client_015": 0.107473588104865,
        "client_016": 0.1072221496669714,
        "client_017": 0.1061366267850251
    },
    "client_001": {
        "attacker_000": 0.07598039215686274,
        "attacker_001": 0.004347826086956522,
        "client_000": 0.9786273728926059,
        "client_001": 0.978887265967335,
        "client_002": 0.9785031847133757,
        "client_003": 0.9782435659326081,
        "client_004": 0.9787629413326254,
        "client_005": 0.08612600536193028,
        "client_006": 0.0955821061405946,
        "client_007": 0.08549783549783549,
        "client_008": 0.08897351566557037,
        "client_009": 0.08686514886164624,
        "client_010": 0.3181507434626559,
        "client_011": 0.31565110460925244,
        "client_012": 0.318023330894064,
        "client_013": 0.1061149905371011,
        "client_014": 0.10636772469530079,
        "client_015": 0.10684626953508142,
        "client_016": 0.10689022792769191,
        "client_017": 0.1053921568627451
    },
    "client_002": {
        "attacker_000": 0.07340347443112308,
        "attacker_001": 0.0033255736614566014,
        "client_000": 0.9776528837147063,
        "client_001": 0.9776588628762541,
        "client_002": 0.9776648388391066,
        "client_003": 0.9777956126270734,
        "client_004": 0.9776648388391066,
        "client_005": 0.08611157647847212,
        "client_006": 0.10104968509447167,
        "client_007": 0.08708220415537489,
        "client_008": 0.0896455872133426,
        "client_009": 0.08732394366197183,
        "client_010": 0.31282833418064737,
        "client_011": 0.3101244534140599,
        "client_012": 0.31333106034776675,
        "client_013": 0.10283411336453457,
        "client_014": 0.10287050266268347,
        "client_015": 0.10346847139975271,
        "client_016": 0.10328638497652583,
        "client_017": 0.10242552917712154
    },
    "client_003": {
        "attacker_000": 0.07819437592501234,
        "attacker_001": 0.006379049857310728,
        "client_000": 0.9777191825972315,
        "client_001": 0.9778481012658228,
        "client_002": 0.9769463838756424,
        "client_003": 0.9770750988142292,
        "client_004": 0.9773326304691619,
        "client_005": 0.08498583569405098,
        "client_006": 0.09562308335656537,
        "client_007": 0.0875312611647017,
        "client_008": 0.08816466552315609,
        "client_009": 0.08646945562751619,
        "client_010": 0.31599764369267014,
        "client_011": 0.3139977416251935,
        "client_012": 0.3159544280208378,
        "client_013": 0.1036222509702458,
        "client_014": 0.10392967942088933,
        "client_015": 0.10458025171921631,
        "client_016": 0.10425863412100753,
        "client_017": 0.10332716009962321
    },
    "client_004": {
        "attacker_000": 0.07608695652173912,
        "attacker_001": 0.005036091992613732,
        "client_000": 0.9782637685024671,
        "client_001": 0.9787915166066427,
        "client_002": 0.9784057584644096,
        "client_003": 0.9783999999999999,
        "client_004": 0.9786609762603361,
        "client_005": 0.0930232558139535,
        "client_006": 0.10229178311906093,
        "client_007": 0.09535895576504713,
        "client_008": 0.09575021682567217,
        "client_009": 0.0935856992639327,
        "client_010": 0.31357260900885636,
        "client_011": 0.311642394140921,
        "client_012": 0.3136066902760592,
        "client_013": 0.1013601883337693,
        "client_014": 0.10172368764690519,
        "client_015": 0.10245338567222767,
        "client_016": 0.10173713536545395,
        "client_017": 0.10131817006978547
    },
    "client_005": {
        "attacker_000": 0.04299018374024667,
        "attacker_001": 0.04158885580174633,
        "client_000": 0.5164127938941172,
        "client_001": 0.5162437368676257,
        "client_002": 0.5162291478080953,
        "client_003": 0.5165777130842634,
        "client_004": 0.516008141375634,
        "client_005": 0.9793432340668169,
        "client_006": 0.973277436279931,
        "client_007": 0.9798786995340605,
        "client_008": 0.9788136689344751,
        "client_009": 0.9786958660143408,
        "client_010": 0.6780919356272784,
        "client_011": 0.6800026731416097,
        "client_012": 0.6780889326295071,
        "client_013": 0.021135662638418363,
        "client_014": 0.021644583796905027,
        "client_015": 0.021217479161404398,
        "client_016": 0.021128184391427416,
        "client_017": 0.021410897338787052
    },
    "client_006": {
        "attacker_000": 0.04313211730323491,
        "attacker_001": 0.04205418520016175,
        "client_000": 0.5095947440317441,
        "client_001": 0.509689166341527,
        "client_002": 0.5096050706972209,
        "client_003": 0.5101177695360791,
        "client_004": 0.5093910443881199,
        "client_005": 0.9786825227845143,
        "client_006": 0.9726680233906078,
        "client_007": 0.9791748116871271,
        "client_008": 0.9779343209364963,
        "client_009": 0.9781256479369687,
        "client_010": 0.6781205547652916,
        "client_011": 0.6799572325923285,
        "client_012": 0.6776630459076483,
        "client_013": 0.02298617791504227,
        "client_014": 0.0236056937338534,
        "client_015": 0.02297687129915481,
        "client_016": 0.02296873419002327,
        "client_017": 0.02325463828926748
    },
    "client_007": {
        "attacker_000": 0.039670923131277444,