{
  "r1": {
    "client_001": 0.21063478343691408,
    "client_003": 0.07323828606864632,
    "client_004": 0.2159070061463346,
    "client_002": 0.24825049995963494,
    "client_000": 0.2519694243884701,
    "client_006": 0.15990790934886961,
    "client_009": 0.1638196967242118,
    "client_007": 0.21188909578394124,
    "client_005": 0.29793726430851775,
    "client_008": 0.16644603383445966,
    "client_016": 0.27192870241144756,
    "client_014": 0.24127281768338052,
    "client_017": 0.28525735068068775,
    "client_015": 0.16848464865055396,
    "client_018": 0.03305648057393021,
    "client_012": 0.22245870845979973,
    "client_010": 0.22372015899898695,
    "client_013": 0.22497087685412842,
    "client_011": 0.22497087685412842,
    "attacker_000": 0.10387937883295638
  },
  "r2": {
    "client_016": 0.239641904130359,
    "client_017": 0.28403553217975913,
    "client_014": 0.24013581072310056,
    "client_015": 0.1143418522850645,
    "client_018": 0.1218449006817169,
    "client_007": 0.1877515190508558,
    "client_005": 0.21907483847021395,
    "client_008": 0.18246028387117272,
    "client_009": 0.1950947179988467,
    "client_006": 0.21561864060891078,
    "client_001": 0.28529102125108813,
    "client_000": 0.11745586160955096,
    "client_002": 0.1752536678245953,
    "client_004": 0.13916716612429364,
    "client_003": 0.282832283190472,
    "client_012": 0.22426908199236043,
    "client_010": 0.2226188314236174,
    "client_013": 0.22290797546965718,
    "client_011": 0.2248489213429074,
    "attacker_000": 0.1053551897714575
  },
  "r3": {
    "client_004": 0.32272182638921837,
    "client_003": 0.14175152177843692,
    "client_000": 0.09123511132175875,
    "client_002": 0.09567559524995163,
    "client_001": 0.34861594526063444,
    "client_011": 0.2259869448281216,
    "client_013": 0.2245358607743363,
    "client_012": 0.21673104539450364,
    "client_010": 0.22536155145532955,
    "attacker_000": 0.10738459754770896,
    "client_009": 0.19175898526760723,
    "client_005": 0.21179723095201564,
    "client_008": 0.20440867444766858,
    "client_007": 0.21823421499671466,
    "client_006": 0.17380089433599388,
    "client_014": 0.11407299220630403,
    "client_016": 0.248796239957851,
    "client_017": 0.2717560006544509,
    "client_018": 0.08562177490838555,
    "client_015": 0.2797529922730085
  },
  "r4": {
    "client_012": 0.22123742232548116,
    "client_010": 0.22377312727981977,
    "client_013": 0.22353069583296137,
    "client_011": 0.2239659624196403,
    "attacker_000": 0.10749279214209732,
    "client_006": 0.16644116434422312,
    "client_005": 0.2284802471777207,
    "client_008": 0.17254504256978323,
    "client_009": 0.19945261535102635,
    "client_007": 0.2330809305572467,
    "client_001": 0.29374087455331804,
    "client_003": 0.06730865461893716,
    "client_004": 0.2819720160199301,
    "client_002": 0.2237349149320805,
    "client_000": 0.13324353987573415,
    "client_016": 0.2463086920159346,
    "client_018": 0.20348861289690617,
    "client_015": 0.1457069972339073,
    "client_014": 0.19970923765290158,
    "client_017": 0.20478646020035027
  },
  "r5": {
    "client_013": 0.25005160429506934,
    "client_011": 0.25012344679586956,
    "client_012": 0.2501536557386994,
    "client_010": 0.24963983825858682,
    "attacker_000": 3.1454911774820176e-05,
    "client_014": 0.22945921026009342,
    "client_017": 0.10914184408306107,
    "client_015": 0.15711552134776138,
    "client_018": 0.2304877285660981,
    "client_016": 0.27379569574298596,
    "client_004": 0.2183961721748089,
    "client_002": 0.2115893080779083,
    "client_000": 0.18571086108416268,
    "client_003": 0.1331757161272093,
    "client_001": 0.2511279425359108,
    "client_005": 0.12187888836524369,
    "client_009": 0.24670706546288343,
    "client_008": 0.16757302336336294,
    "client_007": 0.21865173170693256,
    "client_006": 0.24518929110157736
  },
  "r6": {
    "client_018": 0.18207792076230753,
    "client_016": 0.2316879305001797,
    "client_014": 0.2526721714098115,
    "client_015": 0.16662991679121203,
    "client_017": 0.1669320605364892,
    "client_002": 0.18360808924417835,
    "client_003": 0.18790959787492312,
    "client_000": 0.18047552528118946,
    "client_004": 0.21857992620433023,
    "client_001": 0.2294268613953788,
    "client_011": 0.25003290765097896,
    "client_013": 0.2500114132059421,
    "client_010": 0.24958687884220115,
    "client_012": 0.25036813932172775,
    "attacker_000": 6.609791499395203e-07,
    "client_007": 0.16163075576005986,
    "client_005": 0.0788382775734155,
    "client_009": 0.23028810710761285,
    "client_008": 0.2248556009591072,
    "client_006": 0.3043872585998046
  },
  "r7": {
    "client_011": 0.2446007100141138,
    "client_013": 0.2430155121891678,
    "client_010": 0.24428911315034077,
    "client_012": 0.24561928144515102,
    "attacker_000": 0.022475383201226655,
    "client_002": 0.16546495761889216,
    "client_003": 0.20491841150997703,
    "client_004": 0.21593480040808014,
    "client_000": 0.20359233774127278,
    "client_001": 0.21008949272177802,
    "client_015": 0.029485151409037395,
    "client_016": 0.28832561021295416,
    "client_018": 0.2868847969127109,
    "client_014": 0.14434084561280822,
    "client_017": 0.2509635958524894,
    "client_008": 0.2346244280319399,
    "client_009": 0.2869749677805079,
    "client_007": 0.03821562653807311,
    "client_005": 0.13239127111052562,
    "client_006": 0.3077937065389534
  },
  "r8": {
    "client_000": 0.21642073133685036,
    "client_002": 0.20035528010701348,
    "client_004": 0.21283558416968518,
    "client_003": 0.18031719934348464,
    "client_001": 0.1900712050429664,
    "client_006": 0.23289774197315796,
    "client_008": 0.17018094034814496,
    "client_009": 0.2801540013634409,
    "client_005": 0.14625605505750486,
    "client_007": 0.17051126125775143,
    "client_014": 0.2508381476504832,
    "client_016": 0.18364880084054094,
    "client_018": 0.2604811151588308,
    "client_015": 0.035370797241994614,
    "client_017": 0.2696611391081505,
    "client_013": 0.23002832804058915,
    "client_010": 0.22957995915827112,
    "client_012": 0.23089546040003792,
    "client_011": 0.22795340377117493,
    "attacker_000": 0.08154284862992689
  },
  "r9": {
    "client_003": 0.20524466738568933,
    "client_002": 0.19024355463037992,
    "client_004": 0.18944347670534983,
    "client_000": 0.22424075300844842,
    "client_001": 0.1908275482701325,
    "client_010": 0.2195226578932616,
    "client_012": 0.22170489006401595,
    "client_011": 0.21993130842205214,
    "client_013": 0.22232837111106385,
    "attacker_000": 0.1165127725096065,
    "client_018": 0.24397155185973665,
    "client_015": 0.14746966832466823,
    "client_016": 0.16709638962899193,
    "client_014": 0.28017587366072244,
    "client_017": 0.1612865165258808,
    "client_006": 0.13763082256591794,
    "client_009": 0.31308118743840213,
    "client_005": 0.22050199612078888,
    "client_008": 0.2499564914983758,
    "client_007": 0.0788295023765152
  },
  "r10": {
    "client_018": 0.3119084035775009,
    "client_015": 0.27120051350885876,
    "client_014": 0.3004840479823868,
    "client_016": 0.0494609211750816,
    "client_017": 0.06694611375617193,
    "client_002": 0.20756005171280037,
    "client_004": 0.18409913638085026,
    "client_003": 0.1984354781085569,
    "client_000": 0.2114723378870856,
    "client_001": 0.1984329959107068,
    "client_010": 0.2501623746904588,
    "client_012": 0.24995089658320938,
    "client_011": 0.24951183015796935,
    "client_013": 0.2503748985636053,
    "attacker_000": 4.7571641261017814e-12,
    "client_008": 0.1881427294533583,
    "client_009": 0.24915529139225268,
    "client_006": 0.24424944282843694,
    "client_005": 0.0766761790835566,
    "client_007": 0.2417763572423954
  }
}