{
    "attacker_000": {
        "attacker_000": 0.982295081967213,
        "client_000": 0.9694681230350372,
        "client_001": 0.9681028211138953,
        "client_002": 0.9692623281807757,
        "client_003": 0.9693984658861526,
        "client_004": 0.9694211395808363,
        "client_005": 0.050776714263298287,
        "client_006": 0.05331164158558333,
        "client_007": 0.059206408812116654,
        "client_008": 0.05915678111990985,
        "client_009": 0.0592652856874648,
        "client_010": 0.9820061255742726,
        "client_011": 0.9819910353958304,
        "client_012": 0.9820223643701447,
        "client_013": 0.9820223643701447,
        "client_014": 0.7552275522755227,
        "client_015": 0.8624258720394858,
        "client_016": 0.7951289957456773,
        "client_017": 0.7040121120363362,
        "client_018": 0.8882849480750886
    },
    "client_000": {
        "attacker_000": 0.14527131782945737,
        "client_000": 0.9731424676209952,
        "client_001": 0.9748265070077561,
        "client_002": 0.9745405037440437,
        "client_003": 0.9708817498291182,
        "client_004": 0.9749659863945578,
        "client_005": 0.04641638225255972,
        "client_006": 0.04510619662798336,
        "client_007": 0.045304596437211346,
        "client_008": 0.046033519553072624,
        "client_009": 0.0467310716692878,
        "client_010": 0.12824048538334254,
        "client_011": 0.1309886458044863,
        "client_012": 0.1275459400742283,
        "client_013": 0.16230606811713943,
        "client_014": 0.10547770700636942,
        "client_015": 0.10201951998035724,
        "client_016": 0.10465850271430374,
        "client_017": 0.10782517665532583,
        "client_018": 0.10139540552068732
    },
    "client_001": {
        "attacker_000": 0.15234284834961917,
        "client_000": 0.9729299363057324,
        "client_001": 0.9758876523582406,
        "client_002": 0.9761526232114467,
        "client_003": 0.9717935071846727,
        "client_004": 0.9756226815050345,
        "client_005": 0.03859964093357271,
        "client_006": 0.03893575600259572,
        "client_007": 0.03771131339401821,
        "client_008": 0.03832599118942731,
        "client_009": 0.03890362511052166,
        "client_010": 0.1321014892443464,
        "client_011": 0.13531612247725489,
        "client_012": 0.13078106615983345,
        "client_013": 0.16619886808079878,
        "client_014": 0.10339565051507059,
        "client_015": 0.09997546614327771,
        "client_016": 0.10248329761754695,
        "client_017": 0.1061390290244382,
        "client_018": 0.0993735936264672
    },
    "client_002": {
        "attacker_000": 0.14424389504019414,
        "client_000": 0.9733992781713675,
        "client_001": 0.9751469802244789,
        "client_002": 0.9748663101604278,
        "client_003": 0.9714209043338253,
        "client_004": 0.9750167000668003,
        "client_005": 0.04681230494872938,
        "client_006": 0.04555221314997852,
        "client_007": 0.046511627906976744,
        "client_008": 0.04587155963302752,
        "client_009": 0.0465627059081924,
        "client_010": 0.1293859649122807,
        "client_011": 0.13136273924817551,
        "client_012": 0.12823630059885632,
        "client_013": 0.16381629953938068,
        "client_014": 0.1017530487804878,
        "client_015": 0.09888220120378333,
        "client_016": 0.1010202796321955,
        "client_017": 0.10407949790794978,
        "client_018": 0.09788086708361163
    },
    "client_003": {
        "attacker_000": 0.15303270639776417,
        "client_000": 0.9741356558458696,
        "client_001": 0.9748319936750559,
        "client_002": 0.9754746835443038,
        "client_003": 0.971405877680699,
        "client_004": 0.9747035573122529,
        "client_005": 0.04725104879664386,
        "client_006": 0.046333687566418695,
        "client_007": 0.046501706484641636,
        "client_008": 0.04682419249945806,
        "client_009": 0.047339847991313785,
        "client_010": 0.13459096680573188,
        "client_011": 0.13741850180093923,
        "client_012": 0.13363725753106284,
        "client_013": 0.16662133986039346,
        "client_014": 0.1021851711506884,
        "client_015": 0.09980525803310612,
        "client_016": 0.10176076195250328,
        "client_017": 0.10520156046814044,
        "client_018": 0.09911867680791984
    },
    "client_004": {
        "attacker_000": 0.15008833243720715,
        "client_000": 0.9739757106632858,
        "client_001": 0.9761555881177567,
        "client_002": 0.9764094362255098,
        "client_003": 0.9710843373493976,
        "client_004": 0.9761428761828602,
        "client_005": 0.05018876304685765,
        "client_006": 0.048948046371833406,
        "client_007": 0.049494297396169576,
        "client_008": 0.04969485614646905,
        "client_009": 0.04993429697766097,
        "client_010": 0.13113113113113115,
        "client_011": 0.1338816541009824,
        "client_012": 0.1299224945118946,
        "client_013": 0.16350538026627756,
        "client_014": 0.10059436313670352,
        "client_015": 0.09753094021304107,
        "client_016": 0.09982897320580225,
        "client_017": 0.10282776349614398,
        "client_018": 0.09722731159154757
    },
    "client_005": {
        "attacker_000": 0.5698157244823189,
        "client_000": 0.5113896317298708,
        "client_001": 0.5111986058219841,
        "client_002": 0.5119339440072249,
        "client_003": 0.4995607041749373,
        "client_004": 0.5125757771185347,
        "client_005": 0.9693534192680022,
        "client_006": 0.96825559893158,
        "client_007": 0.9690737551093859,
        "client_008": 0.9683369831250804,
        "client_009": 0.9687950566426364,
        "client_010": 0.678030134672652,
        "client_011": 0.6855693969793849,
        "client_012": 0.6896187838016092,
        "client_013": 0.6864432966935947,
        "client_014": 0.02185957489674625,
        "client_015": 0.022250188774226028,
        "client_016": 0.018464332559782057,
        "client_017": 0.010499490316004077,
        "client_018": 0.022238993710691827
    },
    "client_006": {
        "attacker_000": 0.5656257657019955,
        "client_000": 0.5050754013296579,
        "client_001": 0.504774897680764,
        "client_002": 0.5057008283254831,
        "client_003": 0.4920697339100799,
        "client_004": 0.5062798169603738,
        "client_005": 0.9677970931889428,
        "client_006": 0.9666752378503471,
        "client_007": 0.9678116557313778,
        "client_008": 0.9667483554752998,
        "client_009": 0.9671315511329948,
        "client_010": 0.677990217874611,
        "client_011": 0.685991403064036,
        "client_012": 0.6893669438212133,
        "client_013": 0.6872489738270734,
        "client_014": 0.023905588057292718,
        "client_015": 0.02419354838709677,
        "client_016": 0.019007178242847034,
        "client_017": 0.01205927439959121,
        "client_018": 0.02458066790913212
    },
    "client_007": {
        "attacker_000": 0.5663369574102837,
        "client_000": 0.5143299268190464,
        "client_001": 0.5138853009558254,
        "client_002": 0.5146565082644629,
        "client_003": 0.5020677977140252,
        "client_004": 0.5154047165854759,
        "client_005": 0.9692792234613795,
        "client_006": 0.96818193472297,
        "client_007": 0.9696270073367195,
        "client_008": 0.9681515564352363,
        "client_009": 0.9687829192466791,
        "client_010": 0.6787111111111112,
        "client_011": 0.68637175163658,
        "client_012": 0.6898402780833369,
        "client_013": 0.6874862061355108,
        "client_014": 0.020771363750945297,
        "client_015": 0.021061117549251777,
        "client_016": 0.016866131394233194,
        "client_017": 0.009488343620874355,
        "client_018": 0.021356973757114792
    },
    "client_008": {
        "attacker_000": 0.5740625254195927,