{
    "attacker_000": {
        "attacker_000": 0.9821413956229231,
        "client_000": 0.9072628382204073,
        "client_001": 0.9068905139561231,
        "client_002": 0.9472675292912266,
        "client_003": 0.9064184896459356,
        "client_004": 0.9687838821911158,
        "client_005": 0.09891031014249789,
        "client_006": 0.09868263473053893,
        "client_007": 0.09884747792246669,
        "client_008": 0.09857467960234759,
        "client_009": 0.09896129553686354,
        "client_010": 0.9820078476409224,
        "client_011": 0.9819747966182804,
        "client_012": 0.9819765216281741,
        "client_013": 0.9820078476409224,
        "client_014": 0.6874428689866287,
        "client_015": 0.703781512605042,
        "client_016": 0.7077232451454786,
        "client_017": 0.6874136428374041,
        "client_018": 0.7054500412881916
    },
    "client_000": {
        "attacker_000": 0.1685858585858586,
        "client_000": 0.9772510557144803,
        "client_001": 0.9771179515118497,
        "client_002": 0.9771179515118497,
        "client_003": 0.9769911504424779,
        "client_004": 0.9765858970868501,
        "client_005": 0.048417132216014895,
        "client_006": 0.05674397658185094,
        "client_007": 0.04778473672001856,
        "client_008": 0.04682274247491639,
        "client_009": 0.04770558836892322,
        "client_010": 0.3022244734287282,
        "client_011": 0.3069652588555858,
        "client_012": 0.29972140213730303,
        "client_013": 0.3001281503630927,
        "client_014": 0.0985592472802117,
        "client_015": 0.10204206782363401,
        "client_016": 0.09992828113793926,
        "client_017": 0.0981423063441991,
        "client_018": 0.09731524414677428
    },
    "client_001": {
        "attacker_000": 0.17360585415089577,
        "client_000": 0.9786273728926059,
        "client_001": 0.9779782435659325,
        "client_002": 0.9786273728926059,
        "client_003": 0.9781138081973736,
        "client_004": 0.9779723991507431,
        "client_005": 0.0423572744014733,
        "client_006": 0.051953818827708706,
        "client_007": 0.0412560165024066,
        "client_008": 0.04039517014270033,
        "client_009": 0.041126508717031746,
        "client_010": 0.3109498903323773,
        "client_011": 0.31513141107425363,
        "client_012": 0.30664070591159537,
        "client_013": 0.30944458663936525,
        "client_014": 0.09749779216956138,
        "client_015": 0.10094559744565883,
        "client_016": 0.09859322842155462,
        "client_017": 0.09605709605709606,
        "client_018": 0.09510169006015469
    },
    "client_002": {
        "attacker_000": 0.16794731064763999,
        "client_000": 0.9777896708589777,
        "client_001": 0.9776588628762541,
        "client_002": 0.9775220765319775,
        "client_003": 0.9776708116058297,
        "client_004": 0.9775401069518718,
        "client_005": 0.0494279176201373,
        "client_006": 0.05332148411464119,
        "client_007": 0.04955671743578086,
        "client_008": 0.048383549593138335,
        "client_009": 0.04912907548012505,
        "client_010": 0.3064118114517546,
        "client_011": 0.30983302411873836,
        "client_012": 0.30360671936758893,
        "client_013": 0.303665806942624,
        "client_014": 0.09519872438433827,
        "client_015": 0.09836266633960875,
        "client_016": 0.09589943130799164,
        "client_017": 0.09464610332492816,
        "client_018": 0.09379135738535013
    },
    "client_003": {
        "attacker_000": 0.17182402372713793,
        "client_000": 0.977596204533474,
        "client_001": 0.9773326304691619,
        "client_002": 0.9775902979172159,
        "client_003": 0.9776021080368906,
        "client_004": 0.9773445732349842,
        "client_005": 0.048285198555956685,
        "client_006": 0.05589519650655022,
        "client_007": 0.04762974612446642,
        "client_008": 0.04721680745072558,
        "client_009": 0.04752475247524753,
        "client_010": 0.30987088713036237,
        "client_011": 0.3136399849050275,
        "client_012": 0.30688524590163935,
        "client_013": 0.3068444743595137,
        "client_014": 0.09668703007518799,
        "client_015": 0.09988399780206363,
        "client_016": 0.09764530551415797,
        "client_017": 0.09626604434072346,
        "client_018": 0.09448638755433539
    },
    "client_004": {
        "attacker_000": 0.16732156180054714,
        "client_000": 0.9783999999999999,
        "client_001": 0.9784057584644096,
        "client_002": 0.9783999999999999,
        "client_003": 0.9781449893390193,
        "client_004": 0.9780029329422744,
        "client_005": 0.05251141552511416,
        "client_006": 0.05786219081272085,
        "client_007": 0.05230839208551285,
        "client_008": 0.05084374315143546,
        "client_009": 0.051988447011775164,
        "client_010": 0.30686102035687357,
        "client_011": 0.3109460086960193,
        "client_012": 0.3035317362311682,
        "client_013": 0.3044639450591377,
        "client_014": 0.09375184725424131,
        "client_015": 0.09757299494887274,
        "client_016": 0.09503265624063754,
        "client_017": 0.09263059154599285,
        "client_018": 0.09177160600310505
    },
    "client_005": {
        "attacker_000": 0.6629478435051599,
        "client_000": 0.431708733221763,
        "client_001": 0.482093936693402,
        "client_002": 0.48783694937541094,
        "client_003": 0.4873762213915667,
        "client_004": 0.48660200558934746,
        "client_005": 0.9746478873239437,
        "client_006": 0.9774362159085028,
        "client_007": 0.9773694591508356,
        "client_008": 0.976723759332455,
        "client_009": 0.9769873935440448,
        "client_010": 0.6782535161118034,
        "client_011": 0.6775189322436652,
        "client_012": 0.6814368871870919,
        "client_013": 0.6782891367755438,
        "client_014": 0.10312529867150913,
        "client_015": 0.1029763613742942,
        "client_016": 0.03354672224703489,
        "client_017": 0.1063322525271791,
        "client_018": 0.10379565528765816
    },
    "client_006": {
        "attacker_000": 0.6623947923818242,
        "client_000": 0.42745838338767805,
        "client_001": 0.4768071189029452,
        "client_002": 0.4831416104720349,
        "client_003": 0.48246973844783797,
        "client_004": 0.4817716079986779,
        "client_005": 0.9740498305347857,
        "client_006": 0.9766068236574184,
        "client_007": 0.9763710012463648,
        "client_008": 0.9753954305799649,
        "client_009": 0.9762743472855366,
        "client_010": 0.6778627991814218,
        "client_011": 0.6774594714634687,
        "client_012": 0.6812174875484228,
        "client_013": 0.6780898126307356,
        "client_014": 0.1030660716856197,
        "client_015": 0.10404568795891923,
        "client_016": 0.03550825542072807,
        "client_017": 0.1068643865104042,
        "client_018": 0.10388614691647899
    },
    "client_007": {
        "attacker_000": 0.6641091435685069,
        "client_000": 0.43606814845163705,
        "client_001": 0.48544266191325014,
        "client_002": 0.48991411365954785,
        "client_003": 0.49054253401081793,
        "client_004": 0.490187699286677,
        "client_005": 0.9740852479306876,
        "client_006": 0.9763767330183565,
        "client_007": 0.9763612355332315,
        "client_008": 0.9756675945973812,
        "client_009": 0.9767898174683087,
        "client_010": 0.6792469624816413,
        "client_011": 0.678360495581509,
        "client_012": 0.6821190586880964,
        "client_013": 0.6796224567027291,
        "client_014": 0.09883748744199397,
        "client_015": 0.10050732267636643,
        "client_016": 0.03429307696119729,
        "client_017": 0.10098792535675083,
        "client_018": 0.09970842693943884
    },
    "client_008": {
        "attacker_000": 0.6660754105007095,