{
    "attacker_000": {
        "attacker_000": 0.9825509796081567,
        "client_000": 0.9529616724738676,
        "client_001": 0.9282782749108524,
        "client_002": 0.9430851152066089,
        "client_003": 0.9066822053505629,
        "client_004": 0.9696068768278692,
        "client_005": 0.09857172799952091,
        "client_006": 0.09868263473053893,
        "client_007": 0.09846964750980804,
        "client_008": 0.09847259658580412,
        "client_009": 0.09868263473053893,
        "client_010": 0.9820217908019208,
        "client_011": 0.9819921843847197,
        "client_012": 0.9820078476409224,
        "client_013": 0.9820235113968065,
        "client_014": 0.6868893288204867,
        "client_015": 0.7125688532799198,
        "client_016": 0.6953414113218719,
        "client_017": 0.6854756222297987,
        "client_018": 0.6907161803713529
    },
    "client_000": {
        "attacker_000": 0.31522431522431527,
        "client_000": 0.9769848835625765,
        "client_001": 0.9765858970868501,
        "client_002": 0.9763007354944158,
        "client_003": 0.977124183006536,
        "client_004": 0.9761872363586883,
        "client_005": 0.045572916666666664,
        "client_006": 0.056,
        "client_007": 0.04727272727272727,
        "client_008": 0.046273637374860954,
        "client_009": 0.04787357657448292,
        "client_010": 0.30159733636785097,
        "client_011": 0.3022873752053583,
        "client_012": 0.2998299249180736,
        "client_013": 0.29938639850008525,
        "client_014": 0.0987698131062219,
        "client_015": 0.10073858820680469,
        "client_016": 0.1001201923076923,
        "client_017": 0.09905800106641388,
        "client_018": 0.09616257947320617
    },
    "client_001": {
        "attacker_000": 0.32467355202693476,
        "client_000": 0.9786216969857919,
        "client_001": 0.9775891791539584,
        "client_002": 0.978232014865941,
        "client_003": 0.9784917684545936,
        "client_004": 0.9770648283176454,
        "client_005": 0.0399313009875483,
        "client_006": 0.05003291639236339,
        "client_007": 0.04035874439461884,
        "client_008": 0.03995609220636663,
        "client_009": 0.04083505391144758,
        "client_010": 0.3101937657961247,
        "client_011": 0.3106207361239788,
        "client_012": 0.3065283003266217,
        "client_013": 0.3087796985438134,
        "client_014": 0.0969933250635005,
        "client_015": 0.09934055296751164,
        "client_016": 0.09809689619979588,
        "client_017": 0.09703567836222708,
        "client_018": 0.09370043054611374
    },
    "client_002": {
        "attacker_000": 0.3178124017780971,
        "client_000": 0.9776528837147063,
        "client_001": 0.9772666488365873,
        "client_002": 0.9769930444087748,
        "client_003": 0.9773973518790959,
        "client_004": 0.9776767811789867,
        "client_005": 0.04793494543120051,
        "client_006": 0.05263157894736842,
        "client_007": 0.048278945015645953,
        "client_008": 0.04814004376367616,
        "client_009": 0.049292560474669095,
        "client_010": 0.30539772727272724,
        "client_011": 0.3063424417147155,
        "client_012": 0.30323455673831734,
        "client_013": 0.30313515338199926,
        "client_014": 0.09555423829282753,
        "client_015": 0.09713800630608779,
        "client_016": 0.09644639528591185,
        "client_017": 0.09574152164874979,
        "client_018": 0.09305508039685255
    },
    "client_003": {
        "attacker_000": 0.320599785790789,
        "client_000": 0.9777191825972315,
        "client_001": 0.9772038476742654,
        "client_002": 0.9769220625082421,
        "client_003": 0.9772038476742654,
        "client_004": 0.9769585253456221,
        "client_005": 0.04609854091774159,
        "client_006": 0.054859611231101515,
        "client_007": 0.04762954796030871,
        "client_008": 0.046280276816609,
        "client_009": 0.04736129905277401,
        "client_010": 0.30918397070450665,
        "client_011": 0.30942580350089394,
        "client_012": 0.3068423637256507,
        "client_013": 0.30623215185620695,
        "client_014": 0.09725258493353028,
        "client_015": 0.09869095735054594,
        "client_016": 0.09819771271181367,
        "client_017": 0.09755520037885515,
        "client_018": 0.09354473386183465
    },
    "client_004": {
        "attacker_000": 0.31765287325335845,
        "client_000": 0.9781275006668445,
        "client_001": 0.9777540961769017,
        "client_002": 0.9774636618215762,
        "client_003": 0.9780029329422744,
        "client_004": 0.9776179056754596,
        "client_005": 0.05018228608192152,
        "client_006": 0.056270447110141765,
        "client_007": 0.05120213713268032,
        "client_008": 0.051024858264282595,
        "client_009": 0.05247547342003194,
        "client_010": 0.30587152893944464,
        "client_011": 0.3064900330143341,
        "client_012": 0.3032992316857718,
        "client_013": 0.30387885453238017,
        "client_014": 0.09387439843146575,
        "client_015": 0.09622285749042028,
        "client_016": 0.09527255185721176,
        "client_017": 0.09391739078681109,
        "client_018": 0.09062446632891216
    },
    "client_005": {
        "attacker_000": 0.687724335965542,
        "client_000": 0.47115128955065144,
        "client_001": 0.4889106967615309,
        "client_002": 0.479249273063706,
        "client_003": 0.48846809068274133,
        "client_004": 0.508036089642014,
        "client_005": 0.9748902092482563,
        "client_006": 0.9728048529714167,
        "client_007": 0.9716547169326447,
        "client_008": 0.9754610735134577,
        "client_009": 0.9761187830962517,
        "client_010": 0.6793025695979282,
        "client_011": 0.6777721092207706,
        "client_012": 0.6824820748871382,
        "client_013": 0.6789741764718966,
        "client_014": 0.1006042006329721,
        "client_015": 0.02672250473626483,
        "client_016": 0.025632004824847968,
        "client_017": 0.1038092051809014,
        "client_018": 0.10118334690748815
    },
    "client_006": {
        "attacker_000": 0.6867703313627106,
        "client_000": 0.4648174791715462,
        "client_001": 0.48344850279697266,
        "client_002": 0.4726704148507935,
        "client_003": 0.4830564345991561,
        "client_004": 0.5007493321170261,
        "client_005": 0.973544153361236,
        "client_006": 0.9714594538950511,
        "client_007": 0.9703709424151157,
        "client_008": 0.9742185481787652,
        "client_009": 0.9753410419644016,
        "client_010": 0.6790010489432455,
        "client_011": 0.6781555659059152,
        "client_012": 0.6818997010959813,
        "client_013": 0.6787159308167712,
        "client_014": 0.10015408320493065,
        "client_015": 0.02778888444622151,
        "client_016": 0.028271039790733938,
        "client_017": 0.1044504124304623,
        "client_018": 0.10068275795749591
    },
    "client_007": {
        "attacker_000": 0.6879170490908639,
        "client_000": 0.47539621889224837,
        "client_001": 0.491723912332352,
        "client_002": 0.4822001123855485,
        "client_003": 0.490923389475064,
        "client_004": 0.5096592563828753,
        "client_005": 0.9741277122094522,
        "client_006": 0.9716073764395086,
        "client_007": 0.9703422443429627,
        "client_008": 0.9749297879467163,
        "client_009": 0.9754429592788312,
        "client_010": 0.679953577645851,
        "client_011": 0.6792904656319292,
        "client_012": 0.683245493600248,
        "client_013": 0.6800444938820912,
        "client_014": 0.09611599212636228,
        "client_015": 0.025610363726955652,
        "client_016": 0.02563329312424608,
        "client_017": 0.09958863484167224,
        "client_018": 0.09678192892427222
    },
    "client_008": {
        "attacker_000": 0.6904473104438448,
        "client_000": 0.46896689802455954,