{
    "attacker_000": {
        "attacker_000": 0.007374404670456291,
        "attacker_001": 0.008291110087517274,
        "attacker_002": 0.00828983727356463,
        "client_000": 0.33335122082103574,
        "client_001": 0.32989863449778,
        "client_002": 0.33299147144553604,
        "client_003": 0.33359028202333796,
        "client_004": 0.3330105965252004,
        "client_005": 0.07444616177228233,
        "client_006": 0.07179885951270087,
        "client_007": 0.06932635709614128,
        "client_008": 0.07219562685987838,
        "client_009": 0.0697310002611648,
        "client_010": 0.3335331057664747,
        "client_011": 0.3334549434512951,
        "client_012": 0.3249935957646657,
        "client_013": 0.3223460690230673,
        "client_014": 0.32205886774300235,
        "client_015": 0.2974391103453677,
        "client_016": 0.3246957766642806
    },
    "attacker_001": {
        "attacker_000": 0.007995079950799507,
        "attacker_001": 0.008913477793145842,
        "attacker_002": 0.008912108174554395,
        "client_000": 0.33431746202157925,
        "client_001": 0.33142089502113015,
        "client_002": 0.3342434646265308,
        "client_003": 0.3355236904413525,
        "client_004": 0.33421236747214894,
        "client_005": 0.07241555783009213,
        "client_006": 0.07124485596707819,
        "client_007": 0.06799013883482548,
        "client_008": 0.07111681643132221,
        "client_009": 0.06840264282938205,
        "client_010": 0.33328121742755895,
        "client_011": 0.33324646896336063,
        "client_012": 0.327307922229497,
        "client_013": 0.3244293056053544,
        "client_014": 0.32349575377943746,
        "client_015": 0.30413768713898387,
        "client_016": 0.3270425842664452
    },
    "attacker_002": {
        "attacker_000": 0.007990165949600492,
        "attacker_001": 0.009213759213759214,
        "attacker_002": 0.009515039901780233,
        "client_000": 0.3347168295621904,
        "client_001": 0.33178537458736646,
        "client_002": 0.3345024821929635,
        "client_003": 0.3361661443671323,
        "client_004": 0.3347837765243084,
        "client_005": 0.0694588969823101,
        "client_006": 0.06742453939631518,
        "client_007": 0.06539222148978246,
        "client_008": 0.06937923839332291,
        "client_009": 0.06585012511523772,
        "client_010": 0.33365462265871254,
        "client_011": 0.3336633147501693,
        "client_012": 0.32841612691528516,
        "client_013": 0.3246057631886053,
        "client_014": 0.32425092785371595,
        "client_015": 0.29901690916240664,
        "client_016": 0.3281842195934306
    },
    "client_000": {
        "attacker_000": 0.0046641791044776115,
        "attacker_001": 0.008837209302325582,
        "attacker_002": 0.05918524212144505,
        "client_000": 0.9689105163557719,
        "client_001": 0.9675668340344686,
        "client_002": 0.9649794801641586,
        "client_003": 0.9652625820568929,
        "client_004": 0.9694085656016315,
        "client_005": 0.1938325991189427,
        "client_006": 0.19800820152314003,
        "client_007": 0.1983503534956795,
        "client_008": 0.19781506047600467,
        "client_009": 0.20544051969143318,
        "client_010": 0.12371020856201975,
        "client_011": 0.11586794462193822,
        "client_012": 0.10710567412805831,
        "client_013": 0.106439320545114,
        "client_014": 0.10574830367430545,
        "client_015": 0.10704041720990874,
        "client_016": 0.10555306475373087
    },
    "client_001": {
        "attacker_000": 0.005037783375314861,
        "attacker_001": 0.009595613433858806,
        "attacker_002": 0.061368400991042495,
        "client_000": 0.969115521093442,
        "client_001": 0.9676567656765678,
        "client_002": 0.9671324018629408,
        "client_003": 0.9666179013166646,
        "client_004": 0.9706115965051628,
        "client_005": 0.20056657223796034,
        "client_006": 0.20398773006134968,
        "client_007": 0.20348725809542054,
        "client_008": 0.20444955887993863,
        "client_009": 0.2095689996045868,
        "client_010": 0.1277719694051615,
        "client_011": 0.12074502247912654,
        "client_012": 0.106489617913168,
        "client_013": 0.10568527262143457,
        "client_014": 0.10455592526234964,
        "client_015": 0.10598536330371144,
        "client_016": 0.10412926391382404
    },
    "client_002": {
        "attacker_000": 0.005070292694169164,
        "attacker_001": 0.009657392504023914,
        "attacker_002": 0.056316590563165896,
        "client_000": 0.9679470198675496,
        "client_001": 0.9679308050565535,
        "client_002": 0.9658877249529949,
        "client_003": 0.9647500335075727,
        "client_004": 0.9697373683508865,
        "client_005": 0.2097461552714471,
        "client_006": 0.21477272727272728,
        "client_007": 0.21502933939049784,
        "client_008": 0.21474480151228734,
        "client_009": 0.22226585509522878,
        "client_010": 0.12265441216696754,
        "client_011": 0.11609833465503569,
        "client_012": 0.10345500683193443,
        "client_013": 0.10283870967741936,
        "client_014": 0.10207866965142309,
        "client_015": 0.10383334421733166,
        "client_016": 0.10211785782839594
    },
    "client_003": {
        "attacker_000": 0.00227842333105491,
        "attacker_001": 0.005909090909090909,
        "attacker_002": 0.0573785861616351,
        "client_000": 0.9706498951781972,
        "client_001": 0.9690911482309614,
        "client_002": 0.9647027600849256,
        "client_003": 0.964318875182385,
        "client_004": 0.971022128556375,
        "client_005": 0.20977976857036207,
        "client_006": 0.21438057294631,
        "client_007": 0.21386514719848054,
        "client_008": 0.2147064411932358,
        "client_009": 0.22030913715515552,
        "client_010": 0.1291265288451131,
        "client_011": 0.12175282078194699,
        "client_012": 0.10446797520661158,
        "client_013": 0.10389444017422497,
        "client_014": 0.10273363000635727,
        "client_015": 0.10483348451470777,
        "client_016": 0.10319379055859523
    },
    "client_004": {
        "attacker_000": 0.005022831050228311,
        "attacker_001": 0.007746639325586694,
        "attacker_002": 0.05521936459909228,
        "client_000": 0.9702341579574019,
        "client_001": 0.9689077863406858,
        "client_002": 0.9652768467623006,
        "client_003": 0.9651754620948301,
        "client_004": 0.9705843205111141,
        "client_005": 0.21511410400299288,
        "client_006": 0.21779548472775567,
        "client_007": 0.2180851063829787,
        "client_008": 0.2182924510363187,
        "client_009": 0.22545740704308476,
        "client_010": 0.12570560138949197,
        "client_011": 0.11962025316455696,
        "client_012": 0.10248710751354526,
        "client_013": 0.10170369890522768,
        "client_014": 0.10108674683300109,
        "client_015": 0.10227496230249786,
        "client_016": 0.10045016077170418
    },
    "client_005": {
        "attacker_000": 0.015555784485422889,
        "attacker_001": 0.01552539584618548,
        "attacker_002": 0.06798103319191415,
        "client_000": 0.5153791819174213,
        "client_001": 0.5154068832422001,
        "client_002": 0.515664200707623,
        "client_003": 0.5150815042998331,
        "client_004": 0.5155023800334492,
        "client_005": 0.9660462262221313,
        "client_006": 0.9667443229820025,
        "client_007": 0.9662673473052357,
        "client_008": 0.9665309467107116,
        "client_009": 0.9664577768645983,
        "client_010": 0.6921908368375861,
        "client_011": 0.678993553008596,
        "client_012": 0.013359647791103688,
        "client_013": 0.011742673482816216,
        "client_014": 0.013443169757921867,
        "client_015": 0.010906681616635237,
        "client_016": 0.0227364185110664
    },