{
    "attacker_000": {
        "attacker_000": 0.014966401954795356,
        "attacker_001": 0.014950419527078564,
        "attacker_002": 0.01404151404151404,
        "client_000": 0.32538952366820006,
        "client_001": 0.32983799378606304,
        "client_002": 0.3328517924023542,
        "client_003": 0.33123356704645046,
        "client_004": 0.32890299543741325,
        "client_005": 0.08243226052665055,
        "client_006": 0.08220921354034105,
        "client_007": 0.08061420345489444,
        "client_008": 0.08177302254489874,
        "client_009": 0.08210096889342172,
        "client_010": 0.333559145388223,
        "client_011": 0.33360256376853126,
        "client_012": 0.2891830368434365,
        "client_013": 0.29357798165137616,
        "client_014": 0.29317005013561276,
        "client_015": 0.2861145158466118,
        "client_016": 0.286658549312924
    },
    "attacker_001": {
        "attacker_000": 0.01650366748166259,
        "attacker_001": 0.016791329568004883,
        "attacker_002": 0.01648854961832061,
        "client_000": 0.3290724352671255,
        "client_001": 0.33176385367620426,
        "client_002": 0.3344397451683709,
        "client_003": 0.33282971183693655,
        "client_004": 0.3308386215531715,
        "client_005": 0.08082087661515075,
        "client_006": 0.08058793715154586,
        "client_007": 0.07906444642176179,
        "client_008": 0.0803650652807707,
        "client_009": 0.07918781725888326,
        "client_010": 0.3333507034914018,
        "client_011": 0.3333507034914018,
        "client_012": 0.2980342422320863,
        "client_013": 0.3015384615384616,
        "client_014": 0.3004617414248021,
        "client_015": 0.2946267738675805,
        "client_016": 0.29559912854030507
    },
    "attacker_002": {
        "attacker_000": 0.014364303178484108,
        "attacker_001": 0.014957264957264956,
        "attacker_002": 0.014658726523133301,
        "client_000": 0.3259073693000507,
        "client_001": 0.33211871714277763,
        "client_002": 0.3356221111972001,
        "client_003": 0.3336346949398647,
        "client_004": 0.328928297382556,
        "client_005": 0.07811897725812668,
        "client_006": 0.0781491002570694,
        "client_007": 0.07665505226480834,
        "client_008": 0.07768488745980706,
        "client_009": 0.07748745012228087,
        "client_010": 0.3335330433197009,
        "client_011": 0.33354173179118474,
        "client_012": 0.2934907222623243,
        "client_013": 0.29626576539444394,
        "client_014": 0.2967555280016532,
        "client_015": 0.2889800962090119,
        "client_016": 0.2899413464063731
    },
    "client_000": {
        "attacker_000": 0.32893376315309286,
        "attacker_001": 0.36244292237442916,
        "attacker_002": 0.332210861446152,
        "client_000": 0.9767125153207136,
        "client_001": 0.9764529740029944,
        "client_002": 0.9759150904885018,
        "client_003": 0.9764529740029944,
        "client_004": 0.9765858970868501,
        "client_005": 0.13933933933933934,
        "client_006": 0.17955801104972377,
        "client_007": 0.15487651737128505,
        "client_008": 0.19391560353287537,
        "client_009": 0.10252135861637843,
        "client_010": 0.3034993270524899,
        "client_011": 0.3108727618718104,
        "client_012": 0.10464968959837831,
        "client_013": 0.1053570291101344,
        "client_014": 0.10521622826571556,
        "client_015": 0.10483717989250711,
        "client_016": 0.10357721550542191
    },
    "client_001": {
        "attacker_000": 0.33606607153701346,
        "attacker_001": 0.3699105973463926,
        "attacker_002": 0.3388671875,
        "client_000": 0.9780963759458383,
        "client_001": 0.9774535809018567,
        "client_002": 0.9778426429613905,
        "client_003": 0.9774535809018567,
        "client_004": 0.9778367617783675,
        "client_005": 0.1490780698313064,
        "client_006": 0.18848976438779452,
        "client_007": 0.16004911993450677,
        "client_008": 0.2020785219399538,
        "client_009": 0.10595213745142155,
        "client_010": 0.3108799597349216,
        "client_011": 0.31912870602472126,
        "client_012": 0.10390600190536678,
        "client_013": 0.10449000447084371,
        "client_014": 0.10416268247593549,
        "client_015": 0.10378378378378379,
        "client_016": 0.10215791443183235
    },
    "client_002": {
        "attacker_000": 0.3322074788902292,
        "attacker_001": 0.369579945799458,
        "attacker_002": 0.33584355641928826,
        "client_000": 0.9779205138498596,
        "client_001": 0.9779264214046823,
        "client_002": 0.9772666488365873,
        "client_003": 0.9770053475935828,
        "client_004": 0.9776648388391066,
        "client_005": 0.15402612595047768,
        "client_006": 0.20061255742725878,
        "client_007": 0.16697135892748324,
        "client_008": 0.21465467763535492,
        "client_009": 0.10986775178026449,
        "client_010": 0.3062695271818371,
        "client_011": 0.3141742745703142,
        "client_012": 0.10175727970563977,
        "client_013": 0.10220466420288009,
        "client_014": 0.10169491525423728,
        "client_015": 0.10119688430118422,
        "client_016": 0.1000934870676223
    },
    "client_003": {
        "attacker_000": 0.3310956605130664,
        "attacker_001": 0.3676898946896706,
        "attacker_002": 0.33351426331343104,
        "client_000": 0.9772038476742654,
        "client_001": 0.9773386034255601,
        "client_002": 0.9773326304691619,
        "client_003": 0.9773386034255601,
        "client_004": 0.977596204533474,
        "client_005": 0.1486249268578116,
        "client_006": 0.19391634980988592,
        "client_007": 0.1641398827572266,
        "client_008": 0.20786623598707962,
        "client_009": 0.10498687664041996,
        "client_010": 0.3100974497200913,
        "client_011": 0.31700877267694405,
        "client_012": 0.10269964130639986,
        "client_013": 0.10318414888902958,
        "client_014": 0.1023925257243861,
        "client_015": 0.10209605337697489,
        "client_016": 0.10135679325940153
    },
    "client_004": {
        "attacker_000": 0.330988477865373,
        "attacker_001": 0.36811347517730497,
        "attacker_002": 0.33371944156556727,
        "client_000": 0.9780087964814075,
        "client_001": 0.9778843591793233,
        "client_002": 0.9777540961769017,
        "client_003": 0.9774936742575576,
        "client_004": 0.9782695640581256,
        "client_005": 0.1580392156862745,
        "client_006": 0.20215219062259798,
        "client_007": 0.17002237136465326,
        "client_008": 0.21391604370327774,
        "client_009": 0.1133768352365416,
        "client_010": 0.30753190424555843,
        "client_011": 0.31513488013037705,
        "client_012": 0.10043279022403259,
        "client_013": 0.10105020491803278,
        "client_014": 0.10016609173374218,
        "client_015": 0.09966312845611137,
        "client_016": 0.09864797195793691
    },
    "client_005": {
        "attacker_000": 0.5191460521856998,
        "attacker_001": 0.6235929604460707,
        "attacker_002": 0.5121498161416278,
        "client_000": 0.48915369169492084,
        "client_001": 0.49177090190915074,
        "client_002": 0.49323505323505323,
        "client_003": 0.4902141074477867,
        "client_004": 0.49090311986863716,
        "client_005": 0.9756588627035956,
        "client_006": 0.9737112871694619,
        "client_007": 0.9742077350924849,
        "client_008": 0.9730605110277106,
        "client_009": 0.9731998043405503,
        "client_010": 0.6826803758198902,
        "client_011": 0.6805976806422837,
        "client_012": 0.10265977803291235,
        "client_013": 0.10303755082516143,
        "client_014": 0.026254055403044672,
        "client_015": 0.1046600458365164,
        "client_016": 0.10288774144195831
    },