{
    "client_0": {
        "client_0": 0.004724880214780569,
        "client_1": 0.004810384940356016,
        "client_2": 0.2475147843360901,
        "client_3": 0.16927677392959595,
        "client_4": 0.2073855996131897,
        "client_5": 1.0588493347167969,
        "client_6": 1.0709491968154907,
        "client_7": 1.663935899734497,
        "client_8": 9.977638244628906,
        "client_9": 10.14959716796875
    },
    "client_1": {
        "client_0": 0.004240330308675766,
        "client_1": 0.004376364406198263,
        "client_2": 0.2452157884836197,
        "client_3": 0.1654505431652069,
        "client_4": 0.20303305983543396,
        "client_5": 1.0438425540924072,
        "client_6": 1.05795419216156,
        "client_7": 1.6490556001663208,
        "client_8": 10.042192459106445,
        "client_9": 10.216965675354004
    },
    "client_2": {
        "client_0": 1.2585797309875488,
        "client_1": 1.3378708362579346,
        "client_2": 0.04482802748680115,
        "client_3": 0.04470272734761238,
        "client_4": 0.04481334611773491,
        "client_5": 2.532498359680176,
        "client_6": 2.399322271347046,
        "client_7": 2.358363151550293,
        "client_8": 1.8064545392990112,
        "client_9": 1.823311448097229
    },
    "client_3": {
        "client_0": 1.2773728370666504,
        "client_1": 1.3572721481323242,
        "client_2": 0.04385893791913986,
        "client_3": 0.04414927959442139,
        "client_4": 0.04379575327038765,
        "client_5": 2.5154988765716553,
        "client_6": 2.383159875869751,
        "client_7": 2.3463053703308105,
        "client_8": 1.8466624021530151,
        "client_9": 1.8639740943908691
    },
    "client_4": {
        "client_0": 1.2708959579467773,
        "client_1": 1.353159785270691,
        "client_2": 0.04035307094454765,
        "client_3": 0.04104191064834595,
        "client_4": 0.04027780517935753,
        "client_5": 2.5174691677093506,
        "client_6": 2.383908987045288,
        "client_7": 2.343480110168457,
        "client_8": 1.8471057415008545,
        "client_9": 1.8646589517593384
    },
    "client_5": {
        "client_0": 0.9041546583175659,
        "client_1": 0.6397818922996521,
        "client_2": 0.8613767027854919,
        "client_3": 0.8087254762649536,
        "client_4": 0.8421714901924133,
        "client_5": 0.01324237510561943,
        "client_6": 0.013388311490416527,
        "client_7": 0.013483368791639805,
        "client_8": 1.1125619411468506,
        "client_9": 1.135199785232544
    },
    "client_6": {
        "client_0": 0.8714312314987183,
        "client_1": 0.6198276877403259,
        "client_2": 0.8087216019630432,
        "client_3": 0.7587538957595825,
        "client_4": 0.7911729216575623,
        "client_5": 0.013038784265518188,
        "client_6": 0.012880858965218067,
        "client_7": 0.01324498187750578,
        "client_8": 1.0263241529464722,
        "client_9": 1.0446407794952393
    },
    "client_7": {
        "client_0": 0.8692830801010132,
        "client_1": 0.6201002597808838,
        "client_2": 0.8057100176811218,
        "client_3": 0.7555369138717651,
        "client_4": 0.787871241569519,
        "client_5": 0.012656151317059994,
        "client_6": 0.012547534890472889,
        "client_7": 0.012839796021580696,
        "client_8": 1.0183517932891846,
        "client_9": 1.037872314453125
    },
    "client_8": {
        "client_0": 1.7056776285171509,
        "client_1": 1.5026733875274658,
        "client_2": 1.7894641160964966,
        "client_3": 1.7008711099624634,
        "client_4": 1.8085551261901855,
        "client_5": 5.378950595855713,
        "client_6": 4.9559645652771,
        "client_7": 5.793708324432373,
        "client_8": 0.1321229785680771,
        "client_9": 0.1305897831916809
    },
    "client_9": {
        "client_0": 1.7044235467910767,
        "client_1": 1.499946117401123,
        "client_2": 1.7900747060775757,
        "client_3": 1.701238751411438,
        "client_4": 1.8082398176193237,
        "client_5": 5.412939548492432,
        "client_6": 4.987459182739258,
        "client_7": 5.830860614776611,
        "client_8": 0.13202625513076782,
        "client_9": 0.13025954365730286
    }
}