{
    "client_0": {
        "client_0": 0.00413335720077157,
        "client_1": 0.004211869090795517,
        "client_2": 0.23312997817993164,
        "client_3": 0.1808723658323288,
        "client_4": 0.11786888539791107,
        "client_5": 0.21839578449726105,
        "client_6": 0.2496015429496765,
        "client_7": 0.2594146430492401,
        "client_8": 14.23802661895752,
        "client_9": 14.180181503295898
    },
    "client_1": {
        "client_0": 0.003682386130094528,
        "client_1": 0.0036966458428651094,
        "client_2": 0.24031490087509155,
        "client_3": 0.1871355026960373,
        "client_4": 0.12027502804994583,
        "client_5": 0.22035229206085205,
        "client_6": 0.25278884172439575,
        "client_7": 0.26141512393951416,
        "client_8": 14.329082489013672,
        "client_9": 14.270660400390625
    },
    "client_2": {
        "client_0": 1.1575543880462646,
        "client_1": 1.3701725006103516,
        "client_2": 0.03928143531084061,
        "client_3": 0.03934279456734657,
        "client_4": 0.03914161026477814,
        "client_5": 2.870762586593628,
        "client_6": 2.635944366455078,
        "client_7": 2.514037847518921,
        "client_8": 2.533952474594116,
        "client_9": 2.540409803390503
    },
    "client_3": {
        "client_0": 1.17645263671875,
        "client_1": 1.3936131000518799,
        "client_2": 0.03838787227869034,
        "client_3": 0.038375694304704666,
        "client_4": 0.03833999112248421,
        "client_5": 2.86672306060791,
        "client_6": 2.6353559494018555,
        "client_7": 2.50994873046875,
        "client_8": 2.589232921600342,
        "client_9": 2.5959360599517822
    },
    "client_4": {
        "client_0": 1.1669872999191284,
        "client_1": 1.384521722793579,
        "client_2": 0.03555610403418541,
        "client_3": 0.0358382910490036,
        "client_4": 0.03575287014245987,
        "client_5": 2.867445468902588,
        "client_6": 2.633200168609619,
        "client_7": 2.5103416442871094,
        "client_8": 2.589268207550049,
        "client_9": 2.5959553718566895
    },
    "client_5": {
        "client_0": 0.9717502593994141,
        "client_1": 1.1328182220458984,
        "client_2": 0.858370304107666,
        "client_3": 0.809296190738678,
        "client_4": 0.817287802696228,
        "client_5": 0.012380027212202549,
        "client_6": 0.012415996752679348,
        "client_7": 0.012781580910086632,
        "client_8": 1.934626817703247,
        "client_9": 1.8863019943237305
    },
    "client_6": {
        "client_0": 0.9433850049972534,
        "client_1": 1.1152937412261963,
        "client_2": 0.802801251411438,
        "client_3": 0.756749153137207,
        "client_4": 0.763704776763916,
        "client_5": 0.01265315618366003,
        "client_6": 0.01270836777985096,
        "client_7": 0.013078384101390839,
        "client_8": 1.7901731729507446,
        "client_9": 1.7416309118270874
    },
    "client_7": {
        "client_0": 0.950063943862915,
        "client_1": 1.1186355352401733,
        "client_2": 0.802047848701477,
        "client_3": 0.7541058659553528,
        "client_4": 0.762161374092102,
        "client_5": 0.01230611838400364,
        "client_6": 0.012073637917637825,
        "client_7": 0.012710782699286938,
        "client_8": 1.7778124809265137,
        "client_9": 1.730993628501892
    },
    "client_8": {
        "client_0": 1.316681981086731,
        "client_1": 1.2868098020553589,
        "client_2": 1.8935271501541138,
        "client_3": 1.8682888746261597,
        "client_4": 1.8344181776046753,
        "client_5": 4.34818172454834,
        "client_6": 3.7672877311706543,
        "client_7": 4.505800724029541,
        "client_8": 0.11668659001588821,
        "client_9": 0.11653820425271988
    },
    "client_9": {
        "client_0": 1.315603494644165,
        "client_1": 1.281241536140442,
        "client_2": 1.8956189155578613,
        "client_3": 1.8707458972930908,
        "client_4": 1.8357077836990356,
        "client_5": 4.363532543182373,
        "client_6": 3.778602123260498,
        "client_7": 4.522854804992676,
        "client_8": 0.11680378019809723,
        "client_9": 0.11676102876663208
    }
}