{
    "attacker_000": {
        "attacker_000": 0.02095808383233533,
        "attacker_001": 0.02095808383233533,
        "client_000": 0.1845479581865024,
        "client_001": 0.18335288749837048,
        "client_002": 0.18442542627556022,
        "client_003": 0.18358398025140482,
        "client_004": 0.18320460793297552,
        "client_005": 0.07827868852459018,
        "client_006": 0.0785276073619632,
        "client_007": 0.0728207324908974,
        "client_008": 0.07818930041152264,
        "client_009": 0.07317073170731707,
        "client_010": 0.1826860243770776,
        "client_011": 0.1825516320559075,
        "client_012": 0.1825980740277817,
        "client_013": 0.17975506815194076,
        "client_014": 0.17887878471133412,
        "client_015": 0.1767964422251697,
        "client_016": 0.17455872369314326,
        "client_017": 0.17919821360036287
    },
    "attacker_001": {
        "attacker_000": 0.0222022202220222,
        "attacker_001": 0.022195560887822433,
        "client_000": 0.18424486890497094,
        "client_001": 0.18358531317494603,
        "client_002": 0.18451756685894075,
        "client_003": 0.1836728043017761,
        "client_004": 0.18359901396877568,
        "client_005": 0.08824725498169989,
        "client_006": 0.08821138211382114,
        "client_007": 0.08586609989373008,
        "client_008": 0.08713438330947024,
        "client_009": 0.08655070004242682,
        "client_010": 0.1824535484970737,
        "client_011": 0.1825464462246463,
        "client_012": 0.18260326117834214,
        "client_013": 0.17937157522369424,
        "client_014": 0.17839195979899494,
        "client_015": 0.17587900522335698,
        "client_016": 0.17504354845562306,
        "client_017": 0.1787811014816886
    },
    "client_000": {
        "attacker_000": 0.4878332751193387,
        "attacker_001": 0.42807017543859643,
        "client_000": 0.9737878582099687,
        "client_001": 0.9741917957076881,
        "client_002": 0.9734874235214139,
        "client_003": 0.9745889387144993,
        "client_004": 0.9732663862125118,
        "client_005": 0.046167247386759584,
        "client_006": 0.05950840879689521,
        "client_007": 0.057640750670241284,
        "client_008": 0.07022106631989596,
        "client_009": 0.050289274588340004,
        "client_010": 0.1306118627405084,
        "client_011": 0.12590336802872595,
        "client_012": 0.1294613583138173,
        "client_013": 0.10352560109629999,
        "client_014": 0.10368706719071683,
        "client_015": 0.10449360307556564,
        "client_016": 0.10706610224682514,
        "client_017": 0.10169907379009999
    },
    "client_001": {
        "attacker_000": 0.4931886400369429,
        "attacker_001": 0.4336632189895082,
        "client_000": 0.9748810153358012,
        "client_001": 0.9742165807219356,
        "client_002": 0.9755129053606884,
        "client_003": 0.9749834546657843,
        "client_004": 0.9745012551195666,
        "client_005": 0.0449582530507386,
        "client_006": 0.06376689189189189,
        "client_007": 0.05905511811023622,
        "client_008": 0.070958147439983,
        "client_009": 0.04888694893059799,
        "client_010": 0.13599436487438366,
        "client_011": 0.13032011640596583,
        "client_012": 0.13432905922690339,
        "client_013": 0.10252887917577272,
        "client_014": 0.10257371314342828,
        "client_015": 0.10325675334511489,
        "client_016": 0.10530431382770755,
        "client_017": 0.09967510574388523
    },
    "client_002": {
        "attacker_000": 0.490948921941658,
        "attacker_001": 0.4291877417435287,
        "client_000": 0.9743931715124033,
        "client_001": 0.9747494989979961,
        "client_002": 0.9744754777495657,
        "client_003": 0.9754207854662036,
        "client_004": 0.9738805970149255,
        "client_005": 0.05077452667814113,
        "client_006": 0.06535115637598132,
        "client_007": 0.06356861025865848,
        "client_008": 0.07877368533106238,
        "client_009": 0.052055993000874885,
        "client_010": 0.1307828353346365,
        "client_011": 0.1267815935930501,
        "client_012": 0.1302667721960985,
        "client_013": 0.1001808995072048,
        "client_014": 0.10048115978254077,
        "client_015": 0.10063051702395966,
        "client_016": 0.1032375503835652,
        "client_017": 0.09868057686406874
    },
    "client_003": {
        "attacker_000": 0.4993677434187838,
        "attacker_001": 0.43229666839033754,
        "client_000": 0.9747434885556433,
        "client_001": 0.9751413915559647,
        "client_002": 0.9747102212855637,
        "client_003": 0.9755198736509607,
        "client_004": 0.975006577216522,
        "client_005": 0.04996824052508998,
        "client_006": 0.06758448060075095,
        "client_007": 0.06308057895873839,
        "client_008": 0.07860445565363597,
        "client_009": 0.05392579810181192,
        "client_010": 0.13767243773724652,
        "client_011": 0.1328479618893533,
        "client_012": 0.13615565928733186,
        "client_013": 0.10114030738720872,
        "client_014": 0.101161995898838,
        "client_015": 0.1018159048215404,
        "client_016": 0.10413971539456664,
        "client_017": 0.09934783933686842
    },
    "client_004": {
        "attacker_000": 0.49867067391053055,
        "attacker_001": 0.4286349488661627,
        "client_000": 0.9751296714988694,
        "client_001": 0.9763234902899708,
        "client_002": 0.9759084253959804,
        "client_003": 0.9761555881177567,
        "client_004": 0.9754087465107006,
        "client_005": 0.054169332480272975,
        "client_006": 0.07160909856781802,
        "client_007": 0.06989364011287172,
        "client_008": 0.07808190112454913,
        "client_009": 0.05613577023498695,
        "client_010": 0.13450211029173043,
        "client_011": 0.1296854610088647,
        "client_012": 0.13369878286723033,
        "client_013": 0.09946202927561616,
        "client_014": 0.0995923486986516,
        "client_015": 0.09989870853380602,
        "client_016": 0.10166601075691985,
        "client_017": 0.09690328141353198
    },
    "client_005": {
        "attacker_000": 0.0972787447903898,
        "attacker_001": 0.12257908717701038,
        "client_000": 0.5187916880451514,
        "client_001": 0.5210602409638554,
        "client_002": 0.520581346851038,
        "client_003": 0.5211810012836969,
        "client_004": 0.5200719378251654,
        "client_005": 0.966928164897708,
        "client_006": 0.9673640595426877,
        "client_007": 0.967491111850014,
        "client_008": 0.9655278310940499,
        "client_009": 0.9689832986992997,
        "client_010": 0.6862533336272069,
        "client_011": 0.6911700166769068,
        "client_012": 0.6877520883383659,
        "client_013": 0.013149908962168723,
        "client_014": 0.013045456843808463,
        "client_015": 0.01295677700172082,
        "client_016": 0.011337179876505718,
        "client_017": 0.01163378856853819
    },
    "client_006": {
        "attacker_000": 0.09758013056496342,
        "attacker_001": 0.12319156142642862,
        "client_000": 0.5130667354106919,
        "client_001": 0.5167494997740916,
        "client_002": 0.516126953439665,
        "client_003": 0.5161934839354194,
        "client_004": 0.5148796075140404,
        "client_005": 0.9656481695271812,
        "client_006": 0.9661954517516902,
        "client_007": 0.9655578602340529,
        "client_008": 0.9643460888274167,
        "client_009": 0.967481763074078,
        "client_010": 0.6870787259350633,
        "client_011": 0.6906743374102456,
        "client_012": 0.6879739023099982,
        "client_013": 0.014492753623188406,
        "client_014": 0.014287161819839902,
        "client_015": 0.01399523350742863,
        "client_016": 0.01267555645692846,
        "client_017": 0.013473129716861671
    },
    "client_007": {
        "attacker_000": 0.09627557780067716,