{
    "attacker_000": {
        "attacker_000": 0.020939276099311996,
        "attacker_001": 0.020945541591861166,
        "client_000": 0.18378345275277116,
        "client_001": 0.18357110285974856,
        "client_002": 0.18343291866653605,
        "client_003": 0.18318013803931835,
        "client_004": 0.18313363451843123,
        "client_005": 0.07883391500718538,
        "client_006": 0.07885010266940452,
        "client_007": 0.07881773399014778,
        "client_008": 0.07852004110996916,
        "client_009": 0.07896360271437385,
        "client_010": 0.1826860243770776,
        "client_011": 0.18255681818181815,
        "client_012": 0.1825980740277817,
        "client_013": 0.17466195848764102,
        "client_014": 0.17683397683397684,
        "client_015": 0.1743522752013934,
        "client_016": 0.17266783313380607,
        "client_017": 0.1765843844308597
    },
    "attacker_001": {
        "attacker_000": 0.02217560683248427,
        "attacker_001": 0.02218890554722639,
        "client_000": 0.18369788630855602,
        "client_001": 0.1834940349730348,
        "client_002": 0.18343272822596499,
        "client_003": 0.1834597327555074,
        "client_004": 0.18348020518216496,
        "client_005": 0.0881812614819351,
        "client_006": 0.08780886256891976,
        "client_007": 0.08816326530612244,
        "client_008": 0.08784473953013279,
        "client_009": 0.08786268900694728,
        "client_010": 0.1824535484970737,
        "client_011": 0.1825464462246463,
        "client_012": 0.18255681818181815,
        "client_013": 0.17466833758264552,
        "client_014": 0.1760851129442603,
        "client_015": 0.17496071241487687,
        "client_016": 0.17235006006838555,
        "client_017": 0.17613856027217198
    },
    "client_000": {
        "attacker_000": 0.3863985570178368,
        "attacker_001": 0.3858057630736393,
        "client_000": 0.9759216433138348,
        "client_001": 0.9760544217687075,
        "client_002": 0.9756296800544588,
        "client_003": 0.976326530612245,
        "client_004": 0.9759019741320626,
        "client_005": 0.05595315549772284,
        "client_006": 0.05718085106382978,
        "client_007": 0.05203851669739808,
        "client_008": 0.06162843004948268,
        "client_009": 0.0479152269062428,
        "client_010": 0.16694749305523932,
        "client_011": 0.16559130081667645,
        "client_012": 0.16852688866340745,
        "client_013": 0.10231185440236103,
        "client_014": 0.10312345066931086,
        "client_015": 0.1023370233702337,
        "client_016": 0.10443436633912825,
        "client_017": 0.09846517119244391
    },
    "client_001": {
        "attacker_000": 0.3930195239368816,
        "attacker_001": 0.391725058391725,
        "client_000": 0.9768058316766071,
        "client_001": 0.9769353128313892,
        "client_002": 0.9773119278227411,
        "client_003": 0.9774535809018567,
        "client_004": 0.9777070063694268,
        "client_005": 0.05968876572159454,
        "client_006": 0.05985686402081978,
        "client_007": 0.05590187009853208,
        "client_008": 0.06518388020259855,
        "client_009": 0.04512635379061372,
        "client_010": 0.17076290543627226,
        "client_011": 0.16878779673255706,
        "client_012": 0.1727777777777778,
        "client_013": 0.10108568975035269,
        "client_014": 0.10166769610870909,
        "client_015": 0.10108702327580911,
        "client_016": 0.10340479192938207,
        "client_017": 0.09736547415571405
    },
    "client_002": {
        "attacker_000": 0.3856382978723404,
        "attacker_001": 0.3849628055260362,
        "client_000": 0.9759422614274259,
        "client_001": 0.9764642952661139,
        "client_002": 0.9755183946488294,
        "client_003": 0.9766074054270819,
        "client_004": 0.976040690670593,
        "client_005": 0.06271331058020478,
        "client_006": 0.06354733405875952,
        "client_007": 0.059538274605103275,
        "client_008": 0.06759443339960239,
        "client_009": 0.050374404356705246,
        "client_010": 0.16703655056841343,
        "client_011": 0.16501679731243002,
        "client_012": 0.16866034190384527,
        "client_013": 0.09867125984251969,
        "client_014": 0.09923286315268498,
        "client_015": 0.09851186815889805,
        "client_016": 0.10070582304008066,
        "client_017": 0.09537332860016566
    },
    "client_003": {
        "attacker_000": 0.3889697130009258,
        "attacker_001": 0.3885623720530938,
        "client_000": 0.976162254708284,
        "client_001": 0.9766829139770782,
        "client_002": 0.9760084365937253,
        "client_003": 0.9765666140073724,
        "client_004": 0.9763945667941449,
        "client_005": 0.06132374709240855,
        "client_006": 0.061598104673702345,
        "client_007": 0.05646776131357629,
        "client_008": 0.07035830618892508,
        "client_009": 0.04774654172244534,
        "client_010": 0.17115090434626115,
        "client_011": 0.16979366281919872,
        "client_012": 0.17266973270798233,
        "client_013": 0.09960281087687138,
        "client_014": 0.10021518598217032,
        "client_015": 0.09976769776256267,
        "client_016": 0.10164611629216999,
        "client_017": 0.09656715539068479
    },
    "client_004": {
        "attacker_000": 0.38768164244767367,
        "attacker_001": 0.3867013125458058,
        "client_000": 0.9764345626414592,
        "client_001": 0.9772333910264945,
        "client_002": 0.9770849986677324,
        "client_003": 0.9764471057884232,
        "client_004": 0.976942556310809,
        "client_005": 0.06845238095238096,
        "client_006": 0.06880138468195586,
        "client_007": 0.0646725949878739,
        "client_008": 0.0726000437349661,
        "client_009": 0.05250168274624187,
        "client_010": 0.16788916055419723,
        "client_011": 0.16610670608789144,
        "client_012": 0.16919122372165613,
        "client_013": 0.09809970384995063,
        "client_014": 0.09843400447427293,
        "client_015": 0.09791332263242376,
        "client_016": 0.09958243704922183,
        "client_017": 0.09466192170818505
    },
    "client_005": {
        "attacker_000": 0.1399675603472951,
        "attacker_001": 0.13015933960453063,
        "client_000": 0.521510209323231,
        "client_001": 0.5240048714825972,
        "client_002": 0.5219760843779053,
        "client_003": 0.5050629624821499,
        "client_004": 0.5208199460223623,
        "client_005": 0.9686513132557961,
        "client_006": 0.9703600965736887,
        "client_007": 0.9714461475367816,
        "client_008": 0.9701190628600692,
        "client_009": 0.9715288712217032,
        "client_010": 0.687557847415047,
        "client_011": 0.6903522070617186,
        "client_012": 0.6884233737596471,
        "client_013": 0.011449414863974872,
        "client_014": 0.013054698173354248,
        "client_015": 0.01295349896270809,
        "client_016": 0.011249049911325056,
        "client_017": 0.019047619047619046
    },
    "client_006": {
        "attacker_000": 0.14099990440684446,
        "attacker_001": 0.13117907289863434,
        "client_000": 0.5165994515244394,
        "client_001": 0.5194052905966402,
        "client_002": 0.517812278554403,
        "client_003": 0.5009612564762618,
        "client_004": 0.5160894684181648,
        "client_005": 0.966748895056018,
        "client_006": 0.9690562543406126,
        "client_007": 0.9707239540607054,
        "client_008": 0.9687524031683371,
        "client_009": 0.9706368899917287,
        "client_010": 0.688101477680636,
        "client_011": 0.6901934916446789,
        "client_012": 0.6885007278020377,
        "client_013": 0.013191273465246067,
        "client_014": 0.014496426580161184,
        "client_015": 0.014192305742815147,
        "client_016": 0.012888821231034657,
        "client_017": 0.019790982985813096
    },