{
    "attacker_000": {
        "attacker_000": 0.9467555174347639,
        "client_000": 0.9260764702906006,
        "client_001": 0.9268054432767447,
        "client_002": 0.9270764930713407,
        "client_003": 0.9238236985420966,
        "client_004": 0.9274728233433177,
        "client_005": 0.14793995528585116,
        "client_006": 0.1488268156424581,
        "client_007": 0.09367681498829039,
        "client_008": 0.1478808010476221,
        "client_009": 0.09314291368448828,
        "client_010": 0.9468214957279055,
        "client_011": 0.9467920171532245,
        "client_012": 0.9468058785689544,
        "client_013": 0.9467920171532245,
        "client_014": 0.741985045580252,
        "client_015": 0.7710627451761286,
        "client_016": 0.7465024268874658,
        "client_017": 0.6885245901639344,
        "client_018": 0.7870041763886982
    },
    "client_000": {
        "attacker_000": 0.3170302603800141,
        "client_000": 0.9761742682096665,
        "client_001": 0.9757954854500952,
        "client_002": 0.9752380952380952,
        "client_003": 0.9765922700054438,
        "client_004": 0.9755301794453508,
        "client_005": 0.050359712230215826,
        "client_006": 0.05114867793671434,
        "client_007": 0.06423357664233577,
        "client_008": 0.07676676450666065,
        "client_009": 0.07165109034267912,
        "client_010": 0.3035496744381433,
        "client_011": 0.30552291421856637,
        "client_012": 0.3040280795587498,
        "client_013": 0.3098688159135729,
        "client_014": 0.10088409834080174,
        "client_015": 0.10272873194221509,
        "client_016": 0.10254509513219669,
        "client_017": 0.10283798050052785,
        "client_018": 0.09827264239028945
    },
    "client_001": {
        "attacker_000": 0.325753569539926,
        "client_000": 0.9775772853920658,
        "client_001": 0.9764175940646529,
        "client_002": 0.9770648283176454,
        "client_003": 0.9773239623392123,
        "client_004": 0.9759004237288136,
        "client_005": 0.047556142668428,
        "client_006": 0.05273229853285138,
        "client_007": 0.059934318555008206,
        "client_008": 0.07096917276557994,
        "client_009": 0.06708778043999129,
        "client_010": 0.31151051946415825,
        "client_011": 0.3134228187919463,
        "client_012": 0.31156156156156156,
        "client_013": 0.318214975327183,
        "client_014": 0.09995764506565015,
        "client_015": 0.10188329731398581,
        "client_016": 0.10160493827160495,
        "client_017": 0.10117939168218497,
        "client_018": 0.0962063556614187
    },
    "client_002": {
        "attacker_000": 0.3201219512195122,
        "client_000": 0.9768623779590745,
        "client_001": 0.9769991976464295,
        "client_002": 0.9758053736131533,
        "client_003": 0.9769991976464295,
        "client_004": 0.9763527054108216,
        "client_005": 0.0514070463106581,
        "client_006": 0.05292360221937687,
        "client_007": 0.06813958290315919,
        "client_008": 0.07697441601779756,
        "client_009": 0.07326646314871348,
        "client_010": 0.3073205283113204,
        "client_011": 0.3084423701975164,
        "client_012": 0.30663463927772716,
        "client_013": 0.31345377258235924,
        "client_014": 0.09793345857826798,
        "client_015": 0.09953132708436112,
        "client_016": 0.09872277410995249,
        "client_017": 0.09937965260545904,
        "client_018": 0.09516572163441868
    },
    "client_003": {
        "attacker_000": 0.32227938951100354,
        "client_000": 0.975886151008038,
        "client_001": 0.9761685319289005,
        "client_002": 0.976162254708284,
        "client_003": 0.9762970766394522,
        "client_004": 0.9760400210637178,
        "client_005": 0.055398037077426396,
        "client_006": 0.05769635712781638,
        "client_007": 0.06981016533986528,
        "client_008": 0.08052516411378556,
        "client_009": 0.0771551724137931,
        "client_010": 0.3103777105186782,
        "client_011": 0.31194332822403575,
        "client_012": 0.31065638021370523,
        "client_013": 0.31615381368452156,
        "client_014": 0.0992693677918,
        "client_015": 0.10079184825977534,
        "client_016": 0.10032581299563534,
        "client_017": 0.10072740722475651,
        "client_018": 0.09642628111700577
    },
    "client_004": {
        "attacker_000": 0.32027569359623104,
        "client_000": 0.9766884241374716,
        "client_001": 0.9774936742575576,
        "client_002": 0.9771033013844516,
        "client_003": 0.9772212601571867,
        "client_004": 0.9765770561618313,
        "client_005": 0.05570175438596491,
        "client_006": 0.05798337241526327,
        "client_007": 0.06772661573404914,
        "client_008": 0.08197443807844866,
        "client_009": 0.07471763683753258,
        "client_010": 0.307621862381884,
        "client_011": 0.3093255620316403,
        "client_012": 0.3076731955774566,
        "client_013": 0.31428085395934335,
        "client_014": 0.09738283627510651,
        "client_015": 0.09902708062217265,
        "client_016": 0.09830991147155328,
        "client_017": 0.09813200498132003,
        "client_018": 0.09328423636682448
    },
    "client_005": {
        "attacker_000": 0.6849039300333281,
        "client_000": 0.5117512042155626,
        "client_001": 0.5129033299958011,
        "client_002": 0.5149824210560268,
        "client_003": 0.5105737255028573,
        "client_004": 0.515946137491141,
        "client_005": 0.9734100450940756,
        "client_006": 0.9715537232671991,
        "client_007": 0.9695439319762948,
        "client_008": 0.9709599215969463,
        "client_009": 0.9682441806690304,
        "client_010": 0.6785881932181417,
        "client_011": 0.6835733851727489,
        "client_012": 0.684724590817479,
        "client_013": 0.6864436932930084,
        "client_014": 0.024998750062496872,
        "client_015": 0.026883869678193086,
        "client_016": 0.02197248399939525,
        "client_017": 0.026278976818545165,
        "client_018": 0.027060761895251882
    },
    "client_006": {
        "attacker_000": 0.6851139919535092,
        "client_000": 0.5047185161080378,
        "client_001": 0.5062731586816616,
        "client_002": 0.5089587120228513,
        "client_003": 0.5040639833539242,
        "client_004": 0.5094009336099585,
        "client_005": 0.971969402307792,
        "client_006": 0.9701253805273206,
        "client_007": 0.9685774727826222,
        "client_008": 0.9694214876033057,
        "client_009": 0.9671840012354258,
        "client_010": 0.6781812088034856,
        "client_011": 0.6842942345924452,
        "client_012": 0.6852409638554217,
        "client_013": 0.6861154931455107,
        "client_014": 0.027174730508899476,
        "client_015": 0.028468323977546114,
        "client_016": 0.02391523713420787,
        "client_017": 0.028260760635366037,
        "client_018": 0.02883748873535596
    },
    "client_007": {
        "attacker_000": 0.684930894127119,
        "client_000": 0.5138511326860842,
        "client_001": 0.515580553400569,
        "client_002": 0.5178680956838946,
        "client_003": 0.5130409489027504,
        "client_004": 0.518351286847707,
        "client_005": 0.9728640099240192,
        "client_006": 0.9709127382146441,
        "client_007": 0.9689533657432414,
        "client_008": 0.9697624745876117,
        "client_009": 0.9681672438117225,
        "client_010": 0.6788810438823845,
        "client_011": 0.6842430939226519,
        "client_012": 0.6850765108399584,
        "client_013": 0.6865373074614923,
        "client_014": 0.02341287708239532,
        "client_015": 0.025994801039792043,
        "client_016": 0.020669489816495263,
        "client_017": 0.025587206396801603,
        "client_018": 0.026367041198501875
    },
    "client_008": {
        "attacker_000": 0.6856069079683236,
        "client_000": 0.5098255399182826,