{
    "attacker_000": {
        "attacker_000": 0.9466807443579254,
        "client_000": 0.9275611234592848,
        "client_001": 0.9267618919283115,
        "client_002": 0.9282015065913372,
        "client_003": 0.9208891905650772,
        "client_004": 0.9280137309012586,
        "client_005": 0.14841305319624495,
        "client_006": 0.148353929175847,
        "client_007": 0.14841305319624495,
        "client_008": 0.14776248123422878,
        "client_009": 0.09198058701178645,
        "client_010": 0.9468214957279055,
        "client_011": 0.9467746457965661,
        "client_012": 0.9467920171532245,
        "client_013": 0.9467728899665165,
        "client_014": 0.6989066263134338,
        "client_015": 0.7359030882383238,
        "client_016": 0.7217863105175292,
        "client_017": 0.6755886321103712,
        "client_018": 0.746532310704961
    },
    "client_000": {
        "attacker_000": 0.3195560488346282,
        "client_000": 0.97578231292517,
        "client_001": 0.9764529740029944,
        "client_002": 0.9755102040816326,
        "client_003": 0.9749999999999999,
        "client_004": 0.9760609357997825,
        "client_005": 0.05012964563526361,
        "client_006": 0.05084015510555795,
        "client_007": 0.05982905982905984,
        "client_008": 0.06040709126723572,
        "client_009": 0.052849264705882346,
        "client_010": 0.30537579833354483,
        "client_011": 0.309986366734833,
        "client_012": 0.30115798180314307,
        "client_013": 0.312634570665748,
        "client_014": 0.10157106320789186,
        "client_015": 0.10320019846192013,
        "client_016": 0.10170945407756876,
        "client_017": 0.10255139955412433,
        "client_018": 0.09930674882976831
    },
    "client_001": {
        "attacker_000": 0.3280625388647064,
        "client_000": 0.9761463026769148,
        "client_001": 0.9777070063694268,
        "client_002": 0.9775832338506433,
        "client_003": 0.9759004237288136,
        "client_004": 0.9764113437582825,
        "client_005": 0.05178268251273344,
        "client_006": 0.05288766659614978,
        "client_007": 0.05713085486242386,
        "client_008": 0.05798969072164949,
        "client_009": 0.05435759209344115,
        "client_010": 0.31312576570487094,
        "client_011": 0.31851535836177475,
        "client_012": 0.308384221818782,
        "client_013": 0.3213547052740434,
        "client_014": 0.10057226348471936,
        "client_015": 0.1021952126999876,
        "client_016": 0.10091237523727879,
        "client_017": 0.10186904319841565,
        "client_018": 0.09781194559432288
    },
    "client_002": {
        "attacker_000": 0.32263736263736265,
        "client_000": 0.9760855043420175,
        "client_001": 0.9775280898876404,
        "client_002": 0.9764642952661139,
        "client_003": 0.9754404698344902,
        "client_004": 0.9767441860465116,
        "client_005": 0.05311629899336046,
        "client_006": 0.05351454661286897,
        "client_007": 0.06529064869418702,
        "client_008": 0.06659505907626208,
        "client_009": 0.054713995026000446,
        "client_010": 0.30898805782526717,
        "client_011": 0.3127749576988155,
        "client_012": 0.30372892480616975,
        "client_013": 0.31542564540217627,
        "client_014": 0.09839063643013898,
        "client_015": 0.09979545031922148,
        "client_016": 0.09821976672805402,
        "client_017": 0.09943041109460128,
        "client_018": 0.0961938127189597
    },
    "client_003": {
        "attacker_000": 0.32504579952891915,
        "client_000": 0.975898854207823,
        "client_001": 0.9765542676501581,
        "client_002": 0.976425655208745,
        "client_003": 0.9759115440305384,
        "client_004": 0.9761685319289005,
        "client_005": 0.05764780138859667,
        "client_006": 0.057490558120016785,
        "client_007": 0.06661115736885928,
        "client_008": 0.06778224952340606,
        "client_009": 0.06004002668445631,
        "client_010": 0.31216379633876823,
        "client_011": 0.31566133568400284,
        "client_012": 0.30756048798400587,
        "client_013": 0.318657570236027,
        "client_014": 0.09971492691211258,
        "client_015": 0.10098643649815044,
        "client_016": 0.09985943897818247,
        "client_017": 0.10056622353520435,
        "client_018": 0.09774302470232807
    },
    "client_004": {
        "attacker_000": 0.32276226083131737,
        "client_000": 0.9765645805592542,
        "client_001": 0.9774936742575576,
        "client_002": 0.9776238678742675,
        "client_003": 0.976317189994678,
        "client_004": 0.9770972037283622,
        "client_005": 0.05617021276595745,
        "client_006": 0.05808776764892941,
        "client_007": 0.06310475389145982,
        "client_008": 0.06387995712754556,
        "client_009": 0.05836139169472503,
        "client_010": 0.30968553459119497,
        "client_011": 0.31350346459354406,
        "client_012": 0.30428553886455734,
        "client_013": 0.3169366212231292,
        "client_014": 0.09784735812133073,
        "client_015": 0.09947089947089947,
        "client_016": 0.0978642210869699,
        "client_017": 0.09838509316770185,
        "client_018": 0.09475123343042265
    },
    "client_005": {
        "attacker_000": 0.6848137535816619,
        "client_000": 0.5115722782518749,
        "client_001": 0.5118458903002683,
        "client_002": 0.5133817594834544,
        "client_003": 0.5115436849253056,
        "client_004": 0.5133337638018984,
        "client_005": 0.97309670781893,
        "client_006": 0.9721220241162527,
        "client_007": 0.9722429066632431,
        "client_008": 0.973290708466536,
        "client_009": 0.9753246081423621,
        "client_010": 0.6792545694534554,
        "client_011": 0.6843306231861584,
        "client_012": 0.6837697491989835,
        "client_013": 0.6854876445553599,
        "client_014": 0.026172518855202033,
        "client_015": 0.026755852842809368,
        "client_016": 0.021930486394044563,
        "client_017": 0.02653896039110047,
        "client_018": 0.02703511572226656
    },
    "client_006": {
        "attacker_000": 0.6850890539693906,
        "client_000": 0.5048638448775092,
        "client_001": 0.5054473316205406,
        "client_002": 0.5071804535707323,
        "client_003": 0.5046223958333333,
        "client_004": 0.5066926575698506,
        "client_005": 0.9714917923120465,
        "client_006": 0.9712384244331519,
        "client_007": 0.9710673724240712,
        "client_008": 0.9715730279110562,
        "client_009": 0.9746563462683475,
        "client_010": 0.6786257493066118,
        "client_011": 0.6843375628335436,
        "client_012": 0.6843012463537523,
        "client_013": 0.6852107347901554,
        "client_014": 0.02813376051261514,
        "client_015": 0.028228228228228226,
        "client_016": 0.023774744371127792,
        "client_017": 0.028195770634404836,
        "client_018": 0.028601430071503574
    },
    "client_007": {
        "attacker_000": 0.6849480659025788,
        "client_000": 0.5139621420482122,
        "client_001": 0.5145241638092773,
        "client_002": 0.5161728115810903,
        "client_003": 0.5138083983552951,
        "client_004": 0.515770423991727,
        "client_005": 0.9722614251623002,
        "client_006": 0.9718972565757333,
        "client_007": 0.9717638618427795,
        "client_008": 0.9722679563696234,
        "client_009": 0.9749754914607089,
        "client_010": 0.6796099132146372,
        "client_011": 0.6844086259575786,
        "client_012": 0.6841698159075339,
        "client_013": 0.6858109612216732,
        "client_014": 0.025264629518673858,
        "client_015": 0.02594551441971859,
        "client_016": 0.020538635791593256,
        "client_017": 0.025713858573777844,
        "client_018": 0.026027124052652572
    },
    "client_008": {
        "attacker_000": 0.6855006603836941,