{
    "attacker_000": {
        "attacker_000": 0.9960669561386948,
        "client_000": 0.9071088749700517,
        "client_001": 0.9171257606834711,
        "client_002": 0.9332509064176038,
        "client_003": 0.8746873348599613,
        "client_004": 0.9588121200267306,
        "client_005": 0.07108631042639656,
        "client_006": 0.07096930729103482,
        "client_007": 0.07108631042639656,
        "client_008": 0.07108631042639656,
        "client_009": 0.07096930729103482,
        "client_010": 0.996114825009831,
        "client_011": 0.996114825009831,
        "client_012": 0.9960831196614809,
        "client_013": 0.996114825009831,
        "client_014": 0.6740280653324131,
        "client_015": 0.6737788934211902,
        "client_016": 0.6780240632233042,
        "client_017": 0.6756350267379678,
        "client_018": 0.6892916933633714
    },
    "client_000": {
        "attacker_000": 0.3187184551239851,
        "client_000": 0.977124183006536,
        "client_001": 0.976725193956717,
        "client_002": 0.9768392370572206,
        "client_003": 0.9771304111080861,
        "client_004": 0.9769974139104396,
        "client_005": 0.059256390395042595,
        "client_006": 0.1042540443379269,
        "client_007": 0.08181999600878068,
        "client_008": 0.1049536304003619,
        "client_009": 0.09958140559594623,
        "client_010": 0.3105245173415343,
        "client_011": 0.3129198966408269,
        "client_012": 0.31114915471859617,
        "client_013": 0.31267642332913537,
        "client_014": 0.10124885775205604,
        "client_015": 0.10124843945068664,
        "client_016": 0.10081220162440324,
        "client_017": 0.09939408776546911,
        "client_018": 0.09748335003241587
    },
    "client_001": {
        "attacker_000": 0.3278256284056952,
        "client_000": 0.978232014865941,
        "client_001": 0.9779665516325989,
        "client_002": 0.9786103361232895,
        "client_003": 0.9779782435659325,
        "client_004": 0.978232014865941,
        "client_005": 0.06304929308368361,
        "client_006": 0.10744617815524392,
        "client_007": 0.08103855232100707,
        "client_008": 0.10825199645075421,
        "client_009": 0.09880823401950162,
        "client_010": 0.3185742371142833,
        "client_011": 0.3213731240296705,
        "client_012": 0.31933204881181765,
        "client_013": 0.32203611050685227,
        "client_014": 0.09996959562176953,
        "client_015": 0.1010050564954117,
        "client_016": 0.10045888627061887,
        "client_017": 0.09917254060680354,
        "client_018": 0.09644670050761421
    },
    "client_002": {
        "attacker_000": 0.32109174670781,
        "client_000": 0.9777896708589777,
        "client_001": 0.9769991976464295,
        "client_002": 0.9773731423215959,
        "client_003": 0.9777956126270734,
        "client_004": 0.9775341000267451,
        "client_005": 0.0633587786259542,
        "client_006": 0.10462143559488692,
        "client_007": 0.08542319749216302,
        "client_008": 0.1094062708472315,
        "client_009": 0.10202746893394375,
        "client_010": 0.31322545115648565,
        "client_011": 0.3155826963317248,
        "client_012": 0.31394855250870196,
        "client_013": 0.31599793352850003,
        "client_014": 0.09770079892663291,
        "client_015": 0.09736612158282362,
        "client_016": 0.09672019344038688,
        "client_017": 0.09575251657255093,
        "client_018": 0.09350772326448481
    },
    "client_003": {
        "attacker_000": 0.32477746089361337,
        "client_000": 0.9778539414711311,
        "client_001": 0.9773326304691619,
        "client_002": 0.9771797915842237,
        "client_003": 0.9774614472123369,
        "client_004": 0.977596204533474,
        "client_005": 0.06560485400075844,
        "client_006": 0.10524264275969597,
        "client_007": 0.08432096366815621,
        "client_008": 0.10855767126285838,
        "client_009": 0.102947458351132,
        "client_010": 0.316484440706476,
        "client_011": 0.31854582432947753,
        "client_012": 0.3173612282773747,
        "client_013": 0.3188133202239986,
        "client_014": 0.09915151515151516,
        "client_015": 0.09945368760864166,
        "client_016": 0.09921541978130599,
        "client_017": 0.09808232563820693,
        "client_018": 0.09549602590521047
    },
    "client_004": {
        "attacker_000": 0.32251609535409775,
        "client_000": 0.9785361951739768,
        "client_001": 0.9780146568954032,
        "client_002": 0.9777244231025743,
        "client_003": 0.9778902503995739,
        "client_004": 0.9782695640581256,
        "client_005": 0.06974085365853658,
        "client_006": 0.10943322220043146,
        "client_007": 0.08972108445484689,
        "client_008": 0.11527377521613834,
        "client_009": 0.10765239948119325,
        "client_010": 0.31468294337063407,
        "client_011": 0.3169553132349797,
        "client_012": 0.31549870383749096,
        "client_013": 0.3168555790199543,
        "client_014": 0.09700305810397555,
        "client_015": 0.09805886036318097,
        "client_016": 0.09735778675784892,
        "client_017": 0.09641076155882534,
        "client_018": 0.09311118988538344
    },
    "client_005": {
        "attacker_000": 0.6775961152938031,
        "client_000": 0.4990556821882123,
        "client_001": 0.4897274908780119,
        "client_002": 0.4966943771682922,
        "client_003": 0.521331277306605,
        "client_004": 0.5037706410089715,
        "client_005": 0.977570818781529,
        "client_006": 0.9796150957080323,
        "client_007": 0.9782541161851507,
        "client_008": 0.9786032535488551,
        "client_009": 0.9791591062263466,
        "client_010": 0.6771324379613982,
        "client_011": 0.6766797013864202,
        "client_012": 0.6772312486089472,
        "client_013": 0.6777095021818506,
        "client_014": 0.026243576310931497,
        "client_015": 0.022358131140966513,
        "client_016": 0.024352201257861632,
        "client_017": 0.10299813513125806,
        "client_018": 0.028324938911883507
    },
    "client_006": {
        "attacker_000": 0.6773647142729785,
        "client_000": 0.4949802151803525,
        "client_001": 0.4839935247282698,
        "client_002": 0.4923754436703038,
        "client_003": 0.5180862724869431,
        "client_004": 0.49978786593126856,
        "client_005": 0.9766900369958348,
        "client_006": 0.9787763997716777,
        "client_007": 0.97734577501296,
        "client_008": 0.9775033083370093,
        "client_009": 0.9785677218474312,
        "client_010": 0.6769025367156208,
        "client_011": 0.676344396772114,
        "client_012": 0.6770464416972937,
        "client_013": 0.6775839404674376,
        "client_014": 0.027531661410622212,
        "client_015": 0.02393523407250968,
        "client_016": 0.026591458501208705,
        "client_017": 0.10299976001919846,
        "client_018": 0.029907476869217305
    },
    "client_007": {
        "attacker_000": 0.6779396693846634,
        "client_000": 0.5021667589847186,
        "client_001": 0.4917633906553119,
        "client_002": 0.4993617230205231,
        "client_003": 0.5253192991463962,
        "client_004": 0.5074365136065466,
        "client_005": 0.9769109718030079,
        "client_006": 0.9784693323683734,
        "client_007": 0.9768138394009812,
        "client_008": 0.9773514659496355,
        "client_009": 0.9785076942971679,
        "client_010": 0.6778462291217223,
        "client_011": 0.6770057990979181,
        "client_012": 0.6777834672841018,
        "client_013": 0.6782167193693494,
        "client_014": 0.02525202115979639,
        "client_015": 0.021274460612142495,
        "client_016": 0.023665659617321252,
        "client_017": 0.09877961234745154,
        "client_018": 0.02715248315447966
    },
    "client_008": {
        "attacker_000": 0.678554711009072,
        "client_000": 0.49782885500669294,