{
    "attacker_000": {
        "attacker_000": 0.9960353670432018,
        "client_000": 0.9472036384009491,
        "client_001": 0.8766790913566354,
        "client_002": 0.9649790327542379,
        "client_003": 0.8927934016045468,
        "client_004": 0.9534914188392506,
        "client_005": 0.08640712437571454,
        "client_006": 0.08548552164228523,
        "client_007": 0.08588883204429866,
        "client_008": 0.08640712437571454,
        "client_009": 0.08588883204429866,
        "client_010": 0.9961143360548712,
        "client_011": 0.9960831196614809,
        "client_012": 0.9961143360548712,
        "client_013": 0.9961144583051488,
        "client_014": 0.6804535524810154,
        "client_015": 0.7172994073744464,
        "client_016": 0.7155617670292277,
        "client_017": 0.679619333208388,
        "client_018": 0.693367946102973
    },
    "client_000": {
        "attacker_000": 0.3159646203695595,
        "client_000": 0.9755168661588683,
        "client_001": 0.9760217983651226,
        "client_002": 0.9750918742343814,
        "client_003": 0.9764593822288747,
        "client_004": 0.9760609357997825,
        "client_005": 0.06388642413487133,
        "client_006": 0.1200800533689126,
        "client_007": 0.10075675675675676,
        "client_008": 0.14392803598200898,
        "client_009": 0.09660107334525939,
        "client_010": 0.166986739826246,
        "client_011": 0.3088510638297872,
        "client_012": 0.16739886509244006,
        "client_013": 0.3102989748209154,
        "client_014": 0.09758342922899885,
        "client_015": 0.09853544229642648,
        "client_016": 0.09939723436945988,
        "client_017": 0.09965902973021476,
        "client_018": 0.09257651400043412
    },
    "client_001": {
        "attacker_000": 0.32479831638021744,
        "client_000": 0.9764175940646529,
        "client_001": 0.9783503785363263,
        "client_002": 0.9767935287097201,
        "client_003": 0.9775832338506433,
        "client_004": 0.9774535809018567,
        "client_005": 0.06641905178064235,
        "client_006": 0.11439842209072977,
        "client_007": 0.10057288351368555,
        "client_008": 0.1538784948496952,
        "client_009": 0.0992534036012297,
        "client_010": 0.1711274060494959,
        "client_011": 0.3172402058785997,
        "client_012": 0.17149935768030833,
        "client_013": 0.3185232882592831,
        "client_014": 0.09574651282934389,
        "client_015": 0.09683252639561338,
        "client_016": 0.09753508668475055,
        "client_017": 0.09763084084263292,
        "client_018": 0.0911444288642002
    },
    "client_002": {
        "attacker_000": 0.31923010230622506,
        "client_000": 0.9758053736131533,
        "client_001": 0.9766943477096169,
        "client_002": 0.9748663101604278,
        "client_003": 0.9766074054270819,
        "client_004": 0.9763400614891057,
        "client_005": 0.0664626147791867,
        "client_006": 0.11417322834645671,
        "client_007": 0.10175959296162816,
        "client_008": 0.15632858340318523,
        "client_009": 0.09784045835169679,
        "client_010": 0.16715875539404954,
        "client_011": 0.3118646927327175,
        "client_012": 0.16756781316734065,
        "client_013": 0.31388723530912493,
        "client_014": 0.09418282548476455,
        "client_015": 0.09537792917131614,
        "client_016": 0.09545239223117008,
        "client_017": 0.09640718562874251,
        "client_018": 0.08961879384414596
    },
    "client_003": {
        "attacker_000": 0.32226629872369783,
        "client_000": 0.976033710824335,
        "client_001": 0.9766521567075584,
        "client_002": 0.9757447930398102,
        "client_003": 0.9768115942028986,
        "client_004": 0.9766829139770782,
        "client_005": 0.0719207579672696,
        "client_006": 0.11736785329018339,
        "client_007": 0.10427135678391959,
        "client_008": 0.14991694352159468,
        "client_009": 0.10073497622135756,
        "client_010": 0.17144407270096754,
        "client_011": 0.3155510820332159,
        "client_012": 0.17191458559536738,
        "client_013": 0.3166342823350511,
        "client_014": 0.09505790620341704,
        "client_015": 0.09683078002572797,
        "client_016": 0.09734513274336283,
        "client_017": 0.0977910447761194,
        "client_018": 0.08974289580514208
    },
    "client_004": {
        "attacker_000": 0.32018742678641154,
        "client_000": 0.9759212451775975,
        "client_001": 0.976942556310809,
        "client_002": 0.9762919552477357,
        "client_003": 0.976440835884467,
        "client_004": 0.9770972037283622,
        "client_005": 0.0738488271068636,
        "client_006": 0.12282229965156795,
        "client_007": 0.10977411864048978,
        "client_008": 0.15777359280184136,
        "client_009": 0.1041119860017498,
        "client_010": 0.16793061168884243,
        "client_011": 0.3132570801502554,
        "client_012": 0.16853115052296497,
        "client_013": 0.3145579851952693,
        "client_014": 0.09294280442804428,
        "client_015": 0.0944770857814336,
        "client_016": 0.09441449979269088,
        "client_017": 0.09547859547859548,
        "client_018": 0.08797176215042085
    },
    "client_005": {
        "attacker_000": 0.6791381699521702,
        "client_000": 0.5400555976750063,
        "client_001": 0.5441953132412005,
        "client_002": 0.5349598144794943,
        "client_003": 0.5480781348456207,
        "client_004": 0.5324968952010956,
        "client_005": 0.9737331954498448,
        "client_006": 0.971418271706664,
        "client_007": 0.9713815535728061,
        "client_008": 0.9700092279298678,
        "client_009": 0.9727058701782526,
        "client_010": 0.6779426839595311,
        "client_011": 0.6838943369555616,
        "client_012": 0.6776944141416391,
        "client_013": 0.6846097706614769,
        "client_014": 0.02305794693651513,
        "client_015": 0.02245833123520822,
        "client_016": 0.022850815381518022,
        "client_017": 0.02276963377159841,
        "client_018": 0.023628776833743904
    },
    "client_006": {
        "attacker_000": 0.6787279720905269,
        "client_000": 0.5363919030395329,
        "client_001": 0.5394757744241461,
        "client_002": 0.5300504566647506,
        "client_003": 0.5445115587742323,
        "client_004": 0.5275449484931858,
        "client_005": 0.9717934796659686,
        "client_006": 0.9703971119133575,
        "client_007": 0.9700370675453047,
        "client_008": 0.9687355613737872,
        "client_009": 0.9712688305637521,
        "client_010": 0.6777611707230018,
        "client_011": 0.6843081816575367,
        "client_012": 0.6772576368619239,
        "client_013": 0.6848018400566172,
        "client_014": 0.024897938611965122,
        "client_015": 0.024502142677085958,
        "client_016": 0.02459553449926919,
        "client_017": 0.024411156503757504,
        "client_018": 0.025866841125257913
    },
    "client_007": {
        "attacker_000": 0.6791086475492277,
        "client_000": 0.5420158765299345,
        "client_001": 0.5466565445688619,
        "client_002": 0.5363199592732827,
        "client_003": 0.5503639056050914,
        "client_004": 0.5341658437131662,
        "client_005": 0.9727235227389915,
        "client_006": 0.9711496467565833,
        "client_007": 0.9705407276363357,
        "client_008": 0.9699342391443412,
        "client_009": 0.9724765909149533,
        "client_010": 0.6783046841905781,
        "client_011": 0.6845000110445981,
        "client_012": 0.6778755149760606,
        "client_013": 0.6850205652116227,
        "client_014": 0.021756647864625302,
        "client_015": 0.021061117549251777,
        "client_016": 0.021558454641615876,
        "client_017": 0.021274450494051224,
        "client_018": 0.023343562911908235
    },
    "client_008": {
        "attacker_000": 0.679684179919032,
        "client_000": 0.5397809987973923,