{
    "attacker_000": {
        "attacker_000": 0.9960512860851097,
        "client_000": 0.9093330146644588,
        "client_001": 0.9273124055732752,
        "client_002": 0.9563598353694388,
        "client_003": 0.8761325053216755,
        "client_004": 0.9462049852356522,
        "client_005": 0.07108631042639656,
        "client_006": 0.07096930729103482,
        "client_007": 0.07108631042639656,
        "client_008": 0.07108631042639656,
        "client_009": 0.0860616273471353,
        "client_010": 0.9960987887368256,
        "client_011": 0.9960831196614809,
        "client_012": 0.996114825009831,
        "client_013": 0.996114825009831,
        "client_014": 0.6736815681024204,
        "client_015": 0.6750104471374843,
        "client_016": 0.6775963122875079,
        "client_017": 0.6785066599962479,
        "client_018": 0.6784203396894863
    },
    "client_000": {
        "attacker_000": 0.3180323556490859,
        "client_000": 0.976858154097468,
        "client_001": 0.976858154097468,
        "client_002": 0.9755301794453508,
        "client_003": 0.9771304111080861,
        "client_004": 0.9769974139104396,
        "client_005": 0.0865818629462454,
        "client_006": 0.11096662332032943,
        "client_007": 0.0952943492813546,
        "client_008": 0.10445399050418269,
        "client_009": 0.07755851307939422,
        "client_010": 0.3076529960393509,
        "client_011": 0.3116793663093547,
        "client_012": 0.30652567721279017,
        "client_013": 0.312761461163583,
        "client_014": 0.1013841670713939,
        "client_015": 0.10175717871793302,
        "client_016": 0.10102729317366724,
        "client_017": 0.1008952334865715,
        "client_018": 0.0980688692415077
    },
    "client_001": {
        "attacker_000": 0.3270015354244352,
        "client_000": 0.9778485210240084,
        "client_001": 0.9777070063694268,
        "client_002": 0.9774475988325816,
        "client_003": 0.9782377919320594,
        "client_004": 0.9783676177836762,
        "client_005": 0.0871503850830969,
        "client_006": 0.11503100277955955,
        "client_007": 0.09725734292939117,
        "client_008": 0.10750777432252331,
        "client_009": 0.08043380027112518,
        "client_010": 0.315506882004517,
        "client_011": 0.3201517961102247,
        "client_012": 0.3144601136602821,
        "client_013": 0.32162757548270055,
        "client_014": 0.0999878655502973,
        "client_015": 0.10054430921656168,
        "client_016": 0.09994535187321635,
        "client_017": 0.09925738090925558,
        "client_018": 0.09637714816535067
    },
    "client_002": {
        "attacker_000": 0.32041657626383163,
        "client_000": 0.9773973518790959,
        "client_001": 0.9768685653162187,
        "client_002": 0.9754404698344902,
        "client_003": 0.9776648388391066,
        "client_004": 0.9777956126270734,
        "client_005": 0.09124087591240876,
        "client_006": 0.1116100064143682,
        "client_007": 0.09881346041626142,
        "client_008": 0.10876803551609324,
        "client_009": 0.08628868308109329,
        "client_010": 0.311278131993413,
        "client_011": 0.3148148148148148,
        "client_012": 0.3091319241373548,
        "client_013": 0.315879461423381,
        "client_014": 0.09758172317414024,
        "client_015": 0.09807162534435263,
        "client_016": 0.09734728644439035,
        "client_017": 0.09699097899134226,
        "client_018": 0.09478174487231929
    },
    "client_003": {
        "attacker_000": 0.3240141513504185,
        "client_000": 0.9772038476742654,
        "client_001": 0.9773386034255601,
        "client_002": 0.9769403083410199,
        "client_003": 0.9773326304691619,
        "client_004": 0.9772038476742654,
        "client_005": 0.0932475884244373,
        "client_006": 0.11235009467704607,
        "client_007": 0.09791827293754819,
        "client_008": 0.10795454545454546,
        "client_009": 0.08674485505642841,
        "client_010": 0.3142473343967761,
        "client_011": 0.31755582863680665,
        "client_012": 0.3131779079915223,
        "client_013": 0.31871766601645324,
        "client_014": 0.09902067464635472,
        "client_015": 0.0996467291996589,
        "client_016": 0.0989823116064938,
        "client_017": 0.09854234429586797,
        "client_018": 0.09583551141313817
    },
    "client_004": {
        "attacker_000": 0.3219838443498654,
        "client_000": 0.9777540961769017,
        "client_001": 0.9777540961769017,
        "client_002": 0.9763108863454883,
        "client_003": 0.9780146568954032,
        "client_004": 0.9780146568954032,
        "client_005": 0.09855189058728882,
        "client_006": 0.11772205694857626,
        "client_007": 0.10296109928391717,
        "client_008": 0.11420982735723771,
        "client_009": 0.08676106990334906,
        "client_010": 0.312330852503383,
        "client_011": 0.3158479757171562,
        "client_012": 0.31043703518007854,
        "client_013": 0.31725790577260476,
        "client_014": 0.09660717548882256,
        "client_015": 0.09745007680491552,
        "client_016": 0.09670142064508262,
        "client_017": 0.09614567526555388,
        "client_018": 0.09306122448979592
    },
    "client_005": {
        "attacker_000": 0.6780401864365201,
        "client_000": 0.5107755839463156,
        "client_001": 0.5217335555840491,
        "client_002": 0.5119937845974555,
        "client_003": 0.5199447140882646,
        "client_004": 0.49809104258443465,
        "client_005": 0.9751498243438728,
        "client_006": 0.9765079037623455,
        "client_007": 0.9760884160512316,
        "client_008": 0.9770117921472076,
        "client_009": 0.9785545730363302,
        "client_010": 0.6772522071741499,
        "client_011": 0.6765300455403755,
        "client_012": 0.6839444579350538,
        "client_013": 0.6773626471439061,
        "client_014": 0.024036054081121683,
        "client_015": 0.023226584887637625,
        "client_016": 0.0258395334807963,
        "client_017": 0.026445786138416246,
        "client_018": 0.023017388682279625
    },
    "client_006": {
        "attacker_000": 0.6777051302077522,
        "client_000": 0.5066269159726499,
        "client_001": 0.5171158986249316,
        "client_002": 0.507477243172952,
        "client_003": 0.5156083545856603,
        "client_004": 0.49367503441043453,
        "client_005": 0.9740132258731142,
        "client_006": 0.975293662062734,
        "client_007": 0.9741973809954284,
        "client_008": 0.9759186215486817,
        "client_009": 0.9772414687946023,
        "client_010": 0.6768737760370304,
        "client_011": 0.676194074633832,
        "client_012": 0.6845637583892616,
        "client_013": 0.6771621982720228,
        "client_014": 0.026019690576652602,
        "client_015": 0.024968537628995723,
        "client_016": 0.028275306902797344,
        "client_017": 0.02762209767814252,
        "client_018": 0.02466401570443449
    },
    "client_007": {
        "attacker_000": 0.6785037139479377,
        "client_000": 0.5130274755432149,
        "client_001": 0.5245985705586359,
        "client_002": 0.5145096515092629,
        "client_003": 0.5235541568992647,
        "client_004": 0.5009297015168813,
        "client_005": 0.9739072199469387,
        "client_006": 0.9754127874080551,
        "client_007": 0.9742467164563482,
        "client_008": 0.9760235884437317,
        "client_009": 0.9775812582421846,
        "client_010": 0.6777745645451916,
        "client_011": 0.6769886931603616,
        "client_012": 0.6849309020265796,
        "client_013": 0.6779442206245687,
        "client_014": 0.022557521680284725,
        "client_015": 0.02244250993810698,
        "client_016": 0.02593877243251395,
        "client_017": 0.025143427288600646,
        "client_018": 0.021735849056603772
    },
    "client_008": {
        "attacker_000": 0.6790297025283971,
        "client_000": 0.5090920856791561,