{
    "attacker_000": {
        "attacker_000": 0.995383785969405,
        "client_000": 0.9586067475309868,
        "client_001": 0.9581803143093465,
        "client_002": 0.9285495351292443,
        "client_003": 0.9576686304362216,
        "client_004": 0.9577315664962694,
        "client_005": 0.05939800979697465,
        "client_006": 0.05933822170189168,
        "client_007": 0.05933822170189168,
        "client_008": 0.05933822170189168,
        "client_009": 0.05927660361082013,
        "client_010": 0.9639047201519801,
        "client_011": 0.9638890692992143,
        "client_012": 0.963810822658419,
        "client_013": 0.963842119790229,
        "client_014": 0.8490234337267932,
        "client_015": 0.8542475868169058,
        "client_016": 0.8292980111626445,
        "client_017": 0.7724965961133803,
        "client_018": 0.8983838831082577
    },
    "client_000": {
        "attacker_000": 0.019256756756756758,
        "client_000": 0.9763007354944158,
        "client_001": 0.976313640076232,
        "client_002": 0.9758954105951246,
        "client_003": 0.9764593822288747,
        "client_004": 0.976313640076232,
        "client_005": 0.06136865342163355,
        "client_006": 0.06054054054054055,
        "client_007": 0.08399832003359933,
        "client_008": 0.08067004628609215,
        "client_009": 0.09862892525431224,
        "client_010": 0.1615786213609415,
        "client_011": 0.16607884280548238,
        "client_012": 0.16350607358210262,
        "client_013": 0.16511257675687968,
        "client_014": 0.10582145824014313,
        "client_015": 0.10572067753275807,
        "client_016": 0.10514939605848697,
        "client_017": 0.1071265268796133,
        "client_018": 0.101806640625
    },
    "client_001": {
        "attacker_000": 0.021181532351481052,
        "client_000": 0.978361874419222,
        "client_001": 0.9781196127834505,
        "client_002": 0.9781021897810218,
        "client_003": 0.9785088882992837,
        "client_004": 0.9778485210240084,
        "client_005": 0.0646830530401035,
        "client_006": 0.06519898391193904,
        "client_007": 0.0886415172129458,
        "client_008": 0.08401551055579493,
        "client_009": 0.09811973200778042,
        "client_010": 0.16487359985832556,
        "client_011": 0.1695687114920975,
        "client_012": 0.16669581948574425,
        "client_013": 0.1691256830601093,
        "client_014": 0.10495290574742103,
        "client_015": 0.10506061189147585,
        "client_016": 0.10425030268272478,
        "client_017": 0.10593164855309675,
        "client_018": 0.10020137914200282
    },
    "client_002": {
        "attacker_000": 0.020512820512820513,
        "client_000": 0.9771114977914603,
        "client_001": 0.9772605671482076,
        "client_002": 0.9765823631740935,
        "client_003": 0.9766136576239477,
        "client_004": 0.9767317464562716,
        "client_005": 0.06570131834882213,
        "client_006": 0.06558773424190802,
        "client_007": 0.08724553385957624,
        "client_008": 0.08752166377816291,
        "client_009": 0.099978265594436,
        "client_010": 0.161502181866267,
        "client_011": 0.16492100124267708,
        "client_012": 0.16235519554045816,
        "client_013": 0.16501083815028902,
        "client_014": 0.10235767682576193,
        "client_015": 0.10233450591621363,
        "client_016": 0.10164310278945357,
        "client_017": 0.10374526947670626,
        "client_018": 0.0984607867090154
    },
    "client_003": {
        "attacker_000": 0.021440536013400336,
        "client_000": 0.9773087071240105,
        "client_001": 0.9770750988142292,
        "client_002": 0.9762658227848101,
        "client_003": 0.9769524562096668,
        "client_004": 0.9766644693473963,
        "client_005": 0.07067894624116514,
        "client_006": 0.06944153942689814,
        "client_007": 0.08603465851172275,
        "client_008": 0.08893617021276595,
        "client_009": 0.0993576017130621,
        "client_010": 0.1658485273492286,
        "client_011": 0.17009808253070602,
        "client_012": 0.166969618280966,
        "client_013": 0.16953416288576434,
        "client_014": 0.10335195530726257,
        "client_015": 0.10348334604627513,
        "client_016": 0.10263207725809505,
        "client_017": 0.10478537154714043,
        "client_018": 0.09950912065935397
    },
    "client_004": {
        "attacker_000": 0.018126888217522657,
        "client_000": 0.977327287276607,
        "client_001": 0.9780205141867591,
        "client_002": 0.9773454157782515,
        "client_003": 0.9774996671548396,
        "client_004": 0.9780087964814075,
        "client_005": 0.07228400342172799,
        "client_006": 0.0724116027948338,
        "client_007": 0.09559126493613515,
        "client_008": 0.08600301010535369,
        "client_009": 0.1038793103448276,
        "client_010": 0.16171820098383693,
        "client_011": 0.16617920765753788,
        "client_012": 0.1631572092215517,
        "client_013": 0.16600397614314114,
        "client_014": 0.10125770020533882,
        "client_015": 0.10135525724195517,
        "client_016": 0.10061929387729042,
        "client_017": 0.10186400630086637,
        "client_018": 0.09775493974429558
    },
    "client_005": {
        "attacker_000": 0.019883756500458857,
        "client_000": 0.5120707461915828,
        "client_001": 0.5157931943060955,
        "client_002": 0.5153532040770392,
        "client_003": 0.5156581570317021,
        "client_004": 0.5150267069953022,
        "client_005": 0.9733295392813721,
        "client_006": 0.9740286615965648,
        "client_007": 0.9729590256992466,
        "client_008": 0.9746691480562448,
        "client_009": 0.9693914296002881,
        "client_010": 0.6813518005540166,
        "client_011": 0.6889055142366766,
        "client_012": 0.6923903273189661,
        "client_013": 0.6816841451788129,
        "client_014": 0.015463399939752988,
        "client_015": 0.09436950991215859,
        "client_016": 0.013158560655903638,
        "client_017": 0.09430690684905114,
        "client_018": 0.09467171838281137
    },
    "client_006": {
        "attacker_000": 0.018995098039215685,
        "client_000": 0.5056300094103904,
        "client_001": 0.5095998448509923,
        "client_002": 0.509680964540841,
        "client_003": 0.509440062071641,
        "client_004": 0.5088944951161136,
        "client_005": 0.9710737386804658,
        "client_006": 0.9729911522740208,
        "client_007": 0.971381383706227,
        "client_008": 0.9731323213777766,
        "client_009": 0.9685408299866131,
        "client_010": 0.6812134113890368,
        "client_011": 0.6891041162227604,
        "client_012": 0.6913905539819512,
        "client_013": 0.6816800159747953,
        "client_014": 0.016416557558666535,
        "client_015": 0.0937183628211927,
        "client_016": 0.015009380863039401,
        "client_017": 0.09351578743774479,
        "client_018": 0.09531144700105902
    },
    "client_007": {
        "attacker_000": 0.01826996682827252,
        "client_000": 0.5155085046638479,
        "client_001": 0.5183350488934637,
        "client_002": 0.518342128974128,
        "client_003": 0.5179249533371951,
        "client_004": 0.5180629789426234,
        "client_005": 0.971592228500658,
        "client_006": 0.9733536255062296,
        "client_007": 0.9722215070926551,
        "client_008": 0.973912146834399,
        "client_009": 0.969384350860985,
        "client_010": 0.6823482463530351,
        "client_011": 0.6894608220866999,
        "client_012": 0.6925255186038854,
        "client_013": 0.6825794715943122,
        "client_014": 0.014647604715324806,
        "client_015": 0.09056422569027611,
        "client_016": 0.012753681866491218,
        "client_017": 0.0907514450867052,
        "client_018": 0.09138468922486201
    },
    "client_008": {
        "attacker_000": 0.01834110354014038,
        "client_000": 0.5114804993208718,