{
    "attacker_000": {
        "attacker_000": 0.9953839415074632,
        "client_000": 0.9559771413382948,
        "client_001": 0.9592898075457948,
        "client_002": 0.8736156234854876,
        "client_003": 0.9194081211286993,
        "client_004": 0.9585418392709196,
        "client_005": 0.059517574936077136,
        "client_006": 0.05939800979697465,
        "client_007": 0.05939800979697465,
        "client_008": 0.05939800979697465,
        "client_009": 0.05939800979697465,
        "client_010": 0.9638577691183634,
        "client_011": 0.9638890692992143,
        "client_012": 0.963810822658419,
        "client_013": 0.9638264709702559,
        "client_014": 0.7010237268897473,
        "client_015": 0.7014967646353952,
        "client_016": 0.7157013017853673,
        "client_017": 0.7011200628807231,
        "client_018": 0.7009341714684826
    },
    "client_000": {
        "attacker_000": 0.09922712540513587,
        "client_000": 0.976718856364874,
        "client_001": 0.977124183006536,
        "client_002": 0.9768329245025893,
        "client_003": 0.9769911504424779,
        "client_004": 0.9772572518044396,
        "client_005": 0.06104207543056465,
        "client_006": 0.07106598984771573,
        "client_007": 0.06030150753768844,
        "client_008": 0.09536365633926609,
        "client_009": 0.07312851579402856,
        "client_010": 0.30604770017035776,
        "client_011": 0.3087975908797591,
        "client_012": 0.3043807281594215,
        "client_013": 0.3084739924216328,
        "client_014": 0.135034727830722,
        "client_015": 0.11467207572684246,
        "client_016": 0.1347022587268994,
        "client_017": 0.1137123745819398,
        "client_018": 0.12787011982991883
    },
    "client_001": {
        "attacker_000": 0.10295379335702906,
        "client_000": 0.9778720021200478,
        "client_001": 0.9779899230973217,
        "client_002": 0.979152834948878,
        "client_003": 0.9783790953707389,
        "client_004": 0.9788984737889848,
        "client_005": 0.0635329469843314,
        "client_006": 0.074012474012474,
        "client_007": 0.0633036597428289,
        "client_008": 0.09810671256454388,
        "client_009": 0.07840644204280568,
        "client_010": 0.31421637501596633,
        "client_011": 0.31723068974425217,
        "client_012": 0.31252100840336133,
        "client_013": 0.31726751949002885,
        "client_014": 0.13318266203890547,
        "client_015": 0.1129966605329517,
        "client_016": 0.1326797385620915,
        "client_017": 0.11308539944903583,
        "client_018": 0.12583853805227851
    },
    "client_002": {
        "attacker_000": 0.0966952264381885,
        "client_000": 0.9774154750768409,
        "client_001": 0.9775341000267451,
        "client_002": 0.9772483940042827,
        "client_003": 0.9771420933030344,
        "client_004": 0.9771420933030344,
        "client_005": 0.06549657534246575,
        "client_006": 0.07024879782563245,
        "client_007": 0.06366892160764027,
        "client_008": 0.08939753832865471,
        "client_009": 0.07721843003412969,
        "client_010": 0.30936708860759493,
        "client_011": 0.3122200895713372,
        "client_012": 0.3069418386491557,
        "client_013": 0.31208397337429594,
        "client_014": 0.13039974210186978,
        "client_015": 0.11009423089960002,
        "client_016": 0.12980219061631518,
        "client_017": 0.10975776652524975,
        "client_018": 0.12323076923076921
    },
    "client_003": {
        "attacker_000": 0.10045437799336854,
        "client_000": 0.9772278530999078,
        "client_001": 0.977350539899921,
        "client_002": 0.9770509100501188,
        "client_003": 0.9772218564845293,
        "client_004": 0.9774792572105888,
        "client_005": 0.06959473795883725,
        "client_006": 0.07462378890950318,
        "client_007": 0.06554787759131293,
        "client_008": 0.0934419202743249,
        "client_009": 0.0793617467982364,
        "client_010": 0.31258656146388547,
        "client_011": 0.3150440976933514,
        "client_012": 0.31110926602457656,
        "client_013": 0.3146458430590332,
        "client_014": 0.13175102930491642,
        "client_015": 0.11126077586206898,
        "client_016": 0.13191489361702127,
        "client_017": 0.11117915220793359,
        "client_018": 0.12480763311788241
    },
    "client_004": {
        "attacker_000": 0.09821976672805402,
        "client_000": 0.9778961384820241,
        "client_001": 0.9786837196909141,
        "client_002": 0.9781275006668445,
        "client_003": 0.978162450066578,
        "client_004": 0.9786780383795309,
        "client_005": 0.07188430455125479,
        "client_006": 0.07801418439716312,
        "client_007": 0.06943066851815116,
        "client_008": 0.1035668242372153,
        "client_009": 0.08197760405662373,
        "client_010": 0.3103710590820725,
        "client_011": 0.3132530120481927,
        "client_012": 0.30825688073394497,
        "client_013": 0.31264957264957266,
        "client_014": 0.12922125478069815,
        "client_015": 0.1089940585945503,
        "client_016": 0.12967870155680689,
        "client_017": 0.1088154269972452,
        "client_018": 0.12276055460352078
    },
    "client_005": {
        "attacker_000": 0.021591892855324132,
        "client_000": 0.5115605075030591,
        "client_001": 0.5115185101652866,
        "client_002": 0.5098178300822183,
        "client_003": 0.5105697344676463,
        "client_004": 0.5119587960727507,
        "client_005": 0.979293544457978,
        "client_006": 0.9793686174900212,
        "client_007": 0.9775624417038036,
        "client_008": 0.9793196502244479,
        "client_009": 0.9784620169504704,
        "client_010": 0.6657237152286658,
        "client_011": 0.6657974011959893,
        "client_012": 0.6798475042113662,
        "client_013": 0.6778958625760311,
        "client_014": 0.1003254834386368,
        "client_015": 0.09943643136880313,
        "client_016": 0.10529330342227101,
        "client_017": 0.09825233421115633,
        "client_018": 0.10239495195755055
    },
    "client_006": {
        "attacker_000": 0.021094466523998778,
        "client_000": 0.5053163900414938,
        "client_001": 0.5049961069296652,
        "client_002": 0.5032291565248433,
        "client_003": 0.5039416058394159,
        "client_004": 0.5058469113407404,
        "client_005": 0.978897915747398,
        "client_006": 0.9790271504957692,
        "client_007": 0.976090451740055,
        "client_008": 0.9779625779625779,
        "client_009": 0.9775933609958506,
        "client_010": 0.6667265258479427,
        "client_011": 0.6668165669829563,
        "client_012": 0.6800780730160139,
        "client_013": 0.6779638341992018,
        "client_014": 0.10182516810758886,
        "client_015": 0.10021577559338288,
        "client_016": 0.1062158797050091,
        "client_017": 0.09865384615384615,
        "client_018": 0.102433638938223
    },
    "client_007": {
        "attacker_000": 0.02017525983289179,
        "client_000": 0.5142267908355621,
        "client_001": 0.5141862264637606,
        "client_002": 0.512790735185006,
        "client_003": 0.5134272542635159,
        "client_004": 0.5150402576489532,
        "client_005": 0.9786859803414382,
        "client_006": 0.9786628733997155,
        "client_007": 0.9765758312218832,
        "client_008": 0.977965355635535,
        "client_009": 0.9776146409553843,
        "client_010": 0.6671455508664811,
        "client_011": 0.6669814714876777,
        "client_012": 0.6814171063716579,
        "client_013": 0.6791056421230968,
        "client_014": 0.0967340293075376,
        "client_015": 0.09588386973545986,
        "client_016": 0.10102649797087611,
        "client_017": 0.09414697282009492,
        "client_018": 0.09799511938370258
    },
    "client_008": {
        "attacker_000": 0.021077403182073975,
        "client_000": 0.5103662080992056,