{
    "attacker_000": {
        "attacker_000": 0.7484761176770349,
        "attacker_001": 0.1764914457938126,
        "client_000": 0.7036090774416557,
        "client_001": 0.7042639811442041,
        "client_002": 0.704905046352795,
        "client_003": 0.7036139410187666,
        "client_004": 0.709744503862151,
        "client_005": 0.16052880075542963,
        "client_006": 0.14899713467048709,
        "client_007": 0.14837065355907517,
        "client_008": 0.14908131708204475,
        "client_009": 0.14891971798953832,
        "client_010": 0.7492512186050153,
        "client_011": 0.7492169146436963,
        "client_012": 0.7492610355290202,
        "client_013": 0.5535458100087204,
        "client_014": 0.5486795874419131,
        "client_015": 0.5487618292060973,
        "client_016": 0.5470406046657006,
        "client_017": 0.5538833722467581
    },
    "attacker_001": {
        "attacker_000": 0.7484414820623408,
        "attacker_001": 0.18702171893661254,
        "client_000": 0.7035715820690248,
        "client_001": 0.7039357912356754,
        "client_002": 0.7049268156783748,
        "client_003": 0.7033783638667555,
        "client_004": 0.7095307886743558,
        "client_005": 0.17207574197591655,
        "client_006": 0.15866539734348792,
        "client_007": 0.15802603528824782,
        "client_008": 0.1585819203916946,
        "client_009": 0.15835298385633956,
        "client_010": 0.7493882025881478,
        "client_011": 0.7493539039862167,
        "client_012": 0.7493245624339245,
        "client_013": 0.5501211472361527,
        "client_014": 0.5450673027773045,
        "client_015": 0.5451654124662787,
        "client_016": 0.54310443001936,
        "client_017": 0.5488248737409361
    },
    "client_000": {
        "attacker_000": 0.24344959806262823,
        "attacker_001": 0.32289815447710185,
        "client_000": 0.9773030707610146,
        "client_001": 0.9767752269087027,
        "client_002": 0.9763779527559056,
        "client_003": 0.9770605494798613,
        "client_004": 0.9767752269087027,
        "client_005": 0.07897689028494503,
        "client_006": 0.089171974522293,
        "client_007": 0.08445873526259379,
        "client_008": 0.07783641160949868,
        "client_009": 0.08114357788522178,
        "client_010": 0.2875884142727309,
        "client_011": 0.28680384523714947,
        "client_012": 0.27899988442424006,
        "client_013": 0.09939058867877112,
        "client_014": 0.10075245504399949,
        "client_015": 0.0990173374225449,
        "client_016": 0.10083067092651757,
        "client_017": 0.09951624049758119
    },
    "client_001": {
        "attacker_000": 0.2469010706927416,
        "attacker_001": 0.323796548592189,
        "client_000": 0.9765708200212991,
        "client_001": 0.9770972037283623,
        "client_002": 0.9758955919563191,
        "client_003": 0.9759276499534513,
        "client_004": 0.9760127931769723,
        "client_005": 0.06867335562987736,
        "client_006": 0.07485226526592252,
        "client_007": 0.06903899424675049,
        "client_008": 0.06527929901423878,
        "client_009": 0.06833333333333333,
        "client_010": 0.28767285190875785,
        "client_011": 0.287149070778964,
        "client_012": 0.2788771283939255,
        "client_013": 0.10712043199799072,
        "client_014": 0.10838315735911462,
        "client_015": 0.10655021834061135,
        "client_016": 0.10799438990182327,
        "client_017": 0.10695924764890281
    },
    "client_002": {
        "attacker_000": 0.24476206490667565,
        "attacker_001": 0.3229492586042715,
        "client_000": 0.9767873723305478,
        "client_001": 0.9765283118949741,
        "client_002": 0.9758620689655173,
        "client_003": 0.9764050901378579,
        "client_004": 0.9763800424628449,
        "client_005": 0.07538020718536477,
        "client_006": 0.08362068965517241,
        "client_007": 0.07586933614330874,
        "client_008": 0.07264864864864864,
        "client_009": 0.07585492227979274,
        "client_010": 0.28887928664021684,
        "client_011": 0.2873372781065089,
        "client_012": 0.27963991572495694,
        "client_013": 0.10584218512898333,
        "client_014": 0.10785508175697339,
        "client_015": 0.10572687224669602,
        "client_016": 0.10706940874035989,
        "client_017": 0.10556257901390645
    },
    "client_003": {
        "attacker_000": 0.24515300952509628,
        "attacker_001": 0.3225689240132625,
        "client_000": 0.9766818547306353,
        "client_001": 0.9769436997319035,
        "client_002": 0.9760021450596595,
        "client_003": 0.9765509848586359,
        "client_004": 0.9758583690987126,
        "client_005": 0.06100022426553038,
        "client_006": 0.06414762741652022,
        "client_007": 0.06033182503770739,
        "client_008": 0.05800922874093605,
        "client_009": 0.0590966652596032,
        "client_010": 0.2868829891838741,
        "client_011": 0.2857255738611671,
        "client_012": 0.27815686575174425,
        "client_013": 0.09456982110120742,
        "client_014": 0.09565273064856906,
        "client_015": 0.09396984924623115,
        "client_016": 0.09574604806580132,
        "client_017": 0.09421571103814094
    },
    "client_004": {
        "attacker_000": 0.24258833085149586,
        "attacker_001": 0.3185551572355584,
        "client_000": 0.9777538088175812,
        "client_001": 0.9777538088175812,
        "client_002": 0.9774902277935031,
        "client_003": 0.9776340609000269,
        "client_004": 0.9770704073374696,
        "client_005": 0.07577807848443843,
        "client_006": 0.0846747519294377,
        "client_007": 0.07682347863616747,
        "client_008": 0.07335395492708793,
        "client_009": 0.0747504778084519,
        "client_010": 0.2859855227245757,
        "client_011": 0.2847950428979981,
        "client_012": 0.27666371579230975,
        "client_013": 0.09885260370697264,
        "client_014": 0.10038363171355498,
        "client_015": 0.09853762631017385,
        "client_016": 0.09980756895445797,
        "client_017": 0.0988962472406181
    },
    "client_005": {
        "attacker_000": 0.5739733510676198,
        "attacker_001": 0.5789123090831232,
        "client_000": 0.5142174286064469,
        "client_001": 0.5279231050006084,
        "client_002": 0.5310956953742691,
        "client_003": 0.5341779788838612,
        "client_004": 0.5327080181543117,
        "client_005": 0.977450551586723,
        "client_006": 0.9767689736198251,
        "client_007": 0.9735805274225907,
        "client_008": 0.9769732851284789,
        "client_009": 0.9754479418886199,
        "client_010": 0.7084669526467036,
        "client_011": 0.7072387624051373,
        "client_012": 0.7090610786899545,
        "client_013": 0.020461798385582878,
        "client_014": 0.020352654286250237,
        "client_015": 0.09199963921710112,
        "client_016": 0.01767748001880583,
        "client_017": 0.024352549992975227
    },
    "client_006": {
        "attacker_000": 0.5761595679158573,
        "attacker_001": 0.5819104534243976,
        "client_000": 0.5194091796875,
        "client_001": 0.534503631961259,
        "client_002": 0.5371631804207607,
        "client_003": 0.5411538692441616,
        "client_004": 0.5393806241911698,
        "client_005": 0.977372050111683,
        "client_006": 0.9767802232391468,
        "client_007": 0.9728699010378952,
        "client_008": 0.9765265046801495,
        "client_009": 0.9750399071252358,
        "client_010": 0.7101689988788773,
        "client_011": 0.708860759493671,
        "client_012": 0.7108461172183922,
        "client_013": 0.021639930375876183,
        "client_014": 0.021079377029125303,
        "client_015": 0.08767396527494446,
        "client_016": 0.017552137397376613,
        "client_017": 0.025365212081356565
    },
    "client_007": {
        "attacker_000": 0.5730470231323473,