{
  "r1": {
    "client_000": 0.20011056762829518,
    "client_003": 0.19991221341088228,
    "client_004": 0.2000430534980491,
    "client_002": 0.19970951604466083,
    "client_001": 0.2002246494181126,
    "client_016": 0.200639675048807,
    "client_012": 0.19967368143798994,
    "client_015": 0.19916866096806338,
    "client_014": 0.20012230797133893,
    "client_013": 0.2003956745738007,
    "client_006": 0.20007540381137678,
    "client_009": 0.200037726298426,
    "client_008": 0.1999748516173845,
    "client_005": 0.1999580902433496,
    "client_007": 0.19995392802946318,
    "client_010": 0.2599216993930708,
    "client_011": 0.2599150762702294,
    "attacker_000": 0.22242686090225797,
    "attacker_002": 0.24398730393291387,
    "attacker_001": 0.01374905950152802
  },
  "r2": {
    "client_002": 0.20024987615284748,
    "client_004": 0.20019098464473384,
    "client_003": 0.19970663170000572,
    "client_001": 0.19964283353631324,
    "client_000": 0.2002096739660997,
    "client_010": 0.24954890097215265,
    "client_011": 0.24954743153824957,
    "attacker_002": 0.06868882222194393,
    "attacker_001": 0.19265680531240822,
    "attacker_000": 0.2395580399552456,
    "client_014": 0.19976700196015545,
    "client_013": 0.20040541377243098,
    "client_016": 0.1994053241916063,
    "client_015": 0.20010076060941587,
    "client_012": 0.2003214994663914,
    "client_005": 0.1999974316768746,
    "client_007": 0.1999132022688539,
    "client_009": 0.20002851450313425,
    "client_008": 0.19990835975448665,
    "client_006": 0.20015249179665054
  },
  "r3": {
    "client_013": 0.1998565444394972,
    "client_012": 0.20030564252221886,
    "client_016": 0.199781504101751,
    "client_014": 0.20019039907984523,
    "client_015": 0.19986590985668762,
    "client_011": 0.3015003333661426,
    "client_010": 0.30149027466141287,
    "attacker_000": 0.29801795397019537,
    "attacker_001": 0.07488394898490824,
    "attacker_002": 0.02410748901734088,
    "client_006": 0.20001219213129218,
    "client_008": 0.19986613435266307,
    "client_009": 0.20004324517707647,
    "client_005": 0.2000285840225527,
    "client_007": 0.20004984431641565,
    "client_003": 0.2000727947994446,
    "client_002": 0.20020944657311024,
    "client_004": 0.19997717961426092,
    "client_000": 0.20013230720896066,
    "client_001": 0.1996082718042236
  },
  "r4": {
    "client_009": 0.19995245282365864,
    "client_008": 0.19980696827982997,
    "client_005": 0.19971431282297353,
    "client_007": 0.20022920506782982,
    "client_006": 0.20029706100570793,
    "client_010": 0.3208191483065391,
    "client_011": 0.32081678337971375,
    "attacker_002": 0.23322373050634115,
    "attacker_001": 0.02616720182861965,
    "attacker_000": 0.09897313597878636,
    "client_016": 0.19976156177400708,
    "client_014": 0.20029973232309645,
    "client_012": 0.19982555211428793,
    "client_015": 0.19989347846987884,
    "client_013": 0.20021967531872975,
    "client_003": 0.20009293608112844,
    "client_004": 0.20042065201042544,
    "client_002": 0.19972179927843972,
    "client_001": 0.19990205900923042,
    "client_000": 0.19986255362077596
  },
  "r5": {
    "client_001": 0.19977429718112327,
    "client_002": 0.2000149077721589,
    "client_000": 0.19997305128227172,
    "client_003": 0.20009043721077535,
    "client_004": 0.20014730655367075,
    "client_005": 0.20014237343035318,
    "client_008": 0.19979288427358444,
    "client_007": 0.1999852735720625,
    "client_009": 0.19969986550900265,
    "client_006": 0.20037960321499726,
    "client_016": 0.20010351853920688,
    "client_012": 0.20016687404570416,
    "client_014": 0.19966805024653972,
    "client_013": 0.200147884360226,
    "client_015": 0.19991367280832317,
    "client_011": 0.2672238904387204,
    "client_010": 0.2672150950841625,
    "attacker_002": 0.24518947727707038,
    "attacker_000": 0.2118621750302757,
    "attacker_001": 0.008509362169770935
  },
  "r6": {
    "client_005": 0.20001078112894433,
    "client_008": 0.1999265071524535,
    "client_007": 0.200067851451412,
    "client_009": 0.20027161772200205,
    "client_006": 0.1997232425451881,
    "client_010": 0.25509682573295517,
    "client_011": 0.2551039337839685,
    "attacker_000": 0.23892129081345628,
    "attacker_002": 0.24771228713266008,
    "attacker_001": 0.003165662536959894,
    "client_012": 0.20020349117150396,
    "client_014": 0.19998348089683077,
    "client_016": 0.20016991768375583,
    "client_013": 0.20006818858387837,
    "client_015": 0.199574921664031,
    "client_001": 0.1999003910496544,
    "client_002": 0.20000390348840447,
    "client_000": 0.19995689688621743,
    "client_003": 0.2000293091986293,
    "client_004": 0.2001094993770945
  },
  "r7": {
    "attacker_001": 0.03590446333084047,
    "attacker_000": 0.2372426682331366,
    "attacker_002": 0.24043768563277387,
    "client_011": 0.2432064195387497,
    "client_010": 0.24320876326449936,
    "client_006": 0.2002545563955998,
    "client_007": 0.19989342382043096,
    "client_008": 0.20034710939804853,
    "client_005": 0.19970620674550912,
    "client_009": 0.1997987036404116,
    "client_004": 0.20001846490258682,
    "client_003": 0.19998294730333427,
    "client_001": 0.19995296821770642,
    "client_002": 0.20001265339826205,
    "client_000": 0.2000329661781104,
    "client_013": 0.2001734546243149,
    "client_012": 0.20017553943422545,
    "client_014": 0.20013030353929706,
    "client_016": 0.20009466071774823,
    "client_015": 0.19942604168441436
  },
  "r8": {
    "client_006": 0.20017628435009086,
    "client_005": 0.19975330983108178,
    "client_009": 0.19976371681859242,
    "client_008": 0.20041970152609231,
    "client_007": 0.19988698747414257,
    "attacker_001": 0.17684927456210617,
    "attacker_002": 0.14123052774007847,
    "attacker_000": 0.19972942448946995,
    "client_010": 0.24109790082182747,
    "client_011": 0.24109287238651786,
    "client_014": 0.19974906009869714,
    "client_012": 0.2001761275204975,
    "client_016": 0.20010433381846637,
    "client_013": 0.20014331553146555,
    "client_015": 0.19982716303087353,
    "client_004": 0.2000565719295043,
    "client_003": 0.2000287266146456,
    "client_002": 0.19996021411005813,
    "client_001": 0.19998820428431782,
    "client_000": 0.19996628306147413
  },
  "r9": {
    "client_012": 0.20025377781470205,
    "client_014": 0.1997738585724505,
    "client_016": 0.20003423477932453,
    "client_013": 0.20025269202736784,
    "client_015": 0.19968543680615508,
    "client_010": 0.3255278172400102,
    "client_011": 0.3255257779952568,
    "attacker_000": 0.19238716721608118,
    "attacker_002": 0.07708354276828619,
    "attacker_001": 0.07947569478036566,
    "client_008": 0.19999991398285144,
    "client_009": 0.20000159860461314,
    "client_005": 0.1999669184510712,
    "client_006": 0.20017960029067633,
    "client_007": 0.1998519686707878,
    "client_000": 0.19995950244455898,
    "client_003": 0.19997536098481364,
    "client_004": 0.20008690412713614,
    "client_002": 0.19992043019940087,
    "client_001": 0.2000578022440904
  },
  "r10": {
    "client_000": 0.1999926234839182,
    "client_004": 0.19999672496546378,
    "client_003": 0.1999844501157886,
    "client_001": 0.2000417540525167,
    "client_002": 0.19998444738231272,
    "client_010": 0.2514353956885805,
    "client_011": 0.2514289385410625,
    "attacker_000": 0.24764539029867813,
    "attacker_002": 0.01599324705156416,
    "attacker_001": 0.23349702842011466,
    "client_008": 0.1999778719704925,
    "client_005": 0.20012116883033987,
    "client_009": 0.20011298345524994,
    "client_006": 0.19994514700879404,
    "client_007": 0.19984282873512357,
    "client_014": 0.1998964553539367,
    "client_012": 0.20011200057723097,
    "client_013": 0.20000244502937092,
    "client_016": 0.2003824000369093,
    "client_015": 0.19960669900255218
  }
}