{
    "attacker_000": {
        "attacker_000": 0.6585704817087511,
        "attacker_001": 0.6280768693871853,
        "attacker_002": 0.05435490555983184,
        "client_000": 0.6579912961856813,
        "client_001": 0.6581970882271438,
        "client_002": 0.6576536169667457,
        "client_003": 0.6601933514246947,
        "client_004": 0.6570133036745518,
        "client_005": 0.16095333088351094,
        "client_006": 0.16023957129347485,
        "client_007": 0.13800161594398058,
        "client_008": 0.16023115313895459,
        "client_009": 0.13707937877480586,
        "client_010": 0.6662909857449961,
        "client_011": 0.6662909857449961,
        "client_012": 0.5032434277910549,
        "client_013": 0.5109471170040113,
        "client_014": 0.5039101290963257,
        "client_015": 0.5031231548525436,
        "client_016": 0.5034136047666335
    },
    "attacker_001": {
        "attacker_000": 0.6575898773137263,
        "attacker_001": 0.6267608907899018,
        "attacker_002": 0.04822560578233308,
        "client_000": 0.6591384536566622,
        "client_001": 0.6593129933859613,
        "client_002": 0.6584443066926021,
        "client_003": 0.6611068669892199,
        "client_004": 0.6586739172322251,
        "client_005": 0.1645483550394895,
        "client_006": 0.16358783819142814,
        "client_007": 0.1447721179624665,
        "client_008": 0.16359639941385806,
        "client_009": 0.14311039484286867,
        "client_010": 0.6659013108457877,
        "client_011": 0.6658734631682217,
        "client_012": 0.5051773997947697,
        "client_013": 0.5113838600797791,
        "client_014": 0.505855673946134,
        "client_015": 0.5046536964980545,
        "client_016": 0.505300463207635
    },
    "attacker_002": {
        "attacker_000": 0.658659301603614,
        "attacker_001": 0.6276772159289968,
        "attacker_002": 0.04977724977724978,
        "client_000": 0.6586155484558041,
        "client_001": 0.6590193240827446,
        "client_002": 0.658379000788963,
        "client_003": 0.6612585516700908,
        "client_004": 0.6577688562398564,
        "client_005": 0.15998739429591893,
        "client_006": 0.15955434097120033,
        "client_007": 0.13855421686746988,
        "client_008": 0.15957111321349732,
        "client_009": 0.13695382791875435,
        "client_010": 0.6661658841940532,
        "client_011": 0.666138051915533,
        "client_012": 0.5030935566527093,
        "client_013": 0.5092888779527559,
        "client_014": 0.5026694558056761,
        "client_015": 0.5023924941360437,
        "client_016": 0.5031395457811377
    },
    "client_000": {
        "attacker_000": 0.21392871038218658,
        "attacker_001": 0.3194456861868574,
        "attacker_002": 0.2239230934084438,
        "client_000": 0.976731528099061,
        "client_001": 0.976725193956717,
        "client_002": 0.9764337283748807,
        "client_003": 0.9765986394557823,
        "client_004": 0.9765795206971678,
        "client_005": 0.062963795817405,
        "client_006": 0.09616634178037688,
        "client_007": 0.09094809094809095,
        "client_008": 0.08349472778136431,
        "client_009": 0.05572893446277307,
        "client_010": 0.29792289729198246,
        "client_011": 0.30246297220835416,
        "client_012": 0.2900797165633303,
        "client_013": 0.29474039869354657,
        "client_014": 0.10406585810343744,
        "client_015": 0.28783464350502996,
        "client_016": 0.287755550670477
    },
    "client_001": {
        "attacker_000": 0.21822620500759177,
        "attacker_001": 0.326426948268948,
        "attacker_002": 0.22858188918721015,
        "client_000": 0.9778367617783675,
        "client_001": 0.9779665516325989,
        "client_002": 0.9783561280042491,
        "client_003": 0.9778485210240084,
        "client_004": 0.978232014865941,
        "client_005": 0.06650517507157014,
        "client_006": 0.09438775510204082,
        "client_007": 0.08602601762484265,
        "client_008": 0.08091506036856598,
        "client_009": 0.05655862519034152,
        "client_010": 0.30513187487221427,
        "client_011": 0.3093322272915803,
        "client_012": 0.2951183022108938,
        "client_013": 0.29996056115837516,
        "client_014": 0.10316810480569377,
        "client_015": 0.29239637661268186,
        "client_016": 0.2924580085629597
    },
    "client_002": {
        "attacker_000": 0.21949617956064948,
        "attacker_001": 0.3227063407722281,
        "attacker_002": 0.22862555766057568,
        "client_000": 0.9771298649190853,
        "client_001": 0.9776528837147063,
        "client_002": 0.9773670818267042,
        "client_003": 0.9774033961759593,
        "client_004": 0.9773791995716772,
        "client_005": 0.06492932862190812,
        "client_006": 0.09065400388517159,
        "client_007": 0.0872526069376463,
        "client_008": 0.0825531914893617,
        "client_009": 0.055750658472344165,
        "client_010": 0.300967715703017,
        "client_011": 0.3051798086440119,
        "client_012": 0.29291703442188877,
        "client_013": 0.29759766502020657,
        "client_014": 0.10055304172951232,
        "client_015": 0.2899978113372729,
        "client_016": 0.2899058462885921
    },
    "client_003": {
        "attacker_000": 0.22044195604264696,
        "attacker_001": 0.32496488764044945,
        "attacker_002": 0.23139538428706444,
        "client_000": 0.9770750988142292,
        "client_001": 0.9773326304691619,
        "client_002": 0.9767871274070166,
        "client_003": 0.9770811380400423,
        "client_004": 0.9769220625082421,
        "client_005": 0.06665214550206927,
        "client_006": 0.09276829011174362,
        "client_007": 0.08757297748123435,
        "client_008": 0.08071562304971916,
        "client_009": 0.06025392726490209,
        "client_010": 0.3050161812297735,
        "client_011": 0.3093020393090148,
        "client_012": 0.2930258099945085,
        "client_013": 0.2978247497623442,
        "client_014": 0.101625,
        "client_015": 0.29030501089324623,
        "client_016": 0.29062909567496725
    },
    "client_004": {
        "attacker_000": 0.21747804079202027,
        "attacker_001": 0.3214395977594496,
        "attacker_002": 0.22786505906710508,
        "client_000": 0.9777540961769017,
        "client_001": 0.9780087964814075,
        "client_002": 0.9774636618215762,
        "client_003": 0.9774936742575576,
        "client_004": 0.9775999999999999,
        "client_005": 0.06774475524475525,
        "client_006": 0.09735449735449735,
        "client_007": 0.09165440403615724,
        "client_008": 0.08668209551861981,
        "client_009": 0.060962333986501194,
        "client_010": 0.3014254964870243,
        "client_011": 0.30619483626165145,
        "client_012": 0.29246119733924614,
        "client_013": 0.2975169300225734,
        "client_014": 0.09964099011148202,
        "client_015": 0.2893565580526402,
        "client_016": 0.29018053720827824
    },
    "client_005": {
        "attacker_000": 0.684141254154862,
        "attacker_001": 0.5939820050149959,
        "attacker_002": 0.5972322329537264,
        "client_000": 0.4908858853945086,
        "client_001": 0.4923630417007358,
        "client_002": 0.493911794470016,
        "client_003": 0.4911097285438293,
        "client_004": 0.4919299394336226,
        "client_005": 0.979023883696781,
        "client_006": 0.9781966958413175,
        "client_007": 0.9778684502750302,
        "client_008": 0.9784474933215758,
        "client_009": 0.9788292607084553,
        "client_010": 0.6946559888275471,
        "client_011": 0.6928273744242158,
        "client_012": 0.10249294224604047,
        "client_013": 0.10331962116138908,
        "client_014": 0.10261319038958552,
        "client_015": 0.10941960038058991,
        "client_016": 0.10291234278609346
    },
    "client_006": {
        "attacker_000": 0.6823954016842668,