{
    "attacker_000": {
        "attacker_000": 0.6656903765690376,
        "attacker_001": 0.003982824071192981,
        "attacker_002": 0.663855802677348,
        "client_000": 0.6586586586586586,
        "client_001": 0.6593990394831909,
        "client_002": 0.659337855365838,
        "client_003": 0.6599792165927937,
        "client_004": 0.6593962585034013,
        "client_005": 0.16011767177978567,
        "client_006": 0.15918775316955128,
        "client_007": 0.13609115947507697,
        "client_008": 0.15831051190225406,
        "client_009": 0.13717983283904017,
        "client_010": 0.666221350144032,
        "client_011": 0.6663048923025547,
        "client_012": 0.5242302543507363,
        "client_013": 0.5515015436429974,
        "client_014": 0.5628047110380718,
        "client_015": 0.5139138104072261,
        "client_016": 0.5305822531816713
    },
    "attacker_001": {
        "attacker_000": 0.6645192327804388,
        "attacker_001": 0.003610782543734047,
        "attacker_002": 0.6625911716345546,
        "client_000": 0.6599330904131774,
        "client_001": 0.6605165267297269,
        "client_002": 0.6600153165418653,
        "client_003": 0.6611910522517933,
        "client_004": 0.6600438213959029,
        "client_005": 0.16350028785261944,
        "client_006": 0.16295753259674295,
        "client_007": 0.1416890801506186,
        "client_008": 0.16146461732151288,
        "client_009": 0.14310270734851743,
        "client_010": 0.6658455629083774,
        "client_011": 0.6658734631682217,
        "client_012": 0.5248693054518297,
        "client_013": 0.5520148372955658,
        "client_014": 0.5629731212287438,
        "client_015": 0.5140589223019386,
        "client_016": 0.5306411618845199
    },
    "attacker_002": {
        "attacker_000": 0.6653699753210357,
        "attacker_001": 0.004106520657043306,
        "attacker_002": 0.6628161888701518,
        "client_000": 0.6592097988346872,
        "client_001": 0.6602151906793151,
        "client_002": 0.6601125384860388,
        "client_003": 0.6611157016038476,
        "client_004": 0.6601842809222539,
        "client_005": 0.1594743758212878,
        "client_006": 0.1583627084758247,
        "client_007": 0.13655484845216265,
        "client_008": 0.15691853725366212,
        "client_009": 0.13685344827586207,
        "client_010": 0.666138051915533,
        "client_011": 0.6661658841940532,
        "client_012": 0.5226722463010014,
        "client_013": 0.5489223834342866,
        "client_014": 0.5600439983500619,
        "client_015": 0.5113632887774141,
        "client_016": 0.5267886166848902
    },
    "client_000": {
        "attacker_000": 0.21709361350489909,
        "attacker_001": 0.21008929454018252,
        "attacker_002": 0.21589575017609766,
        "client_000": 0.9761872363586883,
        "client_001": 0.9756429446183155,
        "client_002": 0.9756363141418265,
        "client_003": 0.9761742682096665,
        "client_004": 0.9764593822288747,
        "client_005": 0.05177847816298963,
        "client_006": 0.05024483713008303,
        "client_007": 0.0505879742622587,
        "client_008": 0.04921891718382196,
        "client_009": 0.050434782608695654,
        "client_010": 0.1593506990183997,
        "client_011": 0.29395670716987204,
        "client_012": 0.2912167427362797,
        "client_013": 0.2944688520896699,
        "client_014": 0.10448136958710977,
        "client_015": 0.29602314630963866,
        "client_016": 0.2827225130890052
    },
    "client_001": {
        "attacker_000": 0.2208588957055215,
        "attacker_001": 0.21281487076751293,
        "attacker_002": 0.21988550064259846,
        "client_000": 0.9765469723068769,
        "client_001": 0.9762819663442428,
        "client_002": 0.9770587455244663,
        "client_003": 0.9773179466772782,
        "client_004": 0.9773239623392123,
        "client_005": 0.05206265166556365,
        "client_006": 0.05273069679849341,
        "client_007": 0.05094709340300457,
        "client_008": 0.05182220349694543,
        "client_009": 0.05172045308826673,
        "client_010": 0.16229765900497092,
        "client_011": 0.3002407704654896,
        "client_012": 0.29574574296965994,
        "client_013": 0.29931437563223556,
        "client_014": 0.10338972391673479,
        "client_015": 0.3008959963706477,
        "client_016": 0.2869284561592254
    },
    "client_002": {
        "attacker_000": 0.22067055565376226,
        "attacker_001": 0.2107615948460047,
        "attacker_002": 0.21980725856059052,
        "client_000": 0.9763463851396499,
        "client_001": 0.9767130620985011,
        "client_002": 0.9769745649263721,
        "client_003": 0.9761968440759561,
        "client_004": 0.9768685653162187,
        "client_005": 0.0536228672723244,
        "client_006": 0.052687038988408846,
        "client_007": 0.05307017543859649,
        "client_008": 0.05288766659614978,
        "client_009": 0.05283505154639175,
        "client_010": 0.15891456434174264,
        "client_011": 0.29720965611113337,
        "client_012": 0.2931740236751853,
        "client_013": 0.2971986751249088,
        "client_014": 0.10090474993717014,
        "client_015": 0.298886942765128,
        "client_016": 0.28559130528354676
    },
    "client_003": {
        "attacker_000": 0.22327136238343795,
        "attacker_001": 0.2143466002229362,
        "attacker_002": 0.22209902838969453,
        "client_000": 0.975763962065332,
        "client_001": 0.9757511860832895,
        "client_002": 0.9758734344100198,
        "client_003": 0.9762658227848101,
        "client_004": 0.9770690564048499,
        "client_005": 0.05931094635848234,
        "client_006": 0.05795901469675016,
        "client_007": 0.05775862068965518,
        "client_008": 0.05670210548259329,
        "client_009": 0.05728727885425442,
        "client_010": 0.16249632028260227,
        "client_011": 0.30021074396596287,
        "client_012": 0.2933597621407334,
        "client_013": 0.29693689672487866,
        "client_014": 0.10200387040389539,
        "client_015": 0.2984102016740633,
        "client_016": 0.28609783600923594
    },
    "client_004": {
        "attacker_000": 0.2206803281098403,
        "attacker_001": 0.21041236098809174,
        "attacker_002": 0.21972110971438594,
        "client_000": 0.9764345626414592,
        "client_001": 0.9769487008660892,
        "client_002": 0.976942556310809,
        "client_003": 0.9766822118587608,
        "client_004": 0.9770911028236547,
        "client_005": 0.05767114241690512,
        "client_006": 0.05799537718007985,
        "client_007": 0.05832426550598476,
        "client_008": 0.05656395103419164,
        "client_009": 0.05728943993159469,
        "client_010": 0.15875696672859313,
        "client_011": 0.296754620574029,
        "client_012": 0.2938098419060343,
        "client_013": 0.2974954873646209,
        "client_014": 0.10020191822311963,
        "client_015": 0.29864304774882194,
        "client_016": 0.28572971221856275
    },
    "client_005": {
        "attacker_000": 0.6901085188403859,
        "attacker_001": 0.5485038974101081,
        "attacker_002": 0.67893051986113,
        "client_000": 0.5164195426329163,
        "client_001": 0.5162058643664102,
        "client_002": 0.5195930549760903,
        "client_003": 0.5168061815840309,
        "client_004": 0.5167347201234607,
        "client_005": 0.970950499651406,
        "client_006": 0.9685009098598046,
        "client_007": 0.9717797113423357,
        "client_008": 0.9707106520733776,
        "client_009": 0.9736611062335382,
        "client_010": 0.6935536756508623,
        "client_011": 0.691396481375861,
        "client_012": 0.023161377650774553,
        "client_013": 0.02521639065392505,
        "client_014": 0.022178537224658502,
        "client_015": 0.023835753630445666,
        "client_016": 0.022543148996125393
    },
    "client_006": {
        "attacker_000": 0.6882218117893145,