{
    "attacker_0": {
        "attacker_0": 0.0,
        "client_0": 0.0,
        "client_1": 0.0,
        "client_2": 0.0,
        "client_3": 0.0,
        "client_4": 0.0,
        "client_5": 0.0,
        "client_6": 0.0,
        "client_7": 0.0,
        "client_8": 0.0
    },
    "client_0": {
        "attacker_0": 0.22168691897293152,
        "client_0": 0.00010034820828274109,
        "client_1": 0.0003210627175952402,
        "client_2": 0.03355989385524459,
        "client_3": 0.025752263227749053,
        "client_4": 0.024696007214563907,
        "client_5": 0.6496978401669331,
        "client_6": 0.7580427075090194,
        "client_7": 0.00374565594047011,
        "client_8": 0.25736791949711935
    },
    "client_1": {
        "attacker_0": 0.22748452728178134,
        "client_0": 0.0004413593869116879,
        "client_1": 0.00038118548686414744,
        "client_2": 0.023499548848323795,
        "client_3": 0.026473674831198148,
        "client_4": 0.020281074638724732,
        "client_5": 0.6571278444686957,
        "client_6": 0.8002647970390878,
        "client_7": 2.006702385969137e-05,
        "client_8": 0.21854417087448055
    },
    "client_2": {
        "attacker_0": 0.04552352048558422,
        "client_0": 0.0016658337497917708,
        "client_1": 0.00751143043762247,
        "client_2": 0.10226216299969013,
        "client_3": 0.09884730775303963,
        "client_4": 0.12396822924778073,
        "client_5": 0.04154987633965374,
        "client_6": 0.02311170658181209,
        "client_7": 0.02655302409441075,
        "client_8": 0.02830665543386689
    },
    "client_3": {
        "attacker_0": 0.050280278579921865,
        "client_0": 0.00404040404040404,
        "client_1": 0.0089377793056033,
        "client_2": 0.09801946962067808,
        "client_3": 0.10048731305662913,
        "client_4": 0.11624391063329413,
        "client_5": 0.04387139986604153,
        "client_6": 0.02738319356494951,
        "client_7": 0.028207774337805296,
        "client_8": 0.03304377448475558
    },
    "client_4": {
        "attacker_0": 0.05075807514831905,
        "client_0": 0.0013988459520895263,
        "client_1": 0.009953663978033293,
        "client_2": 0.09311411362526453,
        "client_3": 0.09134064495007366,
        "client_4": 0.10749554800064756,
        "client_5": 0.03599320882852292,
        "client_6": 0.020240795672657477,
        "client_7": 0.026753558566283656,
        "client_8": 0.03260123541523679
    },
    "client_5": {
        "attacker_0": 0.22460139140792074,
        "client_0": 0.07972265293584155,
        "client_1": 0.16455926117390637,
        "client_2": 0.28907663668198447,
        "client_3": 0.2240962227177512,
        "client_4": 0.26637992453228493,
        "client_5": 0.11850449054546498,
        "client_6": 0.11845860402415063,
        "client_7": 0.25949727702765374,
        "client_8": 0.31527346456895
    },
    "client_6": {
        "attacker_0": 0.2231941005490365,
        "client_0": 0.16412351649573365,
        "client_1": 0.16401417749669886,
        "client_2": 0.28601049698697595,
        "client_3": 0.22820554037400206,
        "client_4": 0.268709888670596,
        "client_5": 0.12209723980034413,
        "client_6": 0.12339499765381719,
        "client_7": 0.2548980751192316,
        "client_8": 0.30781444064584695
    },
    "client_7": {
        "attacker_0": 0.02378352141730372,
        "client_0": 0.004747033104309807,
        "client_1": 0.5204921824405587,
        "client_2": 0.6329178326125668,
        "client_3": 0.6421601615074024,
        "client_4": 0.6584232365145228,
        "client_5": 0.007469189592929167,
        "client_6": 0.008465081538653057,
        "client_7": 0.09944358944003787,
        "client_8": 0.10036777790959782
    },
    "client_8": {
        "attacker_0": 0.0197495183044316,
        "client_0": 0.006225308272476954,
        "client_1": 0.5222103766879886,
        "client_2": 0.631690947781961,
        "client_3": 0.646451508007479,
        "client_4": 0.6582177586481749,
        "client_5": 0.006950269622528459,
        "client_6": 0.08905764584052468,
        "client_7": 0.10486134500954306,
        "client_8": 0.10458983279093256
    }
}