{
    "attacker_0": {
        "attacker_0": 0.0,
        "client_0": 0.0,
        "client_1": 0.0,
        "client_2": 0.0,
        "client_3": 0.0,
        "client_4": 0.0,
        "client_5": 0.0,
        "client_6": 0.0,
        "client_7": 0.0,
        "client_8": 0.0
    },
    "client_0": {
        "attacker_0": 0.007098864181730923,
        "client_0": 0.0001806122756143326,
        "client_1": 0.0002809157854606015,
        "client_2": 0.03654524320810103,
        "client_3": 0.030745519571617697,
        "client_4": 0.2226522095801976,
        "client_5": 0.7146090601321939,
        "client_6": 0.6756451484306482,
        "client_7": 0.13345693925518068,
        "client_8": 8.027051162417346e-05
    },
    "client_1": {
        "attacker_0": 0.001543967997754228,
        "client_0": 0.0004012478809096289,
        "client_1": 0.0003009630818619583,
        "client_2": 0.014185668888158353,
        "client_3": 0.029204440973217727,
        "client_4": 0.21800693674688026,
        "client_5": 0.3672743951381722,
        "client_6": 0.29328059180108906,
        "client_7": 0.1307352568851214,
        "client_8": 0.00012038281735920227
    },
    "client_2": {
        "attacker_0": 0.0752411575562701,
        "client_0": 0.013389941214892226,
        "client_1": 0.02034350508587627,
        "client_2": 0.0862992125984252,
        "client_3": 0.06884517766497461,
        "client_4": 0.07520935376836782,
        "client_5": 0.018057181073399098,
        "client_6": 0.01353637901861252,
        "client_7": 0.022497187851518562,
        "client_8": 0.019739043158246906
    },
    "client_3": {
        "attacker_0": 0.07325004278623994,
        "client_0": 0.01023541453428864,
        "client_1": 0.015889114266396213,
        "client_2": 0.08027562446167098,
        "client_3": 0.06971904266389177,
        "client_4": 0.07690975229516714,
        "client_5": 0.017761394101876677,
        "client_6": 0.015856950067476384,
        "client_7": 0.03118983442433577,
        "client_8": 0.02446269439105364
    },
    "client_4": {
        "attacker_0": 0.07609052148245327,
        "client_0": 0.009251327736851122,
        "client_1": 0.01682114658427738,
        "client_2": 0.07525468287873809,
        "client_3": 0.06048587010411501,
        "client_4": 0.06194398682042833,
        "client_5": 0.012214273250741581,
        "client_6": 0.010735930735930736,
        "client_7": 0.026745329400196655,
        "client_8": 0.02505147563486616
    },
    "client_5": {
        "attacker_0": 0.13543280230790003,
        "client_0": 0.1637863534675615,
        "client_1": 0.16467233281145158,
        "client_2": 0.3141600297538892,
        "client_3": 0.31114652546620575,
        "client_4": 0.28749788221188305,
        "client_5": 0.12224035735761532,
        "client_6": 0.12218594260182163,
        "client_7": 0.27748711695055267,
        "client_8": 0.25200872665354124
    },
    "client_6": {
        "attacker_0": 0.1402451898039326,
        "client_0": 0.16531933216656944,
        "client_1": 0.16416894679092767,
        "client_2": 0.32638238643553086,
        "client_3": 0.3162650985782835,
        "client_4": 0.31986489232019505,
        "client_5": 0.1260340839754232,
        "client_6": 0.12727943053231616,
        "client_7": 0.27248597690929777,
        "client_8": 0.24158732272454891
    },
    "client_7": {
        "attacker_0": 0.06737841043890866,
        "client_0": 0.0055048167146252965,
        "client_1": 0.005244755244755245,
        "client_2": 0.6465256797583081,
        "client_3": 0.6400807672892478,
        "client_4": 0.6304900797015431,
        "client_5": 0.012399256044637322,
        "client_6": 0.005487652781242205,
        "client_7": 0.0600827049379713,
        "client_8": 0.04155463211928624
    },
    "client_8": {
        "attacker_0": 0.06241933591458407,
        "client_0": 0.005073689296931626,
        "client_1": 0.0062643055053608005,
        "client_2": 0.6493927125506073,
        "client_3": 0.6444011051519584,
        "client_4": 0.6352227052743827,
        "client_5": 0.014621284755512942,
        "client_6": 0.005740253527864147,
        "client_7": 0.06497531856273678,
        "client_8": 0.09165154264972776
    }
}