{
  "r1": {
    "attacker_001": 0.19742841157156607,
    "attacker_000": 0.197429425671151,
    "attacker_002": 0.1987144100197774,
    "client_011": 0.2051433152450381,
    "client_010": 0.2012844374924675,
    "client_005": 0.2247493445309311,
    "client_008": 0.21013368503656313,
    "client_007": 0.19676270833204262,
    "client_009": 0.16624881907721492,
    "client_006": 0.20210544302324826,
    "client_012": 0.3783651256694236,
    "client_015": 0.09299432202618667,
    "client_016": 0.13392813780818447,
    "client_013": 0.15756369627669256,
    "client_014": 0.2371487182195127,
    "client_002": 0.1477421053350059,
    "client_000": 0.3941328152048101,
    "client_001": 0.07221588947568534,
    "client_004": 0.197177245070027,
    "client_003": 0.18873194491447157
  },
  "r2": {
    "client_001": 0.26403317999313763,
    "client_003": 0.0741666286180362,
    "client_004": 0.1490817356209687,
    "client_002": 0.19855644796374047,
    "client_000": 0.31416200780411696,
    "client_013": 0.2071517621198539,
    "client_014": 0.2825066379796704,
    "client_016": 0.19847596524918,
    "client_012": 0.12330180067405566,
    "client_015": 0.18856383397724008,
    "client_010": 0.19634027776823204,
    "client_011": 0.19821890675921205,
    "attacker_001": 0.2023737467816098,
    "attacker_002": 0.20069308790729454,
    "attacker_000": 0.2023739807836516,
    "client_006": 0.18112368542032117,
    "client_009": 0.19937622664892285,
    "client_008": 0.1972311646225379,
    "client_005": 0.19651456294983302,
    "client_007": 0.22575436035838511
  },
  "r3": {
    "client_012": 0.12580301458534462,
    "client_014": 0.27000521336188593,
    "client_016": 0.2138219347040555,
    "client_013": 0.22193067684568332,
    "client_015": 0.16843916050303062,
    "attacker_000": 0.20048188545173365,
    "attacker_002": 0.20001107011726962,
    "attacker_001": 0.19955694015644174,
    "client_010": 0.20340984632718934,
    "client_011": 0.19654025794736568,
    "client_008": 0.17682075575519499,
    "client_005": 0.2022738705151195,
    "client_009": 0.16989133207980184,
    "client_007": 0.216166062135625,
    "client_006": 0.23484797951425873,
    "client_004": 0.34065237351722427,
    "client_002": 0.2141536485569365,
    "client_003": 0.12232658447892461,
    "client_000": 0.16835938783291454,
    "client_001": 0.15450800561400013
  },
  "r4": {
    "client_014": 0.2792631901524373,
    "client_012": 0.2715079433040449,
    "client_016": 0.12078117716494904,
    "client_013": 0.12194388909285292,
    "client_015": 0.2065038002857159,
    "client_007": 0.23496177637932514,
    "client_005": 0.14897934129713303,
    "client_008": 0.16693788790615294,
    "client_009": 0.26710354769266426,
    "client_006": 0.18201744672472467,
    "client_003": 0.14258931516132042,
    "client_002": 0.21595578839876597,
    "client_004": 0.26588833188234945,
    "client_000": 0.23223021704719038,
    "client_001": 0.14333634751037377,
    "attacker_000": 0.1995978766341768,
    "attacker_002": 0.2003665517338856,
    "attacker_001": 0.19932569811720685,
    "client_010": 0.19955155163141924,
    "client_011": 0.2011583218833115
  },
  "r5": {
    "attacker_002": 0.19812562547286838,
    "attacker_000": 0.19970196594687742,
    "attacker_001": 0.19871786867316993,
    "client_010": 0.20238931479771644,
    "client_011": 0.20106522510936792,
    "client_014": 0.258269957901301,
    "client_012": 0.251496516350481,
    "client_015": 0.20901069874443642,
    "client_016": 0.19394444043235617,
    "client_013": 0.08727838657142546,
    "client_006": 0.14629595038675222,
    "client_008": 0.19617790685150263,
    "client_009": 0.20166391601388875,
    "client_005": 0.2247451642688384,
    "client_007": 0.2311170624790179,
    "client_004": 0.23699674979542423,
    "client_003": 0.17494889528048982,
    "client_002": 0.21543488534487226,
    "client_001": 0.17065444469247856,
    "client_000": 0.20196502488673507
  },
  "r6": {
    "attacker_002": 0.19836201557417066,
    "attacker_000": 0.2006332989934219,
    "attacker_001": 0.2003349700894339,
    "client_011": 0.2019374036200874,
    "client_010": 0.19873231172288616,
    "client_003": 0.19795610156974966,
    "client_001": 0.18021534697420388,
    "client_004": 0.20289963273023987,
    "client_002": 0.20736235718354223,
    "client_000": 0.2115665615422643,
    "client_013": 0.21220215446557897,
    "client_016": 0.2647426810757399,
    "client_012": 0.26283898100158,
    "client_014": 0.07265494111072128,
    "client_015": 0.18756124234637983,
    "client_007": 0.15486717231940128,
    "client_008": 0.1734303392890431,
    "client_005": 0.27854453048818784,
    "client_009": 0.1860833990038649,
    "client_006": 0.2070745588995029
  },
  "r7": {
    "client_014": 0.10739054978370528,
    "client_012": 0.10457729778462187,
    "client_015": 0.22317390527549189,
    "client_016": 0.2943701291473169,
    "client_013": 0.270488118008864,
    "client_011": 0.20147921774224864,
    "client_010": 0.2014156622694296,
    "attacker_000": 0.20019272427837112,
    "attacker_002": 0.19681264928543782,
    "attacker_001": 0.20009974642451284,
    "client_006": 0.09462247272841647,
    "client_005": 0.25329218096375844,
    "client_009": 0.26091844014608284,
    "client_008": 0.21393026660857772,
    "client_007": 0.17723663955316457,
    "client_001": 0.194252327767271,
    "client_003": 0.2078120040248572,
    "client_002": 0.19232326184698292,
    "client_000": 0.18902077895609562,
    "client_004": 0.21659162740479326
  },
  "r8": {
    "client_008": 0.23533897505109186,
    "client_005": 0.29064930579067616,
    "client_009": 0.11925805856934153,
    "client_006": 0.25463879861802086,
    "client_007": 0.10011486197086962,
    "client_010": 0.20276212067626606,
    "client_011": 0.20187937380894794,
    "attacker_000": 0.19970072655713034,
    "attacker_002": 0.19778626720462733,
    "attacker_001": 0.19787151175302833,
    "client_014": 0.16921500716126084,
    "client_015": 0.18490553525076261,
    "client_012": 0.21040028536251398,
    "client_013": 0.2526035563400774,
    "client_016": 0.18287561588538515,
    "client_002": 0.1963999682714633,
    "client_001": 0.21069767742124287,
    "client_003": 0.19829948657165386,
    "client_000": 0.1717838011048394,
    "client_004": 0.22281906663080053
  },
  "r9": {
    "client_004": 0.2203222093799507,
    "client_003": 0.20477917504074783,
    "client_002": 0.19688742997028646,
    "client_001": 0.20758420647991552,
    "client_000": 0.17042697912909954,
    "client_015": 0.10763929366790535,
    "client_012": 0.1264044529192936,
    "client_014": 0.19047006952487922,
    "client_016": 0.2747949912667164,
    "client_013": 0.3006911926212054,
    "client_007": 0.19492648453495054,
    "client_006": 0.25625441231520835,
    "client_008": 0.28908617816472704,
    "client_009": 0.16993669563997377,
    "client_005": 0.08979622934514021,
    "client_011": 0.20146086872250446,
    "client_010": 0.2017256927717582,
    "attacker_002": 0.19753940047437515,
    "attacker_000": 0.19991290325974803,
    "attacker_001": 0.1993611347716142
  },
  "r10": {
    "client_001": 0.19922382753910733,
    "client_000": 0.1979154516551767,
    "client_004": 0.21226159123292995,
    "client_003": 0.1940010883927201,
    "client_002": 0.19659804118006588,
    "client_016": 0.2247783934267316,
    "client_013": 0.23865857618628858,
    "client_012": 0.2593322194612423,
    "client_015": 0.04609041856027682,
    "client_014": 0.23114039236546083,
    "client_006": 0.11007926915235722,
    "client_009": 0.17406234535444204,
    "client_005": 0.2717899976525135,
    "client_008": 0.20397701210525732,
    "client_007": 0.24009137573543005,
    "attacker_002": 0.1920422182576921,
    "attacker_000": 0.2023117576056213,
    "attacker_001": 0.20102552955820666,
    "client_010": 0.20231274469589047,
    "client_011": 0.20230774988258954
  }
}