{
    "attacker_000": {
        "attacker_000": 0.9891154522553354,
        "attacker_001": 0.9891645280866838,
        "attacker_002": 0.9890994359591863,
        "client_000": 0.9748834217719891,
        "client_001": 0.9760118016804566,
        "client_002": 0.9763057488217,
        "client_003": 0.9631843058284748,
        "client_004": 0.9733653830641907,
        "client_005": 0.1437192082325161,
        "client_006": 0.1437733208955224,
        "client_007": 0.11998110533774209,
        "client_008": 0.11948496840115766,
        "client_009": 0.14350272602699785,
        "client_010": 0.9891648713724497,
        "client_011": 0.9891335339775067,
        "client_012": 0.7656669297553275,
        "client_013": 0.8068428882023114,
        "client_014": 0.780409818486674,
        "client_015": 0.7260728761431453,
        "client_016": 0.793218508303277
    },
    "attacker_001": {
        "attacker_000": 0.9888619547823883,
        "attacker_001": 0.9888630134816153,
        "attacker_002": 0.988845934469865,
        "client_000": 0.974127944394388,
        "client_001": 0.9751792962921366,
        "client_002": 0.9754391593807652,
        "client_003": 0.9615860005204268,
        "client_004": 0.9726467313247373,
        "client_005": 0.1479219381671175,
        "client_006": 0.1479219381671175,
        "client_007": 0.1238583465912439,
        "client_008": 0.12347498084517004,
        "client_009": 0.14771074524405145,
        "client_010": 0.9888950495049506,
        "client_011": 0.9888793840889649,
        "client_012": 0.7658079162965157,
        "client_013": 0.8061491454215604,
        "client_014": 0.7781622001993783,
        "client_015": 0.7257268686539169,
        "client_016": 0.7915248994741726
    },
    "attacker_002": {
        "attacker_000": 0.989004024463669,
        "attacker_001": 0.9889423990875102,
        "attacker_002": 0.9890353656990747,
        "client_000": 0.975675588830693,
        "client_001": 0.9760725675913907,
        "client_002": 0.9762843316347787,
        "client_003": 0.9627344320857351,
        "client_004": 0.974121817595875,
        "client_005": 0.14271128095918784,
        "client_006": 0.1427654609101517,
        "client_007": 0.1206092449377177,
        "client_008": 0.12006141853186086,
        "client_009": 0.1423985993580391,
        "client_010": 0.9889747813965277,
        "client_011": 0.9889747813965277,
        "client_012": 0.7656987188345145,
        "client_013": 0.8072410964652921,
        "client_014": 0.7804459356650996,
        "client_015": 0.7233182208062737,
        "client_016": 0.793346326778719
    },
    "client_000": {
        "attacker_000": 0.17208588957055213,
        "attacker_001": 0.1635424636572303,
        "attacker_002": 0.17237163814180928,
        "client_000": 0.9765858970868501,
        "client_001": 0.9765731408335604,
        "client_002": 0.9764465622872703,
        "client_003": 0.9768518518518519,
        "client_004": 0.976706170821414,
        "client_005": 0.09464248488638732,
        "client_006": 0.09151113786875376,
        "client_007": 0.0787466501752216,
        "client_008": 0.09686971235194584,
        "client_009": 0.08308854385228702,
        "client_010": 0.3032545622739887,
        "client_011": 0.3104830022835969,
        "client_012": 0.10186259541984734,
        "client_013": 0.10395946706699193,
        "client_014": 0.10273845583235457,
        "client_015": 0.10179018757255452,
        "client_016": 0.09938774297093265
    },
    "client_001": {
        "attacker_000": 0.1786994367639529,
        "attacker_001": 0.1690828190038754,
        "attacker_002": 0.17864612559302148,
        "client_000": 0.9778485210240084,
        "client_001": 0.9778308774724545,
        "client_002": 0.9780963759458383,
        "client_003": 0.9778426429613905,
        "client_004": 0.9786160180634877,
        "client_005": 0.09539473684210527,
        "client_006": 0.09450375642546462,
        "client_007": 0.07762649867913025,
        "client_008": 0.09647107955731886,
        "client_009": 0.08180128072712249,
        "client_010": 0.31065188172043007,
        "client_011": 0.3191269088085584,
        "client_012": 0.10089274795157147,
        "client_013": 0.10276630366754287,
        "client_014": 0.10198405340255888,
        "client_015": 0.10090001836772179,
        "client_016": 0.09800190294957184
    },
    "client_002": {
        "attacker_000": 0.17204082668968668,
        "attacker_001": 0.1633039689305674,
        "attacker_002": 0.17315184941557457,
        "client_000": 0.9762032085561496,
        "client_001": 0.9771114977914603,
        "client_002": 0.9765948909990638,
        "client_003": 0.9769930444087748,
        "client_004": 0.9771114977914603,
        "client_005": 0.09772120714432356,
        "client_006": 0.09795756494150307,
        "client_007": 0.08346905537459283,
        "client_008": 0.099396964025785,
        "client_009": 0.08740679370339685,
        "client_010": 0.3069868267467067,
        "client_011": 0.3140869713651688,
        "client_012": 0.09855886663409867,
        "client_013": 0.10040010002500625,
        "client_014": 0.09907235621521335,
        "client_015": 0.09802361867466193,
        "client_016": 0.09608965188364331
    },
    "client_003": {
        "attacker_000": 0.17594218898981281,
        "attacker_001": 0.16739590684544814,
        "attacker_002": 0.17640297836190094,
        "client_000": 0.9765727823111345,
        "client_001": 0.9776021080368906,
        "client_002": 0.9774673870075109,
        "client_003": 0.9777367935713345,
        "client_004": 0.9774614472123369,
        "client_005": 0.09883602205431898,
        "client_006": 0.09660318083644218,
        "client_007": 0.08341728793068709,
        "client_008": 0.10098928276999176,
        "client_009": 0.08919803600654663,
        "client_010": 0.31042496679946885,
        "client_011": 0.31688885115054766,
        "client_012": 0.09938791588388582,
        "client_013": 0.1014843798521831,
        "client_014": 0.10033198081888602,
        "client_015": 0.0991324394831038,
        "client_016": 0.09771754636233951
    },
    "client_004": {
        "attacker_000": 0.172632005265023,
        "attacker_001": 0.16364239351873788,
        "attacker_002": 0.1723772518544684,
        "client_000": 0.9774996671548396,
        "client_001": 0.9782811459027315,
        "client_002": 0.9782869321966166,
        "client_003": 0.9781566329248802,
        "client_004": 0.9784057584644096,
        "client_005": 0.10474430067775724,
        "client_006": 0.1031416716064019,
        "client_007": 0.09081653431073101,
        "client_008": 0.10670541831015155,
        "client_009": 0.09356240943903953,
        "client_010": 0.3070898941931184,
        "client_011": 0.31526756710548814,
        "client_012": 0.09768952626095484,
        "client_013": 0.09979914637208133,
        "client_014": 0.09903081510934394,
        "client_015": 0.09716847859468092,
        "client_016": 0.09543717152412803
    },
    "client_005": {
        "attacker_000": 0.6321884251617804,
        "attacker_001": 0.6439675083694495,
        "attacker_002": 0.5790163447985955,
        "client_000": 0.5162206656121889,
        "client_001": 0.5100819565500195,
        "client_002": 0.5180921584478577,
        "client_003": 0.5108444704581666,
        "client_004": 0.515315548928722,
        "client_005": 0.9706585748450638,
        "client_006": 0.9752121540405995,
        "client_007": 0.974794690356903,
        "client_008": 0.9759263568898197,
        "client_009": 0.9741998862520036,
        "client_010": 0.678866928417737,
        "client_011": 0.6773913237227334,
        "client_012": 0.10378440366972479,
        "client_013": 0.10301783920799655,
        "client_014": 0.10049383899889726,
        "client_015": 0.10576051162124754,
        "client_016": 0.10352738743905937
    },
    "client_006": {
        "attacker_000": 0.6309221048215831,