{
    "attacker_000": {
        "attacker_000": 0.9891157971450751,
        "attacker_001": 0.989148858650023,
        "attacker_002": 0.9890674018442818,
        "client_000": 0.9762923779754749,
        "client_001": 0.9761274910618376,
        "client_002": 0.9764243929802068,
        "client_003": 0.9762126118039305,
        "client_004": 0.9763751763046544,
        "client_005": 0.1190032810144542,
        "client_006": 0.11905887916765193,
        "client_007": 0.11916654352002364,
        "client_008": 0.1190032810144542,
        "client_009": 0.1190032810144542,
        "client_010": 0.9890551991763681,
        "client_011": 0.9891335339775067,
        "client_012": 0.8834537507804835,
        "client_013": 0.9155332235987179,
        "client_014": 0.883494452966147,
        "client_015": 0.7475973089860645,
        "client_016": 0.9082255308762509
    },
    "attacker_001": {
        "attacker_000": 0.9888619547823883,
        "attacker_001": 0.9888630134816153,
        "attacker_002": 0.9888295596786716,
        "client_000": 0.9753468602133291,
        "client_001": 0.9751175139974009,
        "client_002": 0.9754470371261326,
        "client_003": 0.9754141741375715,
        "client_004": 0.9753985309683421,
        "client_005": 0.12278734953976869,
        "client_006": 0.12289810608295475,
        "client_007": 0.12306058639608282,
        "client_008": 0.12289810608295475,
        "client_009": 0.12289810608295475,
        "client_010": 0.9888170816701515,
        "client_011": 0.9888793840889649,
        "client_012": 0.8868162967445669,
        "client_013": 0.9164833261152014,
        "client_014": 0.8860353701757823,
        "client_015": 0.7458212099929767,
        "client_016": 0.9101550252569239
    },
    "attacker_002": {
        "attacker_000": 0.989004024463669,
        "attacker_001": 0.9889423990875102,
        "attacker_002": 0.9890193468650472,
        "client_000": 0.9763037731314587,
        "client_001": 0.9760584596647545,
        "client_002": 0.976418570375829,
        "client_003": 0.9762724898665427,
        "client_004": 0.9763373331838063,
        "client_005": 0.119723306136928,
        "client_006": 0.1197753473248596,
        "client_007": 0.11987941124312822,
        "client_008": 0.1197753473248596,
        "client_009": 0.11966064619113777,
        "client_010": 0.9888334521263958,
        "client_011": 0.98895876566287,
        "client_012": 0.8848238482384823,
        "client_013": 0.914514785506039,
        "client_014": 0.8848197411118638,
        "client_015": 0.7458470427734532,
        "client_016": 0.9077868137237792
    },
    "client_000": {
        "attacker_000": 0.16783093111680966,
        "attacker_001": 0.11069815312482133,
        "attacker_002": 0.1478099365423309,
        "client_000": 0.9757559248161265,
        "client_001": 0.9750918742343814,
        "client_002": 0.975211114137837,
        "client_003": 0.9758954105951246,
        "client_004": 0.9752178649237472,
        "client_005": 0.057364675436704766,
        "client_006": 0.10758237395791982,
        "client_007": 0.1196515004840271,
        "client_008": 0.15871073031415747,
        "client_009": 0.14140153878145145,
        "client_010": 0.12888705158238023,
        "client_011": 0.17054625180762234,
        "client_012": 0.10157106320789186,
        "client_013": 0.10228108903605591,
        "client_014": 0.10138584974471189,
        "client_015": 0.10380016277468228,
        "client_016": 0.09691731489484298
    },
    "client_001": {
        "attacker_000": 0.1774278215223097,
        "attacker_001": 0.1185159540707403,
        "attacker_002": 0.15735214324470972,
        "client_000": 0.9770465702534165,
        "client_001": 0.9761399787910924,
        "client_002": 0.9775713337757134,
        "client_003": 0.9769230769230769,
        "client_004": 0.9766640148501724,
        "client_005": 0.054870267971076137,
        "client_006": 0.11519750924304338,
        "client_007": 0.13158395132154402,
        "client_008": 0.16673346693386773,
        "client_009": 0.14932034895516333,
        "client_010": 0.13298434127749462,
        "client_011": 0.1744784357750959,
        "client_012": 0.10018237082066869,
        "client_013": 0.10094830223309882,
        "client_014": 0.10004850836769343,
        "client_015": 0.1019755409219191,
        "client_016": 0.09552787186405648
    },
    "client_002": {
        "attacker_000": 0.16923210713975126,
        "attacker_001": 0.11233405196868262,
        "attacker_002": 0.1494005533353827,
        "client_000": 0.9763210702341137,
        "client_001": 0.9759036144578312,
        "client_002": 0.9753879079721776,
        "client_003": 0.9755183946488294,
        "client_004": 0.9752508361204013,
        "client_005": 0.06047700170357751,
        "client_006": 0.11390416339355854,
        "client_007": 0.13445058084174444,
        "client_008": 0.1731498104927189,
        "client_009": 0.15303215303215303,
        "client_010": 0.1295298950251027,
        "client_011": 0.1706639503657746,
        "client_012": 0.0980416007784941,
        "client_013": 0.09875030629747611,
        "client_014": 0.09779773099557121,
        "client_015": 0.10044461143465466,
        "client_016": 0.09375
    },
    "client_003": {
        "attacker_000": 0.17532467532467533,
        "attacker_001": 0.11855029919837416,
        "attacker_002": 0.15662286663645975,
        "client_000": 0.9756161855805984,
        "client_001": 0.9756226116747925,
        "client_002": 0.9757383966244726,
        "client_003": 0.9756161855805984,
        "client_004": 0.9757575757575757,
        "client_005": 0.06435224386113463,
        "client_006": 0.11470932500975418,
        "client_007": 0.127020346073398,
        "client_008": 0.1743447180301827,
        "client_009": 0.14602399837299168,
        "client_010": 0.13562853907134767,
        "client_011": 0.17450096587250483,
        "client_012": 0.099121478339897,
        "client_013": 0.0996892328316373,
        "client_014": 0.09932252601016212,
        "client_015": 0.10181094031987055,
        "client_016": 0.09551175219814953
    },
    "client_004": {
        "attacker_000": 0.17307026652821048,
        "attacker_001": 0.1153083762813615,
        "attacker_002": 0.15256566890653633,
        "client_000": 0.9766697773630184,
        "client_001": 0.9762919552477357,
        "client_002": 0.9766946331069383,
        "client_003": 0.976818545163869,
        "client_004": 0.9764157228514324,
        "client_005": 0.06119847003824904,
        "client_006": 0.11884683271229654,
        "client_007": 0.13977468016039715,
        "client_008": 0.17649402390438246,
        "client_009": 0.15687069314957436,
        "client_010": 0.1319400272603362,
        "client_011": 0.1714973608667469,
        "client_012": 0.09793027657366139,
        "client_013": 0.09853004489821021,
        "client_014": 0.09751935149631255,
        "client_015": 0.09925152525316058,
        "client_016": 0.09300444803881926
    },
    "client_005": {
        "attacker_000": 0.6583768434551617,
        "attacker_001": 0.6497422680412371,
        "attacker_002": 0.651046324450009,
        "client_000": 0.5162944689690989,
        "client_001": 0.5157416423239208,
        "client_002": 0.5169436509997404,
        "client_003": 0.5177957860615883,
        "client_004": 0.5160873914867525,
        "client_005": 0.9706634960841584,
        "client_006": 0.9697435897435898,
        "client_007": 0.9682336692413933,
        "client_008": 0.9688650820220958,
        "client_009": 0.9681034261186933,
        "client_010": 0.6792109929078014,
        "client_011": 0.6777713445864695,
        "client_012": 0.02637757905780087,
        "client_013": 0.022478675363773206,
        "client_014": 0.022462855703852935,
        "client_015": 0.026188215303113598,
        "client_016": 0.026811521977474335
    },
    "client_006": {
        "attacker_000": 0.6549444495454962,