{
  "r1": {
    "attacker_001": 0.0,
    "attacker_000": 0.0,
    "attacker_002": 0.0,
    "client_011": 0.5,
    "client_010": 0.5,
    "client_007": 0.20040286938741037,
    "client_005": 0.24644042585481699,
    "client_009": 0.21240389661963419,
    "client_008": 0.2137423815975561,
    "client_006": 0.12701042654058242,
    "client_000": 0.21995762379789097,
    "client_003": 0.14842020734357983,
    "client_004": 0.2550733625954171,
    "client_001": 0.2550965690462914,
    "client_002": 0.12145223721682069,
    "client_014": 0.3412094513313305,
    "client_012": 0.2577972350391059,
    "client_015": 0.028238697622174982,
    "client_013": 0.325441515320713,
    "client_016": 0.04731310068667554
  },
  "r2": {
    "client_004": 0.234622667262323,
    "client_003": 0.11424232383164092,
    "client_002": 0.2206455299283471,
    "client_001": 0.15660378287172488,
    "client_000": 0.2738856961059642,
    "client_011": 0.5,
    "client_010": 0.5,
    "attacker_002": 0.0,
    "attacker_000": 0.0,
    "attacker_001": 0.0,
    "client_012": 0.10015377530419503,
    "client_014": 0.3283358641864375,
    "client_015": 0.052579364017482894,
    "client_013": 0.32874749845705914,
    "client_016": 0.1901834980348254,
    "client_009": 0.19472523286992405,
    "client_008": 0.18583464545330208,
    "client_005": 0.2321885587746361,
    "client_007": 0.23068720034875753,
    "client_006": 0.15656436255338027
  },
  "r3": {
    "attacker_002": 0.0,
    "attacker_001": 0.0,
    "attacker_000": 0.0,
    "client_010": 0.5,
    "client_011": 0.5,
    "client_013": 0.3206113220109461,
    "client_015": 0.07964446951246407,
    "client_014": 0.23574631712477423,
    "client_012": 0.14272672725075178,
    "client_016": 0.22127116410106384,
    "client_000": 0.26419813209206394,
    "client_001": 0.2377773812683989,
    "client_004": 0.24975006261041835,
    "client_002": 0.13446653044359672,
    "client_003": 0.11380789358552203,
    "client_005": 0.21503563578018708,
    "client_007": 0.21366317297674184,
    "client_008": 0.2077549496986088,
    "client_009": 0.20834081786911748,
    "client_006": 0.15520542367534484
  },
  "r4": {
    "client_013": 0.261520453713072,
    "client_012": 0.16445963887138737,
    "client_014": 0.24761735669528856,
    "client_015": 0.09479350168765974,
    "client_016": 0.23160904903259236,
    "client_008": 0.1916736713139507,
    "client_009": 0.22609257844281955,
    "client_005": 0.24517564425128902,
    "client_007": 0.1072248602122241,
    "client_006": 0.22983324577971664,
    "client_010": 0.5,
    "client_011": 0.5,
    "attacker_001": 0.0,
    "attacker_000": 0.0,
    "attacker_002": 0.0,
    "client_004": 0.17902240892532287,
    "client_002": 0.12697809547212796,
    "client_003": 0.37176741056367624,
    "client_000": 0.16567568440409466,
    "client_001": 0.15655640063477824
  },
  "r5": {
    "client_010": 0.5,
    "client_011": 0.5,
    "attacker_000": 0.0,
    "attacker_002": 0.0,
    "attacker_001": 0.0,
    "client_001": 0.21553092930780837,
    "client_000": 0.17775180813304559,
    "client_003": 0.28216066184486993,
    "client_004": 0.13298244219517807,
    "client_002": 0.19157415851909806,
    "client_014": 0.21147227733772325,
    "client_012": 0.15385652397730493,
    "client_013": 0.25170067104595534,
    "client_015": 0.15210204766824031,
    "client_016": 0.23086847997077622,
    "client_007": 0.17304919329301965,
    "client_005": 0.22439294697524914,
    "client_008": 0.18974213873435705,
    "client_009": 0.1615260978213234,
    "client_006": 0.2512896231760507
  },
  "r6": {
    "client_014": 0.13464264325721176,
    "client_012": 0.10185202903034725,
    "client_015": 0.21916226406615727,
    "client_013": 0.2695758843816853,
    "client_016": 0.2747671792645984,
    "client_003": 0.2178102476627195,
    "client_004": 0.19539706243868063,
    "client_002": 0.20342463371620167,
    "client_001": 0.17401057129534375,
    "client_000": 0.20935748488705444,
    "attacker_002": 0.0,
    "attacker_000": 0.0,
    "attacker_001": 0.0,
    "client_010": 0.5,
    "client_011": 0.5,
    "client_006": 0.28008330735849707,
    "client_005": 0.2459999019367715,
    "client_008": 0.21906290585555965,
    "client_009": 0.07627617057458454,
    "client_007": 0.17857771427458727
  },
  "r7": {
    "attacker_000": 0.0,
    "attacker_002": 0.0,
    "attacker_001": 0.0,
    "client_011": 0.5,
    "client_010": 0.5,
    "client_001": 0.17906969013534524,
    "client_003": 0.22412492355853364,
    "client_000": 0.1942144645668387,
    "client_002": 0.19060813124840556,
    "client_004": 0.21198279049087684,
    "client_012": 0.13043346818038506,
    "client_014": 0.17001294736384412,
    "client_015": 0.27248895721469907,
    "client_016": 0.3268042019863934,
    "client_013": 0.10026042525467839,
    "client_006": 0.3063712441214411,
    "client_009": 0.09400829192508033,
    "client_007": 0.16793328077239825,
    "client_005": 0.10582374381359928,
    "client_008": 0.32586343936748113
  },
  "r8": {
    "client_016": 0.3417361274434052,
    "client_014": 0.10855552509428538,
    "client_013": 0.22032722328359844,
    "client_012": 0.06247140755957695,
    "client_015": 0.266909716619134,
    "attacker_001": 0.0,
    "attacker_000": 0.0,
    "attacker_002": 0.0,
    "client_010": 0.5,
    "client_011": 0.5,
    "client_005": 0.15624994744743964,
    "client_009": 0.12087109223351322,
    "client_007": 0.23166704342523278,
    "client_006": 0.2313189935280919,
    "client_008": 0.25989292336572256,
    "client_000": 0.1986310675379908,
    "client_003": 0.17660563115279215,
    "client_004": 0.2230874844993743,
    "client_001": 0.21599810417388057,
    "client_002": 0.18567771263596217
  },
  "r9": {
    "client_006": 0.2989127010863616,
    "client_005": 0.11415648834982728,
    "client_009": 0.1772830333514764,
    "client_007": 0.0692319404684986,
    "client_008": 0.3404158367438362,
    "client_012": 0.19372593305267305,
    "client_015": 0.24882651743134515,
    "client_013": 0.20586507286027741,
    "client_014": 0.15974465763319837,
    "client_016": 0.191837819022506,
    "attacker_002": 0.0,
    "attacker_000": 0.0,
    "attacker_001": 0.0,
    "client_011": 0.5,
    "client_010": 0.5,
    "client_003": 0.19989459640047122,
    "client_004": 0.2138687289588981,
    "client_001": 0.20808265420277208,
    "client_000": 0.20104085238440766,
    "client_002": 0.17711316805345095
  },
  "r10": {
    "client_011": 0.5,
    "client_010": 0.5,
    "attacker_000": 0.0,
    "attacker_002": 0.0,
    "attacker_001": 0.0,
    "client_002": 0.19791000764478428,
    "client_000": 0.19660853122884478,
    "client_003": 0.2135683377130883,
    "client_004": 0.2044378167254014,
    "client_001": 0.18747530668788132,
    "client_006": 0.23903624935026993,
    "client_009": 0.1263411013273966,
    "client_005": 0.2588016343059289,
    "client_008": 0.27068998096893276,
    "client_007": 0.10513103404747184,
    "client_016": 0.3171942533727922,
    "client_014": 0.038751723148022756,
    "client_013": 0.27159668868609815,
    "client_012": 0.2923513918532887,
    "client_015": 0.08010594293979809
  }
}