{
    "attacker_000": {
        "attacker_000": 0.018535127055306425,
        "attacker_001": 0.019719151478936364,
        "attacker_002": 0.019719151478936364,
        "client_000": 0.18526694939871025,
        "client_001": 0.18517868631923728,
        "client_002": 0.1852343450432115,
        "client_003": 0.18528355856513237,
        "client_004": 0.1849492393169852,
        "client_005": 0.08282147810580544,
        "client_006": 0.10118156099184555,
        "client_007": 0.08467900748326114,
        "client_008": 0.08339984038308061,
        "client_009": 0.10270713699753896,
        "client_010": 0.18257756563245825,
        "client_011": 0.18263957948572243,
        "client_012": 0.17958557175748274,
        "client_013": 0.17924430103049857,
        "client_014": 0.178938752268764,
        "client_015": 0.17529946303180505,
        "client_016": 0.17952630531413782
    },
    "attacker_001": {
        "attacker_000": 0.02157626610728199,
        "attacker_001": 0.021524663677130042,
        "attacker_002": 0.02155688622754491,
        "client_000": 0.18572342033366274,
        "client_001": 0.1855368026254102,
        "client_002": 0.18529463916307112,
        "client_003": 0.18595403777556865,
        "client_004": 0.18595306039252227,
        "client_005": 0.0920353982300885,
        "client_006": 0.11021814006888633,
        "client_007": 0.09149560117302054,
        "client_008": 0.09067511383884379,
        "client_009": 0.11190168175937903,
        "client_010": 0.18245873227831916,
        "client_011": 0.18246910072453473,
        "client_012": 0.1784629759402009,
        "client_013": 0.17832179990958721,
        "client_014": 0.1765961990177237,
        "client_015": 0.17435557946129338,
        "client_016": 0.17912927883017613
    },
    "attacker_002": {
        "attacker_000": 0.02328358208955224,
        "attacker_001": 0.023269689737470168,
        "attacker_002": 0.02328358208955224,
        "client_000": 0.1872769993908276,
        "client_001": 0.18694596413212017,
        "client_002": 0.18716246126604694,
        "client_003": 0.18711674356129182,
        "client_004": 0.18726003490401397,
        "client_005": 0.07573011077542799,
        "client_006": 0.09960159362549799,
        "client_007": 0.07670795045944867,
        "client_008": 0.07392363931762794,
        "client_009": 0.10156760287393861,
        "client_010": 0.18278378915679758,
        "client_011": 0.18278898040329453,
        "client_012": 0.18080872269975584,
        "client_013": 0.17915241220414718,
        "client_014": 0.17978411609121453,
        "client_015": 0.17606248182460218,
        "client_016": 0.1806863952598116
    },
    "client_000": {
        "attacker_000": 0.34121828655472486,
        "attacker_001": 0.3339877446605985,
        "attacker_002": 0.3355101551734468,
        "client_000": 0.9744495786898613,
        "client_001": 0.97537749965991,
        "client_002": 0.9752380952380952,
        "client_003": 0.975669430474378,
        "client_004": 0.9734151329243353,
        "client_005": 0.0938986556359876,
        "client_006": 0.1045180095773475,
        "client_007": 0.2094240837696335,
        "client_008": 0.21187800963081865,
        "client_009": 0.20830775526908124,
        "client_010": 0.12798411480662483,
        "client_011": 0.16883236568058244,
        "client_012": 0.10372771474878442,
        "client_013": 0.10535680244010931,
        "client_014": 0.10540368722186903,
        "client_015": 0.10674084616379868,
        "client_016": 0.10098566850093729
    },
    "client_001": {
        "attacker_000": 0.34553887464909067,
        "attacker_001": 0.3384907226273045,
        "attacker_002": 0.3398973624537534,
        "client_000": 0.9748810153358012,
        "client_001": 0.9761589403973511,
        "client_002": 0.9756355932203389,
        "client_003": 0.9753968253968255,
        "client_004": 0.97410014610174,
        "client_005": 0.09247842170160295,
        "client_006": 0.10602013560715018,
        "client_007": 0.2165377751338489,
        "client_008": 0.21558544303797472,
        "client_009": 0.21265518622346816,
        "client_010": 0.13191873589164785,
        "client_011": 0.1727390419826151,
        "client_012": 0.10250342508407025,
        "client_013": 0.10428825171276326,
        "client_014": 0.10460677017052684,
        "client_015": 0.10530406061783565,
        "client_016": 0.09969260442408534
    },
    "client_002": {
        "attacker_000": 0.34486532498327965,
        "attacker_001": 0.3379000826739105,
        "attacker_002": 0.3391805910685616,
        "client_000": 0.974913263944489,
        "client_001": 0.9760663190266079,
        "client_002": 0.9752574561990104,
        "client_003": 0.9757074212493325,
        "client_004": 0.9742971887550201,
        "client_005": 0.09611077173691712,
        "client_006": 0.09997951239500102,
        "client_007": 0.2232685893662939,
        "client_008": 0.22527472527472528,
        "client_009": 0.21911794053083214,
        "client_010": 0.12844695948980508,
        "client_011": 0.16863499038725627,
        "client_012": 0.10003737386321167,
        "client_013": 0.10185831166360118,
        "client_014": 0.10179412138948976,
        "client_015": 0.10316999160694686,
        "client_016": 0.09762580801063253
    },
    "client_003": {
        "attacker_000": 0.3422608276028472,
        "attacker_001": 0.3355783308931186,
        "attacker_002": 0.33671543180745633,
        "client_000": 0.9751283063560996,
        "client_001": 0.9760147601476015,
        "client_002": 0.9756161855805984,
        "client_003": 0.9759178839320963,
        "client_004": 0.9743860575653552,
        "client_005": 0.09815453254917866,
        "client_006": 0.10571254319983735,
        "client_007": 0.22369446609508967,
        "client_008": 0.2256809338521401,
        "client_009": 0.2225736311524017,
        "client_010": 0.13446952797358794,
        "client_011": 0.1727148703956344,
        "client_012": 0.10103386367857363,
        "client_013": 0.1025382628960131,
        "client_014": 0.1028715683180814,
        "client_015": 0.10390444387361931,
        "client_016": 0.09849849849849851
    },
    "client_004": {
        "attacker_000": 0.3417783191230207,
        "attacker_001": 0.33576382713853814,
        "attacker_002": 0.33721555276832105,
        "client_000": 0.9760574620909818,
        "client_001": 0.9762982689747004,
        "client_002": 0.9764094362255098,
        "client_003": 0.9767194359451911,
        "client_004": 0.9737087948752169,
        "client_005": 0.1024706358849737,
        "client_006": 0.11011419249592168,
        "client_007": 0.22574955908289243,
        "client_008": 0.2276104810324599,
        "client_009": 0.22116339090728607,
        "client_010": 0.13062539142882706,
        "client_011": 0.16930829134218967,
        "client_012": 0.0994122796048518,
        "client_013": 0.10071301247771836,
        "client_014": 0.10114795918367347,
        "client_015": 0.10175210902011682,
        "client_016": 0.09689335674922787
    },
    "client_005": {
        "attacker_000": 0.3043647195959073,
        "attacker_001": 0.33144019666016783,
        "attacker_002": 0.3071619408773593,
        "client_000": 0.5130762054878245,
        "client_001": 0.5266213672759753,
        "client_002": 0.5098671482006965,
        "client_003": 0.5238338331950737,
        "client_004": 0.5116339026748308,
        "client_005": 0.9689757100629738,
        "client_006": 0.9695833119251913,
        "client_007": 0.9689836823846846,
        "client_008": 0.9686963209844892,
        "client_009": 0.9678130850709138,
        "client_010": 0.6878218388275164,
        "client_011": 0.6860444523155937,
        "client_012": 0.02303591188009255,
        "client_013": 0.02542033626901521,
        "client_014": 0.022175183953230523,
        "client_015": 0.011846901579586877,
        "client_016": 0.022924940928057917
    },