{
    "attacker_000": {
        "attacker_000": 0.8229665071770336,
        "client_000": 0.004355598894848042,
        "client_001": 0.005124820437162713,
        "client_002": 0.004458254525803837,
        "client_003": 0.0043632036492248704,
        "client_004": 0.004324607672902402,
        "client_005": 0.04692737430167598,
        "client_006": 0.02286198137171888,
        "client_007": 0.03904343582235237,
        "client_008": 0.023280423280423283,
        "client_009": 0.045342533267619514,
        "client_010": 0.001499390872458064,
        "client_011": 0.0014994845521851864,
        "client_012": 0.0021858606045465903,
        "client_013": 0.001499390872458064,
        "client_014": 0.002157634217540297,
        "client_015": 0.0020243993394065316,
        "client_016": 0.001684252241541586,
        "client_017": 0.0009052114315272211,
        "client_018": 0.0017800632911392407
    },
    "client_000": {
        "attacker_000": 0.20906801007556677,
        "client_000": 0.9607010817472271,
        "client_001": 0.958743169398907,
        "client_002": 0.9587318939600984,
        "client_003": 0.9606126914660832,
        "client_004": 0.9596829301626351,
        "client_005": 0.19972957311184084,
        "client_006": 0.19876970396001536,
        "client_007": 0.198760097689273,
        "client_008": 0.20019249278152068,
        "client_009": 0.20030757400999616,
        "client_010": 0.13049020744002782,
        "client_011": 0.15581098339719032,
        "client_012": 0.12877447342884865,
        "client_013": 0.12803405038536753,
        "client_014": 0.1094739649309954,
        "client_015": 0.10876333046300592,
        "client_016": 0.10954700113416506,
        "client_017": 0.1086164646665342,
        "client_018": 0.10897265728696577
    },
    "client_001": {
        "attacker_000": 0.21113498730220745,
        "client_000": 0.9630023955283471,
        "client_001": 0.9600848693807188,
        "client_002": 0.9607218683651805,
        "client_003": 0.962756052141527,
        "client_004": 0.9625298963592879,
        "client_005": 0.20585457979225685,
        "client_006": 0.20398196844477834,
        "client_007": 0.2049014188317671,
        "client_008": 0.20601503759398496,
        "client_009": 0.20589892917527708,
        "client_010": 0.13425208153890325,
        "client_011": 0.16017437772465196,
        "client_012": 0.13311374865125788,
        "client_013": 0.13313284367590075,
        "client_014": 0.10836057916861279,
        "client_015": 0.10775661867162098,
        "client_016": 0.10810089416789004,
        "client_017": 0.10739413248373823,
        "client_018": 0.10780273826930746
    },
    "client_002": {
        "attacker_000": 0.21347517730496451,
        "client_000": 0.9619674774895848,
        "client_001": 0.9584895554365291,
        "client_002": 0.9580709979906229,
        "client_003": 0.9612028460195999,
        "client_004": 0.9591426657736102,
        "client_005": 0.2180451127819549,
        "client_006": 0.21835857169564402,
        "client_007": 0.2181685516234951,
        "client_008": 0.21949404761904764,
        "client_009": 0.21758569299552907,
        "client_010": 0.1310205261636311,
        "client_011": 0.15509860341076567,
        "client_012": 0.12891470219792736,
        "client_013": 0.1269986295111923,
        "client_014": 0.10587922319765895,
        "client_015": 0.10511701705672352,
        "client_016": 0.10579546210659392,
        "client_017": 0.10480349344978165,
        "client_018": 0.10533289168598874
    },
    "client_003": {
        "attacker_000": 0.2132335565183143,
        "client_000": 0.9609250398724084,
        "client_001": 0.9591403555319714,
        "client_002": 0.959034866763887,
        "client_003": 0.9606905710491368,
        "client_004": 0.9603079782291252,
        "client_005": 0.21509009009009009,
        "client_006": 0.21436546334201712,
        "client_007": 0.21742313323572474,
        "client_008": 0.21765913757700206,
        "client_009": 0.21620612397311426,
        "client_010": 0.13613340162768198,
        "client_011": 0.16148035206875042,
        "client_012": 0.1348301929369288,
        "client_013": 0.13400600872966384,
        "client_014": 0.10683591167526113,
        "client_015": 0.10603771105709217,
        "client_016": 0.10684297520661157,
        "client_017": 0.10590015128593042,
        "client_018": 0.10653848686376505
    },
    "client_004": {
        "attacker_000": 0.21161351362005756,
        "client_000": 0.9603110753553231,
        "client_001": 0.9585117773019272,
        "client_002": 0.9582552849879583,
        "client_003": 0.9590471092077087,
        "client_004": 0.958010163145226,
        "client_005": 0.21886087768440715,
        "client_006": 0.2189998140918386,
        "client_007": 0.2208477351282518,
        "client_008": 0.22259383128948348,
        "client_009": 0.2212290502793296,
        "client_010": 0.1343385880740233,
        "client_011": 0.1594051837954277,
        "client_012": 0.1319338637774392,
        "client_013": 0.13181921935631133,
        "client_014": 0.10445859872611464,
        "client_015": 0.10414863155090898,
        "client_016": 0.10453662132279032,
        "client_017": 0.10329640998265048,
        "client_018": 0.10394289145373271
    },
    "client_005": {
        "attacker_000": 0.3224143664782175,
        "client_000": 0.5033520095864236,
        "client_001": 0.5029951753391834,
        "client_002": 0.5036586155539727,
        "client_003": 0.5031361138053669,
        "client_004": 0.503948220064725,
        "client_005": 0.9615050798999336,
        "client_006": 0.9618846085205109,
        "client_007": 0.961146026818656,
        "client_008": 0.9618308924835435,
        "client_009": 0.9609615727418575,
        "client_010": 0.6914403544948009,
        "client_011": 0.6851626869298226,
        "client_012": 0.6965660089392783,
        "client_013": 0.6863281422332024,
        "client_014": 0.012678451785806318,
        "client_015": 0.011333779815568492,
        "client_016": 0.02240325865580448,
        "client_017": 0.010721096850677798,
        "client_018": 0.018526100307062435
    },
    "client_006": {
        "attacker_000": 0.31908333333333333,
        "client_000": 0.4952598143020035,
        "client_001": 0.49571479779711286,
        "client_002": 0.4956841796684147,
        "client_003": 0.49536329027429804,
        "client_004": 0.496013018714402,
        "client_005": 0.9606114050558494,
        "client_006": 0.9603899749885151,
        "client_007": 0.9599735025096181,
        "client_008": 0.9610714924724586,
        "client_009": 0.9603040971478137,
        "client_010": 0.6900913562895291,
        "client_011": 0.6857912636367651,
        "client_012": 0.6948430640193958,
        "client_013": 0.6865309543239011,
        "client_014": 0.013831544178364987,
        "client_015": 0.012587051844209439,
        "client_016": 0.024104999744650423,
        "client_017": 0.012179387934148734,
        "client_018": 0.019057377049180327
    },
    "client_007": {
        "attacker_000": 0.32207188511662654,
        "client_000": 0.5059678256357032,
        "client_001": 0.5057538331874615,
        "client_002": 0.5059826842634326,
        "client_003": 0.5058423693154231,
        "client_004": 0.5066580268913009,
        "client_005": 0.9622199592668024,
        "client_006": 0.9621830573993541,
        "client_007": 0.9618208143876851,
        "client_008": 0.9625235500789247,
        "client_009": 0.9621456717935681,
        "client_010": 0.6911222339304531,
        "client_011": 0.6856852657378171,
        "client_012": 0.6964437749688912,
        "client_013": 0.6871070916510422,
        "client_014": 0.012066831683168317,
        "client_015": 0.01000515729757607,
        "client_016": 0.021098766690449494,
        "client_017": 0.009597028017130178,
        "client_018": 0.017307593834809766
    },