{
    "attacker_000": {
        "attacker_000": 0.8881773570459055,
        "client_000": 0.8633657668027555,
        "client_001": 0.8222083119937783,
        "client_002": 0.8472778002129299,
        "client_003": 0.7836185088540526,
        "client_004": 0.8470540684536385,
        "client_005": 0.08084032365822878,
        "client_006": 0.07264446767209197,
        "client_007": 0.06731634182908545,
        "client_008": 0.06633150746604638,
        "client_009": 0.07390283008315,
        "client_010": 0.8882390823803805,
        "client_011": 0.888184919585045,
        "client_012": 0.8882507527106286,
        "client_013": 0.8882507527106286,
        "client_014": 0.6071159684274439,
        "client_015": 0.6071792879001311,
        "client_016": 0.6082294143335436,
        "client_017": 0.00015651289274954026,
        "client_018": 0.6071602059652191
    },
    "client_000": {
        "attacker_000": 0.13650656637277267,
        "client_000": 0.960843373493976,
        "client_001": 0.9625771076079506,
        "client_002": 0.9605803449219821,
        "client_003": 0.9611384783798577,
        "client_004": 0.9615121216271744,
        "client_005": 0.19482663731425426,
        "client_006": 0.1995473406261788,
        "client_007": 0.20465116279069767,
        "client_008": 0.20525705450328563,
        "client_009": 0.2003853564547206,
        "client_010": 0.1400412990426131,
        "client_011": 0.1583417302432705,
        "client_012": 0.13721413721413722,
        "client_013": 0.13923810727146377,
        "client_014": 0.10963654551517171,
        "client_015": 0.1093114710391255,
        "client_016": 0.10955975683078363,
        "client_017": 0.10499070878683303,
        "client_018": 0.10923865982814893
    },
    "client_001": {
        "attacker_000": 0.14270619678040897,
        "client_000": 0.9605630062408711,
        "client_001": 0.9642857142857143,
        "client_002": 0.9608389751758928,
        "client_003": 0.9645427885897093,
        "client_004": 0.9629038691663343,
        "client_005": 0.20082481620943157,
        "client_006": 0.20360161705255422,
        "client_007": 0.20921450151057397,
        "client_008": 0.21062547098718915,
        "client_009": 0.2059600150886458,
        "client_010": 0.1436272383666894,
        "client_011": 0.1638968481375358,
        "client_012": 0.1415272284758138,
        "client_013": 0.14579629159258317,
        "client_014": 0.10820547031354236,
        "client_015": 0.10806117678487943,
        "client_016": 0.10821294810058854,
        "client_017": 0.1036317679925502,
        "client_018": 0.10793142552197985
    },
    "client_002": {
        "attacker_000": 0.1359199459758119,
        "client_000": 0.9605369127516779,
        "client_001": 0.9622261056593627,
        "client_002": 0.9607948442534908,
        "client_003": 0.96104245029554,
        "client_004": 0.9613215149073328,
        "client_005": 0.21103202846975092,
        "client_006": 0.21599999999999997,
        "client_007": 0.22172452407614782,
        "client_008": 0.22226365840014914,
        "client_009": 0.21778109824430333,
        "client_010": 0.14032901296111666,
        "client_011": 0.15753863684922728,
        "client_012": 0.13661800486618006,
        "client_013": 0.1382200262680593,
        "client_014": 0.10545212765957446,
        "client_015": 0.10541026152924736,
        "client_016": 0.10556481172942353,
        "client_017": 0.10271703114645461,
        "client_018": 0.10527015351897388
    },
    "client_003": {
        "attacker_000": 0.14209763170613823,
        "client_000": 0.9597876575978767,
        "client_001": 0.9616817456093667,
        "client_002": 0.9593949044585989,
        "client_003": 0.9614361702127661,
        "client_004": 0.9608077587352198,
        "client_005": 0.21294810058855004,
        "client_006": 0.2158220925993438,
        "client_007": 0.2216795040390757,
        "client_008": 0.22272215973003373,
        "client_009": 0.21533258173618938,
        "client_010": 0.14469966834541212,
        "client_011": 0.1658979635279926,
        "client_012": 0.14322003145034473,
        "client_013": 0.14535064289707433,
        "client_014": 0.10655737704918032,
        "client_015": 0.10641813735210523,
        "client_016": 0.10662957811775614,
        "client_017": 0.10248979054143063,
        "client_018": 0.10650105708245243
    },
    "client_004": {
        "attacker_000": 0.13956318062906856,
        "client_000": 0.9604398551696393,
        "client_001": 0.962654486835035,
        "client_002": 0.961244468284833,
        "client_003": 0.9612340710932261,
        "client_004": 0.9612236683214812,
        "client_005": 0.21136767317939606,
        "client_006": 0.21869295363271268,
        "client_007": 0.22284644194756553,
        "client_008": 0.2242186037806476,
        "client_009": 0.22031366691560866,
        "client_010": 0.1425849671194149,
        "client_011": 0.16294405445649862,
        "client_012": 0.14001207000603502,
        "client_013": 0.1431156029696176,
        "client_014": 0.10376726102694729,
        "client_015": 0.1038647342995169,
        "client_016": 0.10409670920080591,
        "client_017": 0.10018056577275462,
        "client_018": 0.10364014211972916
    },
    "client_005": {
        "attacker_000": 0.6825161846262622,
        "client_000": 0.5038603776033219,
        "client_001": 0.5044396914900512,
        "client_002": 0.5050714540328591,
        "client_003": 0.5047739262711589,
        "client_004": 0.5043258481578691,
        "client_005": 0.9622929936305733,
        "client_006": 0.9621723514277709,
        "client_007": 0.9627955940123758,
        "client_008": 0.9631697571970086,
        "client_009": 0.9634729000770614,
        "client_010": 0.6851033751546209,
        "client_011": 0.6838786752505476,
        "client_012": 0.6881223015243635,
        "client_013": 0.6844062693704064,
        "client_014": 0.010491128824890717,
        "client_015": 0.010524143623607098,
        "client_016": 0.010756543564001434,
        "client_017": 0.010620746545679521,
        "client_018": 0.01027643613194944
    },
    "client_006": {
        "attacker_000": 0.6828610583086513,
        "client_000": 0.49632844881041743,
        "client_001": 0.49755557004106643,
        "client_002": 0.497930450086367,
        "client_003": 0.4975250748990491,
        "client_004": 0.4973927779950463,
        "client_005": 0.9606331376053102,
        "client_006": 0.9610813567967355,
        "client_007": 0.9618646245567147,
        "client_008": 0.9617564829302075,
        "client_009": 0.9622961781801347,
        "client_010": 0.6850325858831328,
        "client_011": 0.6842757278116981,
        "client_012": 0.6877093986951155,
        "client_013": 0.6848526448641586,
        "client_014": 0.012049433573635427,
        "client_015": 0.012085528354508832,
        "client_016": 0.012327289537213005,
        "client_017": 0.011970486559001084,
        "client_018": 0.0120395143033546
    },
    "client_007": {
        "attacker_000": 0.6823727015558698,
        "client_000": 0.50638256406925,
        "client_001": 0.5072195723417373,
        "client_002": 0.5074965924579737,
        "client_003": 0.5071444772057155,
        "client_004": 0.5070870228017256,
        "client_005": 0.9625445292620866,
        "client_006": 0.9628442816815442,
        "client_007": 0.9629250044838453,
        "client_008": 0.963216686690013,
        "client_009": 0.9635440701430549,
        "client_010": 0.6855337575114882,
        "client_011": 0.6842861882118766,
        "client_012": 0.6883099709071674,
        "client_013": 0.6848350675226921,
        "client_014": 0.009362139917695472,
        "client_015": 0.0093964582580412,
        "client_016": 0.009433962264150943,
        "client_017": 0.00949481397388926,
        "client_018": 0.009356364384125026
    },
    "client_008": {
        "attacker_000": 0.6834268545928512,
        "client_000": 0.5017094852007423,