{
    "attacker_000": {
        "attacker_000": 0.5288595374181894,
        "client_000": 0.6566281834343608,
        "client_001": 0.6570933293384981,
        "client_002": 0.6562453093170365,
        "client_003": 0.6548577332013258,
        "client_004": 0.6570645893078799,
        "client_005": 0.162751677852349,
        "client_006": 0.162751677852349,
        "client_007": 0.1404301075268817,
        "client_008": 0.16084099868593957,
        "client_009": 0.16298081962058483,
        "client_010": 0.6662074435886196,
        "client_011": 0.6662631743712825,
        "client_012": 0.6663049149535636,
        "client_013": 0.666277055373505,
        "client_014": 0.5497983245423519,
        "client_015": 0.5482210532269924,
        "client_016": 0.561119819596843,
        "client_017": 0.5198534270439118,
        "client_018": 0.5307787101695909
    },
    "client_000": {
        "attacker_000": 0.35639693399866246,
        "client_000": 0.9765795206971678,
        "client_001": 0.9759281925744594,
        "client_002": 0.9759085340955491,
        "client_003": 0.9765858970868501,
        "client_004": 0.9764593822288747,
        "client_005": 0.09777015437392794,
        "client_006": 0.11448701012769703,
        "client_007": 0.09971447397320449,
        "client_008": 0.1911262798634812,
        "client_009": 0.16765704584040747,
        "client_010": 0.16325976845151954,
        "client_011": 0.30031577197939174,
        "client_012": 0.3001318174328555,
        "client_013": 0.1656430470253919,
        "client_014": 0.10105517033463973,
        "client_015": 0.10316428261811876,
        "client_016": 0.10247567434413105,
        "client_017": 0.10053230099201549,
        "client_018": 0.09883411256436055
    },
    "client_001": {
        "attacker_000": 0.3658836803774746,
        "client_000": 0.9783503785363263,
        "client_001": 0.9777247414478918,
        "client_002": 0.9781138081973736,
        "client_003": 0.9783676177836762,
        "client_004": 0.9781080005307151,
        "client_005": 0.09911429776465626,
        "client_006": 0.11342894393741852,
        "client_007": 0.10268630849220103,
        "client_008": 0.20004176237210272,
        "client_009": 0.17151162790697672,
        "client_010": 0.1673227455771232,
        "client_011": 0.3071754458730817,
        "client_012": 0.30700275504749375,
        "client_013": 0.1704613403247321,
        "client_014": 0.09879227053140095,
        "client_015": 0.10199529061841615,
        "client_016": 0.10112566894260934,
        "client_017": 0.09918560836270816,
        "client_018": 0.09752925877763328
    },
    "client_002": {
        "attacker_000": 0.3622907309105758,
        "client_000": 0.976725521669342,
        "client_001": 0.9767504008551579,
        "client_002": 0.9767379679144386,
        "client_003": 0.9771359807460891,
        "client_004": 0.9770237777184078,
        "client_005": 0.10111181036291168,
        "client_006": 0.11156579797544691,
        "client_007": 0.10386266094420601,
        "client_008": 0.21571458032584037,
        "client_009": 0.18054985638079604,
        "client_010": 0.16358246496586418,
        "client_011": 0.30396966074446596,
        "client_012": 0.3027305428384566,
        "client_013": 0.16567993442025689,
        "client_014": 0.09789956542732979,
        "client_015": 0.10011756698224118,
        "client_016": 0.09861059879503258,
        "client_017": 0.09782411055215469,
        "client_018": 0.09573964497041419
    },
    "client_003": {
        "attacker_000": 0.3596160611085984,
        "client_000": 0.9777133060793881,
        "client_001": 0.9768421052631578,
        "client_002": 0.9766829139770782,
        "client_003": 0.9772038476742654,
        "client_004": 0.9772278530999078,
        "client_005": 0.09901817422185083,
        "client_006": 0.11172945205479452,
        "client_007": 0.10044881384911306,
        "client_008": 0.2041401926624308,
        "client_009": 0.17594108019639934,
        "client_010": 0.1679764243614931,
        "client_011": 0.30750933027109045,
        "client_012": 0.30707827645190194,
        "client_013": 0.17014722536806343,
        "client_014": 0.09861177596936331,
        "client_015": 0.10108214461387112,
        "client_016": 0.09990217657128883,
        "client_017": 0.09868816945480803,
        "client_018": 0.09718127137634155
    },
    "client_004": {
        "attacker_000": 0.35969023843488895,
        "client_000": 0.9778548559231591,
        "client_001": 0.9773755656108597,
        "client_002": 0.9772151898734177,
        "client_003": 0.9778725673153826,
        "client_004": 0.977760021307764,
        "client_005": 0.10405348934391977,
        "client_006": 0.12182522600086096,
        "client_007": 0.10800344234079175,
        "client_008": 0.21000413393964446,
        "client_009": 0.17972444992802797,
        "client_010": 0.16402567670691745,
        "client_011": 0.3041402584574862,
        "client_012": 0.3033395933698049,
        "client_013": 0.16658313209094636,
        "client_014": 0.09587797348828764,
        "client_015": 0.09884371503170458,
        "client_016": 0.09759407772979642,
        "client_017": 0.09580619636009495,
        "client_018": 0.0940896940896941
    },
    "client_005": {
        "attacker_000": 0.6480563062394203,
        "client_000": 0.511829908601802,
        "client_001": 0.5169040007749686,
        "client_002": 0.5166085045883417,
        "client_003": 0.49672431865828093,
        "client_004": 0.5165079877360013,
        "client_005": 0.9755832881172002,
        "client_006": 0.975964023570764,
        "client_007": 0.9778654280302048,
        "client_008": 0.9771973466003316,
        "client_009": 0.9758855726531034,
        "client_010": 0.679341783411163,
        "client_011": 0.6876816060579378,
        "client_012": 0.6897704283578151,
        "client_013": 0.6803853084469756,
        "client_014": 0.10365853658536585,
        "client_015": 0.10343345589990927,
        "client_016": 0.025883524141363863,
        "client_017": 0.10768645357686454,
        "client_018": 0.10290955998280062
    },
    "client_006": {
        "attacker_000": 0.6455779073919772,
        "client_000": 0.5045156662645496,
        "client_001": 0.5103425880824809,
        "client_002": 0.5099925259155753,
        "client_003": 0.48922570016474465,
        "client_004": 0.5096219373681649,
        "client_005": 0.9743868083016721,
        "client_006": 0.974551285366989,
        "client_007": 0.9767031140430615,
        "client_008": 0.976210859470257,
        "client_009": 0.9743894253110962,
        "client_010": 0.6796548349790944,
        "client_011": 0.6879154743561523,
        "client_012": 0.6895914461091677,
        "client_013": 0.6798141272205794,
        "client_014": 0.10338885697874783,
        "client_015": 0.10249520153550865,
        "client_016": 0.026578737010391686,
        "client_017": 0.10920198549064529,
        "client_018": 0.10329449000143864
    },
    "client_007": {
        "attacker_000": 0.6471216617210682,
        "client_000": 0.5142783054033905,
        "client_001": 0.5188679245283019,
        "client_002": 0.5187962633739535,
        "client_003": 0.4988696307460436,
        "client_004": 0.5183247763892925,
        "client_005": 0.9744581045903244,
        "client_006": 0.9753115083971828,
        "client_007": 0.9763217141526279,
        "client_008": 0.9766503762314792,
        "client_009": 0.9750972161417425,
        "client_010": 0.6804197047839232,
        "client_011": 0.688622754491018,
        "client_012": 0.6902830001979022,
        "client_013": 0.6815401383544275,
        "client_014": 0.09989514822228578,
        "client_015": 0.09921146953405018,
        "client_016": 0.024566114675021136,
        "client_017": 0.10361560418648907,
        "client_018": 0.09931654160493236
    },
    "client_008": {
        "attacker_000": 0.6495218863217913,
        "client_000": 0.510298226236112,