{
    "attacker_000": {
        "attacker_000": 0.6112439607632619,
        "client_000": 0.6568755486094756,
        "client_001": 0.6586716653175988,
        "client_002": 0.657636678274617,
        "client_003": 0.657786316575942,
        "client_004": 0.6575951124687587,
        "client_005": 0.1467576791808874,
        "client_006": 0.1478168264110756,
        "client_007": 0.1493806815161342,
        "client_008": 0.14215159974232341,
        "client_009": 0.146643203754066,
        "client_010": 0.6662074435886196,
        "client_011": 0.6662074723439783,
        "client_012": 0.6662631491066955,
        "client_013": 0.666221350144032,
        "client_014": 0.5535045029926722,
        "client_015": 0.5615452247499726,
        "client_016": 0.5630599775324,
        "client_017": 0.5330875899596279,
        "client_018": 0.5744317575498878
    },
    "client_000": {
        "attacker_000": 0.3662119073754639,
        "client_000": 0.9761807540492718,
        "client_001": 0.9765922700054438,
        "client_002": 0.9764529740029944,
        "client_003": 0.9761937151407972,
        "client_004": 0.9765858970868501,
        "client_005": 0.1908475271906423,
        "client_006": 0.1657413119473576,
        "client_007": 0.19639357114856917,
        "client_008": 0.09748700173310225,
        "client_009": 0.15687103594080337,
        "client_010": 0.16328713400775435,
        "client_011": 0.16502629095321558,
        "client_012": 0.16533687943262412,
        "client_013": 0.16720875899033397,
        "client_014": 0.10202706840590361,
        "client_015": 0.10308511956387065,
        "client_016": 0.10206591244466305,
        "client_017": 0.10245648685347489,
        "client_018": 0.09689298043728423
    },
    "client_001": {
        "attacker_000": 0.37497395290685553,
        "client_000": 0.9774535809018567,
        "client_001": 0.9781080005307151,
        "client_002": 0.9779723991507431,
        "client_003": 0.977459559798462,
        "client_004": 0.9783733581000397,
        "client_005": 0.19927536231884058,
        "client_006": 0.17389558232931726,
        "client_007": 0.2041522491349481,
        "client_008": 0.09931798806479113,
        "client_009": 0.1659062629614268,
        "client_010": 0.16641371306133382,
        "client_011": 0.16790256617680105,
        "client_012": 0.1685816955769487,
        "client_013": 0.1715546566148754,
        "client_014": 0.10043480923510319,
        "client_015": 0.1014007685632825,
        "client_016": 0.10058953574060428,
        "client_017": 0.10072208850212924,
        "client_018": 0.09466367970589926
    },
    "client_002": {
        "attacker_000": 0.37022070251787387,
        "client_000": 0.9760727175511295,
        "client_001": 0.9769930444087748,
        "client_002": 0.9764642952661139,
        "client_003": 0.9766011498863484,
        "client_004": 0.9772605671482076,
        "client_005": 0.21329639889196675,
        "client_006": 0.18396320735852828,
        "client_007": 0.21606227453958615,
        "client_008": 0.1016949152542373,
        "client_009": 0.17171093267449042,
        "client_010": 0.16331056506697417,
        "client_011": 0.16456714017689628,
        "client_012": 0.16436299403841906,
        "client_013": 0.16730418943533698,
        "client_014": 0.09864922681987655,
        "client_015": 0.09972779015095273,
        "client_016": 0.09853185085078936,
        "client_017": 0.09880350314542989,
        "client_018": 0.09380408445829007
    },
    "client_003": {
        "attacker_000": 0.36963730041320203,
        "client_000": 0.9765419082762257,
        "client_001": 0.9772038476742654,
        "client_002": 0.9769403083410199,
        "client_003": 0.9766829139770782,
        "client_004": 0.9770690564048499,
        "client_005": 0.2049147839873167,
        "client_006": 0.18109768179116303,
        "client_007": 0.2122186495176849,
        "client_008": 0.09869802603947922,
        "client_009": 0.16847270496830916,
        "client_010": 0.16769638128861428,
        "client_011": 0.1694146926803253,
        "client_012": 0.16938883034773444,
        "client_013": 0.17159923975020366,
        "client_014": 0.10009718172983478,
        "client_015": 0.10071854080943314,
        "client_016": 0.09956683545848333,
        "client_017": 0.10026934378060726,
        "client_018": 0.09529283292143227
    },
    "client_004": {
        "attacker_000": 0.3686769421744078,
        "client_000": 0.9772091163534586,
        "client_001": 0.9780205141867591,
        "client_002": 0.9776179056754596,
        "client_003": 0.9776179056754596,
        "client_004": 0.9778725673153826,
        "client_005": 0.20897894318633292,
        "client_006": 0.18359608860506882,
        "client_007": 0.21816105082809822,
        "client_008": 0.10415348935273035,
        "client_009": 0.17115819790166634,
        "client_010": 0.1635236830455954,
        "client_011": 0.1655147812904089,
        "client_012": 0.16509724544574494,
        "client_013": 0.16810776372076092,
        "client_014": 0.09742331288343559,
        "client_015": 0.09842177208897725,
        "client_016": 0.09741661014859117,
        "client_017": 0.09755493655215104,
        "client_018": 0.09174734900875982
    },
    "client_005": {
        "attacker_000": 0.4925214385428438,
        "client_000": 0.5168930910968409,
        "client_001": 0.5190559102340878,
        "client_002": 0.520548827621747,
        "client_003": 0.5175976751695189,
        "client_004": 0.5170186656332751,
        "client_005": 0.9718666116043773,
        "client_006": 0.9699350432617012,
        "client_007": 0.9716408351479442,
        "client_008": 0.9701873276817232,
        "client_009": 0.9720589751520775,
        "client_010": 0.6798710681338223,
        "client_011": 0.6870023599991177,
        "client_012": 0.6893105573655014,
        "client_013": 0.679309961046188,
        "client_014": 0.02583412298638472,
        "client_015": 0.025936455683575242,
        "client_016": 0.02196694881096332,
        "client_017": 0.0262043541075076,
        "client_018": 0.024846579853315374
    },
    "client_006": {
        "attacker_000": 0.4917607973421927,
        "client_000": 0.5100749537622895,
        "client_001": 0.5133208011927141,
        "client_002": 0.5150328489595132,
        "client_003": 0.5104433977586487,
        "client_004": 0.510309445725233,
        "client_005": 0.9707689924082011,
        "client_006": 0.9690493925461691,
        "client_007": 0.9705799369020441,
        "client_008": 0.9697610815831571,
        "client_009": 0.9711206229694188,
        "client_010": 0.67994752873691,
        "client_011": 0.6875206666225779,
        "client_012": 0.6890415785764623,
        "client_013": 0.6792478023812174,
        "client_014": 0.027627627627627632,
        "client_015": 0.027435666366276156,
        "client_016": 0.023511604439959637,
        "client_017": 0.027394521095780843,
        "client_018": 0.026730740351404114
    },
    "client_007": {
        "attacker_000": 0.49275458434194386,
        "client_000": 0.518724173553719,
        "client_001": 0.5207008938655653,
        "client_002": 0.522313516996939,
        "client_003": 0.51954513148543,
        "client_004": 0.5189636234412354,
        "client_005": 0.9711402311870866,
        "client_006": 0.969901892978816,
        "client_007": 0.9709904153354632,
        "client_008": 0.9702552490736928,
        "client_009": 0.9717915091671167,
        "client_010": 0.6807716241443684,
        "client_011": 0.6878362882596807,
        "client_012": 0.6895108899116915,
        "client_013": 0.6803747468678372,
        "client_014": 0.024941387738813787,
        "client_015": 0.025036157797616077,
        "client_016": 0.02116295475158722,
        "client_017": 0.025196693556418685,
        "client_018": 0.023065401897154267
    },
    "client_008": {
        "attacker_000": 0.49080122650313296,
        "client_000": 0.51502701303743,