{
    "attacker_000": {
        "attacker_000": 0.009507744211010583,
        "attacker_001": 0.00950920245398773,
        "client_000": 0.3335204640842623,
        "client_001": 0.33355453507817273,
        "client_002": 0.333563756248006,
        "client_003": 0.3335368605484616,
        "client_004": 0.3335279133941838,
        "client_005": 0.16465028355387526,
        "client_006": 0.17056825484255944,
        "client_007": 0.15516561514195581,
        "client_008": 0.15460558791588508,
        "client_009": 0.16091292673571153,
        "client_010": 0.33358522031425075,
        "client_011": 0.3335244150294439,
        "client_012": 0.3335244150294439,
        "client_013": 0.3212168864158703,
        "client_014": 0.3213961097982185,
        "client_015": 0.31819899244332495,
        "client_016": 0.3020970595986597,
        "client_017": 0.3239779646274283
    },
    "attacker_001": {
        "attacker_000": 0.00982800982800983,
        "attacker_001": 0.009826500844464917,
        "client_000": 0.3346263944995853,
        "client_001": 0.335423530662132,
        "client_002": 0.33524904214559387,
        "client_003": 0.3355301621047037,
        "client_004": 0.33542286442838926,
        "client_005": 0.16626190920978892,
        "client_006": 0.1703017084696474,
        "client_007": 0.15380116959064327,
        "client_008": 0.1538161233652157,
        "client_009": 0.16116799393249906,
        "client_010": 0.3333246475753706,
        "client_011": 0.33328121742755895,
        "client_012": 0.33327253302759463,
        "client_013": 0.32314781132533044,
        "client_014": 0.3228138383500896,
        "client_015": 0.31986361914383127,
        "client_016": 0.30748340374170186,
        "client_017": 0.3257270434051437
    },
    "client_000": {
        "attacker_000": 0.09895935597879442,
        "attacker_001": 0.03654223968565815,
        "client_000": 0.9662555901883724,
        "client_001": 0.9616905248807089,
        "client_002": 0.9610248023984737,
        "client_003": 0.9618424638866176,
        "client_004": 0.9680994863476615,
        "client_005": 0.2000391466040321,
        "client_006": 0.20039370078740157,
        "client_007": 0.20003937783028156,
        "client_008": 0.20462311557788943,
        "client_009": 0.20515920999596937,
        "client_010": 0.12194587487673936,
        "client_011": 0.1093493183795804,
        "client_012": 0.11308171845551637,
        "client_013": 0.10318891030024244,
        "client_014": 0.10226082671102076,
        "client_015": 0.10355177588794397,
        "client_016": 0.10621410595599148,
        "client_017": 0.10191082802547773
    },
    "client_001": {
        "attacker_000": 0.1026186104937675,
        "attacker_001": 0.032089696501063206,
        "client_000": 0.9685517970401691,
        "client_001": 0.9646652497343252,
        "client_002": 0.9646652497343252,
        "client_003": 0.9649309245483528,
        "client_004": 0.9706308441986039,
        "client_005": 0.20294286260271358,
        "client_006": 0.2047637341529005,
        "client_007": 0.20477290223248654,
        "client_008": 0.2107737512242899,
        "client_009": 0.20845624385447398,
        "client_010": 0.12669932302273101,
        "client_011": 0.11284781030728283,
        "client_012": 0.11731002670551105,
        "client_013": 0.10186799501867995,
        "client_014": 0.10138760407030527,
        "client_015": 0.10219160926737633,
        "client_016": 0.10477359343711647,
        "client_017": 0.09987148889296861
    },
    "client_002": {
        "attacker_000": 0.10851966075558983,
        "attacker_001": 0.03591645520203006,
        "client_000": 0.9657188413499868,
        "client_001": 0.9621303358758196,
        "client_002": 0.9616258858136115,
        "client_003": 0.9617544798074352,
        "client_004": 0.967502321262767,
        "client_005": 0.2169362511893435,
        "client_006": 0.21834897529208966,
        "client_007": 0.21855828220858897,
        "client_008": 0.2234789391575663,
        "client_009": 0.22270058708414875,
        "client_010": 0.12154635797750356,
        "client_011": 0.10910320834943951,
        "client_012": 0.11323118435000482,
        "client_013": 0.09995648660409026,
        "client_014": 0.09921638798050225,
        "client_015": 0.10030642236257895,
        "client_016": 0.1025872055605612,
        "client_017": 0.09874425727411945
    },
    "client_003": {
        "attacker_000": 0.10820278291330156,
        "attacker_001": 0.03452243958573073,
        "client_000": 0.9689800210304942,
        "client_001": 0.9626588983050848,
        "client_002": 0.9620219663887786,
        "client_003": 0.9627863859091511,
        "client_004": 0.9704840613931524,
        "client_005": 0.21488230827638574,
        "client_006": 0.21598931501621832,
        "client_007": 0.21515613099771516,
        "client_008": 0.2206225680933852,
        "client_009": 0.2209642787429241,
        "client_010": 0.12807881773399016,
        "client_011": 0.11457036114570361,
        "client_012": 0.1198780255384029,
        "client_013": 0.10061804697156983,
        "client_014": 0.10007972036548722,
        "client_015": 0.10124378109452735,
        "client_016": 0.10354991669870564,
        "client_017": 0.0995254897189439
    },
    "client_004": {
        "attacker_000": 0.1095573343620407,
        "attacker_001": 0.03611911623439001,
        "client_000": 0.9664589685801406,
        "client_001": 0.9620625166978359,
        "client_002": 0.9606404269513009,
        "client_003": 0.9618157543391188,
        "client_004": 0.9689112316443975,
        "client_005": 0.21914691943127962,
        "client_006": 0.22124401913875597,
        "client_007": 0.2213725865035366,
        "client_008": 0.22451361867704275,
        "client_009": 0.22556684910086006,
        "client_010": 0.1251761135797117,
        "client_011": 0.11163815820995641,
        "client_012": 0.1169260234618147,
        "client_013": 0.0988963023009291,
        "client_014": 0.09808893561753972,
        "client_015": 0.0989093644227153,
        "client_016": 0.10101010101010102,
        "client_017": 0.09754299754299754
    },
    "client_005": {
        "attacker_000": 0.2924111692370405,
        "attacker_001": 0.31120584652862365,
        "client_000": 0.5173299101412068,
        "client_001": 0.5190648750921977,
        "client_002": 0.5187066083826176,
        "client_003": 0.5217975371821525,
        "client_004": 0.5186323472915867,
        "client_005": 0.9649194370793392,
        "client_006": 0.9653300558201464,
        "client_007": 0.9650328137817884,
        "client_008": 0.9641823907422105,
        "client_009": 0.9647831328391515,
        "client_010": 0.6855354230040118,
        "client_011": 0.688760933585337,
        "client_012": 0.6845904244752002,
        "client_013": 0.017957124842370744,
        "client_014": 0.024233283056812466,
        "client_015": 0.024444220903329646,
        "client_016": 0.018554933696364642,
        "client_017": 0.02501883948756594
    },
    "client_006": {
        "attacker_000": 0.2935188327112317,
        "attacker_001": 0.31474640358120737,
        "client_000": 0.5105682661589596,
        "client_001": 0.5139394720727108,
        "client_002": 0.5136523734126087,
        "client_003": 0.5171183334940689,
        "client_004": 0.5131341746072625,
        "client_005": 0.963384741088755,
        "client_006": 0.9640191829302694,
        "client_007": 0.9637119540111893,
        "client_008": 0.9623038260334392,
        "client_009": 0.9633378722092336,
        "client_010": 0.6859962985811229,
        "client_011": 0.6883696392851648,
        "client_012": 0.6854924108718673,
        "client_013": 0.020810182846752196,
        "client_014": 0.02638336438245809,
        "client_015": 0.026299879081015717,
        "client_016": 0.021101519511333232,
        "client_017": 0.027164344282911614
    },
    "client_007": {
        "attacker_000": 0.29274084124830396,