{
    "attacker_0": {
        "attacker_0": 0.0,
        "attacker_1": 0.0,
        "attacker_2": 0.0,
        "attacker_3": 0.0,
        "client_0": 0.0,
        "client_1": 0.0,
        "client_2": 0.0,
        "client_3": 0.0,
        "client_4": 0.0,
        "client_5": 0.0,
        "client_6": 0.0,
        "client_7": 0.0
    },
    "attacker_1": {
        "attacker_0": 0.0,
        "attacker_1": 0.0,
        "attacker_2": 0.0,
        "attacker_3": 0.0,
        "client_0": 0.0,
        "client_1": 0.0,
        "client_2": 0.0,
        "client_3": 0.0,
        "client_4": 0.0,
        "client_5": 0.0,
        "client_6": 0.0,
        "client_7": 0.0
    },
    "attacker_2": {
        "attacker_0": 0.0,
        "attacker_1": 0.0,
        "attacker_2": 0.0,
        "attacker_3": 0.0,
        "client_0": 0.0,
        "client_1": 0.0,
        "client_2": 0.0,
        "client_3": 0.0,
        "client_4": 0.0,
        "client_5": 0.0,
        "client_6": 0.0,
        "client_7": 0.0
    },
    "attacker_3": {
        "attacker_0": 0.0,
        "attacker_1": 0.0,
        "attacker_2": 0.0,
        "attacker_3": 0.0,
        "client_0": 0.0,
        "client_1": 0.0,
        "client_2": 0.0,
        "client_3": 0.0,
        "client_4": 0.0,
        "client_5": 0.0,
        "client_6": 0.0,
        "client_7": 0.0
    },
    "client_0": {
        "attacker_0": 0.22298291124007166,
        "attacker_1": 0.37754337988735887,
        "attacker_2": 0.29211788896504454,
        "attacker_3": 0.6254292688981754,
        "client_0": 0.000200648093341493,
        "client_1": 0.00018059053103648934,
        "client_2": 0.22465665580078018,
        "client_3": 0.7701306874976861,
        "client_4": 0.2132831406292014,
        "client_5": 0.8139241560666818,
        "client_6": 0.759376128060545,
        "client_7": 0.7490382382658792
    },
    "client_1": {
        "attacker_0": 0.02809322201558976,
        "attacker_1": 0.20034489296580865,
        "attacker_2": 0.02189100146866193,
        "attacker_3": 0.27317461967633505,
        "client_0": 0.000200648093341493,
        "client_1": 0.00024077046548956664,
        "client_2": 0.2082498134848226,
        "client_3": 0.7740015006703815,
        "client_4": 0.037085544909354104,
        "client_5": 0.7715146697232442,
        "client_6": 0.7630871941874677,
        "client_7": 0.7043950758511317
    },
    "client_2": {
        "attacker_0": 0.033808769149498145,
        "attacker_1": 0.031038467888393595,
        "attacker_2": 0.05966235043435503,
        "attacker_3": 0.04995134609146935,
        "client_0": 0.0848407235473027,
        "client_1": 0.05734058329214038,
        "client_2": 0.1556106633601984,
        "client_3": 0.14502065167508033,
        "client_4": 0.11988074690098853,
        "client_5": 0.06308370044052863,
        "client_6": 0.011858377096391665,
        "client_7": 0.0029313232830820773
    },
    "client_3": {
        "attacker_0": 0.03693281744635948,
        "attacker_1": 0.034684008671002166,
        "attacker_2": 0.06179301029883505,
        "attacker_3": 0.05340852546027534,
        "client_0": 0.0854330051727015,
        "client_1": 0.06742334406234118,
        "client_2": 0.15192370930614932,
        "client_3": 0.15456053067993367,
        "client_4": 0.1314351928488661,
        "client_5": 0.06000718648939993,
        "client_6": 0.019574175824175827,
        "client_7": 0.009847998287304646
    },
    "client_4": {
        "attacker_0": 0.034532897128316975,
        "attacker_1": 0.034151193633952255,
        "attacker_2": 0.06013802168912257,
        "attacker_3": 0.050436469447138706,
        "client_0": 0.07673469387755102,
        "client_1": 0.058881905391994706,
        "client_2": 0.14897233812393756,
        "client_3": 0.13827781269641734,
        "client_4": 0.1176657656225155,
        "client_5": 0.05680990531682448,
        "client_6": 0.013392070484581499,
        "client_7": 0.006191950464396285
    },
    "client_5": {
        "attacker_0": 0.185053184141456,
        "attacker_1": 0.2090081247614374,
        "attacker_2": 0.23447330214550732,
        "attacker_3": 0.20763446289902146,
        "client_0": 0.16537547196196334,
        "client_1": 0.21652413905619078,
        "client_2": 0.23115118078449842,
        "client_3": 0.23331676317663338,
        "client_4": 0.2913929681707619,
        "client_5": 0.16577412995148144,
        "client_6": 0.16502314911949423,
        "client_7": 0.11482649842271293
    },
    "client_6": {
        "attacker_0": 0.2251096182469126,
        "attacker_1": 0.21056900677292453,
        "attacker_2": 0.23750216455982842,
        "attacker_3": 0.20794759352498512,
        "client_0": 0.16847886386330854,
        "client_1": 0.22466077648229582,
        "client_2": 0.23312539239390334,
        "client_3": 0.2352218885552219,
        "client_4": 0.2891323185163151,
        "client_5": 0.16674772458834156,
        "client_6": 0.1659020769038285,
        "client_7": 0.11582351516532986
    },
    "client_7": {
        "attacker_0": 0.20749153652943103,
        "attacker_1": 0.20409503996496223,
        "attacker_2": 0.21384884228920928,
        "attacker_3": 0.21405994550408722,
        "client_0": 0.6078086829811854,
        "client_1": 0.6055411769697485,
        "client_2": 0.09852330410706046,
        "client_3": 0.10553905294426001,
        "client_4": 0.09145845438698431,
        "client_5": 0.16044839494989524,
        "client_6": 0.6111539450012851,
        "client_7": 0.051073985680190934
    }
}