{
    "attacker_000": {
        "attacker_000": 0.9834820768206696,
        "attacker_001": 0.9835359842260927,
        "attacker_002": 0.9835877047429726,
        "client_000": 0.9668180116844864,
        "client_001": 0.9656155815536183,
        "client_002": 0.9650934677929279,
        "client_003": 0.9655988203457943,
        "client_004": 0.9656605672906756,
        "client_005": 0.05402695079912253,
        "client_006": 0.05396089245424919,
        "client_007": 0.05419290166964258,
        "client_008": 0.05396258343517909,
        "client_009": 0.05414551607445008,
        "client_010": 0.9784529679195748,
        "client_011": 0.9784379952297866,
        "client_012": 0.9617641587607597,
        "client_013": 0.9564138306191139,
        "client_014": 0.9512403471605275,
        "client_015": 0.9011446409989594,
        "client_016": 0.960075884614733
    },
    "attacker_001": {
        "attacker_000": 0.9827129628106649,
        "attacker_001": 0.9826684644983062,
        "attacker_002": 0.9826701742847748,
        "client_000": 0.9656430129937799,
        "client_001": 0.9647600668147835,
        "client_002": 0.9645406177004932,
        "client_003": 0.9648272171501775,
        "client_004": 0.964875227449961,
        "client_005": 0.058725935201126934,
        "client_006": 0.05878486242839704,
        "client_007": 0.05877382405407944,
        "client_008": 0.05860071998747848,
        "client_009": 0.05878302241141856,
        "client_010": 0.9782260646813961,
        "client_011": 0.9781947424033812,
        "client_012": 0.9618000338352225,
        "client_013": 0.9565010373091181,
        "client_014": 0.9520979558379016,
        "client_015": 0.9026615288108254,
        "client_016": 0.96018298881735
    },
    "attacker_002": {
        "attacker_000": 0.983249415868628,
        "attacker_001": 0.9831082748071515,
        "attacker_002": 0.9832911225865868,
        "client_000": 0.966978294447606,
        "client_001": 0.9656881804043547,
        "client_002": 0.9653674742727495,
        "client_003": 0.9657887063854601,
        "client_004": 0.9661203959110822,
        "client_005": 0.053676932746700184,
        "client_006": 0.05367524590679112,
        "client_007": 0.053782357376225186,
        "client_008": 0.053736408773804284,
        "client_009": 0.053736408773804284,
        "client_010": 0.9782758344673016,
        "client_011": 0.978213193744097,
        "client_012": 0.9606475209970199,
        "client_013": 0.9549478989307362,
        "client_014": 0.9504053083421691,
        "client_015": 0.9015711313580602,
        "client_016": 0.9588831970689012
    },
    "client_000": {
        "attacker_000": 0.1355864011265339,
        "attacker_001": 0.1275599765944997,
        "attacker_002": 0.17957812208325555,
        "client_000": 0.9651305893614112,
        "client_001": 0.9671997831390621,
        "client_002": 0.967846967846968,
        "client_003": 0.9652625820568929,
        "client_004": 0.9655361050328227,
        "client_005": 0.10758801661928713,
        "client_006": 0.07947310647639955,
        "client_007": 0.2060803917567843,
        "client_008": 0.19866722199083717,
        "client_009": 0.12652705061082026,
        "client_010": 0.1461023908868137,
        "client_011": 0.12785335485358545,
        "client_012": 0.10286918262378386,
        "client_013": 0.10056271555636231,
        "client_014": 0.10114469141784264,
        "client_015": 0.10602843723862833,
        "client_016": 0.09576824765691565
    },
    "client_001": {
        "attacker_000": 0.13559322033898305,
        "attacker_001": 0.12846544318625538,
        "attacker_002": 0.18195266272189348,
        "client_000": 0.9663519084984705,
        "client_001": 0.9652540142142668,
        "client_002": 0.9662536250988664,
        "client_003": 0.9667287729571467,
        "client_004": 0.9667464751263634,
        "client_005": 0.11303789338471419,
        "client_006": 0.08370895041854474,
        "client_007": 0.21063109695401155,
        "client_008": 0.19803600654664483,
        "client_009": 0.12767780634104542,
        "client_010": 0.15116509340550532,
        "client_011": 0.13410807669959324,
        "client_012": 0.10145375811939374,
        "client_013": 0.09844184080202922,
        "client_014": 0.09920754945254372,
        "client_015": 0.10409161091096243,
        "client_016": 0.09389191643960035
    },
    "client_002": {
        "attacker_000": 0.12159745678521756,
        "attacker_001": 0.11249030256012413,
        "attacker_002": 0.1602057688774573,
        "client_000": 0.9655172413793103,
        "client_001": 0.9660116834838025,
        "client_002": 0.9670300452007445,
        "client_003": 0.9656375838926174,
        "client_004": 0.9655264922870557,
        "client_005": 0.10483351235230937,
        "client_006": 0.07950150408250968,
        "client_007": 0.22411741372471242,
        "client_008": 0.20134776393710435,
        "client_009": 0.12540124117269422,
        "client_010": 0.14512115258677147,
        "client_011": 0.126721133519968,
        "client_012": 0.09946736033692555,
        "client_013": 0.09756982227058399,
        "client_014": 0.09779447406689286,
        "client_015": 0.10212875426072417,
        "client_016": 0.09282700421940929
    },
    "client_003": {
        "attacker_000": 0.1364985163204748,
        "attacker_001": 0.12678227360308286,
        "attacker_002": 0.1799926980649872,
        "client_000": 0.9647027600849256,
        "client_001": 0.9672088142707241,
        "client_002": 0.9678351056846527,
        "client_003": 0.9648307896483079,
        "client_004": 0.9648401220644819,
        "client_005": 0.11572700296735905,
        "client_006": 0.08549553381539769,
        "client_007": 0.2209576138147567,
        "client_008": 0.20748230535894843,
        "client_009": 0.13026009727215057,
        "client_010": 0.15306322176551185,
        "client_011": 0.13458368854788294,
        "client_012": 0.10011055152929615,
        "client_013": 0.09805801965955407,
        "client_014": 0.09830752610731004,
        "client_015": 0.1030690537084399,
        "client_016": 0.09383332387814149
    },
    "client_004": {
        "attacker_000": 0.13198171337706222,
        "attacker_001": 0.12390755486502233,
        "attacker_002": 0.17537382314934463,
        "client_000": 0.9651661307609861,
        "client_001": 0.9682729324306385,
        "client_002": 0.9690283131729365,
        "client_003": 0.9658131116771685,
        "client_004": 0.9656928437416241,
        "client_005": 0.12319456244689889,
        "client_006": 0.08957133717210493,
        "client_007": 0.22656404183935266,
        "client_008": 0.21479229989868287,
        "client_009": 0.13523890784982934,
        "client_010": 0.1499804203106644,
        "client_011": 0.1316331198536139,
        "client_012": 0.09834439139331555,
        "client_013": 0.09622949827513164,
        "client_014": 0.0966488586692569,
        "client_015": 0.10068590656140804,
        "client_016": 0.09133876202949717
    },
    "client_005": {
        "attacker_000": 0.03360504075611342,
        "attacker_001": 0.12057042018409882,
        "attacker_002": 0.41286485640503956,
        "client_000": 0.5067545730721996,
        "client_001": 0.520573366609074,
        "client_002": 0.5203506975553565,
        "client_003": 0.5082422910336802,
        "client_004": 0.5173066435697559,
        "client_005": 0.9655031011328105,
        "client_006": 0.9666581306017926,
        "client_007": 0.9660458342914079,
        "client_008": 0.9656426011264719,
        "client_009": 0.9656426011264719,
        "client_010": 0.6751778141757725,
        "client_011": 0.6856863529307203,
        "client_012": 0.013354917037636584,
        "client_013": 0.01144419688069678,
        "client_014": 0.018365287588294654,
        "client_015": 0.01050163132137031,
        "client_016": 0.023030120179011414
    },