{
    "attacker_000": {
        "attacker_000": 0.9831148779606452,
        "attacker_001": 0.9826678944945076,
        "attacker_002": 0.9831466211110748,
        "client_000": 0.8240866286520924,
        "client_001": 0.7675395929802715,
        "client_002": 0.6099948480164864,
        "client_003": 0.6233362814677395,
        "client_004": 0.7688554826170597,
        "client_005": 0.04401877457820627,
        "client_006": 0.04526292433991569,
        "client_007": 0.04544446205038821,
        "client_008": 0.04709079991150722,
        "client_009": 0.047212741751990896,
        "client_010": 0.978062947021457,
        "client_011": 0.9781568545870605,
        "client_012": 0.9411418990164389,
        "client_013": 0.741561940805035,
        "client_014": 0.7188036694173334,
        "client_015": 0.0,
        "client_016": 0.9445123947010284
    },
    "attacker_001": {
        "attacker_000": 0.9825270805595279,
        "attacker_001": 0.9824440166510358,
        "attacker_002": 0.9825916854338927,
        "client_000": 0.8236298826674586,
        "client_001": 0.7656277376525786,
        "client_002": 0.6108039132284134,
        "client_003": 0.6242455595792378,
        "client_004": 0.7667216273664554,
        "client_005": 0.049200569890770936,
        "client_006": 0.05075146337604809,
        "client_007": 0.05092841552525859,
        "client_008": 0.05232264579651603,
        "client_009": 0.05200871019661059,
        "client_010": 0.9778346803232776,
        "client_011": 0.9779285840042254,
        "client_012": 0.9413595187054837,
        "client_013": 0.7394854032657101,
        "client_014": 0.7160141152747437,
        "client_015": 0.0002617886710952583,
        "client_016": 0.9448330519279143
    },
    "attacker_002": {
        "attacker_000": 0.9827209206740649,
        "attacker_001": 0.98240300251856,
        "attacker_002": 0.983046945654855,
        "client_000": 0.8243629214733483,
        "client_001": 0.7697382463084773,
        "client_002": 0.6163083997410657,
        "client_003": 0.6293432976850062,
        "client_004": 0.7719666514842465,
        "client_005": 0.0451701026015692,
        "client_006": 0.046291592583185166,
        "client_007": 0.04653525061105292,
        "client_008": 0.04725406980426934,
        "client_009": 0.04719222120165965,
        "client_010": 0.9778389362689409,
        "client_011": 0.977932822326415,
        "client_012": 0.9403764966433663,
        "client_013": 0.7406354893844856,
        "client_014": 0.7145229436865449,
        "client_015": 0.0001963029609029936,
        "client_016": 0.9441514117282036
    },
    "client_000": {
        "attacker_000": 0.07558354946276398,
        "attacker_001": 0.03820945474829173,
        "attacker_002": 0.02236266407389402,
        "client_000": 0.9512294525200381,
        "client_001": 0.9478153677578414,
        "client_002": 0.9476125511596181,
        "client_003": 0.9549475976589085,
        "client_004": 0.946981054927082,
        "client_005": 0.2263420033204206,
        "client_006": 0.15397559949516196,
        "client_007": 0.1777024946104096,
        "client_008": 0.1948992443324937,
        "client_009": 0.19655876348789736,
        "client_010": 0.1151194968553459,
        "client_011": 0.11415848598320007,
        "client_012": 0.10958355579284569,
        "client_013": 0.10837959291567538,
        "client_014": 0.10854045478582759,
        "client_015": 0.10507510090650433,
        "client_016": 0.10705469663505263
    },
    "client_001": {
        "attacker_000": 0.07750229568411386,
        "attacker_001": 0.03747072599531616,
        "attacker_002": 0.023452768729641693,
        "client_000": 0.9513898037149255,
        "client_001": 0.9469073533315635,
        "client_002": 0.9480657127715951,
        "client_003": 0.9535987345109412,
        "client_004": 0.9459495176423948,
        "client_005": 0.22978838849701574,
        "client_006": 0.15975844084545704,
        "client_007": 0.18589261543089186,
        "client_008": 0.1995721271393643,
        "client_009": 0.20271622587562543,
        "client_010": 0.11936085488179848,
        "client_011": 0.11836776022681247,
        "client_012": 0.10835003340013362,
        "client_013": 0.10699642904377726,
        "client_014": 0.10747415849456665,
        "client_015": 0.10373416462160907,
        "client_016": 0.106037907900736
    },
    "client_002": {
        "attacker_000": 0.06404122193595878,
        "attacker_001": 0.03177673390439348,
        "attacker_002": 0.018122977346278317,
        "client_000": 0.9483493077742279,
        "client_001": 0.9444593506841964,
        "client_002": 0.9459893048128343,
        "client_003": 0.9524190323870452,
        "client_004": 0.9437483337776592,
        "client_005": 0.23266034885317952,
        "client_006": 0.16863499038725627,
        "client_007": 0.19996956323238474,
        "client_008": 0.21231816774992263,
        "client_009": 0.2083393036251612,
        "client_010": 0.11408824560524868,
        "client_011": 0.11311648484239102,
        "client_012": 0.10579546210659392,
        "client_013": 0.10432603534687418,
        "client_014": 0.10503369005152594,
        "client_015": 0.1025065963060686,
        "client_016": 0.10352208600895116
    },
    "client_003": {
        "attacker_000": 0.07218374043018592,
        "attacker_001": 0.03492369036161144,
        "attacker_002": 0.020272410516312955,
        "client_000": 0.9509234828496043,
        "client_001": 0.9462908800850837,
        "client_002": 0.9468381280657563,
        "client_003": 0.9535129424194401,
        "client_004": 0.9460998543239305,
        "client_005": 0.2350581628559968,
        "client_006": 0.16612021857923498,
        "client_007": 0.19170753455193934,
        "client_008": 0.20861885183493223,
        "client_009": 0.20610687022900762,
        "client_010": 0.1198472146435835,
        "client_011": 0.11930769614444611,
        "client_012": 0.10712160285657607,
        "client_013": 0.10539424526446878,
        "client_014": 0.10616101305688604,
        "client_015": 0.10263486431434392,
        "client_016": 0.10497094899935441
    },
    "client_004": {
        "attacker_000": 0.0749132103051343,
        "attacker_001": 0.038197306952459466,
        "attacker_002": 0.024015369836695485,
        "client_000": 0.949269588313413,
        "client_001": 0.945493504754252,
        "client_002": 0.9452310980496929,
        "client_003": 0.9521907044879478,
        "client_004": 0.9437183248866363,
        "client_005": 0.23855943677227187,
        "client_006": 0.16784934497816595,
        "client_007": 0.1984984984984985,
        "client_008": 0.2119490093687606,
        "client_009": 0.2104964539007092,
        "client_010": 0.11827096257754652,
        "client_011": 0.11787760024118178,
        "client_012": 0.10452961672473868,
        "client_013": 0.1028055979306228,
        "client_014": 0.10382695507487522,
        "client_015": 0.10003330003330003,
        "client_016": 0.10256074399109305
    },
    "client_005": {
        "attacker_000": 0.26708914237431347,
        "attacker_001": 0.11491817650496786,
        "attacker_002": 0.24903425186711303,
        "client_000": 0.5037733999803978,
        "client_001": 0.5053445531043893,
        "client_002": 0.5046081443231585,
        "client_003": 0.5078140198430712,
        "client_004": 0.5035961857649625,
        "client_005": 0.9555578052237295,
        "client_006": 0.9557297612705179,
        "client_007": 0.9538842933394045,
        "client_008": 0.9556720083035872,
        "client_009": 0.9557212416311626,
        "client_010": 0.701895138557613,
        "client_011": 0.6941702855638899,
        "client_012": 0.010633355701233676,
        "client_013": 0.010324712198647463,
        "client_014": 0.010821395444707824,
        "client_015": 0.010345541071798055,
        "client_016": 0.010726625754215872
    },
    "client_006": {
        "attacker_000": 0.2661916274335157,