{
    "attacker_0": {
        "attacker_0": 0.0,
        "attacker_1": 0.0,
        "attacker_2": 0.0,
        "attacker_3": 0.0,
        "client_0": 0.0,
        "client_1": 0.0,
        "client_2": 0.0,
        "client_3": 0.0,
        "client_4": 0.0,
        "client_5": 0.0,
        "client_6": 0.0,
        "client_7": 0.0
    },
    "attacker_1": {
        "attacker_0": 0.0,
        "attacker_1": 0.0,
        "attacker_2": 0.0,
        "attacker_3": 0.0,
        "client_0": 0.0,
        "client_1": 0.0,
        "client_2": 0.0,
        "client_3": 0.0,
        "client_4": 0.0,
        "client_5": 0.0,
        "client_6": 0.0,
        "client_7": 0.0
    },
    "attacker_2": {
        "attacker_0": 0.0,
        "attacker_1": 0.0,
        "attacker_2": 0.0,
        "attacker_3": 0.0,
        "client_0": 0.0,
        "client_1": 0.0,
        "client_2": 0.0,
        "client_3": 0.0,
        "client_4": 0.0,
        "client_5": 0.0,
        "client_6": 0.0,
        "client_7": 0.0
    },
    "attacker_3": {
        "attacker_0": 0.0,
        "attacker_1": 0.0,
        "attacker_2": 0.0,
        "attacker_3": 0.0,
        "client_0": 0.0,
        "client_1": 0.0,
        "client_2": 0.0,
        "client_3": 0.0,
        "client_4": 0.0,
        "client_5": 0.0,
        "client_6": 0.0,
        "client_7": 0.0
    },
    "client_0": {
        "attacker_0": 0.7586168238269037,
        "attacker_1": 0.7513547716152637,
        "attacker_2": 0.7516410282106528,
        "attacker_3": 0.7514079345490537,
        "client_0": 0.00010034115994380895,
        "client_1": 0.00022073726245660507,
        "client_2": 0.6683370750481078,
        "client_3": 0.6736543683117713,
        "client_4": 0.6630173743878714,
        "client_5": 0.6466677983364454,
        "client_6": 0.6466730038022814,
        "client_7": 0.013654530413722304
    },
    "client_1": {
        "attacker_0": 0.7619449844418635,
        "attacker_1": 0.755826291021208,
        "attacker_2": 0.7560544888395224,
        "attacker_3": 0.75581714685175,
        "client_0": 0.00036110135914539345,
        "client_1": 0.0001605313587976201,
        "client_2": 0.6690124858115778,
        "client_3": 0.5649741917370366,
        "client_4": 0.4067452547452548,
        "client_5": 0.6480932648812148,
        "client_6": 0.6481072063151898,
        "client_7": 0.0026254346497249304
    },
    "client_2": {
        "attacker_0": 0.23747035573122527,
        "attacker_1": 0.23579718998167382,
        "attacker_2": 0.2373806275579809,
        "attacker_3": 0.23742690058479532,
        "client_0": 0.01816958277254374,
        "client_1": 0.009394396913269584,
        "client_2": 0.30360205831903947,
        "client_3": 0.3111912356122591,
        "client_4": 0.32274842595127295,
        "client_5": 0.05751987819319912,
        "client_6": 0.09202350965575148,
        "client_7": 0.003111495246326707
    },
    "client_3": {
        "attacker_0": 0.2113636363636364,
        "attacker_1": 0.21030993042378238,
        "attacker_2": 0.21796899715279974,
        "attacker_3": 0.2177104482273934,
        "client_0": 0.023907103825136614,
        "client_1": 0.01328564128768523,
        "client_2": 0.301548256402836,
        "client_3": 0.3146366730797691,
        "client_4": 0.32762623331398727,
        "client_5": 0.05891016200294551,
        "client_6": 0.08284977433913604,
        "client_7": 0.01291638341264446
    },
    "client_4": {
        "attacker_0": 0.23220117570215545,
        "attacker_1": 0.22380216383307575,
        "attacker_2": 0.23459942547079476,
        "attacker_3": 0.2283381218811432,
        "client_0": 0.013497144834746497,
        "client_1": 0.007745115296602711,
        "client_2": 0.3023636093355136,
        "client_3": 0.31474452554744525,
        "client_4": 0.3280282935455349,
        "client_5": 0.05101351351351352,
        "client_6": 0.0803361344537815,
        "client_7": 0.005238344683080146
    },
    "client_5": {
        "attacker_0": 0.22245966160379782,
        "attacker_1": 0.23882477515514633,
        "attacker_2": 0.23959714465560422,
        "attacker_3": 0.19938889878464847,
        "client_0": 0.03169557851177715,
        "client_1": 0.03709409635490674,
        "client_2": 0.15305835349727082,
        "client_3": 0.2397488192357235,
        "client_4": 0.17852878287190024,
        "client_5": 0.0713803527926976,
        "client_6": 0.047030843552582684,
        "client_7": 0.23205416391853873
    },
    "client_6": {
        "attacker_0": 0.23787701161675373,
        "attacker_1": 0.23815423144040818,
        "attacker_2": 0.2388663967611336,
        "attacker_3": 0.20844902547710312,
        "client_0": 0.10800824884000688,
        "client_1": 0.038256478800029706,
        "client_2": 0.14787596594813682,
        "client_3": 0.2349149459719696,
        "client_4": 0.17956025498051853,
        "client_5": 0.07512078700739275,
        "client_6": 0.05203256820624568,
        "client_7": 0.2331882858592061
    },
    "client_7": {
        "attacker_0": 0.10313693714550294,
        "attacker_1": 0.0820681165367255,
        "attacker_2": 0.11205608550741294,
        "attacker_3": 0.07574860930287608,
        "client_0": 0.010875475802066341,
        "client_1": 0.006281331159026394,
        "client_2": 0.2520818782571321,
        "client_3": 0.22211328976034855,
        "client_4": 0.23073588381922616,
        "client_5": 0.5676958585550669,
        "client_6": 0.526400934705433,
        "client_7": 0.12564553657567676
    }
}