{
    "attacker_0": {
        "attacker_0": 0.0,
        "attacker_1": 0.0,
        "attacker_2": 0.0,
        "attacker_3": 0.0,
        "client_0": 0.0,
        "client_1": 0.0,
        "client_2": 0.0,
        "client_3": 0.0,
        "client_4": 0.0,
        "client_5": 0.0,
        "client_6": 0.0,
        "client_7": 0.0
    },
    "attacker_1": {
        "attacker_0": 0.0,
        "attacker_1": 0.0,
        "attacker_2": 0.0,
        "attacker_3": 0.0,
        "client_0": 0.0,
        "client_1": 0.0,
        "client_2": 0.0,
        "client_3": 0.0,
        "client_4": 0.0,
        "client_5": 0.0,
        "client_6": 0.0,
        "client_7": 0.0
    },
    "attacker_2": {
        "attacker_0": 0.0,
        "attacker_1": 0.0,
        "attacker_2": 0.0,
        "attacker_3": 0.0,
        "client_0": 0.0,
        "client_1": 0.0,
        "client_2": 0.0,
        "client_3": 0.0,
        "client_4": 0.0,
        "client_5": 0.0,
        "client_6": 0.0,
        "client_7": 0.0
    },
    "attacker_3": {
        "attacker_0": 0.0,
        "attacker_1": 0.0,
        "attacker_2": 0.0,
        "attacker_3": 0.0,
        "client_0": 0.0,
        "client_1": 0.0,
        "client_2": 0.0,
        "client_3": 0.0,
        "client_4": 0.0,
        "client_5": 0.0,
        "client_6": 0.0,
        "client_7": 0.0
    },
    "client_0": {
        "attacker_0": 0.7511357014405393,
        "attacker_1": 0.6623896923128544,
        "attacker_2": 0.6598624362103395,
        "attacker_3": 0.7519817664959363,
        "client_0": 0.00010034216678874962,
        "client_1": 0.00020067627906043364,
        "client_2": 0.5458777177878301,
        "client_3": 0.6331808549306304,
        "client_4": 0.679987813601081,
        "client_5": 0.7392662871600253,
        "client_6": 0.6943072387815263,
        "client_7": 0.6511879707389037
    },
    "client_1": {
        "attacker_0": 0.755736436044044,
        "attacker_1": 0.6594259428632915,
        "attacker_2": 0.6606060606060606,
        "attacker_3": 0.7559566156188764,
        "client_0": 0.00020063802893200376,
        "client_1": 0.00012039610317946042,
        "client_2": 0.54032996243437,
        "client_3": 0.6348071444225291,
        "client_4": 0.6538134276954661,
        "client_5": 0.7401509119174914,
        "client_6": 0.6841459067685849,
        "client_7": 0.6521568627450981
    },
    "client_2": {
        "attacker_0": 0.29539473684210527,
        "attacker_1": 0.25423225423225426,
        "attacker_2": 0.306598670993664,
        "attacker_3": 0.3007152145643693,
        "client_0": 0.005952380952380952,
        "client_1": 0.017419884963023827,
        "client_2": 0.2825268038249783,
        "client_3": 0.279023275738969,
        "client_4": 0.2736631398341436,
        "client_5": 0.07381311860426101,
        "client_6": 0.05422594142259414,
        "client_7": 0.05375468317315524
    },
    "client_3": {
        "attacker_0": 0.2632025810833758,
        "attacker_1": 0.2250189537528431,
        "attacker_2": 0.27749523204068655,
        "attacker_3": 0.2691080127666723,
        "client_0": 0.009507640067911716,
        "client_1": 0.02133062468257999,
        "client_2": 0.284862043251305,
        "client_3": 0.27979120059656976,
        "client_4": 0.2806175985609354,
        "client_5": 0.07014542343883662,
        "client_6": 0.04757887632866543,
        "client_7": 0.05676503789711336
    },
    "client_4": {
        "attacker_0": 0.28551676460421704,
        "attacker_1": 0.24203821656050953,
        "attacker_2": 0.2953435363073917,
        "attacker_3": 0.29058663028649384,
        "client_0": 0.004877199094234454,
        "client_1": 0.013194444444444444,
        "client_2": 0.27994656375241206,
        "client_3": 0.27723952899090776,
        "client_4": 0.2755422587883321,
        "client_5": 0.0647271475296953,
        "client_6": 0.048094834885690094,
        "client_7": 0.05395317271801832
    },
    "client_5": {
        "attacker_0": 0.23999571436224354,
        "attacker_1": 0.2403309369854211,
        "attacker_2": 0.24098610776519716,
        "attacker_3": 0.2417350119743655,
        "client_0": 0.1621969654554616,
        "client_1": 0.1624148112903903,
        "client_2": 0.17802646376851838,
        "client_3": 0.20901997162501365,
        "client_4": 0.28034076015727394,
        "client_5": 0.047895651657183604,
        "client_6": 0.07977091429740232,
        "client_7": 0.42866027220321945
    },
    "client_6": {
        "attacker_0": 0.24001170788818968,
        "attacker_1": 0.23981166205575655,
        "attacker_2": 0.24025853126579247,
        "attacker_3": 0.2407176079734219,
        "client_0": 0.16680541680541677,
        "client_1": 0.16874047388111402,
        "client_2": 0.17594547235674765,
        "client_3": 0.21558970760865165,
        "client_4": 0.28411641818158223,
        "client_5": 0.045953573592210056,
        "client_6": 0.07972833737247675,
        "client_7": 0.42413132238980095
    },
    "client_7": {
        "attacker_0": 0.10118806143146915,
        "attacker_1": 0.08437536519808345,
        "attacker_2": 0.1122677862771036,
        "attacker_3": 0.10732098836209368,
        "client_0": 0.5287655262095871,
        "client_1": 0.5251701898960945,
        "client_2": 0.08119381939956524,
        "client_3": 0.10145350534119432,
        "client_4": 0.09952744880695408,
        "client_5": 0.10181140427514707,
        "client_6": 0.22373909745923398,
        "client_7": 0.11298076923076923
    }
}