{
  "r1": {
    "client_005": 0.20007542944552603,
    "client_007": 0.19999162626488515,
    "client_009": 0.20017601792127676,
    "client_008": 0.1999832488755079,
    "client_006": 0.19977367749280422,
    "client_016": 0.19994514983402814,
    "client_017": 0.19994485580829596,
    "client_014": 0.20031787335106677,
    "client_015": 0.19946162563472317,
    "client_018": 0.2003304953718859,
    "client_004": 0.20010794033461718,
    "client_003": 0.19998135679692175,
    "client_002": 0.20001520874046322,
    "client_001": 0.19995615775194286,
    "client_000": 0.199939336376055,
    "attacker_000": 0.000679891977063804,
    "client_012": 0.24983573516691343,
    "client_013": 0.24982812428534093,
    "client_010": 0.24982812428534093,
    "client_011": 0.24982812428534093
  },
  "r2": {
    "client_014": 0.20047389685525313,
    "client_016": 0.19973528954717618,
    "client_017": 0.19976426363040334,
    "client_015": 0.1998697605365628,
    "client_018": 0.20015678943060444,
    "client_011": 0.24993810405212263,
    "client_012": 0.2499321252818985,
    "client_013": 0.24993038091823058,
    "client_010": 0.24993038091823058,
    "attacker_000": 0.00026900882951757474,
    "client_009": 0.20002181867710211,
    "client_008": 0.1999390968616701,
    "client_005": 0.20002753686452454,
    "client_007": 0.20006604217679275,
    "client_006": 0.19994550541991055,
    "client_001": 0.19987540127174108,
    "client_000": 0.20057636877363627,
    "client_004": 0.20069539334066347,
    "client_003": 0.19917308729123467,
    "client_002": 0.19967974932272456
  },
  "r3": {
    "client_018": 0.19988042651229537,
    "client_014": 0.19992950391869538,
    "client_017": 0.19997791767208134,
    "client_016": 0.19997895468000362,
    "client_015": 0.20023319721692434,
    "client_010": 0.2499130443138162,
    "client_012": 0.2499220647642178,
    "client_013": 0.24991018620653693,
    "client_011": 0.24991093584227253,
    "attacker_000": 0.0003437688731564758,
    "client_008": 0.20008925010094084,
    "client_009": 0.1998765241041602,
    "client_007": 0.1999366688896104,
    "client_005": 0.20013487232299165,
    "client_006": 0.19996268458229688,
    "client_003": 0.19926527211200543,
    "client_004": 0.2005507791200296,
    "client_000": 0.2002551662759749,
    "client_001": 0.1995530379047043,
    "client_002": 0.20037574458728571
  },
  "r4": {
    "client_010": 0.24990247035305216,
    "client_012": 0.24990512352479471,
    "client_013": 0.24990162894653,
    "client_011": 0.24989632263879344,
    "attacker_000": 0.0003944545368295982,
    "client_003": 0.19966215312846214,
    "client_004": 0.2002498345381002,
    "client_000": 0.1999833183076935,
    "client_001": 0.20010648357608937,
    "client_002": 0.19999821044965485,
    "client_007": 0.19997788552811205,
    "client_005": 0.1999600958307182,
    "client_008": 0.19998468955666007,
    "client_009": 0.20008595273064106,
    "client_006": 0.19999137635386857,
    "client_014": 0.1999114844878751,
    "client_017": 0.19989618303532886,
    "client_018": 0.2000707783706697,
    "client_016": 0.1998488271976419,
    "client_015": 0.2002727269084844
  },
  "r5": {
    "client_000": 0.1999564640707674,
    "client_001": 0.2000679238800141,
    "client_004": 0.20008750772144723,
    "client_003": 0.19987539920311354,
    "client_002": 0.2000127051246578,
    "client_006": 0.20037309887065907,
    "client_005": 0.1997338161857568,
    "client_007": 0.20004681818498712,
    "client_008": 0.19974403793518697,
    "client_009": 0.20010222882341006,
    "client_011": 0.24989408618634384,
    "client_010": 0.24989311039900622,
    "client_012": 0.24989390165557665,
    "client_013": 0.2498887066962589,
    "attacker_000": 0.00043019506281436116,
    "client_015": 0.20021189325270788,
    "client_017": 0.19991557738178553,
    "client_014": 0.20015804781169344,
    "client_018": 0.19963828466509193,
    "client_016": 0.20007619688872122
  },
  "r6": {
    "client_018": 0.20003262422390358,
    "client_016": 0.19994471411227788,
    "client_014": 0.19987748315650358,
    "client_015": 0.20016289144269445,
    "client_017": 0.19998228706462054,
    "client_011": 0.24990055622197274,
    "client_010": 0.24989745156150717,
    "client_012": 0.24989768857313854,
    "client_013": 0.24989613248396467,
    "attacker_000": 0.0004081711594169646,
    "client_000": 0.19996114454062425,
    "client_001": 0.2000490185013056,
    "client_004": 0.2000175692031624,
    "client_003": 0.199988550594084,
    "client_002": 0.1999837171608238,
    "client_006": 0.19994603004173167,
    "client_007": 0.20026238776832692,
    "client_005": 0.19981558280995212,
    "client_008": 0.19986784901846313,
    "client_009": 0.20010815036152615
  },
  "r7": {
    "client_015": 0.20012754566277144,
    "client_018": 0.2001770168232909,
    "client_016": 0.1998254471296502,
    "client_014": 0.20012177183511037,
    "client_017": 0.19974821854917707,
    "client_007": 0.19984285307550428,
    "client_005": 0.20013370793602242,
    "client_008": 0.19995870874207808,
    "client_009": 0.20033968336261132,
    "client_006": 0.1997250468837839,
    "client_010": 0.24988033292636982,
    "client_012": 0.24988454276138877,
    "client_013": 0.2498882147187408,
    "client_011": 0.24988540297195827,
    "attacker_000": 0.00046150662154231456,
    "client_003": 0.20002466033986321,
    "client_004": 0.19999895712218688,
    "client_000": 0.19996198893715803,
    "client_002": 0.19996300445807272,
    "client_001": 0.20005138914271914
  },
  "r8": {
    "client_008": 0.20024090567094505,
    "client_009": 0.20010698055618178,
    "client_007": 0.1998946407292039,
    "client_005": 0.19972216731447986,
    "client_006": 0.20003530572918932,
    "client_016": 0.20016177977087238,
    "client_014": 0.19984262686997697,
    "client_017": 0.2001120123059573,
    "client_015": 0.19962536329236727,
    "client_018": 0.20025821776082603,
    "client_010": 0.2498790947928662,
    "client_013": 0.24988843366321678,
    "client_012": 0.2498831938569773,
    "client_011": 0.24988345196404432,
    "attacker_000": 0.00046582572289540077,
    "client_002": 0.1999568020025591,
    "client_000": 0.199950766805353,
    "client_001": 0.2000606942738684,
    "client_003": 0.19997529573984107,
    "client_004": 0.20005644117837845
  },
  "r9": {
    "client_000": 0.19995829712774574,
    "client_001": 0.20006291245330513,
    "client_002": 0.19995436826361668,
    "client_003": 0.2000057746675224,
    "client_004": 0.20001864748781012,
    "client_017": 0.20006243468641577,
    "client_014": 0.19967751044860813,
    "client_016": 0.20001831080655522,
    "client_018": 0.20020981837742252,
    "client_015": 0.2000319256809984,
    "client_007": 0.19996157886469956,
    "client_008": 0.1997832372242225,
    "client_009": 0.20025239199217706,
    "client_005": 0.1998150196733209,
    "client_006": 0.20018777224558001,
    "client_011": 0.24986936242423213,
    "client_013": 0.24987215354409986,
    "client_010": 0.24986237290974886,
    "client_012": 0.24986644387717916,
    "attacker_000": 0.0005296672447400372
  },
  "r10": {
    "client_007": 0.19971717447800694,
    "client_005": 0.20009429122981434,
    "client_008": 0.2001270910657437,
    "client_009": 0.20012705406830503,
    "client_006": 0.19993438915813,
    "client_001": 0.1999934456882357,
    "client_003": 0.19999345031887292,
    "client_002": 0.1999893508693574,
    "client_000": 0.19998118016263236,
    "client_004": 0.20004257296090164,
    "client_011": 0.24986945071403802,
    "client_010": 0.24986945071403802,
    "client_013": 0.24987535999016564,
    "client_012": 0.24987353599399892,
    "attacker_000": 0.000512202587759406,
    "client_018": 0.20013330135738958,
    "client_015": 0.1999519303832598,
    "client_016": 0.1999856450556534,
    "client_014": 0.20028922595318543,
    "client_017": 0.19963989725051187
  }
}