{
    "attacker_000": {
        "attacker_000": 0.00890526639029633,
        "client_000": 0.3323571294231441,
        "client_001": 0.3333776631114185,
        "client_002": 0.3333422224592656,
        "client_003": 0.33275729136202914,
        "client_004": 0.33267199313636114,
        "client_005": 0.11958112825132303,
        "client_006": 0.11938281337988511,
        "client_007": 0.10842814023682378,
        "client_008": 0.1193962604190133,
        "client_009": 0.11960806397116791,
        "client_010": 0.3334549434512951,
        "client_011": 0.3335417969564311,
        "client_012": 0.33341151330362495,
        "client_013": 0.3334549434512951,
        "client_014": 0.28588844864370616,
        "client_015": 0.29618567103935417,
        "client_016": 0.3050278922229919,
        "client_017": 0.05278039585296889,
        "client_018": 0.30192525481313703
    },
    "client_000": {
        "attacker_000": 0.1135483870967742,
        "client_000": 0.975769126054996,
        "client_001": 0.9763329706202395,
        "client_002": 0.9756296800544588,
        "client_003": 0.9765986394557823,
        "client_004": 0.9760544217687075,
        "client_005": 0.04738041002277904,
        "client_006": 0.05337014032666207,
        "client_007": 0.052379867911637436,
        "client_008": 0.060646599777034564,
        "client_009": 0.05160421808391294,
        "client_010": 0.1291723714649922,
        "client_011": 0.13049888238930898,
        "client_012": 0.12900192750693434,
        "client_013": 0.131174244238969,
        "client_014": 0.10990629183400268,
        "client_015": 0.10894373673036092,
        "client_016": 0.10901856763925731,
        "client_017": 0.11009789459568192,
        "client_018": 0.10962745359861129
    },
    "client_001": {
        "attacker_000": 0.11203763096001709,
        "client_000": 0.9774535809018567,
        "client_001": 0.9773359840954275,
        "client_002": 0.9775772853920658,
        "client_003": 0.9770709078860172,
        "client_004": 0.9772004241781548,
        "client_005": 0.042905027932960894,
        "client_006": 0.05366403607666291,
        "client_007": 0.05180884323358642,
        "client_008": 0.06451612903225806,
        "client_009": 0.05190235319991202,
        "client_010": 0.13381145607247333,
        "client_011": 0.13562395609639705,
        "client_012": 0.133383430396393,
        "client_013": 0.13658630294880414,
        "client_014": 0.10923468703927086,
        "client_015": 0.10819780949220047,
        "client_016": 0.10814038346712666,
        "client_017": 0.10954301075268817,
        "client_018": 0.10888443553774214
    },
    "client_002": {
        "attacker_000": 0.09515608180839613,
        "client_000": 0.9765948909990638,
        "client_001": 0.9770114942528736,
        "client_002": 0.9764516992239766,
        "client_003": 0.9770114942528736,
        "client_004": 0.9764768778401497,
        "client_005": 0.0498092887592551,
        "client_006": 0.05465221318879855,
        "client_007": 0.05400580227627761,
        "client_008": 0.06644808743169399,
        "client_009": 0.05399424651471564,
        "client_010": 0.1302290720007495,
        "client_011": 0.13169463483809973,
        "client_012": 0.1300251842178901,
        "client_013": 0.13252210286148872,
        "client_014": 0.10580455547391623,
        "client_015": 0.10481042810825117,
        "client_016": 0.10484511517077044,
        "client_017": 0.10600281068058623,
        "client_018": 0.10552261674771835
    },
    "client_003": {
        "attacker_000": 0.11308767471410419,
        "client_000": 0.9762720801476403,
        "client_001": 0.9766890557092058,
        "client_002": 0.9761308189370961,
        "client_003": 0.9766767690077744,
        "client_004": 0.9764132296745289,
        "client_005": 0.048920229175848394,
        "client_006": 0.059906811626359,
        "client_007": 0.058034732908331506,
        "client_008": 0.06970740103270225,
        "client_009": 0.05731654363873209,
        "client_010": 0.13670036807529237,
        "client_011": 0.1382943694435298,
        "client_012": 0.13667595171773445,
        "client_013": 0.13857271052755865,
        "client_014": 0.10678708991897995,
        "client_015": 0.10583124917730684,
        "client_016": 0.10572687224669605,
        "client_017": 0.10701450818581126,
        "client_018": 0.10651828298887123
    },
    "client_004": {
        "attacker_000": 0.10672358591248668,
        "client_000": 0.9764220061276142,
        "client_001": 0.9769793745841651,
        "client_002": 0.9768123667377397,
        "client_003": 0.9769671148981494,
        "client_004": 0.9768247202983483,
        "client_005": 0.052432792712730505,
        "client_006": 0.05815253858197271,
        "client_007": 0.05858854860186419,
        "client_008": 0.07169237453834457,
        "client_009": 0.057818659658344276,
        "client_010": 0.1331529345899039,
        "client_011": 0.13471502590673576,
        "client_012": 0.13285641287685232,
        "client_013": 0.13592970790786035,
        "client_014": 0.10490215856364737,
        "client_015": 0.10386151797603195,
        "client_016": 0.10385460355502296,
        "client_017": 0.10479525862068965,
        "client_018": 0.1045997049751911
    },
    "client_005": {
        "attacker_000": 0.053728949478749,
        "client_000": 0.5147736426615113,
        "client_001": 0.5336170483056498,
        "client_002": 0.520872074382815,
        "client_003": 0.5242594484167519,
        "client_004": 0.5159174223422728,
        "client_005": 0.9684264876726475,
        "client_006": 0.9683423562773911,
        "client_007": 0.9712123960303682,
        "client_008": 0.9690615420283881,
        "client_009": 0.96977498584007,
        "client_010": 0.6773039400875576,
        "client_011": 0.6845800582884396,
        "client_012": 0.6862018785553644,
        "client_013": 0.6863101036040026,
        "client_014": 0.01712974764211063,
        "client_015": 0.020853368426380525,
        "client_016": 0.020921770770163734,
        "client_017": 0.010065218507677297,
        "client_018": 0.021107108427621896
    },
    "client_006": {
        "attacker_000": 0.05401884145119263,
        "client_000": 0.5083087687473681,
        "client_001": 0.5284150738696193,
        "client_002": 0.5154805245014337,
        "client_003": 0.5195113348510597,
        "client_004": 0.5096480170658392,
        "client_005": 0.9667580003101898,
        "client_006": 0.9666898882782464,
        "client_007": 0.9696262893277354,
        "client_008": 0.9672862261864865,
        "client_009": 0.9685013006413062,
        "client_010": 0.6773053586113396,
        "client_011": 0.6850736056854047,
        "client_012": 0.6869448301703807,
        "client_013": 0.6863525768635257,
        "client_014": 0.017900981996726677,
        "client_015": 0.022805594972633285,
        "client_016": 0.022776737358910764,
        "client_017": 0.01152441220352935,
        "client_018": 0.022885622743223314
    },
    "client_007": {
        "attacker_000": 0.05264213376115512,
        "client_000": 0.5175749758142534,
        "client_001": 0.534427898689067,
        "client_002": 0.5227608346709469,
        "client_003": 0.5261241696474196,
        "client_004": 0.5184064873214056,
        "client_005": 0.9685696619950536,
        "client_006": 0.9677933837526368,
        "client_007": 0.9709354897047046,
        "client_008": 0.9687138486850562,
        "client_009": 0.9699863924619375,
        "client_010": 0.6780850827501944,
        "client_011": 0.6854582376832068,
        "client_012": 0.6873567272086052,
        "client_013": 0.6868968570163789,
        "client_014": 0.01582440020418581,
        "client_015": 0.019656517554080755,
        "client_016": 0.0197318492284341,
        "client_017": 0.008938203112960393,
        "client_018": 0.019803991265932058
    },
    "client_008": {
        "attacker_000": 0.055840112483679816,