{
    "client_0": {
        "client_0": 0.9995284012803403,
        "client_1": 0.999538439926953,
        "client_2": 0.712688393662244,
        "client_3": 0.7174291086199042,
        "client_4": 0.7221838639560159,
        "client_5": 0.8398424546358946,
        "client_6": 0.8293845539718694,
        "client_7": 0.8363016736304009,
        "client_8": 0.11278650114317026,
        "client_9": 0.10078153225959802
    },
    "client_1": {
        "client_0": 0.9996187609731627,
        "client_1": 0.9996288010273182,
        "client_2": 0.7107137327759715,
        "client_3": 0.7158580543187032,
        "client_4": 0.7204491763606214,
        "client_5": 0.8394603494115388,
        "client_6": 0.8292101726151696,
        "client_7": 0.8357039881866095,
        "client_8": 0.10969713599076554,
        "client_9": 0.09729523809523812
    },
    "client_2": {
        "client_0": 0.14701417004048584,
        "client_1": 0.1507572864961181,
        "client_2": 0.9567066099729417,
        "client_3": 0.9598346893968747,
        "client_4": 0.9585592563903951,
        "client_5": 0.09641660221706624,
        "client_6": 0.09307810443176832,
        "client_7": 0.09497964721845319,
        "client_8": 0.3175236278505159,
        "client_9": 0.2887663680220537
    },
    "client_3": {
        "client_0": 0.1439862870202838,
        "client_1": 0.14653465346534655,
        "client_2": 0.9594265966978113,
        "client_3": 0.9623973305954825,
        "client_4": 0.9610406254004871,
        "client_5": 0.09881457125551613,
        "client_6": 0.09573263361414171,
        "client_7": 0.09822373501902121,
        "client_8": 0.3013913043478261,
        "client_9": 0.27231833910034603
    },
    "client_4": {
        "client_0": 0.1438301916679867,
        "client_1": 0.14703819422304407,
        "client_2": 0.9636711281070746,
        "client_3": 0.9659403156751231,
        "client_4": 0.9650153217568948,
        "client_5": 0.10095107138764753,
        "client_6": 0.09756900620095482,
        "client_7": 0.09987798995545215,
        "client_8": 0.3052403637938501,
        "client_9": 0.2750107898144152
    },
    "client_5": {
        "client_0": 0.05667802861894647,
        "client_1": 0.05669327779706121,
        "client_2": 0.000723589001447178,
        "client_3": 0.000723589001447178,
        "client_4": 0.000723589001447178,
        "client_5": 0.9479221462388215,
        "client_6": 0.9479221462388215,
        "client_7": 0.9450511353787484,
        "client_8": 0.1457843466577091,
        "client_9": 0.25039619651347067
    },
    "client_6": {
        "client_0": 0.052551810484003814,
        "client_1": 0.05243594191406056,
        "client_2": 0.0007613247049866767,
        "client_3": 0.0015220700152207003,
        "client_4": 0.0007613247049866767,
        "client_5": 0.9468634686346863,
        "client_6": 0.9456963428149243,
        "client_7": 0.9446575342465754,
        "client_8": 0.14707952146375794,
        "client_9": 0.25686858656074146
    },
    "client_7": {
        "client_0": 0.052133406016155404,
        "client_1": 0.0519661292193481,
        "client_2": 0.0,
        "client_3": 0.0015308075009567545,
        "client_4": 0.0,
        "client_5": 0.9529675251959686,
        "client_6": 0.9524342473419138,
        "client_7": 0.9502395871728714,
        "client_8": 0.14630681818181818,
        "client_9": 0.24832214765100669
    },
    "client_8": {
        "client_0": 0.6980466339316859,
        "client_1": 0.6986801309824352,
        "client_2": 0.5725425931681406,
        "client_3": 0.5724138579066556,
        "client_4": 0.5718906922946718,
        "client_5": 0.011147321292601957,
        "client_6": 0.011836840263514233,
        "client_7": 0.011498273738003622,
        "client_8": 0.9662890173410403,
        "client_9": 0.9676054598233587
    },
    "client_9": {
        "client_0": 0.6995062671248936,
        "client_1": 0.7001096784548713,
        "client_2": 0.5754092520017252,
        "client_3": 0.5749027237354086,
        "client_4": 0.5746721948206315,
        "client_5": 0.010684311969768254,
        "client_6": 0.011343301689363379,
        "client_7": 0.010793439044356186,
        "client_8": 0.9663903564938002,
        "client_9": 0.9675660315046505
    }
}