{
    "client_0": {
        "client_0": 0.9995534795980313,
        "client_1": 0.999794223192552,
        "client_2": 0.13669460474916326,
        "client_3": 0.18613979997458843,
        "client_4": 0.141253499251323,
        "client_5": 0.8033556160963959,
        "client_6": 0.7905484495066197,
        "client_7": 0.8089447404257352,
        "client_8": 0.10937899309992331,
        "client_9": 0.1057572855124278
    },
    "client_1": {
        "client_0": 0.9996538698851751,
        "client_1": 0.9998243862298735,
        "client_2": 0.12946340824215422,
        "client_3": 0.1820216133609868,
        "client_4": 0.1345443004891162,
        "client_5": 0.8031942019594784,
        "client_6": 0.7905442684176383,
        "client_7": 0.8086384729778961,
        "client_8": 0.10610240512689248,
        "client_9": 0.10262790498893563
    },
    "client_2": {
        "client_0": 0.16708322560257408,
        "client_1": 0.167727666696554,
        "client_2": 0.9614189539098912,
        "client_3": 0.9583655581335395,
        "client_4": 0.9613667249077849,
        "client_5": 0.09301815389678056,
        "client_6": 0.08843115998141553,
        "client_7": 0.09029809440974143,
        "client_8": 0.2903685241231974,
        "client_9": 0.2899884925201381
    },
    "client_3": {
        "client_0": 0.16543566070398152,
        "client_1": 0.165858331836417,
        "client_2": 0.9638678153529638,
        "client_3": 0.9605018884834517,
        "client_4": 0.9641295962972487,
        "client_5": 0.09573969391975734,
        "client_6": 0.09062912450505939,
        "client_7": 0.09270855444703884,
        "client_8": 0.2727272727272727,
        "client_9": 0.27423083763115774
    },
    "client_4": {
        "client_0": 0.16800046059070758,
        "client_1": 0.1686301410719079,
        "client_2": 0.9677336747759283,
        "client_3": 0.9639168685451995,
        "client_4": 0.967671723961334,
        "client_5": 0.09753956716131333,
        "client_6": 0.09275825620665652,
        "client_7": 0.09448652643247381,
        "client_8": 0.2747791952894995,
        "client_9": 0.27586817859673984
    },
    "client_5": {
        "client_0": 0.05819646629222682,
        "client_1": 0.057157943370074585,
        "client_2": 0.000723589001447178,
        "client_3": 0.000723589001447178,
        "client_4": 0.000723589001447178,
        "client_5": 0.9461416210489141,
        "client_6": 0.9473498855432294,
        "client_7": 0.9462969462969463,
        "client_8": 0.1345049003041568,
        "client_9": 0.13953488372093023
    },
    "client_6": {
        "client_0": 0.05385749385749385,
        "client_1": 0.05287724101532219,
        "client_2": 0.0015220700152207003,
        "client_3": 0.0015220700152207003,
        "client_4": 0.0015220700152207003,
        "client_5": 0.9461766889383816,
        "client_6": 0.9466864124398371,
        "client_7": 0.9470381989296919,
        "client_8": 0.13262411347517727,
        "client_9": 0.13922261484098938
    },
    "client_7": {
        "client_0": 0.05369789184837083,
        "client_1": 0.05268208742843906,
        "client_2": 0.0,
        "client_3": 0.0015313935681470134,
        "client_4": 0.0,
        "client_5": 0.9540423935471768,
        "client_6": 0.954018691588785,
        "client_7": 0.9517061346261421,
        "client_8": 0.13371469431533783,
        "client_9": 0.14036337727110795
    },
    "client_8": {
        "client_0": 0.6964861379754996,
        "client_1": 0.69732155434367,
        "client_2": 0.5736705760444634,
        "client_3": 0.5752100919328458,
        "client_4": 0.5738285369896038,
        "client_5": 0.011570197606795968,
        "client_6": 0.01256063624336613,
        "client_7": 0.012129318599808482,
        "client_8": 0.9662279689063341,
        "client_9": 0.9671208553672752
    },
    "client_9": {
        "client_0": 0.6977090431096923,
        "client_1": 0.6986918867507486,
        "client_2": 0.5764218342740348,
        "client_3": 0.5775470109458322,
        "client_4": 0.5766130543995802,
        "client_5": 0.010894469311888323,
        "client_6": 0.012095124058383982,
        "client_7": 0.011543180888612848,
        "client_8": 0.9669025301721497,
        "client_9": 0.9673271889400922
    }
}