{"client_0": {"client_0": 0.6433388334887725, "client_1": 0.6055671138532176, "client_2": 0.07328359279718774, "client_3": 0.10667910180070306, "client_4": 0.7341990099720209, "client_5": 0.754609369395222, "client_6": 0.8257765980342923, "client_7": 0.7329435397087309, "client_8": 0.8476217806155392, "client_9": 0.8641581175120167}, "client_1": {"client_0": 0.644450821436258, "client_1": 0.6053160198005596, "client_2": 0.07371403974460147, "client_3": 0.10316378506349093, "client_4": 0.7355979625511155, "client_5": 0.7578735920797761, "client_6": 0.8285745031924815, "client_7": 0.7340913982351676, "client_8": 0.8470119807733697, "client_9": 0.8647679173541861}, "client_2": {"client_0": 0.552896014451846, "client_1": 0.5533476346392684, "client_2": 0.8734898949983064, "client_3": 0.8737157050920176, "client_4": 0.8316021226148809, "client_5": 0.8443603929095631, "client_6": 0.8291746641074856, "client_7": 0.8300214519589025, "client_8": 0.8575138308682398, "client_9": 0.7624477814158293}, "client_3": {"client_0": 0.5541944224906853, "client_1": 0.5549283052952467, "client_2": 0.87416732527944, "client_3": 0.8743366828497234, "client_4": 0.8301343570057581, "client_5": 0.842158744495879, "client_6": 0.8288924014903466, "client_7": 0.8289488540137744, "client_8": 0.85802190357909, "client_9": 0.7666817206729141}, "client_4": {"client_0": 0.24648158446336144, "client_1": 0.24673824699490954, "client_2": 0.44573726312187195, "client_3": 0.41784660136031143, "client_4": 0.9816486289943106, "client_5": 0.9811353039312144, "client_6": 0.9821619540574068, "client_7": 0.98194806861445, "client_8": 0.2752705650853403, "client_9": 0.26983787483423877}, "client_5": {"client_0": 0.24583992813449115, "client_1": 0.2457971510458998, "client_2": 0.44813278008298757, "client_3": 0.4107456046541472, "client_4": 0.9804508705137528, "client_5": 0.9797664370962912, "client_6": 0.9808786413996663, "client_7": 0.9810069726654403, "client_8": 0.27296060230140734, "client_9": 0.2654318347093297}, "client_6": {"client_0": 0.2516148350943235, "client_1": 0.2515292809171408, "client_2": 0.45176883261325235, "client_3": 0.41429610300722935, "client_4": 0.9804936476023441, "client_5": 0.9798519912734739, "client_6": 0.9805364246909355, "client_7": 0.9804508705137528, "client_8": 0.2793343885015186, "client_9": 0.27454335457928736}, "client_7": {"client_0": 0.2502887453479916, "client_1": 0.24990375155066946, "client_2": 0.4490310989434059, "client_3": 0.42229541857381186, "client_4": 0.9800658767164306, "client_5": 0.9792958891217863, "client_6": 0.9804080934251614, "client_7": 0.9800230996278393, "client_8": 0.2815587971082688, "client_9": 0.27377336698464305}, "client_8": {"client_0": 0.584652862362972, "client_1": 0.610231425091352, "client_2": 0.29776070458165466, "client_3": 0.2685749086479903, "client_4": 0.570973484493582, "client_5": 0.5291857959336644, "client_6": 0.6369811674318373, "client_7": 0.621896374027921, "client_8": 0.4756863112526937, "client_9": 0.38550548112058464}, "client_9": {"client_0": 0.5835753771198351, "client_1": 0.6078890658671414, "client_2": 0.2946687904056966, "client_3": 0.26431181485992694, "client_4": 0.5703644710952872, "client_5": 0.5297479621474749, "client_6": 0.6355289047128267, "client_7": 0.620584652862363, "client_8": 0.4726412442612199, "client_9": 0.38039913801180547}}