{
    "attacker_000": {
        "attacker_000": 0.9855763878949796,
        "attacker_001": 0.9855316713304503,
        "client_000": 0.9112589559877174,
        "client_001": 0.9715500169057626,
        "client_002": 0.9606040388589654,
        "client_003": 0.8979810365969499,
        "client_004": 0.9713521526166538,
        "client_005": 0.09579726207950155,
        "client_006": 0.09585430146177809,
        "client_007": 0.09613944712330408,
        "client_008": 0.09551201390137218,
        "client_009": 0.09579726207950155,
        "client_010": 0.9855823491074409,
        "client_011": 0.9855980161505691,
        "client_012": 0.9855823491074409,
        "client_013": 0.682468276535246,
        "client_014": 0.6841424908347283,
        "client_015": 0.6883048675447995,
        "client_016": 0.3401513328520628,
        "client_017": 0.6831284442560407
    },
    "attacker_001": {
        "attacker_000": 0.9852241820813387,
        "attacker_001": 0.9853878810042452,
        "client_000": 0.908658859731601,
        "client_001": 0.9702654353817144,
        "client_002": 0.9589192888686101,
        "client_003": 0.8953653386867882,
        "client_004": 0.9707451523992199,
        "client_005": 0.09979359238984116,
        "client_006": 0.09979359238984116,
        "client_007": 0.10081621670104941,
        "client_008": 0.09945247284803878,
        "client_009": 0.09979060723900687,
        "client_010": 0.9853584089789039,
        "client_011": 0.9853584089789039,
        "client_012": 0.9853584089789039,
        "client_013": 0.6819900582062286,
        "client_014": 0.6842953475550277,
        "client_015": 0.6890735093069724,
        "client_016": 0.3421608187915876,
        "client_017": 0.6829485656085554
    },
    "client_000": {
        "attacker_000": 0.20230536892066822,
        "attacker_001": 0.18874360432063672,
        "client_000": 0.9759085340955491,
        "client_001": 0.9755035383777899,
        "client_002": 0.976313640076232,
        "client_003": 0.976718856364874,
        "client_004": 0.976725193956717,
        "client_005": 0.057502246181491475,
        "client_006": 0.058410188844971456,
        "client_007": 0.05933363760839799,
        "client_008": 0.04883614787768143,
        "client_009": 0.04878048780487805,
        "client_010": 0.3068220774768598,
        "client_011": 0.30637972749267794,
        "client_012": 0.3097983331174159,
        "client_013": 0.10687418936446176,
        "client_014": 0.10695742471443406,
        "client_015": 0.10657376943423005,
        "client_016": 0.10644474550029032,
        "client_017": 0.10595856583926626
    },
    "client_001": {
        "attacker_000": 0.2089330944585161,
        "attacker_001": 0.19494090104493803,
        "client_000": 0.9766640148501724,
        "client_001": 0.9777070063694268,
        "client_002": 0.9780847390091645,
        "client_003": 0.9783446260130199,
        "client_004": 0.9779607010090281,
        "client_005": 0.056157417643157195,
        "client_006": 0.056111352762070466,
        "client_007": 0.05452906714736367,
        "client_008": 0.044164037854889586,
        "client_009": 0.04463874827427519,
        "client_010": 0.3154915079773546,
        "client_011": 0.3141063703452371,
        "client_012": 0.31862003372098047,
        "client_013": 0.10602128211783028,
        "client_014": 0.1061245697213743,
        "client_015": 0.10563698585910762,
        "client_016": 0.10561013443640124,
        "client_017": 0.10510086085057176
    },
    "client_002": {
        "attacker_000": 0.20223203335786116,
        "attacker_001": 0.1888285843509724,
        "client_000": 0.9758118401710544,
        "client_001": 0.9765823631740935,
        "client_002": 0.9764642952661139,
        "client_003": 0.9767379679144386,
        "client_004": 0.9764768778401497,
        "client_005": 0.061287477954144624,
        "client_006": 0.06157849089332176,
        "client_007": 0.06193895870736086,
        "client_008": 0.049043869516310463,
        "client_009": 0.04958677685950413,
        "client_010": 0.31067878684903577,
        "client_011": 0.3096638655462185,
        "client_012": 0.3131767021868447,
        "client_013": 0.10291928280147582,
        "client_014": 0.10316894562892877,
        "client_015": 0.1026731078904992,
        "client_016": 0.10262360600786437,
        "client_017": 0.10227126908764275
    },
    "client_003": {
        "attacker_000": 0.20627312989140323,
        "attacker_001": 0.19327354260089685,
        "client_000": 0.97615597417995,
        "client_001": 0.9760021097046414,
        "client_002": 0.9769220625082421,
        "client_003": 0.9770630108093857,
        "client_004": 0.9774614472123369,
        "client_005": 0.06162587412587413,
        "client_006": 0.06050203818922978,
        "client_007": 0.06215316315205327,
        "client_008": 0.0507230255839822,
        "client_009": 0.05031731640979148,
        "client_010": 0.313212325875897,
        "client_011": 0.31336289850221744,
        "client_012": 0.3156954487452148,
        "client_013": 0.10384095734414205,
        "client_014": 0.10407676949829331,
        "client_015": 0.10368663594470044,
        "client_016": 0.10338201383551114,
        "client_017": 0.10331210191082803
    },
    "client_004": {
        "attacker_000": 0.20211328172994225,
        "attacker_001": 0.1881238369142277,
        "client_000": 0.9757720979765709,
        "client_001": 0.9765520916600052,
        "client_002": 0.9774756763961082,
        "client_003": 0.9776179056754596,
        "client_004": 0.9780146568954032,
        "client_005": 0.06814684546054077,
        "client_006": 0.06640793445450625,
        "client_007": 0.06730554936483173,
        "client_008": 0.05376344086021505,
        "client_009": 0.05393053016453382,
        "client_010": 0.3108389675553855,
        "client_011": 0.3102679510368906,
        "client_012": 0.31381291262968364,
        "client_013": 0.10171473109898677,
        "client_014": 0.10184041100344671,
        "client_015": 0.10146707167323725,
        "client_016": 0.1013264315755419,
        "client_017": 0.10088142572219005
    },
    "client_005": {
        "attacker_000": 0.56847122430106,
        "attacker_001": 0.496178937558248,
        "client_000": 0.5159687721788503,
        "client_001": 0.5158914728682171,
        "client_002": 0.5161435844557581,
        "client_003": 0.5157830118574521,
        "client_004": 0.5159126817786089,
        "client_005": 0.9776777631204573,
        "client_006": 0.9771158172368319,
        "client_007": 0.979716602336606,
        "client_008": 0.9787156630889576,
        "client_009": 0.9793013555787278,
        "client_010": 0.6780376218713217,
        "client_011": 0.6790879247626652,
        "client_012": 0.6788524553621187,
        "client_013": 0.014101531023368252,
        "client_014": 0.02271356783919598,
        "client_015": 0.021322823505633873,
        "client_016": 0.02717146995654563,
        "client_017": 0.02266800401203611
    },
    "client_006": {
        "attacker_000": 0.5664146097874162,
        "attacker_001": 0.49561485351744733,
        "client_000": 0.5096029068258501,
        "client_001": 0.5095950904308861,
        "client_002": 0.5098395201815529,
        "client_003": 0.509194879459354,
        "client_004": 0.5096818137588791,
        "client_005": 0.9768573647424281,
        "client_006": 0.9754734554486183,
        "client_007": 0.9789817842129845,
        "client_008": 0.9780414195025497,
        "client_009": 0.9787778328852227,
        "client_010": 0.6778750055523476,
        "client_011": 0.6792344030694848,
        "client_012": 0.6786271450858035,
        "client_013": 0.015554769961113076,
        "client_014": 0.024896683802036083,
        "client_015": 0.023171101892138016,
        "client_016": 0.02864870279475108,
        "client_017": 0.024928381162989396
    },
    "client_007": {
        "attacker_000": 0.5664427621992394,