{
    "attacker_000": {
        "attacker_000": 0.9856972396786253,
        "attacker_001": 0.9855155417759759,
        "client_000": 0.970985525000806,
        "client_001": 0.9719490802581392,
        "client_002": 0.9590429779813225,
        "client_003": 0.961378973900317,
        "client_004": 0.9713862454309775,
        "client_005": 0.11186027861110287,
        "client_006": 0.09671237798670579,
        "client_007": 0.11073795583558713,
        "client_008": 0.09613944712330408,
        "client_009": 0.11320530705529666,
        "client_010": 0.9855666825623908,
        "client_011": 0.9856136836917989,
        "client_012": 0.9855980161505691,
        "client_013": 0.7058406636928336,
        "client_014": 0.7352522086064406,
        "client_015": 0.7371955659843028,
        "client_016": 0.6854008724746941,
        "client_017": 0.7105585421034061
    },
    "attacker_001": {
        "attacker_000": 0.9853444297694254,
        "attacker_001": 0.9853551495492059,
        "client_000": 0.9701162771945102,
        "client_001": 0.9710614039325571,
        "client_002": 0.9575093009594674,
        "client_003": 0.9598879989581298,
        "client_004": 0.9707805805225347,
        "client_005": 0.11786317442446148,
        "client_006": 0.10138386585766807,
        "client_007": 0.11585691404164442,
        "client_008": 0.1006458557588805,
        "client_009": 0.11886993603411514,
        "client_010": 0.985342744499555,
        "client_011": 0.9853584089789039,
        "client_012": 0.9853422784649135,
        "client_013": 0.7038205251394314,
        "client_014": 0.7330434960096339,
        "client_015": 0.7355608301381535,
        "client_016": 0.6853292080781539,
        "client_017": 0.7088117823265101
    },
    "client_000": {
        "attacker_000": 0.17594228504122497,
        "attacker_001": 0.15361909650924022,
        "client_000": 0.9759085340955491,
        "client_001": 0.9752380952380952,
        "client_002": 0.9752246120337599,
        "client_003": 0.9757954854500952,
        "client_004": 0.9754968690443779,
        "client_005": 0.04731086810979693,
        "client_006": 0.05725788414225006,
        "client_007": 0.05690153367414981,
        "client_008": 0.0482037289677126,
        "client_009": 0.04820352599866102,
        "client_010": 0.3087455074448057,
        "client_011": 0.30445201160297647,
        "client_012": 0.30981661272923405,
        "client_013": 0.1076591013146707,
        "client_014": 0.10721488517337843,
        "client_015": 0.10671680497925311,
        "client_016": 0.1092801387684302,
        "client_017": 0.10712191307747443
    },
    "client_001": {
        "attacker_000": 0.18616315090721344,
        "attacker_001": 0.16202726051065464,
        "client_000": 0.977712921199257,
        "client_001": 0.9772004241781548,
        "client_002": 0.9778308774724545,
        "client_003": 0.9767996818242078,
        "client_004": 0.9778367617783675,
        "client_005": 0.039069359086918345,
        "client_006": 0.0555678059536935,
        "client_007": 0.05494984736153511,
        "client_008": 0.043419874664279316,
        "client_009": 0.04348781023500988,
        "client_010": 0.31703767123287674,
        "client_011": 0.3119983189745745,
        "client_012": 0.3184586807205495,
        "client_013": 0.10702122085407387,
        "client_014": 0.10651196141059906,
        "client_015": 0.1051743166915536,
        "client_016": 0.1078052034689793,
        "client_017": 0.10575793184488835
    },
    "client_002": {
        "attacker_000": 0.17778102403038493,
        "attacker_001": 0.15562619198982836,
        "client_000": 0.9763400614891057,
        "client_001": 0.9757989035967375,
        "client_002": 0.9757989035967375,
        "client_003": 0.9762286324786326,
        "client_004": 0.9756684491978609,
        "client_005": 0.047441247529101685,
        "client_006": 0.060272767267927845,
        "client_007": 0.06089813800657174,
        "client_008": 0.04870420017873101,
        "client_009": 0.047933157431838166,
        "client_010": 0.31230109899435654,
        "client_011": 0.30774360256730854,
        "client_012": 0.3132190052602318,
        "client_013": 0.10373173277661796,
        "client_014": 0.10328028580708021,
        "client_015": 0.10293260827345116,
        "client_016": 0.1052001595956909,
        "client_017": 0.10340118358587501
    },
    "client_003": {
        "attacker_000": 0.18536726431463277,
        "attacker_001": 0.16235323822749653,
        "client_000": 0.976419444078514,
        "client_001": 0.975886151008038,
        "client_002": 0.9758797943851325,
        "client_003": 0.9765604424545694,
        "client_004": 0.9760084365937253,
        "client_005": 0.04901322923443939,
        "client_006": 0.06105538595726123,
        "client_007": 0.0604099244875944,
        "client_008": 0.050420168067226885,
        "client_009": 0.051270910275907015,
        "client_010": 0.3149858703445949,
        "client_011": 0.31124756254408165,
        "client_012": 0.3158655276467338,
        "client_013": 0.1046549373498669,
        "client_014": 0.10423537019075332,
        "client_015": 0.1039211898783079,
        "client_016": 0.106363275565551,
        "client_017": 0.1042421107087429
    },
    "client_004": {
        "attacker_000": 0.18181818181818185,
        "attacker_001": 0.15828524319868095,
        "client_000": 0.9768247202983483,
        "client_001": 0.9762919552477357,
        "client_002": 0.9764220061276142,
        "client_003": 0.9765770561618313,
        "client_004": 0.9762856381561418,
        "client_005": 0.05165244035894069,
        "client_006": 0.06641905178064234,
        "client_007": 0.0664783836628286,
        "client_008": 0.05334518781951545,
        "client_009": 0.05300043802014893,
        "client_010": 0.31296673455532925,
        "client_011": 0.3084104359423189,
        "client_012": 0.31363986642692016,
        "client_013": 0.10244638289499573,
        "client_014": 0.10215930589079522,
        "client_015": 0.1014700143098738,
        "client_016": 0.10372749782506858,
        "client_017": 0.10185669456066945
    },
    "client_005": {
        "attacker_000": 0.5146130973964754,
        "attacker_001": 0.45050723332733056,
        "client_000": 0.5158819553953593,
        "client_001": 0.5157617086978898,
        "client_002": 0.5156350534036803,
        "client_003": 0.5155043746783324,
        "client_004": 0.5153338696701528,
        "client_005": 0.973315801686132,
        "client_006": 0.9751110193121968,
        "client_007": 0.9742730459888636,
        "client_008": 0.9751472563811098,
        "client_009": 0.9721150383289602,
        "client_010": 0.6780902492619804,
        "client_011": 0.6804356488245451,
        "client_012": 0.6788016685627607,
        "client_013": 0.010860738936256597,
        "client_014": 0.02163911218969614,
        "client_015": 0.021326056195674147,
        "client_016": 0.01603491145278327,
        "client_017": 0.021898178515565875
    },
    "client_006": {
        "attacker_000": 0.511047910741632,
        "attacker_001": 0.44600854238103826,
        "client_000": 0.5092250922509224,
        "client_001": 0.5093344549778368,
        "client_002": 0.5097582289542674,
        "client_003": 0.5093179759285622,
        "client_004": 0.5090638352971644,
        "client_005": 0.9719119960795439,
        "client_006": 0.9732940751071854,
        "client_007": 0.9721269628445453,
        "client_008": 0.973534580791895,
        "client_009": 0.9714212152420184,
        "client_010": 0.6779284778796422,
        "client_011": 0.6803676226331525,
        "client_012": 0.678635147190009,
        "client_013": 0.012299872935196951,
        "client_014": 0.023386484434320426,
        "client_015": 0.023173446670714432,
        "client_016": 0.01696551023518058,
        "client_017": 0.023346303501945526
    },
    "client_007": {
        "attacker_000": 0.5102137421257692,