{
    "client_0": {
        "client_0": 0.9994681865160195,
        "client_1": 0.9994481402325839,
        "client_2": 0.8283523466719818,
        "client_3": 0.950610348357966,
        "client_4": 0.7311826591577196,
        "client_5": 0.7341410446908218,
        "client_6": 0.8189831874029929,
        "client_7": 0.7851998098789806,
        "client_8": 0.08224388838192209,
        "client_9": 0.0834157631399514
    },
    "client_1": {
        "client_0": 0.9995184445759804,
        "client_1": 0.9995084368291166,
        "client_2": 0.8269976817208087,
        "client_3": 0.950842217428048,
        "client_4": 0.7296536204890886,
        "client_5": 0.7351094196003807,
        "client_6": 0.8187181613552896,
        "client_7": 0.7851007054867127,
        "client_8": 0.07918754387820852,
        "client_9": 0.08053149246699805
    },
    "client_2": {
        "client_0": 0.12938252930689859,
        "client_1": 0.12946700978961612,
        "client_2": 0.9521166752710376,
        "client_3": 0.9524608140359929,
        "client_4": 0.9525775856506872,
        "client_5": 0.10605621558968416,
        "client_6": 0.10555964536056078,
        "client_7": 0.10522614671567844,
        "client_8": 0.2239925023430178,
        "client_9": 0.2225094635767704
    },
    "client_3": {
        "client_0": 0.1262141190514949,
        "client_1": 0.12573192803151284,
        "client_2": 0.9560030785017958,
        "client_3": 0.956231976930471,
        "client_4": 0.956348951990257,
        "client_5": 0.10901290343549908,
        "client_6": 0.1085782649464869,
        "client_7": 0.10842789254194549,
        "client_8": 0.21775544388609716,
        "client_9": 0.21552595314653192
    },
    "client_4": {
        "client_0": 0.12628041840550647,
        "client_1": 0.12615728423965097,
        "client_2": 0.9595914458984999,
        "client_3": 0.9594232486921016,
        "client_4": 0.9601072317610264,
        "client_5": 0.11166661290842823,
        "client_6": 0.11114319632945102,
        "client_7": 0.1109188773548635,
        "client_8": 0.21507594224639043,
        "client_9": 0.21363720585510468
    },
    "client_5": {
        "client_0": 0.03557571778188981,
        "client_1": 0.05470795951813743,
        "client_2": 0.0010512483574244415,
        "client_3": 0.0015624999999999999,
        "client_4": 0.0010435690060005217,
        "client_5": 0.9457364341085271,
        "client_6": 0.943239021003298,
        "client_7": 0.9442896935933147,
        "client_8": 0.21705426356589147,
        "client_9": 0.23923444976076552
    },
    "client_6": {
        "client_0": 0.0324784276126558,
        "client_1": 0.05100902545380793,
        "client_2": 0.000544959128065395,
        "client_3": 0.0016238159675236806,
        "client_4": 0.0005422993492407808,
        "client_5": 0.9428571428571428,
        "client_6": 0.9419945105215004,
        "client_7": 0.9430983847283407,
        "client_8": 0.2169491525423729,
        "client_9": 0.24575424575424576
    },
    "client_7": {
        "client_0": 0.031837337967124055,
        "client_1": 0.0506015929503474,
        "client_2": 0.0005557099194220617,
        "client_3": 0.0016579165515335729,
        "client_4": 0.0005535566011624688,
        "client_5": 0.9503652369357558,
        "client_6": 0.9466494369577257,
        "client_7": 0.9484612532443456,
        "client_8": 0.2073463783041538,
        "client_9": 0.23214890016920472
    },
    "client_8": {
        "client_0": 0.6975939718570461,
        "client_1": 0.6986045577753238,
        "client_2": 0.5271779597915116,
        "client_3": 0.5316031973528534,
        "client_4": 0.524909621667601,
        "client_5": 0.010331920685495098,
        "client_6": 0.010240496508921644,
        "client_7": 0.010293935259828848,
        "client_8": 0.9654801508946887,
        "client_9": 0.9670229877096176
    },
    "client_9": {
        "client_0": 0.698926818817827,
        "client_1": 0.7004137064488748,
        "client_2": 0.5300536448652138,
        "client_3": 0.5339006602842384,
        "client_4": 0.527321404495464,
        "client_5": 0.009458959822528963,
        "client_6": 0.009391411801050355,
        "client_7": 0.009443278607579313,
        "client_8": 0.9658441121609638,
        "client_9": 0.9670952377305898
    }
}