{
    "attacker_000": {
        "attacker_000": 0.009821976672805403,
        "attacker_001": 0.009821976672805403,
        "client_000": 0.29055121664936123,
        "client_001": 0.2872651356993737,
        "client_002": 0.29081701858299047,
        "client_003": 0.298752763525633,
        "client_004": 0.3264119118245798,
        "client_005": 0.08434816049224458,
        "client_006": 0.07959053103007038,
        "client_007": 0.08349389852280026,
        "client_008": 0.0800921187308086,
        "client_009": 0.07949737145787922,
        "client_010": 0.333133519247309,
        "client_011": 0.3331074388781734,
        "client_012": 0.333133519247309,
        "client_013": 0.32606679035250463,
        "client_014": 0.31004174160925785,
        "client_015": 0.3059138648058082,
        "client_016": 0.30061531618355697,
        "client_017": 0.2919934640522876
    },
    "attacker_001": {
        "attacker_000": 0.014676654945726952,
        "attacker_001": 0.01437308868501529,
        "client_000": 0.2872823788744433,
        "client_001": 0.28413677910267715,
        "client_002": 0.28747859010186605,
        "client_003": 0.2965652518676182,
        "client_004": 0.3317867460386939,
        "client_005": 0.08467227748023463,
        "client_006": 0.07674655787863335,
        "client_007": 0.08425890463423977,
        "client_008": 0.07703099094503252,
        "client_009": 0.0764217252396166,
        "client_010": 0.33355048859934855,
        "client_011": 0.3334202022307933,
        "client_012": 0.3335157532640138,
        "client_013": 0.3255585137168654,
        "client_014": 0.31205962059620596,
        "client_015": 0.31003767207689326,
        "client_016": 0.3050784582854175,
        "client_017": 0.2971002621231979
    },
    "client_000": {
        "attacker_000": 0.6232722597235615,
        "attacker_001": 0.6174496644295302,
        "client_000": 0.9631423190745225,
        "client_001": 0.9622057834566241,
        "client_002": 0.9627136895948311,
        "client_003": 0.9623352165725046,
        "client_004": 0.9624646845150007,
        "client_005": 0.22695035460992907,
        "client_006": 0.2244323512854194,
        "client_007": 0.2163080407701019,
        "client_008": 0.22430959984970883,
        "client_009": 0.2171641791044776,
        "client_010": 0.13090071738552828,
        "client_011": 0.16357726434156197,
        "client_012": 0.13527691379230306,
        "client_013": 0.10042748676067123,
        "client_014": 0.10464729738714182,
        "client_015": 0.10406611570247934,
        "client_016": 0.10346414250969566,
        "client_017": 0.10456210456210456
    },
    "client_001": {
        "attacker_000": 0.6086251621271077,
        "attacker_001": 0.6012866781735448,
        "client_000": 0.9645390070921985,
        "client_001": 0.9633297644539615,
        "client_002": 0.9639748225525646,
        "client_003": 0.9637264087806185,
        "client_004": 0.9633199464524765,
        "client_005": 0.21040506815127666,
        "client_006": 0.2072987208427389,
        "client_007": 0.19738090719301576,
        "client_008": 0.2066880785943699,
        "client_009": 0.19689313119970056,
        "client_010": 0.12789259848083379,
        "client_011": 0.1660697125884511,
        "client_012": 0.13185089499907732,
        "client_013": 0.10778138321562639,
        "client_014": 0.11172741679873217,
        "client_015": 0.11162422483177202,
        "client_016": 0.1108417949557812,
        "client_017": 0.11215821608707194
    },
    "client_002": {
        "attacker_000": 0.6107977437550363,
        "attacker_001": 0.6053986581369948,
        "client_000": 0.9608341130864857,
        "client_001": 0.9603206412825651,
        "client_002": 0.9608236395240006,
        "client_003": 0.9604383854584336,
        "client_004": 0.9605667691485096,
        "client_005": 0.2128060263653484,
        "client_006": 0.20967146548541896,
        "client_007": 0.20119003346969133,
        "client_008": 0.20939696633370328,
        "client_009": 0.20139398385913426,
        "client_010": 0.13222994981952635,
        "client_011": 0.1674304919034525,
        "client_012": 0.13668666359021692,
        "client_013": 0.10711543383670334,
        "client_014": 0.11145965427484482,
        "client_015": 0.1108232011162049,
        "client_016": 0.10999010880316519,
        "client_017": 0.11134903640256961
    },
    "client_003": {
        "attacker_000": 0.6343176376695929,
        "attacker_001": 0.626576438019071,
        "client_000": 0.9635922330097086,
        "client_001": 0.9626533638937577,
        "client_002": 0.9635627530364373,
        "client_003": 0.9627831715210355,
        "client_004": 0.9630329195898544,
        "client_005": 0.20122652357224988,
        "client_006": 0.19737827715355807,
        "client_007": 0.19200301772915881,
        "client_008": 0.19741039594670667,
        "client_009": 0.1913626209977662,
        "client_010": 0.1267611854600062,
        "client_011": 0.1567835666944652,
        "client_012": 0.13019557076147764,
        "client_013": 0.09570914696813979,
        "client_014": 0.09935897435897434,
        "client_015": 0.09904153354632586,
        "client_016": 0.09831516352824579,
        "client_017": 0.09949782390358218
    },
    "client_004": {
        "attacker_000": 0.6200944471584432,
        "attacker_001": 0.6119566922956222,
        "client_000": 0.9646835099157837,
        "client_001": 0.9641499185225422,
        "client_002": 0.9647954329210278,
        "client_003": 0.9642808637783512,
        "client_004": 0.9644021739130435,
        "client_005": 0.2247148288973384,
        "client_006": 0.22222222222222224,
        "client_007": 0.21550591327201052,
        "client_008": 0.2215568862275449,
        "client_009": 0.21626651777405548,
        "client_010": 0.1295739791408874,
        "client_011": 0.16266935589950451,
        "client_012": 0.13280888477556688,
        "client_013": 0.09893542423662907,
        "client_014": 0.10248241072613833,
        "client_015": 0.1021810971579643,
        "client_016": 0.10138369729162569,
        "client_017": 0.10278942813394581
    },
    "client_005": {
        "attacker_000": 0.01642493516472961,
        "attacker_001": 0.0558706351066323,
        "client_000": 0.5197695332743956,
        "client_001": 0.522050783622889,
        "client_002": 0.5223817053886389,
        "client_003": 0.5214776110334771,
        "client_004": 0.5179120377415919,
        "client_005": 0.9700725878409338,
        "client_006": 0.9674418604651163,
        "client_007": 0.9669597719050242,
        "client_008": 0.9670292806824171,
        "client_009": 0.9663071809464596,
        "client_010": 0.7026666666666668,
        "client_011": 0.7017521902377972,
        "client_012": 0.7012520868113522,
        "client_013": 0.012263523148588269,
        "client_014": 0.011938302850866722,
        "client_015": 0.012124105011933175,
        "client_016": 0.011564035848511131,
        "client_017": 0.011506928129644725
    },
    "client_006": {
        "attacker_000": 0.0171958307315433,
        "attacker_001": 0.05845433255269321,
        "client_000": 0.5283922186534149,
        "client_001": 0.5306726240792174,
        "client_002": 0.5309108497838508,
        "client_003": 0.5304594578276882,
        "client_004": 0.5274333071199565,
        "client_005": 0.9686135437022025,
        "client_006": 0.9663529468113131,
        "client_007": 0.9655254967680154,
        "client_008": 0.9660176736834541,
        "client_009": 0.9656606208330346,
        "client_010": 0.7047777316161198,
        "client_011": 0.7037214236681714,
        "client_012": 0.7032527939064744,
        "client_013": 0.013516086046068913,
        "client_014": 0.012721794442584533,
        "client_015": 0.012913717237421083,
        "client_016": 0.01233140655105973,
        "client_017": 0.011999616012287606
    },
    "client_007": {
        "attacker_000": 0.017993013351198735,