{
    "attacker_000": {
        "attacker_000": 0.010105649977032612,
        "attacker_001": 0.008583690987124463,
        "client_000": 0.2682629655135879,
        "client_001": 0.26723246830966757,
        "client_002": 0.24870712714735782,
        "client_003": 0.2591414944356121,
        "client_004": 0.2894653159496661,
        "client_005": 0.10754716981132076,
        "client_006": 0.10821643286573145,
        "client_007": 0.10758523062404152,
        "client_008": 0.10820367751060819,
        "client_009": 0.10779573062861188,
        "client_010": 0.3329770315718122,
        "client_011": 0.33296835080035453,
        "client_012": 0.3330031798988688,
        "client_013": 0.321029420648825,
        "client_014": 0.3035484936332612,
        "client_015": 0.29407969027262465,
        "client_016": 0.29750911771552724,
        "client_017": 0.30293171651447376
    },
    "attacker_001": {
        "attacker_000": 0.016156073769242493,
        "attacker_001": 0.014957264957264958,
        "client_000": 0.26543340380549685,
        "client_001": 0.26547903541168805,
        "client_002": 0.24976325757575757,
        "client_003": 0.25791139240506333,
        "client_004": 0.2860898336581607,
        "client_005": 0.10465663217309502,
        "client_006": 0.10487948265726045,
        "client_007": 0.1046935654628867,
        "client_008": 0.10508992594334077,
        "client_009": 0.10468125147024229,
        "client_010": 0.33348970549908785,
        "client_011": 0.33345494345129517,
        "client_012": 0.3334375651448822,
        "client_013": 0.3203207427727368,
        "client_014": 0.30677363812873215,
        "client_015": 0.2986074672048436,
        "client_016": 0.30359706647006324,
        "client_017": 0.30701107011070106
    },
    "client_000": {
        "attacker_000": 0.2724631972822608,
        "attacker_001": 0.3627159827213823,
        "client_000": 0.9770605494798613,
        "client_001": 0.9773151854817188,
        "client_002": 0.9770421783235451,
        "client_003": 0.9773212379935966,
        "client_004": 0.9770483053109155,
        "client_005": 0.18388059701492535,
        "client_006": 0.22672064777327933,
        "client_007": 0.2203659506762132,
        "client_008": 0.23231132075471697,
        "client_009": 0.20969603693728356,
        "client_010": 0.2995216086921268,
        "client_011": 0.30379955493282784,
        "client_012": 0.29411998568759196,
        "client_013": 0.10149483543978957,
        "client_014": 0.1031548632019898,
        "client_015": 0.10235812386628661,
        "client_016": 0.10200387847446671,
        "client_017": 0.10175619834710745
    },
    "client_001": {
        "attacker_000": 0.27147579809542605,
        "attacker_001": 0.36213991769547327,
        "client_000": 0.9768308921438084,
        "client_001": 0.9772212601571866,
        "client_002": 0.9770727805918422,
        "client_003": 0.9764408358844668,
        "client_004": 0.9773574853489612,
        "client_005": 0.17781305814645762,
        "client_006": 0.2115267947421638,
        "client_007": 0.20691032554423805,
        "client_008": 0.21605667060212513,
        "client_009": 0.19580688593960374,
        "client_010": 0.29764211886304903,
        "client_011": 0.3014114557689151,
        "client_012": 0.2926577862353314,
        "client_013": 0.10861351264809478,
        "client_014": 0.11061110024130957,
        "client_015": 0.10946172712017554,
        "client_016": 0.1092409879409299,
        "client_017": 0.10925507900677203
    },
    "client_002": {
        "attacker_000": 0.27262404344606267,
        "attacker_001": 0.3636117869694512,
        "client_000": 0.9765220851571826,
        "client_001": 0.9766640148501724,
        "client_002": 0.9765033851055357,
        "client_003": 0.9769230769230769,
        "client_004": 0.977052659503913,
        "client_005": 0.1764937106918239,
        "client_006": 0.21414302836596086,
        "client_007": 0.20811287477954146,
        "client_008": 0.2179710144927536,
        "client_009": 0.197944423296536,
        "client_010": 0.29952820678253156,
        "client_011": 0.3032585557556902,
        "client_012": 0.29425723777883245,
        "client_013": 0.10795491143317232,
        "client_014": 0.11029315104509003,
        "client_015": 0.10885680842762387,
        "client_016": 0.10841339911711241,
        "client_017": 0.10842357823746837
    },
    "client_003": {
        "attacker_000": 0.27353639240506333,
        "attacker_001": 0.3647264888170305,
        "client_000": 0.976544699101997,
        "client_001": 0.9768065424319614,
        "client_002": 0.9766568285484304,
        "client_003": 0.9770685262169774,
        "client_004": 0.9768127596836885,
        "client_005": 0.1622709885242601,
        "client_006": 0.2024439918533605,
        "client_007": 0.1960863425458947,
        "client_008": 0.2070327933623074,
        "client_009": 0.1880841121495327,
        "client_010": 0.29767968307866444,
        "client_011": 0.3012967826657912,
        "client_012": 0.29244123825756074,
        "client_013": 0.09604847547218462,
        "client_014": 0.09837146436342058,
        "client_015": 0.09707472799530913,
        "client_016": 0.09689166341526854,
        "client_017": 0.09686017031788337
    },
    "client_004": {
        "attacker_000": 0.26868927225857625,
        "attacker_001": 0.35918644067796607,
        "client_000": 0.9778975741239893,
        "client_001": 0.977765799757445,
        "client_002": 0.9777538088175812,
        "client_003": 0.9776340609000269,
        "client_004": 0.977765799757445,
        "client_005": 0.19129392971246004,
        "client_006": 0.23013144590495455,
        "client_007": 0.22483555909906316,
        "client_008": 0.2311478637527072,
        "client_009": 0.21475220898962738,
        "client_010": 0.2968971810991685,
        "client_011": 0.3009097270818754,
        "client_012": 0.29126753845542347,
        "client_013": 0.10017980991523247,
        "client_014": 0.10180150671470685,
        "client_015": 0.10075207468879667,
        "client_016": 0.10064032080719228,
        "client_017": 0.1004524886877828
    },
    "client_005": {
        "attacker_000": 0.467068356534386,
        "attacker_001": 0.5686048872943884,
        "client_000": 0.5385519298562776,
        "client_001": 0.532946263872509,
        "client_002": 0.5292690324537458,
        "client_003": 0.5368443278134709,
        "client_004": 0.533071223347951,
        "client_005": 0.9741893425405026,
        "client_006": 0.9709225163485437,
        "client_007": 0.9737262302220931,
        "client_008": 0.9710532014726052,
        "client_009": 0.9707636083862281,
        "client_010": 0.7052557113728102,
        "client_011": 0.7041215653621982,
        "client_012": 0.7082660706155056,
        "client_013": 0.0958984287064968,
        "client_014": 0.016907758782641367,
        "client_015": 0.08809179616913625,
        "client_016": 0.09125818838942852,
        "client_017": 0.02163022613418231
    },
    "client_006": {
        "attacker_000": 0.4720055962898671,
        "attacker_001": 0.5741591246791841,
        "client_000": 0.5448005036122187,
        "client_001": 0.5392345649295943,
        "client_002": 0.5358435916002896,
        "client_003": 0.5436438898554202,
        "client_004": 0.5390194721160502,
        "client_005": 0.9734530360073367,
        "client_006": 0.9704507110147024,
        "client_007": 0.9733807209690287,
        "client_008": 0.9704765110352455,
        "client_009": 0.9701234449301119,
        "client_010": 0.7076789011764217,
        "client_011": 0.706199796591876,
        "client_012": 0.7097933141995829,
        "client_013": 0.0937613019891501,
        "client_014": 0.01864406779661017,
        "client_015": 0.08469498910675381,
        "client_016": 0.08857830013159686,
        "client_017": 0.022801914234775265
    },
    "client_007": {
        "attacker_000": 0.47086174829510236,