{
    "attacker_000": {
        "attacker_000": 0.011017597551644989,
        "attacker_001": 0.010405508798775822,
        "client_000": 0.2769045347260583,
        "client_001": 0.267430441898527,
        "client_002": 0.25904913196414386,
        "client_003": 0.2737922454903587,
        "client_004": 0.29010671007415445,
        "client_005": 0.10757254069355979,
        "client_006": 0.10778301886792453,
        "client_007": 0.08883343730505303,
        "client_008": 0.10775760433859939,
        "client_009": 0.10757254069355979,
        "client_010": 0.3329945004821852,
        "client_011": 0.3330813938335636,
        "client_012": 0.3330813938335636,
        "client_013": 0.31483015741507875,
        "client_014": 0.3175539929683576,
        "client_015": 0.3018867924528302,
        "client_016": 0.3042005173230355,
        "client_017": 0.30363036303630364
    },
    "attacker_001": {
        "attacker_000": 0.01676829268292683,
        "attacker_001": 0.01586091200244014,
        "client_000": 0.2705929567572991,
        "client_001": 0.2649395885490367,
        "client_002": 0.2582904920625953,
        "client_003": 0.2693466292718396,
        "client_004": 0.2867570855675213,
        "client_005": 0.10449517533537303,
        "client_006": 0.10466894037398565,
        "client_007": 0.08890549122151663,
        "client_008": 0.10466894037398565,
        "client_009": 0.1045074732258444,
        "client_010": 0.3334462540716613,
        "client_011": 0.33348099121869873,
        "client_012": 0.33348099121869873,
        "client_013": 0.315722550702524,
        "client_014": 0.31692278801915436,
        "client_015": 0.30578604651162783,
        "client_016": 0.3074181818181818,
        "client_017": 0.30712350830953955
    },
    "client_000": {
        "attacker_000": 0.3364905284147557,
        "attacker_001": 0.352375,
        "client_000": 0.976930257367649,
        "client_001": 0.9771787001201122,
        "client_002": 0.9759935982928781,
        "client_003": 0.976930257367649,
        "client_004": 0.9766448685439744,
        "client_005": 0.11476758535582064,
        "client_006": 0.17253031206519578,
        "client_007": 0.2320574162679426,
        "client_008": 0.21639344262295077,
        "client_009": 0.18472756734859228,
        "client_010": 0.2944853673103723,
        "client_011": 0.2996233445384958,
        "client_012": 0.26288785731737113,
        "client_013": 0.10191575824034058,
        "client_014": 0.10318187770066779,
        "client_015": 0.10212931201863956,
        "client_016": 0.10225798079418635,
        "client_017": 0.10243078122968934
    },
    "client_001": {
        "attacker_000": 0.33345766505035435,
        "attacker_001": 0.3519479707335376,
        "client_000": 0.9759212451775975,
        "client_001": 0.9766822118587609,
        "client_002": 0.9755058572949946,
        "client_003": 0.9757978723404256,
        "client_004": 0.976038338658147,
        "client_005": 0.10459131150916201,
        "client_006": 0.1636940150614348,
        "client_007": 0.21517462866318748,
        "client_008": 0.20239938080495357,
        "client_009": 0.17780477926285948,
        "client_010": 0.2932698034544372,
        "client_011": 0.29818827422023164,
        "client_012": 0.26116950046666393,
        "client_013": 0.10910730387736699,
        "client_014": 0.11062552997195226,
        "client_015": 0.10936793853702628,
        "client_016": 0.10959968907889624,
        "client_017": 0.1098573281452659
    },
    "client_002": {
        "attacker_000": 0.33534875023374683,
        "attacker_001": 0.35093419983753044,
        "client_000": 0.9754869484563403,
        "client_001": 0.9758556646325286,
        "client_002": 0.9750861383514445,
        "client_003": 0.9760169603816086,
        "client_004": 0.976004242343895,
        "client_005": 0.1121003642250101,
        "client_006": 0.16578896040569535,
        "client_007": 0.21911330049261082,
        "client_008": 0.20414369891655576,
        "client_009": 0.17620091688259917,
        "client_010": 0.2949546193175062,
        "client_011": 0.29984681125534146,
        "client_012": 0.2589495900641286,
        "client_013": 0.10846886541825958,
        "client_014": 0.11041009463722398,
        "client_015": 0.1086772830679233,
        "client_016": 0.10876369327073553,
        "client_017": 0.10902918326042958
    },
    "client_003": {
        "attacker_000": 0.3379035273588433,
        "attacker_001": 0.3535587077422983,
        "client_000": 0.9761521972132904,
        "client_001": 0.9765258215962441,
        "client_002": 0.9757405173569226,
        "client_003": 0.9765509848586359,
        "client_004": 0.9766756032171582,
        "client_005": 0.10351966873706005,
        "client_006": 0.15369221532919752,
        "client_007": 0.20866062437059416,
        "client_008": 0.19292104239595487,
        "client_009": 0.16022889842632332,
        "client_010": 0.29275454329021505,
        "client_011": 0.2979787791987736,
        "client_012": 0.25715447154471544,
        "client_013": 0.0967720984607391,
        "client_014": 0.09855531367504453,
        "client_015": 0.09699257909126417,
        "client_016": 0.09733472694016201,
        "client_017": 0.09748119070984626
    },
    "client_004": {
        "attacker_000": 0.33228957915831664,
        "attacker_001": 0.3482674353029638,
        "client_000": 0.9776340609000269,
        "client_001": 0.9773584905660377,
        "client_002": 0.9769634918496566,
        "client_003": 0.9768443726440496,
        "client_004": 0.9769510715729883,
        "client_005": 0.11879139072847682,
        "client_006": 0.17429193899782136,
        "client_007": 0.23475304939012198,
        "client_008": 0.2207717412171242,
        "client_009": 0.18803073190456934,
        "client_010": 0.2918557439694292,
        "client_011": 0.29674911946884736,
        "client_012": 0.25860033383544356,
        "client_013": 0.10018073844564937,
        "client_014": 0.10229877529635209,
        "client_015": 0.10080984774862327,
        "client_016": 0.10094842146290763,
        "client_017": 0.10106002471223255
    },
    "client_005": {
        "attacker_000": 0.5435667471541911,
        "attacker_001": 0.5975831815924517,
        "client_000": 0.5245163645212314,
        "client_001": 0.5198950323446845,
        "client_002": 0.5263796976504159,
        "client_003": 0.5390984914636717,
        "client_004": 0.5228380024360536,
        "client_005": 0.9729010404064844,
        "client_006": 0.9724292640567335,
        "client_007": 0.9681571652404484,
        "client_008": 0.9701266552909227,
        "client_009": 0.9701866949684018,
        "client_010": 0.7079730430274752,
        "client_011": 0.7055697411305557,
        "client_012": 0.7071791153009427,
        "client_013": 0.018952899230624883,
        "client_014": 0.014769520225776104,
        "client_015": 0.08426303854875283,
        "client_016": 0.02358667165855485,
        "client_017": 0.02146103743967012
    },
    "client_006": {
        "attacker_000": 0.5483282256120656,
        "attacker_001": 0.6033486344572504,
        "client_000": 0.5325998246833721,
        "client_001": 0.5280077639280624,
        "client_002": 0.5349938184120857,
        "client_003": 0.5449424736337488,
        "client_004": 0.5313644203709869,
        "client_005": 0.9724606494354312,
        "client_006": 0.9720648846682253,
        "client_007": 0.9673023211018009,
        "client_008": 0.9696285803462102,
        "client_009": 0.9699877058071982,
        "client_010": 0.7091849400082748,
        "client_011": 0.7071614960858219,
        "client_012": 0.7086623940458961,
        "client_013": 0.02105757931844889,
        "client_014": 0.0168724667734942,
        "client_015": 0.08269581056466303,
        "client_016": 0.02457670840954927,
        "client_017": 0.022727272727272728
    },
    "client_007": {
        "attacker_000": 0.5487758816056039,