{
    "attacker_000": {
        "attacker_000": 0.9925495643389317,
        "attacker_001": 0.9925495643389317,
        "client_000": 0.9724581392725339,
        "client_001": 0.9377405327957616,
        "client_002": 0.9533627722967317,
        "client_003": 0.9315605271530719,
        "client_004": 0.971048639576542,
        "client_005": 0.07199634536317953,
        "client_006": 0.07432206226983594,
        "client_007": 0.07168546174946663,
        "client_008": 0.07297980567146903,
        "client_009": 0.07220986563480698,
        "client_010": 0.9925495643389317,
        "client_011": 0.9925497995390977,
        "client_012": 0.9925811339815632,
        "client_013": 0.8826409337637919,
        "client_014": 0.8762642027718817,
        "client_015": 0.8378787319629479,
        "client_016": 0.7146329010517718,
        "client_017": 0.8680289714419223
    },
    "attacker_001": {
        "attacker_000": 0.9923283346487767,
        "attacker_001": 0.9923283346487767,
        "client_000": 0.9716570470447877,
        "client_001": 0.9364370039351698,
        "client_002": 0.9522980387003515,
        "client_003": 0.93058488352606,
        "client_004": 0.9701294926857622,
        "client_005": 0.07562897386754282,
        "client_006": 0.07858749164286148,
        "client_007": 0.07555785564248531,
        "client_008": 0.07742838026884008,
        "client_009": 0.07566119852695012,
        "client_010": 0.9923914759273876,
        "client_011": 0.9923758109579959,
        "client_012": 0.9923758109579959,
        "client_013": 0.8812041298668988,
        "client_014": 0.8749955330021799,
        "client_015": 0.8367365795066063,
        "client_016": 0.7123439099283522,
        "client_017": 0.8666174590886998
    },
    "client_000": {
        "attacker_000": 0.17059197963080838,
        "attacker_001": 0.1682432960675475,
        "client_000": 0.9578272144124472,
        "client_001": 0.9606903163950143,
        "client_002": 0.9608219178082192,
        "client_003": 0.959016393442623,
        "client_004": 0.9612381865497877,
        "client_005": 0.24916573971078979,
        "client_006": 0.25512868332711675,
        "client_007": 0.22440338722093922,
        "client_008": 0.24059576093183122,
        "client_009": 0.2438253309622604,
        "client_010": 0.13669020571077678,
        "client_011": 0.12084167252664034,
        "client_012": 0.12109971634300677,
        "client_013": 0.10909331919406151,
        "client_014": 0.10945406125166447,
        "client_015": 0.10914395597108943,
        "client_016": 0.1088570670909573,
        "client_017": 0.10880657345437679
    },
    "client_001": {
        "attacker_000": 0.17772135829895272,
        "attacker_001": 0.17469082989810997,
        "client_000": 0.9571541920126951,
        "client_001": 0.961190855927698,
        "client_002": 0.963258785942492,
        "client_003": 0.9591620259878016,
        "client_004": 0.9626379470815051,
        "client_005": 0.25717897778580456,
        "client_006": 0.2633863965267728,
        "client_007": 0.22983342691371886,
        "client_008": 0.24962742175856928,
        "client_009": 0.2513451191391238,
        "client_010": 0.14200160523553745,
        "client_011": 0.12523739757990124,
        "client_012": 0.1265433792460078,
        "client_013": 0.10865378229394966,
        "client_014": 0.10881450860114683,
        "client_015": 0.10846332558911383,
        "client_016": 0.10780273826930746,
        "client_017": 0.10782100650644007
    },
    "client_002": {
        "attacker_000": 0.17009904103128443,
        "attacker_001": 0.1673226827197654,
        "client_000": 0.9561848784397542,
        "client_001": 0.9604079989263186,
        "client_002": 0.9620661824051655,
        "client_003": 0.958350073657426,
        "client_004": 0.9610529143164115,
        "client_005": 0.2598154514203004,
        "client_006": 0.2651652742462768,
        "client_007": 0.23551401869158883,
        "client_008": 0.25274930102516313,
        "client_009": 0.2582870281663154,
        "client_010": 0.1360136869118905,
        "client_011": 0.12011818426000537,
        "client_012": 0.12012142237640937,
        "client_013": 0.10527709726544394,
        "client_014": 0.10581658458671636,
        "client_015": 0.10543067435846429,
        "client_016": 0.10539573114145566,
        "client_017": 0.10526315789473684
    },
    "client_003": {
        "attacker_000": 0.17684962347643815,
        "attacker_001": 0.17486255345143553,
        "client_000": 0.9568668960042339,
        "client_001": 0.9595114828089738,
        "client_002": 0.9609354238639384,
        "client_003": 0.9577315489598516,
        "client_004": 0.9606801275239107,
        "client_005": 0.26293958521190264,
        "client_006": 0.2714671467146715,
        "client_007": 0.23568898004848032,
        "client_008": 0.25176645593157304,
        "client_009": 0.25496941896024466,
        "client_010": 0.14330823415108088,
        "client_011": 0.12666453606050923,
        "client_012": 0.12646018647519022,
        "client_013": 0.1064823955248437,
        "client_014": 0.10698227982015339,
        "client_015": 0.10646137649690748,
        "client_016": 0.10644183901989197,
        "client_017": 0.10646137649690748
    },
    "client_004": {
        "attacker_000": 0.17424537867561032,
        "attacker_001": 0.17295308187672492,
        "client_000": 0.9571027662702124,
        "client_001": 0.9606975184439972,
        "client_002": 0.9619981200483415,
        "client_003": 0.9589077767367153,
        "client_004": 0.9610842726784755,
        "client_005": 0.2634989200863931,
        "client_006": 0.2693275800071917,
        "client_007": 0.23673469387755103,
        "client_008": 0.25601183869774324,
        "client_009": 0.2564297961516479,
        "client_010": 0.14033592989289193,
        "client_011": 0.12362431883748262,
        "client_012": 0.12428648357565969,
        "client_013": 0.1046806240832111,
        "client_014": 0.10517148981779205,
        "client_015": 0.10465892404218397,
        "client_016": 0.10420841683366733,
        "client_017": 0.10403467822607537
    },
    "client_005": {
        "attacker_000": 0.6721458726309171,
        "attacker_001": 0.6707054388799137,
        "client_000": 0.5033348442660105,
        "client_001": 0.503422102565766,
        "client_002": 0.5032370840347015,
        "client_003": 0.5035835900762121,
        "client_004": 0.5027810115120942,
        "client_005": 0.9626208761768683,
        "client_006": 0.9632952691680261,
        "client_007": 0.9631108721808361,
        "client_008": 0.962518510953378,
        "client_009": 0.9624444330897757,
        "client_010": 0.6846862775432625,
        "client_011": 0.6879897860350446,
        "client_012": 0.6857509741409847,
        "client_013": 0.013341480802525717,
        "client_014": 0.014166326946596005,
        "client_015": 0.015960150452373693,
        "client_016": 0.012435655675042045,
        "client_017": 0.02139850920338725
    },
    "client_006": {
        "attacker_000": 0.6713261568195609,
        "attacker_001": 0.669601347557552,
        "client_000": 0.4953590620420127,
        "client_001": 0.49608406213288075,
        "client_002": 0.4958483930839113,
        "client_003": 0.496427988908824,
        "client_004": 0.49591936270525117,
        "client_005": 0.9617731927172443,
        "client_006": 0.9619988260214889,
        "client_007": 0.9622075892285225,
        "client_008": 0.9621353514176872,
        "client_009": 0.9623032629558542,
        "client_010": 0.6849841950529411,
        "client_011": 0.6873568281938327,
        "client_012": 0.6861433507575087,
        "client_013": 0.014304689894758355,
        "client_014": 0.015636177823198774,
        "client_015": 0.018239250050947623,
        "client_016": 0.013286999182338511,
        "client_017": 0.023175442163041272
    },
    "client_007": {
        "attacker_000": 0.6716260253961118,