{
    "attacker_000": {
        "attacker_000": 0.9926124704025256,
        "attacker_001": 0.9926124704025256,
        "client_000": 0.9745082586808627,
        "client_001": 0.973657531821766,
        "client_002": 0.9739141629519963,
        "client_003": 0.9767657992565056,
        "client_004": 0.9743672209178914,
        "client_005": 0.11844011471483902,
        "client_006": 0.1187767764810164,
        "client_007": 0.1183320034281999,
        "client_008": 0.11822077730161076,
        "client_009": 0.11816515930720578,
        "client_010": 0.9925965682173356,
        "client_011": 0.992612703624195,
        "client_012": 0.9926124704025256,
        "client_013": 0.9441755296876307,
        "client_014": 0.8788089012220504,
        "client_015": 0.8313364739048185,
        "client_016": 0.8011955300881417,
        "client_017": 0.8945983865310418
    },
    "attacker_001": {
        "attacker_000": 0.9923439991160081,
        "attacker_001": 0.992359905288082,
        "client_000": 0.9739894156063506,
        "client_001": 0.972857234850924,
        "client_002": 0.9735436112005149,
        "client_003": 0.9763095467077002,
        "client_004": 0.9740629371753847,
        "client_005": 0.1222540028897473,
        "client_006": 0.12284577993813522,
        "client_007": 0.12218194677747327,
        "client_008": 0.12196056470865631,
        "client_009": 0.1220159151193634,
        "client_010": 0.99240714139134,
        "client_011": 0.99240714139134,
        "client_012": 0.9923596640777925,
        "client_013": 0.9450416959710639,
        "client_014": 0.8774506309260711,
        "client_015": 0.8329935880805011,
        "client_016": 0.8015765722881243,
        "client_017": 0.8937754671912322
    },
    "client_000": {
        "attacker_000": 0.1540816326530612,
        "attacker_001": 0.1532129963898917,
        "client_000": 0.9651115063620194,
        "client_001": 0.9652435686918446,
        "client_002": 0.9650924024640656,
        "client_003": 0.9723051859896823,
        "client_004": 0.9702000272145869,
        "client_005": 0.20256718812675487,
        "client_006": 0.21222114451988364,
        "client_007": 0.20668693009118544,
        "client_008": 0.2184205291426298,
        "client_009": 0.20791054048457236,
        "client_010": 0.11993534482758621,
        "client_011": 0.10822301671659097,
        "client_012": 0.11234084231145934,
        "client_013": 0.1049437349854596,
        "client_014": 0.10122736663021023,
        "client_015": 0.10534341444818604,
        "client_016": 0.10876333046300592,
        "client_017": 0.09950604058799026
    },
    "client_001": {
        "attacker_000": 0.16128560993425858,
        "attacker_001": 0.15945066859414528,
        "client_000": 0.9664804469273743,
        "client_001": 0.966342955966476,
        "client_002": 0.9672349493873202,
        "client_003": 0.9726732673267326,
        "client_004": 0.9704753078247055,
        "client_005": 0.20764381402679272,
        "client_006": 0.21586575133485889,
        "client_007": 0.206993006993007,
        "client_008": 0.2201331766549158,
        "client_009": 0.2067982902503562,
        "client_010": 0.12474958037793057,
        "client_011": 0.11243810078648411,
        "client_012": 0.11655172413793104,
        "client_013": 0.1037431122933688,
        "client_014": 0.0999939397612266,
        "client_015": 0.10419313850063533,
        "client_016": 0.10746981557648931,
        "client_017": 0.09810333551340747
    },
    "client_002": {
        "attacker_000": 0.1537689882487819,
        "attacker_001": 0.15260987057317593,
        "client_000": 0.9654894588424869,
        "client_001": 0.9660083299744726,
        "client_002": 0.9663978494623656,
        "client_003": 0.9716189207195203,
        "client_004": 0.9707571104286286,
        "client_005": 0.2210917628644101,
        "client_006": 0.2217581165749003,
        "client_007": 0.22055038606216593,
        "client_008": 0.23214285714285712,
        "client_009": 0.2189397005261028,
        "client_010": 0.11919040479760121,
        "client_011": 0.10833534670210196,
        "client_012": 0.11314508276533594,
        "client_013": 0.10137782834028568,
        "client_014": 0.09823922282938677,
        "client_015": 0.10167555217060169,
        "client_016": 0.10531196184925157,
        "client_017": 0.09603141548164455
    },
    "client_003": {
        "attacker_000": 0.16127647395535205,
        "attacker_001": 0.1608033043725965,
        "client_000": 0.9645653616456535,
        "client_001": 0.9647027600849256,
        "client_002": 0.9645653616456535,
        "client_003": 0.9729089952656496,
        "client_004": 0.9710144927536233,
        "client_005": 0.21833041447752483,
        "client_006": 0.222725556813892,
        "client_007": 0.2161842882457177,
        "client_008": 0.22992065028062705,
        "client_009": 0.2162053750501404,
        "client_010": 0.1260696252989636,
        "client_011": 0.11425837320574163,
        "client_012": 0.11867835468644639,
        "client_013": 0.10263191033874826,
        "client_014": 0.09901706566966172,
        "client_015": 0.1026093533341737,
        "client_016": 0.10639836917209179,
        "client_017": 0.09749452111591542
    },
    "client_004": {
        "attacker_000": 0.15894419738918375,
        "attacker_001": 0.15823956701324599,
        "client_000": 0.96514745308311,
        "client_001": 0.9656744435505499,
        "client_002": 0.9656744435505499,
        "client_003": 0.9738136381762593,
        "client_004": 0.9716113554578168,
        "client_005": 0.22274234445094598,
        "client_006": 0.22709238617041377,
        "client_007": 0.22011460185734044,
        "client_008": 0.23038073038073037,
        "client_009": 0.22150494250554773,
        "client_010": 0.1229915123044894,
        "client_011": 0.11097292643260309,
        "client_012": 0.11625539341639599,
        "client_013": 0.1008136282735825,
        "client_014": 0.09744214372716199,
        "client_015": 0.1008028545941124,
        "client_016": 0.10399306712885807,
        "client_017": 0.09601146405540961
    },
    "client_005": {
        "attacker_000": 0.6749231563124005,
        "attacker_001": 0.6721245108182268,
        "client_000": 0.5140316396558946,
        "client_001": 0.5154426462054291,
        "client_002": 0.5153029960976554,
        "client_003": 0.514734268433921,
        "client_004": 0.5152334943639292,
        "client_005": 0.9653566676901034,
        "client_006": 0.9656053559564572,
        "client_007": 0.965128494196623,
        "client_008": 0.965258071938032,
        "client_009": 0.9662649983299504,
        "client_010": 0.6824134187144092,
        "client_011": 0.6893957723863361,
        "client_012": 0.6838973265831778,
        "client_013": 0.02792738878914822,
        "client_014": 0.028192867105000997,
        "client_015": 0.023360016110355937,
        "client_016": 0.025432247687977486,
        "client_017": 0.028399182900702504
    },
    "client_006": {
        "attacker_000": 0.6740957088294766,
        "attacker_001": 0.6707198991195479,
        "client_000": 0.5072346486259023,
        "client_001": 0.5092805545657738,
        "client_002": 0.509237051921955,
        "client_003": 0.5086664079679214,
        "client_004": 0.5086720165674347,
        "client_005": 0.96383381998873,
        "client_006": 0.9646685598792437,
        "client_007": 0.9636774061153293,
        "client_008": 0.9639812610398587,
        "client_009": 0.9645944833264718,
        "client_010": 0.6827949842704595,
        "client_011": 0.6886393659180977,
        "client_012": 0.6841929968692408,
        "client_013": 0.03030757689422356,
        "client_014": 0.030474097017535097,
        "client_015": 0.02520669489816495,
        "client_016": 0.027549321358292547,
        "client_017": 0.030178874787648642
    },
    "client_007": {
        "attacker_000": 0.6746468434882206,
        "attacker_001": 0.6710650754334611,