{
    "client_0": {
        "client_0": 0.9994882395440314,
        "client_1": 0.9995284249392973,
        "client_2": 0.8654699097605161,
        "client_3": 0.9593820318359864,
        "client_4": 0.9490286026924514,
        "client_5": 0.8486802639472105,
        "client_6": 0.8645041642015201,
        "client_7": 0.8917464812192887,
        "client_8": 0.11715654831528508,
        "client_9": 0.1081624142245138
    },
    "client_1": {
        "client_0": 0.9995485055533817,
        "client_1": 0.9995335189225792,
        "client_2": 0.8624807110847915,
        "client_3": 0.9583974221939507,
        "client_4": 0.9477587569133527,
        "client_5": 0.8484995327264547,
        "client_6": 0.8647800172892308,
        "client_7": 0.8907474298416227,
        "client_8": 0.11415400020782752,
        "client_9": 0.10489842415037023
    },
    "client_2": {
        "client_0": 0.3161926377757288,
        "client_1": 0.28733979368552676,
        "client_2": 0.9620318776726707,
        "client_3": 0.9621761658031088,
        "client_4": 0.961792513923067,
        "client_5": 0.11126798642194119,
        "client_6": 0.09475038470270679,
        "client_7": 0.0948707673812863,
        "client_8": 0.28733051988865943,
        "client_9": 0.28848722286528355
    },
    "client_3": {
        "client_0": 0.3073891625615764,
        "client_1": 0.27830950901180856,
        "client_2": 0.9639593255245206,
        "client_3": 0.9643017945584358,
        "client_4": 0.96378722583135,
        "client_5": 0.11239304772977968,
        "client_6": 0.09651568819554349,
        "client_7": 0.09644138755980862,
        "client_8": 0.27244136939527364,
        "client_9": 0.27276773791507164
    },
    "client_4": {
        "client_0": 0.3077572262465715,
        "client_1": 0.28137500000000004,
        "client_2": 0.9674525884161969,
        "client_3": 0.967580727831881,
        "client_4": 0.9671469740634004,
        "client_5": 0.11466834065704122,
        "client_6": 0.09749471777844854,
        "client_7": 0.09756582709664587,
        "client_8": 0.27748170896937946,
        "client_9": 0.27820156151844205
    },
    "client_5": {
        "client_0": 0.03778337531486146,
        "client_1": 0.023673606447280053,
        "client_2": 0.0014492753623188404,
        "client_3": 0.005784526391901664,
        "client_4": 0.0014492753623188404,
        "client_5": 0.9442773748452149,
        "client_6": 0.9447572132301195,
        "client_7": 0.9462817147856518,
        "client_8": 0.15999999999999998,
        "client_9": 0.18121911037891267
    },
    "client_6": {
        "client_0": 0.038903924221921515,
        "client_1": 0.024932386747802567,
        "client_2": 0.0015226494099733535,
        "client_3": 0.009855951478392721,
        "client_4": 0.0030429821224800305,
        "client_5": 0.9441964285714286,
        "client_6": 0.9455958549222797,
        "client_7": 0.9456481821520382,
        "client_8": 0.16078294302691368,
        "client_9": 0.18043553404770132
    },
    "client_7": {
        "client_0": 0.03848762292302475,
        "client_1": 0.02500423800644177,
        "client_2": 0.0015313935681470134,
        "client_3": 0.008393742846241892,
        "client_4": 0.0015313935681470134,
        "client_5": 0.9492671927846673,
        "client_6": 0.9518117295480015,
        "client_7": 0.9531946508172363,
        "client_8": 0.16590509666080844,
        "client_9": 0.18687044112539078
    },
    "client_8": {
        "client_0": 0.7449364746515358,
        "client_1": 0.7744833640454594,
        "client_2": 0.5968017156977015,
        "client_3": 0.573980075002841,
        "client_4": 0.5956613016095171,
        "client_5": 0.23451986864144125,
        "client_6": 0.37129236269967897,
        "client_7": 0.24750572082379863,
        "client_8": 0.9667054858438544,
        "client_9": 0.9658186743001369
    },
    "client_9": {
        "client_0": 0.7451160351383244,
        "client_1": 0.7750600653826459,
        "client_2": 0.5998495500431846,
        "client_3": 0.5766912825736356,
        "client_4": 0.5986115112593984,
        "client_5": 0.23488760132960204,
        "client_6": 0.37337481515622906,
        "client_7": 0.2484344282571053,
        "client_8": 0.9663259354759492,
        "client_9": 0.9656535024237829
    }
}