{
    "client_0": {
        "client_0": 0.99904,
        "client_1": 0.99908,
        "client_2": 0.74674,
        "client_3": 0.78354,
        "client_4": 0.89476,
        "client_5": 0.85527,
        "client_6": 0.76835,
        "client_7": 0.76715,
        "client_8": 0.04769,
        "client_9": 0.04631
    },
    "client_1": {
        "client_0": 0.99917,
        "client_1": 0.99914,
        "client_2": 0.74354,
        "client_3": 0.78244,
        "client_4": 0.89564,
        "client_5": 0.85422,
        "client_6": 0.76842,
        "client_7": 0.7673,
        "client_8": 0.04709,
        "client_9": 0.04559
    },
    "client_2": {
        "client_0": 0.8230732307323073,
        "client_1": 0.8199531995319953,
        "client_2": 0.993249932499325,
        "client_3": 0.991389913899139,
        "client_4": 0.992829928299283,
        "client_5": 0.49326493264932647,
        "client_6": 0.36316863168631686,
        "client_7": 0.3984939849398494,
        "client_8": 0.8826688266882668,
        "client_9": 0.8839138391383914
    },
    "client_3": {
        "client_0": 0.8220382203822039,
        "client_1": 0.8200132001320013,
        "client_2": 0.99339993399934,
        "client_3": 0.9918849188491885,
        "client_4": 0.9929949299492995,
        "client_5": 0.49111991119911197,
        "client_6": 0.36031860318603187,
        "client_7": 0.3945939459394594,
        "client_8": 0.8804188041880419,
        "client_9": 0.8815738157381574
    },
    "client_4": {
        "client_0": 0.8230282302823029,
        "client_1": 0.8229232292322923,
        "client_2": 0.9941949419494195,
        "client_3": 0.992619926199262,
        "client_4": 0.9939549395493955,
        "client_5": 0.4934449344493445,
        "client_6": 0.3618786187861879,
        "client_7": 0.3954789547895479,
        "client_8": 0.8817538175381754,
        "client_9": 0.8827888278882788
    },
    "client_5": {
        "client_0": 0.8481234812348123,
        "client_1": 0.5157351573515735,
        "client_2": 0.9586595865958659,
        "client_3": 0.9586745867458675,
        "client_4": 0.9586595865958659,
        "client_5": 0.9951849518495185,
        "client_6": 0.9951549515495155,
        "client_7": 0.995259952599526,
        "client_8": 0.961509615096151,
        "client_9": 0.9617346173461735
    },
    "client_6": {
        "client_0": 0.8491734917349173,
        "client_1": 0.5168151681516815,
        "client_2": 0.9606546065460655,
        "client_3": 0.9607596075960759,
        "client_4": 0.9606696066960669,
        "client_5": 0.9956949569495694,
        "client_6": 0.9956649566495664,
        "client_7": 0.995589955899559,
        "client_8": 0.9633246332463324,
        "client_9": 0.9635346353463534
    },
    "client_7": {
        "client_0": 0.8490534905349053,
        "client_1": 0.518030180301803,
        "client_2": 0.9608796087960879,
        "client_3": 0.9609546095460955,
        "client_4": 0.9608796087960879,
        "client_5": 0.9960849608496085,
        "client_6": 0.995919959199592,
        "client_7": 0.996009960099601,
        "client_8": 0.96369963699637,
        "client_9": 0.9639696396963969
    },
    "client_8": {
        "client_0": 0.68605,
        "client_1": 0.67991,
        "client_2": 0.56978,
        "client_3": 0.56934,
        "client_4": 0.56926,
        "client_5": 0.35742,
        "client_6": 0.35062,
        "client_7": 0.34368,
        "client_8": 0.95703,
        "client_9": 0.95911
    },
    "client_9": {
        "client_0": 0.68614,
        "client_1": 0.68078,
        "client_2": 0.57099,
        "client_3": 0.57001,
        "client_4": 0.57046,
        "client_5": 0.35938,
        "client_6": 0.35217,
        "client_7": 0.34614,
        "client_8": 0.9569,
        "client_9": 0.95936
    }
}