{
    "client_0": {
        "client_0": 0.99901,
        "client_1": 0.99907,
        "client_2": 0.84368,
        "client_3": 0.96766,
        "client_4": 0.97613,
        "client_5": 0.58463,
        "client_6": 0.64005,
        "client_7": 0.54316,
        "client_8": 0.15686,
        "client_9": 0.16217
    },
    "client_1": {
        "client_0": 0.99908,
        "client_1": 0.99907,
        "client_2": 0.84031,
        "client_3": 0.96686,
        "client_4": 0.97631,
        "client_5": 0.58407,
        "client_6": 0.64099,
        "client_7": 0.54218,
        "client_8": 0.15561,
        "client_9": 0.1613
    },
    "client_2": {
        "client_0": 0.8157681576815768,
        "client_1": 0.7740977409774098,
        "client_2": 0.988989889898899,
        "client_3": 0.9892748927489274,
        "client_4": 0.9893348933489335,
        "client_5": 0.6545015450154501,
        "client_6": 0.6097410974109742,
        "client_7": 0.6657816578165782,
        "client_8": 0.8794137941379414,
        "client_9": 0.8771637716377164
    },
    "client_3": {
        "client_0": 0.8140731407314074,
        "client_1": 0.7733777337773378,
        "client_2": 0.989559895598956,
        "client_3": 0.989739897398974,
        "client_4": 0.989919899198992,
        "client_5": 0.6567515675156752,
        "client_6": 0.6126061260612606,
        "client_7": 0.6687216872168722,
        "client_8": 0.8770887708877089,
        "client_9": 0.8748237482374823
    },
    "client_4": {
        "client_0": 0.8141031410314103,
        "client_1": 0.7721177211772118,
        "client_2": 0.9904449044490445,
        "client_3": 0.990519905199052,
        "client_4": 0.9908049080490805,
        "client_5": 0.6546665466654666,
        "client_6": 0.6102811028110281,
        "client_7": 0.6672066720667207,
        "client_8": 0.8780037800378003,
        "client_9": 0.8754087540875409
    },
    "client_5": {
        "client_0": 0.9048840488404885,
        "client_1": 0.8867938679386794,
        "client_2": 0.9586445864458645,
        "client_3": 0.9584795847958479,
        "client_4": 0.9586445864458645,
        "client_5": 0.995229952299523,
        "client_6": 0.995019950199502,
        "client_7": 0.995319953199532,
        "client_8": 0.9618996189961899,
        "client_9": 0.9622746227462274
    },
    "client_6": {
        "client_0": 0.9056640566405664,
        "client_1": 0.8883838838388384,
        "client_2": 0.9606546065460655,
        "client_3": 0.9605946059460595,
        "client_4": 0.9606546065460655,
        "client_5": 0.995529955299553,
        "client_6": 0.9953649536495365,
        "client_7": 0.9955149551495515,
        "client_8": 0.9637446374463745,
        "client_9": 0.9640896408964089
    },
    "client_7": {
        "client_0": 0.9057090570905709,
        "client_1": 0.8885938859388594,
        "client_2": 0.9608646086460865,
        "client_3": 0.9607296072960729,
        "client_4": 0.9608496084960849,
        "client_5": 0.996069960699607,
        "client_6": 0.995949959499595,
        "client_7": 0.9962349623496235,
        "client_8": 0.9640896408964089,
        "client_9": 0.964419644196442
    },
    "client_8": {
        "client_0": 0.54808,
        "client_1": 0.53725,
        "client_2": 0.53898,
        "client_3": 0.54347,
        "client_4": 0.54127,
        "client_5": 0.36128,
        "client_6": 0.35709,
        "client_7": 0.36764,
        "client_8": 0.95503,
        "client_9": 0.9535
    },
    "client_9": {
        "client_0": 0.55006,
        "client_1": 0.53879,
        "client_2": 0.54039,
        "client_3": 0.54516,
        "client_4": 0.54258,
        "client_5": 0.35768,
        "client_6": 0.35378,
        "client_7": 0.36394,
        "client_8": 0.95468,
        "client_9": 0.95336
    }
}