{
    "client_0": {
        "client_0": 0.9995334206288286,
        "client_1": 0.9995183817627228,
        "client_2": 0.918341504594305,
        "client_3": 0.9820773930753564,
        "client_4": 0.9817539069663197,
        "client_5": 0.7200945262130436,
        "client_6": 0.7319763373831181,
        "client_7": 0.6660374959003501,
        "client_8": 0.2512527595752882,
        "client_9": 0.2776555449141062
    },
    "client_1": {
        "client_0": 0.9995334908428767,
        "client_1": 0.9994983998956671,
        "client_2": 0.9166607945275277,
        "client_3": 0.9822576785814289,
        "client_4": 0.9820067124689968,
        "client_5": 0.7200867868330509,
        "client_6": 0.732433755156261,
        "client_7": 0.6666399138559495,
        "client_8": 0.24992767789047363,
        "client_9": 0.27660805082916806
    },
    "client_2": {
        "client_0": 0.25240733767281726,
        "client_1": 0.23057744090954424,
        "client_2": 0.953788803907706,
        "client_3": 0.9519169124246699,
        "client_4": 0.9524237560192615,
        "client_5": 0.09719582443931109,
        "client_6": 0.09635968092820885,
        "client_7": 0.1023614755363482,
        "client_8": 0.2798610492562572,
        "client_9": 0.26455566905005107
    },
    "client_3": {
        "client_0": 0.2458547123953551,
        "client_1": 0.22632980059269675,
        "client_2": 0.9573720201955647,
        "client_3": 0.9544498948843727,
        "client_4": 0.9558053391237706,
        "client_5": 0.09985860728172498,
        "client_6": 0.09901047899821945,
        "client_7": 0.10529923050562322,
        "client_8": 0.26926153025859767,
        "client_9": 0.25311731274917293
    },
    "client_4": {
        "client_0": 0.24709177078845326,
        "client_1": 0.2271384954201912,
        "client_2": 0.9605187869540338,
        "client_3": 0.9582144442330861,
        "client_4": 0.9592225609756098,
        "client_5": 0.10177210755262314,
        "client_6": 0.10096098182239203,
        "client_7": 0.10748110442696282,
        "client_8": 0.2717788675880517,
        "client_9": 0.2564452791531501
    },
    "client_5": {
        "client_0": 0.01129201680672269,
        "client_1": 0.008313028522287517,
        "client_2": 0.0005820721769499418,
        "client_3": 0.001725625539257981,
        "client_4": 0.0007202016564638098,
        "client_5": 0.944337811900192,
        "client_6": 0.9393420150788211,
        "client_7": 0.9460217315106905,
        "client_8": 0.2625118035882908,
        "client_9": 0.30414746543778803
    },
    "client_6": {
        "client_0": 0.010879660342311262,
        "client_1": 0.008729812309035355,
        "client_2": 0.0012102874432677762,
        "client_3": 0.0011954572624028692,
        "client_4": 0.000757002271006813,
        "client_5": 0.9402902810949844,
        "client_6": 0.93881245474294,
        "client_7": 0.9448033967140484,
        "client_8": 0.26499670402109426,
        "client_9": 0.3131604226705091
    },
    "client_7": {
        "client_0": 0.01265989713833575,
        "client_1": 0.008673026886383347,
        "client_2": 0.0006133088009812941,
        "client_3": 0.0018242626938279115,
        "client_4": 0.0007624857033930614,
        "client_5": 0.9486988847583643,
        "client_6": 0.9457732335220012,
        "client_7": 0.9518477043673014,
        "client_8": 0.25825825825825827,
        "client_9": 0.3116715163271904
    },
    "client_8": {
        "client_0": 0.6827397260273972,
        "client_1": 0.6930730726651589,
        "client_2": 0.5551258915528058,
        "client_3": 0.5674423004161937,
        "client_4": 0.5552895391981991,
        "client_5": 0.03574945088237522,
        "client_6": 0.03905811714402681,
        "client_7": 0.03190124060380125,
        "client_8": 0.963258085605507,
        "client_9": 0.9632036290631562
    },
    "client_9": {
        "client_0": 0.6838398839302213,
        "client_1": 0.6943081818613581,
        "client_2": 0.5582045551804479,
        "client_3": 0.5708447892734737,
        "client_4": 0.5581903513272151,
        "client_5": 0.03454262723251355,
        "client_6": 0.03778200597988584,
        "client_7": 0.03102048264221522,
        "client_8": 0.9632452535641315,
        "client_9": 0.9631894822734517
    }
}