{
    "client_0": {
        "client_0": 0.9991373862804297,
        "client_1": 0.9991173520561684,
        "client_2": 0.6005325485249807,
        "client_3": 0.6117575100435103,
        "client_4": 0.537307092266112,
        "client_5": 0.6467248848990235,
        "client_6": 0.6467340744110877,
        "client_7": 0.6467165081111179,
        "client_8": 0.08115618719770763,
        "client_9": 0.08021241185581392
    },
    "client_1": {
        "client_0": 0.9992828952976988,
        "client_1": 0.9992979500140411,
        "client_2": 0.6022266852340399,
        "client_3": 0.6131961511225892,
        "client_4": 0.5380189728875096,
        "client_5": 0.6480800792111437,
        "client_6": 0.6480936427631668,
        "client_7": 0.6480712890624999,
        "client_8": 0.07805141145537373,
        "client_9": 0.07700979967045354
    },
    "client_2": {
        "client_0": 0.13611630437815667,
        "client_1": 0.13461432884984903,
        "client_2": 0.9422366288492707,
        "client_3": 0.9434060228452752,
        "client_4": 0.9386826191559918,
        "client_5": 0.1015625,
        "client_6": 0.10114078133962144,
        "client_7": 0.10075743109922984,
        "client_8": 0.22103658536585366,
        "client_9": 0.21247892074198987
    },
    "client_3": {
        "client_0": 0.13242240215924428,
        "client_1": 0.13080600149208366,
        "client_2": 0.9464182087819974,
        "client_3": 0.9468997999870958,
        "client_4": 0.9424558223833258,
        "client_5": 0.10564745412251228,
        "client_6": 0.10506361650173499,
        "client_7": 0.10498890282736659,
        "client_8": 0.21541052631578947,
        "client_9": 0.20669456066945607
    },
    "client_4": {
        "client_0": 0.13232577665827036,
        "client_1": 0.13052573630608313,
        "client_2": 0.9498237744312721,
        "client_3": 0.9498653673547891,
        "client_4": 0.9454592230511963,
        "client_5": 0.10786704312114989,
        "client_6": 0.10755229123423281,
        "client_7": 0.107161092672964,
        "client_8": 0.21500843170320408,
        "client_9": 0.20722608768547238
    },
    "client_5": {
        "client_0": 0.04904987308774097,
        "client_1": 0.055369042598059894,
        "client_2": 0.0012080942313500453,
        "client_3": 0.0006246096189881325,
        "client_4": 0.0006255864873318737,
        "client_5": 0.9335180055401663,
        "client_6": 0.9368069001936278,
        "client_7": 0.9349973998959958,
        "client_8": 0.2658307210031348,
        "client_9": 0.28073451602863364
    },
    "client_6": {
        "client_0": 0.0447548607416814,
        "client_1": 0.05111313806965981,
        "client_2": 0.0006307158625039421,
        "client_3": 0.0019588638589618022,
        "client_4": 0.0006542361792607131,
        "client_5": 0.9316520467836258,
        "client_6": 0.9313344438275033,
        "client_7": 0.9329435410195506,
        "client_8": 0.27768703038222803,
        "client_9": 0.29274611398963735
    },
    "client_7": {
        "client_0": 0.04481128019946694,
        "client_1": 0.05158495100445107,
        "client_2": 0.0006365372374283895,
        "client_3": 0.0006596306068601583,
        "client_4": 0.0006607201850016518,
        "client_5": 0.9401803791643658,
        "client_6": 0.9415281150756585,
        "client_7": 0.9395948434622466,
        "client_8": 0.2646766169154229,
        "client_9": 0.28515240904621436
    },
    "client_8": {
        "client_0": 0.7004323161320068,
        "client_1": 0.7019999332242662,
        "client_2": 0.5039384194780894,
        "client_3": 0.5061498072948668,
        "client_4": 0.5039883486444096,
        "client_5": 0.009896368219587342,
        "client_6": 0.009897908366533866,
        "client_7": 0.009887598526188146,
        "client_8": 0.9606068957070243,
        "client_9": 0.9603856441068951
    },
    "client_9": {
        "client_0": 0.7019894058467985,
        "client_1": 0.703537757864277,
        "client_2": 0.5050016170222256,
        "client_3": 0.507202881152461,
        "client_4": 0.5048667090343513,
        "client_5": 0.009167776504475486,
        "client_6": 0.00916862842274811,
        "client_7": 0.009158982610310045,
        "client_8": 0.9608468832108451,
        "client_9": 0.9603916604389403
    }
}