{"threshold_type": "mean", "initial_interdistance": {"['attacker_001']": {"['client_000']": 0.03765575367101903, "['attacker_000']": 9.55865836815839e-07, "['attacker_004']": 3.486349780645881e-06, "['client_003']": 0.035829684403414386, "['attacker_003']": 0.08154749689449314, "['client_001']": 0.03761496037156942, "['client_002']": 0.03767872588258869, "['attacker_005']": 0.08138509073529687, "['attacker_002']": 6.810684324287664e-07}, "['client_000']": {"['attacker_001']": 0.03765575367101903, "['attacker_000']": 0.03779753263089258, "['attacker_004']": 0.0381292248843923, "['client_003']": 0.0001450518548582469, "['attacker_003']": 0.009267241179926722, "['client_001']": 3.20042419232891e-08, "['client_002']": 6.042750788637363e-07, "['attacker_005']": 0.009193017229363387, "['attacker_002']": 0.03765269008314065}, "['attacker_000']": {"['attacker_001']": 9.55865836815839e-07, "['client_000']": 0.03779753263089258, "['attacker_004']": 3.894671195547872e-06, "['client_003']": 0.03598543655398889, "['attacker_003']": 0.08170495491821783, "['client_001']": 0.03775667424087226, "['client_002']": 0.03782067177275572, "['attacker_005']": 0.08154330169670787, "['attacker_002']": 1.8807188498781713e-06}, "['attacker_004']": {"['attacker_001']": 3.486349780645881e-06, "['client_000']": 0.0381292248843923, "['attacker_000']": 3.894671195547872e-06, "['client_003']": 0.03627653595064606, "['attacker_003']": 0.08228062343192155, "['client_001']": 0.03808779528865369, "['client_002']": 0.03815017014312838, "['attacker_005']": 0.08211724802903231, "['attacker_002']": 6.275081962492379e-06}, "['client_003']": {"['attacker_001']": 0.035829684403414386, "['client_000']": 0.0001450518548582469, "['attacker_000']": 0.03598543655398889, "['attacker_004']": 0.03627653595064606, "['attacker_003']": 0.011007650081123144, "['client_001']": 0.00014278479973450775, "['client_002']": 0.00013904758723659594, "['attacker_005']": 0.010919753423959233, "['attacker_002']": 0.035828520112358486}, "['attacker_003']": {"['attacker_001']": 0.08154749689449314, "['client_000']": 0.009267241179926722, "['attacker_000']": 0.08170495491821783, "['attacker_004']": 0.08228062343192155, "['client_003']": 0.011007650081123144, "['client_001']": 0.0092909634932421, "['client_002']": 0.00928270843050305, "['attacker_005']": 3.4266299253626897e-07, "['attacker_002']": 0.08153165397829554}, "['client_001']": {"['attacker_001']": 0.03761496037156942, "['client_000']": 3.20042419232891e-08, "['attacker_000']": 0.03775667424087226, "['attacker_004']": 0.03808779528865369, "['client_003']": 0.00014278479973450775, "['attacker_003']": 0.0092909634932421, "['client_002']": 4.294089848144722e-07, "['attacker_005']": 0.009216659503883284, "['attacker_002']": 0.03761211300327949}, "['client_002']": {"['attacker_001']": 0.03767872588258869, "['client_000']": 6.042750788637363e-07, "['attacker_000']": 0.03782067177275572, "['attacker_004']": 0.03815017014312838, "['client_003']": 0.00013904758723659594, "['attacker_003']": 0.00928270843050305, "['client_001']": 4.294089848144722e-07, "['attacker_005']": 0.00920830814395901, "['attacker_002']": 0.03767683413821632}, "['attacker_005']": {"['attacker_001']": 0.08138509073529687, "['client_000']": 0.009193017229363387, "['attacker_000']": 0.08154330169670787, "['attacker_004']": 0.08211724802903231, "['client_003']": 0.010919753423959233, "['attacker_003']": 3.4266299253626897e-07, "['client_001']": 0.009216659503883284, "['client_002']": 0.00920830814395901, "['attacker_002']": 0.08136917905138308}, "['attacker_002']": {"['attacker_001']": 6.810684324287664e-07, "['client_000']": 0.03765269008314065, "['attacker_000']": 1.8807188498781713e-06, "['attacker_004']": 6.275081962492379e-06, "['client_003']": 0.035828520112358486, "['attacker_003']": 0.08153165397829554, "['client_001']": 0.03761211300327949, "['client_002']": 0.03767683413821632, "['attacker_005']": 0.08136917905138308}}, "final_interdistance": {"['attacker_001', 'attacker_002', 'attacker_000', 'attacker_004']": {"['client_000', 'client_001', 'client_002', 'client_003']": 0.037326950232250744, "['attacker_003', 'attacker_005']": 0.08168371557468801}, "['client_000', 'client_001', 'client_002', 'client_003']": {"['attacker_001', 'attacker_002', 'attacker_000', 'attacker_004']": 0.037326950232250744, "['attacker_003', 'attacker_005']": 0.009640828912162114}, "['attacker_003', 'attacker_005']": {"['attacker_001', 'attacker_002', 'attacker_000', 'attacker_004']": 0.08168371557468801, "['client_000', 'client_001', 'client_002', 'client_003']": 0.009640828912162114}}, "end_clusters": [["attacker_001", "attacker_002", "attacker_000", "attacker_004"], ["client_000", "client_001", "client_002", "client_003"], ["attacker_003", "attacker_005"]], "r1": {"0": {"threshold": 0.0073825813316744995, "inter": 3.20042419232891e-08, "c1": ["client_000"], "c2": ["client_001"]}, "1": {"threshold": 0.0073825813316744995, "inter": 3.4266299253626897e-07, "c1": ["attacker_003"], "c2": ["attacker_005"]}, "2": {"threshold": 0.0073825813316744995, "inter": 5.08845510061029e-07, "c1": ["client_000", "client_001"], "c2": ["client_002"]}, "3": {"threshold": 0.0073825813316744995, "inter": 6.810684324287664e-07, "c1": ["attacker_001"], "c2": ["attacker_002"]}, "4": {"threshold": 0.0073825813316744995, "inter": 1.2479508607610157e-06, "c1": ["attacker_001", "attacker_002"], "c2": ["attacker_000"]}, "5": {"threshold": 0.0073825813316744995, "inter": 4.160838018796298e-06, "c1": ["attacker_001", "attacker_002", "attacker_000"], "c2": ["attacker_004"]}, "6": {"threshold": 0.0073825813316744995, "inter": 0.00014217700287277868, "c1": ["client_000", "client_001", "client_002"], "c2": ["client_003"]}}, "r2": {"0": {"threshold": 0.0048082899903393456, "inter": 1.0182342424780444e-07, "c1": ["client_000"], "c2": ["client_001"]}, "1": {"threshold": 0.0048082899903393456, "inter": 2.449126590420292e-07, "c1": ["attacker_003"], "c2": ["attacker_005"]}, "2": {"threshold": 0.0048082899903393456, "inter": 9.140837955445846e-07, "c1": ["client_002"], "c2": ["client_000", "client_001"]}, "3": {"threshold": 0.0048082899903393456, "inter": 2.782849605420523e-06, "c1": ["attacker_002"], "c2": ["attacker_001"]}, "4": {"threshold": 0.0048082899903393456, "inter": 3.3159767571788734e-06, "c1": ["attacker_004"], "c2": ["attacker_000"]}, "5": {"threshold": 0.0048082899903393456, "inter": 9.020862649533612e-06, "c1": ["attacker_004", "attacker_000"], "c2": ["attacker_002", "attacker_001"]}, "6": {"threshold": 0.0048082899903393456, "inter": 0.0001394792308844206, "c1": ["client_002", "client_000", "client_001"], "c2": ["client_003"]}}, "r3": {"0": {"threshold": 0.002816666003981815, "inter": 4.863207984096007e-07, "c1": ["client_000"], "c2": ["client_001"]}, "1": {"threshold": 0.002816666003981815, "inter": 4.928948925675414e-07, "c1": ["attacker_005"], "c2": ["attacker_003"]}, "2": {"threshold": 0.002816666003981815, "inter": 1.5286350518728398e-06, "c1": ["attacker_004"], "c2": ["attacker_000"]}, "3": {"threshold": 0.002816666003981815, "inter": 1.6507665410170347e-06, "c1": ["client_000", "client_001"], "c2": ["client_002"]}, "4": {"threshold": 0.002816666003981815, "inter": 5.102526308475852e-06, "c1": ["attacker_004", "attacker_000"], "c2": ["attacker_001"]}, "5": {"threshold": 0.002816666003981815, "inter": 1.475663043348785e-05, "c1": ["attacker_004", "attacker_000", "attacker_001"], "c2": ["attacker_002"]}, "6": {"threshold": 0.002816666003981815, "inter": 0.00015660319098464992, "c1": ["client_000", "client_001", "client_002"], "c2": ["client_003"]}}, "r4": {"0": {"threshold": 0.0036997581754523896, "inter": 7.490639664098353e-08, "c1": ["client_001"], "c2": ["client_000"]}, "1": {"threshold": 0.0036997581754523896, "inter": 5.585170614885726e-07, "c1": ["attacker_005"], "c2": ["attacker_003"]}, "2": {"threshold": 0.0036997581754523896, "inter": 8.893886261907014e-07, "c1": ["attacker_000"], "c2": ["attacker_001"]},