{
    "attacker_000": {
        "attacker_000": 0.9895431258333919,
        "attacker_001": 0.9895431258333919,
        "attacker_002": 0.9896140350877193,
        "attacker_003": 0.4811230458364351,
        "attacker_004": 0.9896154925624474,
        "attacker_005": 0.4502333658960164,
        "client_000": 0.9640852215082855,
        "client_001": 0.9636289886425096,
        "client_002": 0.9636941383273613,
        "client_003": 0.9269878421429035
    },
    "attacker_001": {
        "attacker_000": 0.9887117256949344,
        "attacker_001": 0.9887814859239399,
        "attacker_002": 0.988641975308642,
        "attacker_003": 0.49846674421063764,
        "attacker_004": 0.9887133182844244,
        "attacker_005": 0.469103849886768,
        "client_000": 0.9647379169503063,
        "client_001": 0.9641472208993809,
        "client_002": 0.9644096631507315,
        "client_003": 0.9270622097206777
    },
    "attacker_002": {
        "attacker_000": 0.9895979758223222,
        "attacker_001": 0.989737101082525,
        "attacker_002": 0.989737101082525,
        "attacker_003": 0.4947190536544149,
        "attacker_004": 0.989879111610908,
        "attacker_005": 0.4687298517085752,
        "client_000": 0.9640414437597346,
        "client_001": 0.9626774847870182,
        "client_002": 0.9633288227334236,
        "client_003": 0.9267721148213239
    },
    "attacker_003": {
        "attacker_000": 0.9876972624798712,
        "attacker_001": 0.9876972624798712,
        "attacker_002": 0.9876972624798712,
        "attacker_003": 0.9978174348440109,
        "attacker_004": 0.9876972624798712,
        "attacker_005": 0.9977530975155677,
        "client_000": 0.9685636182902585,
        "client_001": 0.9677859847309291,
        "client_002": 0.9680263239585273,
        "client_003": 0.9327509871963623
    },
    "attacker_004": {
        "attacker_000": 0.9878342056868015,
        "attacker_001": 0.9878342056868015,
        "attacker_002": 0.9879057924888607,
        "attacker_003": 0.4790817421154258,
        "attacker_004": 0.9877678003252492,
        "attacker_005": 0.45136612021857925,
        "client_000": 0.9628974062223432,
        "client_001": 0.9623077969791809,
        "client_002": 0.9627007895453308,
        "client_003": 0.9266247379454927
    },
    "attacker_005": {
        "attacker_000": 0.9866872467682808,
        "attacker_001": 0.9868776534156696,
        "attacker_002": 0.9868141763684312,
        "attacker_003": 0.9980129478879558,
        "attacker_004": 0.9868141763684312,
        "attacker_005": 0.9981406680771944,
        "client_000": 0.9705223880597016,
        "client_001": 0.9693769799366421,
        "client_002": 0.9698626732119554,
        "client_003": 0.9341553932718784
    },
    "client_000": {
        "attacker_000": 0.9933236181245129,
        "attacker_001": 0.9933236181245129,
        "attacker_002": 0.9933577334960011,
        "attacker_003": 0.8050046264633705,
        "attacker_004": 0.9933918465552883,
        "attacker_005": 0.7979928779540304,
        "client_000": 0.9997979797979798,
        "client_001": 0.9997979797979798,
        "client_002": 0.9998653198653198,
        "client_003": 0.9995287464655984
    },
    "client_001": {
        "attacker_000": 0.992454625790225,
        "attacker_001": 0.9924541128484023,
        "attacker_002": 0.992454625790225,
        "attacker_003": 0.8074509172835533,
        "attacker_004": 0.992454625790225,
        "attacker_005": 0.7986057633850768,
        "client_000": 0.9998313033503156,
        "client_001": 0.9997638565597274,
        "client_002": 0.9998313147329712,
        "client_003": 0.9993256002158079
    },
    "client_002": {
        "attacker_000": 0.9929025028016436,
        "attacker_001": 0.9929025028016436,
        "attacker_002": 0.9929025028016436,
        "attacker_003": 0.8030835048633814,
        "attacker_004": 0.992970898842066,
        "attacker_005": 0.7948311593319517,
        "client_000": 0.9999325554731234,
        "client_001": 0.9999662788737144,
        "client_002": 0.9999662788737144,
        "client_003": 0.9993933265925178
    },
    "client_003": {
        "attacker_000": 0.9589890942336577,
        "attacker_001": 0.9589551020408162,
        "attacker_002": 0.9589890942336577,
        "attacker_003": 0.7748530146408945,
        "attacker_004": 0.9590230842067456,
        "attacker_005": 0.7666241151212718,
        "client_000": 0.9810162991371045,
        "client_001": 0.9811477505112475,
        "client_002": 0.9811791020929862,
        "client_003": 0.999278929052889
    }
}