{
    "attacker_000": {
        "attacker_000": 0.9789266647934813,
        "attacker_001": 0.9791006966434452,
        "attacker_002": 0.9786276715410575,
        "attacker_003": 0.028200165883328725,
        "attacker_004": 0.9788341185570635,
        "attacker_005": 0.25808814552557685,
        "client_000": 0.9284783741532048,
        "client_001": 0.9283294240291894,
        "client_002": 0.9285388574034266,
        "client_003": 0.9262050149408861
    },
    "attacker_001": {
        "attacker_000": 0.9772101883863684,
        "attacker_001": 0.9770236832803111,
        "attacker_002": 0.9769839028523015,
        "attacker_003": 0.028642936596218024,
        "attacker_004": 0.9770399152243023,
        "attacker_005": 0.25914110429447845,
        "client_000": 0.9292505409481345,
        "client_001": 0.9292319800616515,
        "client_002": 0.9294943267528039,
        "client_003": 0.9259719046063378
    },
    "attacker_002": {
        "attacker_000": 0.9769111642967759,
        "attacker_001": 0.9769936485532816,
        "attacker_002": 0.9762458588848946,
        "attacker_003": 0.02687352818949993,
        "attacker_004": 0.9764523406655388,
        "attacker_005": 0.26155910699036233,
        "client_000": 0.928748531906564,
        "client_001": 0.9288511749347258,
        "client_002": 0.9288697468024015,
        "client_003": 0.9260487804878049
    },
    "attacker_003": {
        "attacker_000": 0.9905972045743329,
        "attacker_001": 0.991353001017294,
        "attacker_002": 0.9907860456249603,
        "attacker_003": 0.996849887495982,
        "attacker_004": 0.9911009407576912,
        "attacker_005": 0.9975594091201028,
        "client_000": 0.9348842786904905,
        "client_001": 0.9348842786904905,
        "client_002": 0.9348842786904905,
        "client_003": 0.9320341921214657
    },
    "attacker_004": {
        "attacker_000": 0.9759240900722277,
        "attacker_001": 0.9753848336525501,
        "attacker_002": 0.9759001984689537,
        "attacker_003": 0.02758044295862934,
        "attacker_004": 0.9753226492696072,
        "attacker_005": 0.2519743336623889,
        "client_000": 0.9289983579638751,
        "client_001": 0.9288483016884568,
        "client_002": 0.9289373440168133,
        "client_003": 0.925775625081817
    },
    "attacker_005": {
        "attacker_000": 0.9905438852573459,
        "attacker_001": 0.991487739804345,
        "attacker_002": 0.9907954040500222,
        "attacker_003": 0.9963365254836429,
        "attacker_004": 0.9907954040500222,
        "attacker_005": 0.9975619145386885,
        "client_000": 0.9363489111524387,
        "client_001": 0.9364050875929925,
        "client_002": 0.9363489111524387,
        "client_003": 0.9333811745006578
    },
    "client_000": {
        "attacker_000": 0.9939754958370001,
        "attacker_001": 0.9934304097527937,
        "attacker_002": 0.993704731604955,
        "attacker_003": 0.6894026294891027,
        "attacker_004": 0.9934990180808558,
        "attacker_005": 0.7446224062882982,
        "client_000": 0.9992261364018707,
        "client_001": 0.9991588439150768,
        "client_002": 0.999125285964204,
        "client_003": 0.9991589005147529
    },
    "client_001": {
        "attacker_000": 0.9938579524245819,
        "attacker_001": 0.9933797317942624,
        "attacker_002": 0.9935856100458169,
        "attacker_003": 0.6893015030946066,
        "attacker_004": 0.9934826883910386,
        "attacker_005": 0.7438352681976104,
        "client_000": 0.9992245709854691,
        "client_001": 0.9990895295902883,
        "client_002": 0.9991908293998651,
        "client_003": 0.9991909385113269
    },
    "client_002": {
        "attacker_000": 0.9929751925883192,
        "attacker_001": 0.9925991309071157,
        "attacker_002": 0.9928047787130058,
        "attacker_003": 0.6909123008341793,
        "attacker_004": 0.9926338300689093,
        "attacker_005": 0.7417274732733751,
        "client_000": 0.9991239301839747,
        "client_001": 0.998887952822241,
        "client_002": 0.9989892864362241,
        "client_003": 0.9989893545344293
    },
    "client_003": {
        "attacker_000": 0.9632639791937582,
        "attacker_001": 0.962218100165967,
        "attacker_002": 0.9625678883866141,
        "attacker_003": 0.6593231027958798,
        "attacker_004": 0.9623316635222171,
        "attacker_005": 0.71196025366563,
        "client_000": 0.9977714303650461,
        "client_001": 0.9976454337111105,
        "client_002": 0.9976457293530464,
        "client_003": 0.9991851062496082
    }
}