{
  "r1": {
    "client_013": 0.200512894829527,
    "client_012": 0.200512894829527,
    "client_011": 0.200512894829527,
    "client_010": 0.200512894829527,
    "attacker_000": 0.19794842068189192,
    "client_018": 0.16916707348121607,
    "client_017": 0.05714336809506014,
    "client_016": 0.34857384724588414,
    "client_014": 0.035380959873370615,
    "client_015": 0.3897347513044691,
    "client_008": 0.12086500146959185,
    "client_007": 0.1747869253267952,
    "client_005": 0.2459925995339097,
    "client_009": 0.22655406872985248,
    "client_006": 0.23180140493985066,
    "client_004": 0.18246526125469337,
    "client_003": 0.2813416932453293,
    "client_002": 0.15600530734650034,
    "client_001": 0.22289053166429137,
    "client_000": 0.15729720648918558
  },
  "r2": {
    "client_001": 0.28324483626344366,
    "client_000": 0.09953751235198531,
    "client_002": 0.21875937625823028,
    "client_004": 0.2650617471673916,
    "client_003": 0.1333965279589492,
    "client_014": 0.11307952414621372,
    "client_017": 0.17461483850982362,
    "client_016": 0.23662526861864158,
    "client_015": 0.3880627532716206,
    "client_018": 0.08761761545370048,
    "client_011": 0.2016966082859341,
    "client_013": 0.20070985051836365,
    "client_012": 0.20070947485803342,
    "client_010": 0.19972411830604547,
    "attacker_000": 0.1971599480316233,
    "client_007": 0.18776567982314454,
    "client_005": 0.1818637457794041,
    "client_008": 0.19501640208107665,
    "client_009": 0.2221479793376968,
    "client_006": 0.21320619297867796
  },
  "r3": {
    "client_007": 0.18532402562139114,
    "client_008": 0.178794761533268,
    "client_005": 0.18271217985891675,
    "client_009": 0.17594128673816697,
    "client_006": 0.2772277462482571,
    "client_004": 0.21071476513919588,
    "client_003": 0.12018436574095111,
    "client_002": 0.2369899551293852,
    "client_001": 0.1698478843681758,
    "client_000": 0.26226302962229203,
    "client_011": 0.20250130342774264,
    "client_012": 0.20130789597565515,
    "client_013": 0.19946429611230826,
    "client_010": 0.20010886854401924,
    "attacker_000": 0.19661763594027468,
    "client_017": 0.15112109035121107,
    "client_014": 0.23500318507272755,
    "client_018": 0.13164688684833467,
    "client_016": 0.23857119653506798,
    "client_015": 0.24365764119265867
  },
  "r4": {
    "client_006": 0.205437079686392,
    "client_009": 0.1675832219038741,
    "client_005": 0.22431820385758983,
    "client_008": 0.16841314188093082,
    "client_007": 0.23424835267121327,
    "client_014": 0.14625232431949042,
    "client_017": 0.20297928451184555,
    "client_016": 0.21564814866335824,
    "client_018": 0.18447481614742958,
    "client_015": 0.25064542635787623,
    "attacker_000": 0.19611061909750763,
    "client_012": 0.20201290634000799,
    "client_013": 0.2005668538526439,
    "client_011": 0.20055450846540032,
    "client_010": 0.20075511224444015,
    "client_003": 0.1412182489921079,
    "client_004": 0.23400076986577684,
    "client_001": 0.17130648479082616,
    "client_002": 0.23160314384201802,
    "client_000": 0.22187135250927117
  },
  "r5": {
    "client_010": 0.19932538997633675,
    "client_013": 0.20106919496425432,
    "client_012": 0.20239901289970277,
    "client_011": 0.2001649120512641,
    "attacker_000": 0.1970414901084421,
    "client_015": 0.30137875809575976,
    "client_016": 0.12657426619918302,
    "client_018": 0.256536211049682,
    "client_014": 0.12056789798991405,
    "client_017": 0.19494286666546123,
    "client_006": 0.15631040845068167,
    "client_008": 0.30800444176317376,
    "client_009": 0.1715058105861919,
    "client_005": 0.18568111081125876,
    "client_007": 0.17849822838869386,
    "client_001": 0.216599721487354,
    "client_002": 0.222605485071143,
    "client_000": 0.2395669336074046,
    "client_004": 0.13685870595269345,
    "client_003": 0.18436915388140496
  },
  "r6": {
    "client_012": 0.1996408496170878,
    "client_013": 0.20103907982397104,
    "client_010": 0.20141384622708464,
    "client_011": 0.1989717439396694,
    "attacker_000": 0.19893448039218706,
    "client_008": 0.21564760238621633,
    "client_009": 0.1418785579449111,
    "client_005": 0.15115237662558997,
    "client_007": 0.1798302567754331,
    "client_006": 0.31149120626784954,
    "client_017": 0.2500140132514125,
    "client_016": 0.07890915945600283,
    "client_018": 0.2190241852084638,
    "client_014": 0.2580736867511625,
    "client_015": 0.19397895533295845,
    "client_004": 0.18326025174133442,
    "client_003": 0.1851322422528945,
    "client_000": 0.21366544286739036,
    "client_002": 0.20758410085014908,
    "client_001": 0.21035796228823156
  },
  "r7": {
    "client_005": 0.12138904384170794,
    "client_007": 0.14879030065733156,
    "client_009": 0.19890208123126596,
    "client_008": 0.2967378726197714,
    "client_006": 0.23418070164992316,
    "client_018": 0.21727804964546737,
    "client_015": 0.08337253085824164,
    "client_014": 0.23565702390669657,
    "client_016": 0.22506431134067065,
    "client_017": 0.23862808424892382,
    "client_001": 0.19926178777573827,
    "client_000": 0.19384516797398232,
    "client_002": 0.20941055200161757,
    "client_003": 0.20909035935959444,
    "client_004": 0.18839213288906745,
    "attacker_000": 0.19644905526220674,
    "client_013": 0.20246440968503837,
    "client_012": 0.2011474546033863,
    "client_010": 0.20078160142705104,
    "client_011": 0.19915747902231754
  },
  "r8": {
    "attacker_000": 0.19570408290397331,
    "client_012": 0.20160057423933225,
    "client_013": 0.20020081201339457,
    "client_010": 0.20149083876876822,
    "client_011": 0.2010036920745316,
    "client_015": 0.23471835710008018,
    "client_018": 0.13756806388593937,
    "client_014": 0.2701632294094795,
    "client_016": 0.08831660298532143,
    "client_017": 0.2692337466191795,
    "client_003": 0.182443612281806,
    "client_004": 0.21643593406722444,
    "client_000": 0.1915698728784688,
    "client_002": 0.19988864293676661,
    "client_001": 0.20966193783573414,
    "client_005": 0.20601310932609504,
    "client_007": 0.2728018853764475,
    "client_008": 0.15285777411602738,
    "client_009": 0.12003214572314708,
    "client_006": 0.24829508545828308
  },
  "r9": {
    "client_004": 0.22152026243757422,
    "client_002": 0.18644267340238804,
    "client_003": 0.21318356463051072,
    "client_001": 0.20034587754405161,
    "client_000": 0.17850762198547535,
    "client_015": 0.2518669688259464,
    "client_018": 0.15024130467760857,
    "client_014": 0.24122664469664706,
    "client_016": 0.15592360977118264,
    "client_017": 0.20074147202861528,
    "client_008": 0.14677030395334958,
    "client_009": 0.16480214788152608,
    "client_005": 0.1499243054753048,
    "client_007": 0.21819840239697727,
    "client_006": 0.32030484029284234,
    "client_013": 0.20131741327961367,
    "client_010": 0.20080602805951123,
    "client_012": 0.2017373040259913,
    "client_011": 0.20065989033428316,
    "attacker_000": 0.19547936430060064
  },
  "r10": {
    "client_014": 0.1750023256703498,
    "client_016": 0.09375455562462373,
    "client_018": 0.19790345304363738,
    "client_015": 0.32862548945196823,
    "client_017": 0.20471417620942095,
    "client_010": 0.20256300578539208,
    "client_012": 0.20127966083008914,
    "client_013": 0.20129332481126178,
    "client_011": 0.1987141766137724,
    "attacker_000": 0.19614983195948468,
    "client_007": 0.2763421136506457,
    "client_009": 0.1291135654569213,
    "client_008": 0.1984640702153749,
    "client_005": 0.12676480641663848,
    "client_006": 0.26931544426041965,
    "client_002": 0.1747617878492017,
    "client_003": 0.20729474071653842,
    "client_001": 0.2112180468045022,
    "client_004": 0.22160973548719431,
    "client_000": 0.1851156891425634
  }
}