{
    "attacker_000": {
        "attacker_000": 0.9891161420129592,
        "client_000": 0.9121523444845211,
        "client_001": 0.9673054512495145,
        "client_002": 0.9124257121388072,
        "client_003": 0.9112571477340616,
        "client_004": 0.9405148172182566,
        "client_005": 0.1442083138720224,
        "client_006": 0.14528692709396973,
        "client_007": 0.1457069528698087,
        "client_008": 0.1055639097744361,
        "client_009": 0.10544995187680462,
        "client_010": 0.9891335339775067,
        "client_011": 0.9891178660246154,
        "client_012": 0.9891185554763602,
        "client_013": 0.9891331897097958,
        "client_014": 0.8053242685814681,
        "client_015": 0.7912126130303733,
        "client_016": 0.8021050617165821,
        "client_017": 0.6835491000947269,
        "client_018": 0.8195311468607963
    },
    "client_000": {
        "attacker_000": 0.32186499526536505,
        "client_000": 0.9763007354944158,
        "client_001": 0.9764529740029944,
        "client_002": 0.9758822727892082,
        "client_003": 0.9764593822288747,
        "client_004": 0.9764465622872703,
        "client_005": 0.04904146232724031,
        "client_006": 0.050251256281407024,
        "client_007": 0.05115766262403528,
        "client_008": 0.04925690021231423,
        "client_009": 0.05651980418335558,
        "client_010": 0.16539148760709213,
        "client_011": 0.306535025858016,
        "client_012": 0.3018143899895725,
        "client_013": 0.16871869294508685,
        "client_014": 0.09905100830367734,
        "client_015": 0.09762333662618397,
        "client_016": 0.09660783864313545,
        "client_017": 0.10486891385767791,
        "client_018": 0.094662638469285
    },
    "client_001": {
        "attacker_000": 0.3315875022575402,
        "client_000": 0.9771883289124668,
        "client_001": 0.9770709078860172,
        "client_002": 0.9778308774724545,
        "client_003": 0.9765345353307702,
        "client_004": 0.9778485210240084,
        "client_005": 0.04665492957746479,
        "client_006": 0.04445403539059128,
        "client_007": 0.050971922246220304,
        "client_008": 0.050219711236660386,
        "client_009": 0.05573842440201887,
        "client_010": 0.16991361882006983,
        "client_011": 0.31531685623877537,
        "client_012": 0.3088259783513738,
        "client_013": 0.17357817122998168,
        "client_014": 0.09667709378504397,
        "client_015": 0.09521603150700798,
        "client_016": 0.09455210655690846,
        "client_017": 0.1030823006037496,
        "client_018": 0.09271966527196653
    },
    "client_002": {
        "attacker_000": 0.32512930265739254,
        "client_000": 0.9764705882352941,
        "client_001": 0.9771298649190853,
        "client_002": 0.9766943477096169,
        "client_003": 0.9760918926138641,
        "client_004": 0.9770053475935828,
        "client_005": 0.052270210409745284,
        "client_006": 0.05050065302568568,
        "client_007": 0.05313588850174216,
        "client_008": 0.052107604321118405,
        "client_009": 0.05743317870554451,
        "client_010": 0.1655743673766612,
        "client_011": 0.3102075391783143,
        "client_012": 0.30500206696982224,
        "client_013": 0.16866685273048657,
        "client_014": 0.09596769404358928,
        "client_015": 0.09464421003554986,
        "client_016": 0.09416781927155371,
        "client_017": 0.10153572788424926,
        "client_018": 0.09183788031885033
    },
    "client_003": {
        "attacker_000": 0.3284574468085107,
        "client_000": 0.9765480895915679,
        "client_001": 0.9768299104791995,
        "client_002": 0.9758670710800476,
        "client_003": 0.9760463279810477,
        "client_004": 0.9768238082696866,
        "client_005": 0.052494577006507594,
        "client_006": 0.05038428693424424,
        "client_007": 0.05649475711534347,
        "client_008": 0.0545038485541918,
        "client_009": 0.0611183355006502,
        "client_010": 0.16996244173944522,
        "client_011": 0.3131951466127401,
        "client_012": 0.30864197530864196,
        "client_013": 0.17259211376858438,
        "client_014": 0.09714826647733996,
        "client_015": 0.096231884057971,
        "client_016": 0.09503116244496541,
        "client_017": 0.10261569416498995,
        "client_018": 0.09268783542039356
    },
    "client_004": {
        "attacker_000": 0.32622972791850957,
        "client_000": 0.9768247202983483,
        "client_001": 0.97762982689747,
        "client_002": 0.9775940250733528,
        "client_003": 0.9767008387698043,
        "client_004": 0.9780146568954032,
        "client_005": 0.05650459921156373,
        "client_006": 0.05441880713974749,
        "client_007": 0.05879809770860355,
        "client_008": 0.05735976381273724,
        "client_009": 0.060632688927943754,
        "client_010": 0.166431465379888,
        "client_011": 0.3109265067390014,
        "client_012": 0.30604393331402807,
        "client_013": 0.16913201228021213,
        "client_014": 0.0943093298447999,
        "client_015": 0.09254079254079253,
        "client_016": 0.09177995755176964,
        "client_017": 0.09982197355035606,
        "client_018": 0.08983849259757738
    },
    "client_005": {
        "attacker_000": 0.6301543072564216,
        "client_000": 0.5152435085906214,
        "client_001": 0.5158894199715799,
        "client_002": 0.5168249047342247,
        "client_003": 0.5151945286792696,
        "client_004": 0.5154645831988118,
        "client_005": 0.9751834660166482,
        "client_006": 0.9756526688918212,
        "client_007": 0.976494013601924,
        "client_008": 0.9729548732742633,
        "client_009": 0.972401886257634,
        "client_010": 0.681086878798713,
        "client_011": 0.679801199046112,
        "client_012": 0.6838586860279794,
        "client_013": 0.6810333228685473,
        "client_014": 0.022856567487287927,
        "client_015": 0.023049823855057876,
        "client_016": 0.0234323930205662,
        "client_017": 0.02247304242668548,
        "client_018": 0.023336518634008954
    },
    "client_006": {
        "attacker_000": 0.6289437907271109,
        "client_000": 0.5087366027931146,
        "client_001": 0.5095123693266671,
        "client_002": 0.5101974538841257,
        "client_003": 0.5088112160451758,
        "client_004": 0.5092030514526863,
        "client_005": 0.9738895947312469,
        "client_006": 0.9740642956980897,
        "client_007": 0.975262640376753,
        "client_008": 0.971281390856407,
        "client_009": 0.9719549007972341,
        "client_010": 0.6808139924497957,
        "client_011": 0.6800971631047623,
        "client_012": 0.6828014184397163,
        "client_013": 0.6809044663066132,
        "client_014": 0.02520542420728941,
        "client_015": 0.02549246813441483,
        "client_016": 0.025673294739491564,
        "client_017": 0.024338517471217933,
        "client_018": 0.02597794895030962
    },
    "client_007": {
        "attacker_000": 0.6299090823882276,
        "client_000": 0.5177382875605815,
        "client_001": 0.5181835798721013,
        "client_002": 0.5188703631898669,
        "client_003": 0.5176007485561256,
        "client_004": 0.5178773295436194,
        "client_005": 0.9748416289592761,
        "client_006": 0.9748077022353002,
        "client_007": 0.9756022076649301,
        "client_008": 0.9725077081192189,
        "client_009": 0.9719400221187727,
        "client_010": 0.6820902188476999,
        "client_011": 0.680790394083183,
        "client_012": 0.6843936271577035,
        "client_013": 0.6821900002241096,
        "client_014": 0.02196141641061804,
        "client_015": 0.0223463687150838,
        "client_016": 0.02263695356909301,
        "client_017": 0.021980237951199834,
        "client_018": 0.02325347292128045
    },
    "client_008": {
        "attacker_000": 0.6324538196801911,
        "client_000": 0.5140044684778033,