{
    "attacker_000": {
        "attacker_000": 0.9890682980643867,
        "attacker_001": 0.9889210099761041,
        "attacker_002": 0.9888083386229246,
        "client_000": 0.9623363610978795,
        "client_001": 0.9608125819134994,
        "client_002": 0.9600945129955368,
        "client_003": 0.9589063443123053,
        "client_004": 0.9621591450100965,
        "client_005": 0.050323234884015716,
        "client_006": 0.051754719371595086,
        "client_007": 0.050503770356758126,
        "client_008": 0.04926451940147095,
        "client_009": 0.04828067504123843,
        "client_010": 0.9712544537056442,
        "client_011": 0.9712074802514912,
        "client_012": 0.8601634918537258,
        "client_013": 0.8770944526063266,
        "client_014": 0.8690962208322409,
        "client_015": 0.6826069851816234,
        "client_016": 0.9217695576105973
    },
    "attacker_001": {
        "attacker_000": 0.9888482051796492,
        "attacker_001": 0.9887321118095492,
        "attacker_002": 0.9884880787288433,
        "client_000": 0.9611435143350037,
        "client_001": 0.9599213179247603,
        "client_002": 0.9594905127700085,
        "client_003": 0.9582068109837726,
        "client_004": 0.9610470653923211,
        "client_005": 0.054707781928702584,
        "client_006": 0.056378132118451024,
        "client_007": 0.05489078822412155,
        "client_008": 0.05384006334125099,
        "client_009": 0.052671610572352166,
        "client_010": 0.9708941385148755,
        "client_011": 0.9708950771562636,
        "client_012": 0.8607298608620138,
        "client_013": 0.8761798380340687,
        "client_014": 0.8696091833486265,
        "client_015": 0.6816261301692244,
        "client_016": 0.9209322276236775
    },
    "attacker_002": {
        "attacker_000": 0.9883273688083213,
        "attacker_001": 0.988280531639221,
        "attacker_002": 0.988203054506567,
        "client_000": 0.9614633746206217,
        "client_001": 0.9603064180839048,
        "client_002": 0.9595711194176668,
        "client_003": 0.9588728351978083,
        "client_004": 0.9614129454402335,
        "client_005": 0.051546064130676576,
        "client_006": 0.05316479817067361,
        "client_007": 0.0516633304737394,
        "client_008": 0.05005087763927754,
        "client_009": 0.04943691544187821,
        "client_010": 0.9710278113663845,
        "client_011": 0.9709827185968533,
        "client_012": 0.8574077578051088,
        "client_013": 0.8738088578088578,
        "client_014": 0.8671882328661752,
        "client_015": 0.6776246488764045,
        "client_016": 0.9207710309591439
    },
    "client_000": {
        "attacker_000": 0.0020570840833119054,
        "attacker_001": 0.0020222446916076846,
        "attacker_002": 0.002058142526369951,
        "client_000": 0.9656399726214921,
        "client_001": 0.9651305893614112,
        "client_002": 0.9643198906356801,
        "client_003": 0.9650273224043715,
        "client_004": 0.9653851416062388,
        "client_005": 0.045068027210884355,
        "client_006": 0.04496288441145281,
        "client_007": 0.050420168067226885,
        "client_008": 0.05051369863013698,
        "client_009": 0.046471226927252994,
        "client_010": 0.11143900365127793,
        "client_011": 0.11633390976261593,
        "client_012": 0.10944477771112444,
        "client_013": 0.10923865982814893,
        "client_014": 0.10953238609832568,
        "client_015": 0.10895303977650658,
        "client_016": 0.10918544194107453
    },
    "client_001": {
        "attacker_000": 0.0029925187032418953,
        "attacker_001": 0.0029585798816568047,
        "attacker_002": 0.0029977516862353237,
        "client_000": 0.9671148981493809,
        "client_001": 0.9659664982717363,
        "client_002": 0.9659664982717363,
        "client_003": 0.9659936238044633,
        "client_004": 0.9670212765957447,
        "client_005": 0.03863111484358598,
        "client_006": 0.03770423125261835,
        "client_007": 0.05014874628134296,
        "client_008": 0.05104408352668214,
        "client_009": 0.04066780821917808,
        "client_010": 0.11529199277543649,
        "client_011": 0.12104654828202165,
        "client_012": 0.10801440192025603,
        "client_013": 0.107992800479968,
        "client_014": 0.10820920446195978,
        "client_015": 0.10769743418860381,
        "client_016": 0.10785556964559835
    },
    "client_002": {
        "attacker_000": 0.002008536279186543,
        "attacker_001": 0.002982107355864811,
        "attacker_002": 0.0030158331239004774,
        "client_000": 0.9658968850698174,
        "client_001": 0.9649993294890707,
        "client_002": 0.965239565159039,
        "client_003": 0.9645010046885466,
        "client_004": 0.9651287553648069,
        "client_005": 0.04551148225469728,
        "client_006": 0.045540004177982034,
        "client_007": 0.05255350709896164,
        "client_008": 0.052907831198824265,
        "client_009": 0.04626258299421718,
        "client_010": 0.1109118086696562,
        "client_011": 0.11550057178500882,
        "client_012": 0.1058941058941059,
        "client_013": 0.10581658458671636,
        "client_014": 0.1058941058941059,
        "client_015": 0.1052351493381228,
        "client_016": 0.10552964690206527
    },
    "client_003": {
        "attacker_000": 0.0034851879512073688,
        "attacker_001": 0.0034322137778867367,
        "attacker_002": 0.003477396920019871,
        "client_000": 0.9650776789271014,
        "client_001": 0.9648401220644819,
        "client_002": 0.9645841623557501,
        "client_003": 0.9646029431260771,
        "client_004": 0.9649681528662422,
        "client_005": 0.04699521730089416,
        "client_006": 0.04609634551495017,
        "client_007": 0.057659932659932654,
        "client_008": 0.058098223615464996,
        "client_009": 0.048064653339004684,
        "client_010": 0.11702390970744024,
        "client_011": 0.12185198537364166,
        "client_012": 0.10668958223162349,
        "client_013": 0.10656982502476064,
        "client_014": 0.1068025410269984,
        "client_015": 0.10618066561014262,
        "client_016": 0.10632107907960857
    },
    "client_004": {
        "attacker_000": 0.006001500375093774,
        "attacker_001": 0.005947955390334572,
        "attacker_002": 0.005501375343835959,
        "client_000": 0.9652582159624412,
        "client_001": 0.9652861546709557,
        "client_002": 0.9652861546709557,
        "client_003": 0.9655726724715338,
        "client_004": 0.9656836461126005,
        "client_005": 0.04816753926701571,
        "client_006": 0.048403922386814104,
        "client_007": 0.05761491209489515,
        "client_008": 0.059563758389261756,
        "client_009": 0.049957301451750646,
        "client_010": 0.11391778107974246,
        "client_011": 0.11954832694499119,
        "client_012": 0.10464259395725868,
        "client_013": 0.10453754517467542,
        "client_014": 0.10464259395725868,
        "client_015": 0.10387347540544162,
        "client_016": 0.10398659966499162
    },
    "client_005": {
        "attacker_000": 0.029176375240603788,
        "attacker_001": 0.10444347106633571,
        "attacker_002": 0.025841896428934787,
        "client_000": 0.5147635895786427,
        "client_001": 0.5168654610747723,
        "client_002": 0.5188957212400718,
        "client_003": 0.520146988336795,
        "client_004": 0.5156074556478779,
        "client_005": 0.9646722483152951,
        "client_006": 0.9676012620886026,
        "client_007": 0.9635520212060967,
        "client_008": 0.964272990991908,
        "client_009": 0.9659268361364975,
        "client_010": 0.6812767562052214,
        "client_011": 0.6877016218127182,
        "client_012": 0.010824058000612683,
        "client_013": 0.012658873972742585,
        "client_014": 0.012136664966853646,
        "client_015": 0.010531158938704566,
        "client_016": 0.010813567967355267
    },