{
    "attacker_000": {
        "attacker_000": 0.989115555407165,
        "attacker_001": 0.9891171701298918,
        "attacker_002": 0.9889878866753429,
        "client_000": 0.9591996605411758,
        "client_001": 0.9590870502187684,
        "client_002": 0.9583632682385214,
        "client_003": 0.9589675819424731,
        "client_004": 0.9610993726761994,
        "client_005": 0.059645030106238776,
        "client_006": 0.06093065750921522,
        "client_007": 0.06086764752213227,
        "client_008": 0.04777009452515384,
        "client_009": 0.047458917581371746,
        "client_010": 0.9711761671395409,
        "client_011": 0.971128270436703,
        "client_012": 0.8294138158149625,
        "client_013": 0.8575262720193544,
        "client_014": 0.8157224073711038,
        "client_015": 0.7591024903427304,
        "client_016": 0.8327127505643122
    },
    "attacker_001": {
        "attacker_000": 0.9885967109107605,
        "attacker_001": 0.9889293956319609,
        "attacker_002": 0.9884696891321397,
        "client_000": 0.9584503821780885,
        "client_001": 0.95847083809835,
        "client_002": 0.957750620833878,
        "client_003": 0.9582693877551021,
        "client_004": 0.9601389890513341,
        "client_005": 0.06288792967642333,
        "client_006": 0.06459330143540669,
        "client_007": 0.06453237636541063,
        "client_008": 0.05159082266446951,
        "client_009": 0.051468956992995904,
        "client_010": 0.9708315193730953,
        "client_011": 0.9708315193730953,
        "client_012": 0.829326923076923,
        "client_013": 0.8592847161901885,
        "client_014": 0.8156402660336269,
        "client_015": 0.7566910476975378,
        "client_016": 0.8316295967071827
    },
    "attacker_002": {
        "attacker_000": 0.9882404035679685,
        "attacker_001": 0.9884584504215175,
        "attacker_002": 0.9882608332637556,
        "client_000": 0.9591400655716313,
        "client_001": 0.9589452385614515,
        "client_002": 0.9583850120765064,
        "client_003": 0.9589849801855869,
        "client_004": 0.9606585278041436,
        "client_005": 0.060579233590489445,
        "client_006": 0.06149859368580729,
        "client_007": 0.061500537260603,
        "client_008": 0.04923194351684,
        "client_009": 0.04886117826695509,
        "client_010": 0.9711098213709939,
        "client_011": 0.9711098213709939,
        "client_012": 0.8272889648209987,
        "client_013": 0.8557686845543543,
        "client_014": 0.8128563003735011,
        "client_015": 0.7561196736174071,
        "client_016": 0.8297855871197461
    },
    "client_000": {
        "attacker_000": 0.10687711386696731,
        "attacker_001": 0.08497794288367774,
        "attacker_002": 0.018867924528301886,
        "client_000": 0.976313640076232,
        "client_001": 0.9761612859283477,
        "client_002": 0.9763007354944158,
        "client_003": 0.976725193956717,
        "client_004": 0.976858154097468,
        "client_005": 0.044183773216031286,
        "client_006": 0.05525914634146341,
        "client_007": 0.04580152671755725,
        "client_008": 0.04768041237113402,
        "client_009": 0.049862763037511436,
        "client_010": 0.16001080545675567,
        "client_011": 0.159431728492502,
        "client_012": 0.10269703141393569,
        "client_013": 0.10441463568234777,
        "client_014": 0.10412610688940525,
        "client_015": 0.10243151738996613,
        "client_016": 0.10280086180363189
    },
    "client_001": {
        "attacker_000": 0.10667842186466828,
        "attacker_001": 0.0867600542250339,
        "attacker_002": 0.01892318089659833,
        "client_000": 0.9772125066242713,
        "client_001": 0.9781021897810218,
        "client_002": 0.978232014865941,
        "client_003": 0.9779840848806367,
        "client_004": 0.9781138081973736,
        "client_005": 0.03904136064940085,
        "client_006": 0.05101076894010958,
        "client_007": 0.037820252135014235,
        "client_008": 0.040160642570281124,
        "client_009": 0.0423614240648941,
        "client_010": 0.16477783774060079,
        "client_011": 0.16514530551415796,
        "client_012": 0.10176827006306419,
        "client_013": 0.10364659040637048,
        "client_014": 0.10306039087538492,
        "client_015": 0.10152346882131622,
        "client_016": 0.10137965016013796
    },
    "client_002": {
        "attacker_000": 0.08550434201736808,
        "attacker_001": 0.07360290776919581,
        "attacker_002": 0.018455998199414805,
        "client_000": 0.9774094372410107,
        "client_001": 0.9771053688579461,
        "client_002": 0.9772483940042827,
        "client_003": 0.9775341000267451,
        "client_004": 0.9775341000267451,
        "client_005": 0.04339403332041845,
        "client_006": 0.05007587253414264,
        "client_007": 0.0447427293064877,
        "client_008": 0.046127803639441384,
        "client_009": 0.049661399548532735,
        "client_010": 0.16021111011718403,
        "client_011": 0.15957544993077988,
        "client_012": 0.09954304063233295,
        "client_013": 0.10099097393170485,
        "client_014": 0.10066608018097274,
        "client_015": 0.09905631283537902,
        "client_016": 0.09895993599606129
    },
    "client_003": {
        "attacker_000": 0.10798946444249341,
        "attacker_001": 0.08604077974456643,
        "attacker_002": 0.016053511705685617,
        "client_000": 0.9770750988142292,
        "client_001": 0.9766521567075584,
        "client_002": 0.9763945667941449,
        "client_003": 0.9769524562096668,
        "client_004": 0.9774673870075109,
        "client_005": 0.04452187379016647,
        "client_006": 0.05254205254205255,
        "client_007": 0.04601914070454083,
        "client_008": 0.0479394449116905,
        "client_009": 0.050222222222222224,
        "client_010": 0.16490993995997333,
        "client_011": 0.16429685349967893,
        "client_012": 0.10039840637450198,
        "client_013": 0.10214312570497557,
        "client_014": 0.10164629583437265,
        "client_015": 0.09990217657128883,
        "client_016": 0.09999388042347471
    },
    "client_004": {
        "attacker_000": 0.10360858977197254,
        "attacker_001": 0.08314402544298045,
        "attacker_002": 0.020161290322580645,
        "client_000": 0.9778902503995739,
        "client_001": 0.9771969595946126,
        "client_002": 0.9775999999999999,
        "client_003": 0.9778961384820241,
        "client_004": 0.9778902503995739,
        "client_005": 0.04823461315840247,
        "client_006": 0.056689342403628114,
        "client_007": 0.04946852003270646,
        "client_008": 0.0500848896434635,
        "client_009": 0.05212311840035947,
        "client_010": 0.161515097373593,
        "client_011": 0.16046876441819694,
        "client_012": 0.09857585139318886,
        "client_013": 0.09973421085938489,
        "client_014": 0.09938905334760975,
        "client_015": 0.09775086505190311,
        "client_016": 0.09811786485652575
    },
    "client_005": {
        "attacker_000": 0.030900157033584928,
        "attacker_001": 0.03369422240210462,
        "attacker_002": 0.0500978866522765,
        "client_000": 0.5161435554412143,
        "client_001": 0.51471444279154,
        "client_002": 0.5124850212132007,
        "client_003": 0.5173899067823852,
        "client_004": 0.5135370615379651,
        "client_005": 0.9736292630113681,
        "client_006": 0.971427100494234,
        "client_007": 0.9765913970150798,
        "client_008": 0.9750168106346662,
        "client_009": 0.9754781119443652,
        "client_010": 0.6810666666666666,
        "client_011": 0.6801494440591511,
        "client_012": 0.10384027512418802,
        "client_013": 0.10397056715562139,
        "client_014": 0.1024537236332329,
        "client_015": 0.10691823899371068,
        "client_016": 0.10384027512418802
    },