{
    "attacker_0": {
        "attacker_0": 0.22822621245175365,
        "attacker_1": 0.21948752528658125,
        "attacker_2": 0.21938946662193895,
        "client_0": 0.012946180876641391,
        "client_1": 0.007454342154304882,
        "client_2": 0.20141160268548802,
        "client_3": 0.18891383180797788,
        "client_4": 0.10324909747292418,
        "client_5": 0.005269100489273617,
        "client_6": 0.007102803738317757,
        "client_7": 0.05329902591435398,
        "client_8": 0.011854047045749211
    },
    "attacker_1": {
        "attacker_0": 0.23256573575044914,
        "attacker_1": 0.2268755152514427,
        "attacker_2": 0.22828050583018558,
        "client_0": 0.011678832116788322,
        "client_1": 0.0037016472330186935,
        "client_2": 0.19918233851185607,
        "client_3": 0.18666225384742677,
        "client_4": 0.09101920747534176,
        "client_5": 0.005074302283436027,
        "client_6": 0.005135730007336757,
        "client_7": 0.047482014388489216,
        "client_8": 0.006889050036258158
    },
    "attacker_2": {
        "attacker_0": 0.22788508359032622,
        "attacker_1": 0.2194408322496749,
        "attacker_2": 0.22157528707747048,
        "client_0": 0.009713977334052888,
        "client_1": 0.020633226609747417,
        "client_2": 0.19110162534887543,
        "client_3": 0.17787276015124115,
        "client_4": 0.09896627690221997,
        "client_5": 0.004679625629949604,
        "client_6": 0.0072293511657328755,
        "client_7": 0.05028034002532103,
        "client_8": 0.01056081573197378
    },
    "client_0": {
        "attacker_0": 0.0007423011335138931,
        "attacker_1": 0.03407050839432619,
        "attacker_2": 2.0070245860511792e-05,
        "client_0": 0.0001404832624227342,
        "client_1": 0.00028092987789583515,
        "client_2": 0.7768293805418343,
        "client_3": 0.7775052128051024,
        "client_4": 0.7796585267307822,
        "client_5": 0.6840340128868703,
        "client_6": 0.1554650624710782,
        "client_7": 0.007716373304546864,
        "client_8": 0.1277826830230505
    },
    "client_1": {
        "attacker_0": 0.00032102084629120604,
        "attacker_1": 2.006702385969137e-05,
        "attacker_2": 4.0133645037976466e-05,
        "client_0": 0.0004012478809096289,
        "client_1": 0.0004213102749551104,
        "client_2": 0.780114067510342,
        "client_3": 0.7800767408984925,
        "client_4": 0.7816186087445454,
        "client_5": 0.6555117180913842,
        "client_6": 0.04363486470836482,
        "client_7": 0.002985702692141991,
        "client_8": 0.0990863834900532
    },
    "client_2": {
        "attacker_0": 0.027544507893852873,
        "attacker_1": 0.06453694740238786,
        "attacker_2": 0.09013359085787863,
        "client_0": 0.00568942436412316,
        "client_1": 0.020185307743216415,
        "client_2": 0.21929954189448794,
        "client_3": 0.22003577817531303,
        "client_4": 0.2206104563312179,
        "client_5": 0.00860499751778918,
        "client_6": 0.05174353205849269,
        "client_7": 0.028326745718050068,
        "client_8": 0.02249793217535153
    },
    "client_3": {
        "attacker_0": 0.02986666666666667,
        "attacker_1": 0.06219151036525172,
        "attacker_2": 0.09071695659242399,
        "client_0": 0.0103800435292148,
        "client_1": 0.02011060834590246,
        "client_2": 0.21721566190180233,
        "client_3": 0.21042683887226332,
        "client_4": 0.21582957549370238,
        "client_5": 0.01151430565247732,
        "client_6": 0.05558362809499747,
        "client_7": 0.028935583878746125,
        "client_8": 0.029913835148756302
    },
    "client_4": {
        "attacker_0": 0.02386955790889225,
        "attacker_1": 0.06046275966897484,
        "attacker_2": 0.09163729573854533,
        "client_0": 0.006268500783562597,
        "client_1": 0.015091750986108729,
        "client_2": 0.214341266137813,
        "client_3": 0.21585835257890684,
        "client_4": 0.2112921081764985,
        "client_5": 0.010882502975684407,
        "client_6": 0.04933650901667233,
        "client_7": 0.024783568154812426,
        "client_8": 0.023420010332357497
    },
    "client_5": {
        "attacker_0": 0.23633213810885945,
        "attacker_1": 0.19571932618514806,
        "attacker_2": 0.23302197432968216,
        "client_0": 0.13543324994314307,
        "client_1": 0.16241793008833452,
        "client_2": 0.22818303192134967,
        "client_3": 0.24763225995784757,
        "client_4": 0.28844700424799985,
        "client_5": 0.12108272314327884,
        "client_6": 0.11326129807346445,
        "client_7": 0.0833296874772134,
        "client_8": 0.10906264841759855
    },
    "client_6": {
        "attacker_0": 0.2763337893296854,
        "attacker_1": 0.193814545653243,
        "attacker_2": 0.2324418293661407,
        "client_0": 0.1733311210663127,
        "client_1": 0.16214336389055045,
        "client_2": 0.28819129939701355,
        "client_3": 0.2856216776870219,
        "client_4": 0.29471513276617683,
        "client_5": 0.1288723316854824,
        "client_6": 0.12045072987508179,
        "client_7": 0.10303804371223972,
        "client_8": 0.10269454623841347
    },
    "client_7": {
        "attacker_0": 0.230684811237928,
        "attacker_1": 0.22400527588480984,
        "attacker_2": 0.22685644929934898,
        "client_0": 0.0037471896077941546,
        "client_1": 0.004511843589422233,
        "client_2": 0.21259144313899356,
        "client_3": 0.05731633272616878,
        "client_4": 0.21106420795378802,
        "client_5": 0.0049838026414154,
        "client_6": 0.006759294029290275,
        "client_7": 0.1058502432656936,
        "client_8": 0.09457051205892837
    },
    "client_8": {
        "attacker_0": 0.23854576379292014,
        "attacker_1": 0.23036093418259024,
        "attacker_2": 0.23320954907161803,
        "client_0": 0.005571030640668523,
        "client_1": 0.0067681895093062595,
        "client_2": 0.21640042598509052,
        "client_3": 0.06145906638517476,
        "client_4": 0.22357463164638056,
        "client_5": 0.005748502994011976,
        "client_6": 0.007650011953143677,
        "client_7": 0.10835670218732472,
        "client_8": 0.095547829987664
    }
}