{
    "attacker_0": {
        "attacker_0": 0.019357195032870707,
        "attacker_1": 0.0186165358642088,
        "attacker_2": 0.018276294570865437,
        "client_0": 0.004084663943557371,
        "client_1": 0.002251829611559392,
        "client_2": 0.1053199137311287,
        "client_3": 0.10620739146035163,
        "client_4": 0.056600328647069556,
        "client_5": 0.09682029296177207,
        "client_6": 0.1559965487489215,
        "client_7": 0.017870439314966492,
        "client_8": 0.0187863986473793
    },
    "attacker_1": {
        "attacker_0": 0.01380813953488372,
        "attacker_1": 0.01193490054249548,
        "attacker_2": 0.01110912022934958,
        "client_0": 0.0014746543778801843,
        "client_1": 0.0018477457501847746,
        "client_2": 0.0932336058444947,
        "client_3": 0.09747666781887314,
        "client_4": 0.05963791267305644,
        "client_5": 0.09994776249347032,
        "client_6": 0.15932427956276915,
        "client_7": 0.009990749306197965,
        "client_8": 0.009908256880733945
    },
    "attacker_2": {
        "attacker_0": 0.018936635105608158,
        "attacker_1": 0.016129032258064516,
        "attacker_2": 0.014952589350838805,
        "client_0": 0.0057564310127720805,
        "client_1": 0.005093687465890485,
        "client_2": 0.10069444444444443,
        "client_3": 0.10628690517540812,
        "client_4": 0.05926188786373314,
        "client_5": 0.08907159986296677,
        "client_6": 0.1472534745201853,
        "client_7": 0.016758780531289003,
        "client_8": 0.016616581226798658
    },
    "client_0": {
        "attacker_0": 0.8716145833333333,
        "attacker_1": 0.747640412723548,
        "attacker_2": 0.7970233389060228,
        "client_0": 0.00018059777864732265,
        "client_1": 0.0002608399044924657,
        "client_2": 0.7512561869557045,
        "client_3": 0.7592796628632966,
        "client_4": 0.7512280701754386,
        "client_5": 0.753405295876121,
        "client_6": 0.7482149025025905,
        "client_7": 0.8938061938061937,
        "client_8": 0.7390955040897791
    },
    "client_1": {
        "attacker_0": 0.9098176886818247,
        "attacker_1": 0.7525562884069036,
        "attacker_2": 0.7874113453607621,
        "client_0": 0.00036110860341247636,
        "client_1": 0.00038117019249094724,
        "client_2": 0.755964379099243,
        "client_3": 0.7637351392584049,
        "client_4": 0.7566286402165573,
        "client_5": 0.7461490562121431,
        "client_6": 0.7515124945199475,
        "client_7": 0.8978826911382609,
        "client_8": 0.7063495668537686
    },
    "client_2": {
        "attacker_0": 0.08982996470965672,
        "attacker_1": 0.06303348653972424,
        "attacker_2": 0.046704206690957276,
        "client_0": 0.02822911537830297,
        "client_1": 0.013370291863688242,
        "client_2": 0.2738712065136935,
        "client_3": 0.2866232827187274,
        "client_4": 0.27712418300653596,
        "client_5": 0.039241549876339654,
        "client_6": 0.028847729880347485,
        "client_7": 0.08291291949989033,
        "client_8": 0.05494716618635927
    },
    "client_3": {
        "attacker_0": 0.08323699421965318,
        "attacker_1": 0.07154797726512874,
        "attacker_2": 0.057461257182657155,
        "client_0": 0.028169014084507043,
        "client_1": 0.012658227848101266,
        "client_2": 0.26525436371773836,
        "client_3": 0.28660343805572025,
        "client_4": 0.2813141683778234,
        "client_5": 0.0399932214878834,
        "client_6": 0.03252583432153143,
        "client_7": 0.09487750556792873,
        "client_8": 0.0590750097162845
    },
    "client_4": {
        "attacker_0": 0.07998683344305464,
        "attacker_1": 0.06165768194070081,
        "attacker_2": 0.05040566200586915,
        "client_0": 0.02528185855825077,
        "client_1": 0.009862268321713994,
        "client_2": 0.27356526910496576,
        "client_3": 0.2853738456955615,
        "client_4": 0.2803849000740192,
        "client_5": 0.04004751399966062,
        "client_6": 0.027073337902673064,
        "client_7": 0.08252650991240203,
        "client_8": 0.05552178318135764
    },
    "client_5": {
        "attacker_0": 0.13979895228656378,
        "attacker_1": 0.16622941668992464,
        "attacker_2": 0.08436616021696657,
        "client_0": 0.1635992392034012,
        "client_1": 0.1687301321733311,
        "client_2": 0.22661909395610338,
        "client_3": 0.25997852512692704,
        "client_4": 0.2500466604452739,
        "client_5": 0.030064100634987514,
        "client_6": 0.03228463185636633,
        "client_7": 0.1730009459685048,
        "client_8": 0.13114754098360654
    },
    "client_6": {
        "attacker_0": 0.14145526526371943,
        "attacker_1": 0.161987612220753,
        "attacker_2": 0.0806125859087805,
        "client_0": 0.16289454282415455,
        "client_1": 0.17347418489532923,
        "client_2": 0.2534954648076999,
        "client_3": 0.27929908548087057,
        "client_4": 0.2698076168040832,
        "client_5": 0.02831826617972819,
        "client_6": 0.030468062249145788,
        "client_7": 0.22523162735817434,
        "client_8": 0.14928754212520798
    },
    "client_7": {
        "attacker_0": 0.08703878902554399,
        "attacker_1": 0.10311722176128955,
        "attacker_2": 0.08648134948918984,
        "client_0": 0.0025068939583855606,
        "client_1": 0.0032366488236026387,
        "client_2": 0.029984282432595818,
        "client_3": 0.07682368142840361,
        "client_4": 0.016222194912129773,
        "client_5": 0.09654024491737012,
        "client_6": 0.16329793308210575,
        "client_7": 0.15825846579129232,
        "client_8": 0.15012162631761844
    },
    "client_8": {
        "attacker_0": 0.0859817404368427,
        "attacker_1": 0.10060870563914091,
        "attacker_2": 0.08352668213457076,
        "client_0": 0.0028922631959508315,
        "client_1": 0.004785261394903696,
        "client_2": 0.020589279375221866,
        "client_3": 0.0744336569579288,
        "client_4": 0.01261004044729955,
        "client_5": 0.09613183794918745,
        "client_6": 0.16358605423353623,
        "client_7": 0.1564458370635631,
        "client_8": 0.14749525828405669
    }
}