{
    "attacker_0": {
        "attacker_0": 0.013242597020415673,
        "attacker_1": 0.018725904167431612,
        "attacker_2": 0.01774163740528553,
        "client_0": 0.002962962962962963,
        "client_1": 0.003364485981308411,
        "client_2": 0.06374793918300055,
        "client_3": 0.11709432598482108,
        "client_4": 0.042387060791968766,
        "client_5": 0.09348137535816618,
        "client_6": 0.09955396966993756,
        "client_7": 0.005169867060561301,
        "client_8": 0.005924828735419366
    },
    "attacker_1": {
        "attacker_0": 0.00947867298578199,
        "attacker_1": 0.010541621228644129,
        "attacker_2": 0.01087547580206634,
        "client_0": 0.0025636330342428126,
        "client_1": 0.00150093808630394,
        "client_2": 0.057610241820768134,
        "client_3": 0.10336455081512314,
        "client_4": 0.037817396002161,
        "client_5": 0.10366798691234717,
        "client_6": 0.10819165378670788,
        "client_7": 0.003958970667626417,
        "client_8": 0.0028715003589375445
    },
    "attacker_2": {
        "attacker_0": 0.012056996711728168,
        "attacker_1": 0.01403130059363195,
        "attacker_2": 0.01561365286855483,
        "client_0": 0.003589375448671931,
        "client_1": 0.005434782608695652,
        "client_2": 0.06111696522655427,
        "client_3": 0.11352657004830917,
        "client_4": 0.03949475182351894,
        "client_5": 0.09350916252783009,
        "client_6": 0.12246963562753037,
        "client_7": 0.006839452843772499,
        "client_8": 0.006133862529316254
    },
    "client_0": {
        "attacker_0": 0.646924241498469,
        "attacker_1": 0.6481676173938995,
        "attacker_2": 0.6411726606442816,
        "client_0": 0.00016055552210648844,
        "client_1": 0.0003410983366439937,
        "client_2": 0.763597340082378,
        "client_3": 0.7608395608221528,
        "client_4": 0.7703090391959675,
        "client_5": 0.746325171240416,
        "client_6": 0.6094273275284662,
        "client_7": 0.6468874963508109,
        "client_8": 0.6465191141415445
    },
    "client_1": {
        "attacker_0": 0.647238472710491,
        "attacker_1": 0.6492746159631921,
        "attacker_2": 0.6137958371871457,
        "client_0": 0.0005014894235880566,
        "client_1": 0.00022071068841670176,
        "client_2": 0.7457876656306233,
        "client_3": 0.7641267282534565,
        "client_4": 0.774248293672754,
        "client_5": 0.21405850992339054,
        "client_6": 0.48893235088996034,
        "client_7": 0.6482128204954328,
        "client_8": 0.6451849687017868
    },
    "client_2": {
        "attacker_0": 0.004598582103851313,
        "attacker_1": 0.0036312285656647163,
        "attacker_2": 0.0017280110592707793,
        "client_0": 0.02300383397232872,
        "client_1": 0.018741633199464525,
        "client_2": 0.09423258745666561,
        "client_3": 0.10001572574304135,
        "client_4": 0.1096581061919017,
        "client_5": 0.004076086956521739,
        "client_6": 0.04671483784237943,
        "client_7": 0.006423258958755917,
        "client_8": 0.045171849427168585
    },
    "client_3": {
        "attacker_0": 0.012088126340417234,
        "attacker_1": 0.0029148448886112846,
        "attacker_2": 0.0038569424964936885,
        "client_0": 0.027369141293191925,
        "client_1": 0.017842114122201647,
        "client_2": 0.10199932226363945,
        "client_3": 0.10606316500591116,
        "client_4": 0.11557198051402653,
        "client_5": 0.005370028528276557,
        "client_6": 0.052316635322277316,
        "client_7": 0.006822445846836091,
        "client_8": 0.04841402337228715
    },
    "client_4": {
        "attacker_0": 0.007610654916883637,
        "attacker_1": 0.002104820037886761,
        "attacker_2": 0.0017998560115190783,
        "client_0": 0.02600068422853233,
        "client_1": 0.018107277075503928,
        "client_2": 0.08836381291471111,
        "client_3": 0.09726636999364272,
        "client_4": 0.11265383401704006,
        "client_5": 0.003156233561283535,
        "client_6": 0.04799729592699002,
        "client_7": 0.005626868296113944,
        "client_8": 0.04155313351498638
    },
    "client_5": {
        "attacker_0": 0.09017942827231222,
        "attacker_1": 0.14071262674899448,
        "attacker_2": 0.1425742013977308,
        "client_0": 0.16319677635997312,
        "client_1": 0.1626917478445863,
        "client_2": 0.28278629596224986,
        "client_3": 0.28969395592236297,
        "client_4": 0.287650523901371,
        "client_5": 0.1317795221745758,
        "client_6": 0.13943460190924695,
        "client_7": 0.20704990041742832,
        "client_8": 0.21121698883746254
    },
    "client_6": {
        "attacker_0": 0.0854460638020456,
        "attacker_1": 0.1383419251246514,
        "attacker_2": 0.13801654056948026,
        "client_0": 0.16354159427340328,
        "client_1": 0.16663660955816048,
        "client_2": 0.28106843439266915,
        "client_3": 0.2883915975305127,
        "client_4": 0.2852994555353902,
        "client_5": 0.13352754836519967,
        "client_6": 0.13952832715431568,
        "client_7": 0.2039519250356488,
        "client_8": 0.20865015790401065
    },
    "client_7": {
        "attacker_0": 0.10328082435153382,
        "attacker_1": 0.08266634810655835,
        "attacker_2": 0.08823529411764705,
        "client_0": 0.004198049141869367,
        "client_1": 0.0073937153419593345,
        "client_2": 0.022316555488174652,
        "client_3": 0.11234653694695391,
        "client_4": 0.03080745341614907,
        "client_5": 0.18902439024390244,
        "client_6": 0.572349570200573,
        "client_7": 0.10907370164438661,
        "client_8": 0.08299254269906181
    },
    "client_8": {
        "attacker_0": 0.10846232064173542,
        "attacker_1": 0.08205714285714284,
        "attacker_2": 0.08591065292096219,
        "client_0": 0.004829168175781722,
        "client_1": 0.007855272554153771,
        "client_2": 0.020729092208720514,
        "client_3": 0.11644302933818511,
        "client_4": 0.026190476190476188,
        "client_5": 0.6049631120053656,
        "client_6": 0.5741428448052508,
        "client_7": 0.11106145251396649,
        "client_8": 0.08196155174398527
    }
}