{
    "attacker_000": {
        "attacker_000": 0.9890337333711672,
        "attacker_001": 0.9890661049252684,
        "client_000": 0.949235535125412,
        "client_001": 0.9039128624947969,
        "client_002": 0.8559940593700759,
        "client_003": 0.9093983470503995,
        "client_004": 0.9441101751571066,
        "client_005": 0.09539880073522765,
        "client_006": 0.09505439860160936,
        "client_007": 0.0696900290120629,
        "client_008": 0.058827238335435066,
        "client_009": 0.058521204477376645,
        "client_010": 0.9711448560466841,
        "client_011": 0.9711770964309895,
        "client_012": 0.9711761671395409,
        "client_013": 0.694106722525752,
        "client_014": 0.7023153015900264,
        "client_015": 0.7122902648837407,
        "client_016": 0.6993732905476708,
        "client_017": 0.702330372087035
    },
    "attacker_001": {
        "attacker_000": 0.9885141903171953,
        "attacker_001": 0.9887787012726391,
        "client_000": 0.9472280116715298,
        "client_001": 0.902923570746942,
        "client_002": 0.8528375875966742,
        "client_003": 0.9071797797486298,
        "client_004": 0.9427463045950103,
        "client_005": 0.09972032598562534,
        "client_006": 0.09954887218045112,
        "client_007": 0.07335813159338986,
        "client_008": 0.06176924773880432,
        "client_009": 0.06152488416805876,
        "client_010": 0.9708315193730953,
        "client_011": 0.9708158658497259,
        "client_012": 0.9708315193730953,
        "client_013": 0.6931862426995457,
        "client_014": 0.701611863313991,
        "client_015": 0.7098413511839942,
        "client_016": 0.6989411942294007,
        "client_017": 0.701556052269601
    },
    "client_000": {
        "attacker_000": 0.17137635315619287,
        "attacker_001": 0.15028575460382418,
        "client_000": 0.9767125153207136,
        "client_001": 0.976313640076232,
        "client_002": 0.9761612859283477,
        "client_003": 0.976858154097468,
        "client_004": 0.976718856364874,
        "client_005": 0.20228326792722084,
        "client_006": 0.20487973697871603,
        "client_007": 0.18261173184357538,
        "client_008": 0.22328739764329936,
        "client_009": 0.15787178368948973,
        "client_010": 0.3100661910083383,
        "client_011": 0.306782904529024,
        "client_012": 0.31184563468028037,
        "client_013": 0.10392205845615787,
        "client_014": 0.10497098157961138,
        "client_015": 0.10422922922922924,
        "client_016": 0.1041888422766264,
        "client_017": 0.1026870811043473
    },
    "client_001": {
        "attacker_000": 0.17381505739840836,
        "attacker_001": 0.15189158667419536,
        "client_000": 0.9781080005307151,
        "client_001": 0.9774655355249205,
        "client_002": 0.9783561280042491,
        "client_003": 0.9783733581000397,
        "client_004": 0.9790284045659676,
        "client_005": 0.20910863016126177,
        "client_006": 0.20882706508672505,
        "client_007": 0.1940375667758056,
        "client_008": 0.23064770932069512,
        "client_009": 0.1627657290100923,
        "client_010": 0.31852393445443206,
        "client_011": 0.31495259555291016,
        "client_012": 0.320585560223483,
        "client_013": 0.10304889501032993,
        "client_014": 0.1042233901095422,
        "client_015": 0.10307856291930528,
        "client_016": 0.103237975479409,
        "client_017": 0.10156971375807941
    },
    "client_002": {
        "attacker_000": 0.16395047912149402,
        "attacker_001": 0.14315819050295028,
        "client_000": 0.977123745819398,
        "client_001": 0.9764705882352941,
        "client_002": 0.9765760942310265,
        "client_003": 0.9769930444087748,
        "client_004": 0.9773973518790959,
        "client_005": 0.21693960204261314,
        "client_006": 0.21471240826079532,
        "client_007": 0.20440467997247075,
        "client_008": 0.23734115347018572,
        "client_009": 0.16944801026957637,
        "client_010": 0.3137305037074916,
        "client_011": 0.3103041536776477,
        "client_012": 0.31546011744031544,
        "client_013": 0.10038706455237859,
        "client_014": 0.10147671336614919,
        "client_015": 0.1004440552880105,
        "client_016": 0.10023836406975284,
        "client_017": 0.09886866699458928
    },
    "client_003": {
        "attacker_000": 0.16991028295376123,
        "attacker_001": 0.14808640689032437,
        "client_000": 0.9766706207987347,
        "client_001": 0.976419444078514,
        "client_002": 0.9765109527579837,
        "client_003": 0.9773326304691619,
        "client_004": 0.9769463838756424,
        "client_005": 0.21535218689618832,
        "client_006": 0.2129251700680272,
        "client_007": 0.20137457044673537,
        "client_008": 0.23695947256156683,
        "client_009": 0.16701902748414377,
        "client_010": 0.3162798576994748,
        "client_011": 0.3131782945736435,
        "client_012": 0.3177522349936143,
        "client_013": 0.10168650793650794,
        "client_014": 0.10245798846250313,
        "client_015": 0.10180868916651128,
        "client_016": 0.10161260195504637,
        "client_017": 0.10020162522148225
    },
    "client_004": {
        "attacker_000": 0.16588375517072143,
        "attacker_001": 0.14589324542330084,
        "client_000": 0.9772212601571867,
        "client_001": 0.9777540961769017,
        "client_002": 0.9774636618215762,
        "client_003": 0.9778961384820241,
        "client_004": 0.9781449893390193,
        "client_005": 0.22436121806090303,
        "client_006": 0.22392899812254652,
        "client_007": 0.20885200553250344,
        "client_008": 0.24813798510388083,
        "client_009": 0.16905016008537888,
        "client_010": 0.31448793382791845,
        "client_011": 0.3111635949559277,
        "client_012": 0.31618688060405853,
        "client_013": 0.09958662157083803,
        "client_014": 0.10079239302694137,
        "client_015": 0.09966735705767903,
        "client_016": 0.09937731932825965,
        "client_017": 0.09848204368752314
    },
    "client_005": {
        "attacker_000": 0.3118072495399495,
        "attacker_001": 0.28812153490199505,
        "client_000": 0.521730763062514,
        "client_001": 0.5240600538945208,
        "client_002": 0.5221690692522554,
        "client_003": 0.5212591855726342,
        "client_004": 0.5194039416760136,
        "client_005": 0.9749015367982085,
        "client_006": 0.9763881345850467,
        "client_007": 0.9773449407145256,
        "client_008": 0.9773174520973589,
        "client_009": 0.9786670819059483,
        "client_010": 0.6790726594421744,
        "client_011": 0.6810365921477033,
        "client_012": 0.6796555195168326,
        "client_013": 0.10699197797503204,
        "client_014": 0.10848229102460764,
        "client_015": 0.10628799392097266,
        "client_016": 0.10952131957978799,
        "client_017": 0.10729899258696067
    },
    "client_006": {
        "attacker_000": 0.30935715205908876,
        "attacker_001": 0.28803014370837715,
        "client_000": 0.515552976823647,
        "client_001": 0.5184302100786184,
        "client_002": 0.5162310422717006,
        "client_003": 0.5151505372874245,
        "client_004": 0.5137094435673552,
        "client_005": 0.9732777262897745,
        "client_006": 0.9752147366242369,
        "client_007": 0.9757987447374538,
        "client_008": 0.9762342879357264,
        "client_009": 0.9776796154345848,
        "client_010": 0.6794473076239559,
        "client_011": 0.6807119021134594,
        "client_012": 0.6789179521573888,
        "client_013": 0.10725521975402803,
        "client_014": 0.10936236983500548,
        "client_015": 0.1069080514530729,
        "client_016": 0.10895572184357276,
        "client_017": 0.10739663312508942
    },
    "client_007": {
        "attacker_000": 0.3070186735350934,