{
    "attacker_000": {
        "attacker_000": 0.9465110143780504,
        "attacker_001": 0.9464954080034296,
        "client_000": 0.566942620610905,
        "client_001": 0.6290038400722837,
        "client_002": 0.5490934550107434,
        "client_003": 0.49767547056014877,
        "client_004": 0.5917082497784825,
        "client_005": 0.05747745322385247,
        "client_006": 0.08412330129267484,
        "client_007": 0.06927680631248119,
        "client_008": 0.08208905700444623,
        "client_009": 0.0916831683168317,
        "client_010": 0.9466185128382724,
        "client_011": 0.9466514949125151,
        "client_012": 0.9466514949125151,
        "client_013": 0.625088042169359,
        "client_014": 0.14349775784753366,
        "client_015": 0.6250994114840147,
        "client_016": 6.963545837540476e-05,
        "client_017": 6.964515792039558e-05
    },
    "attacker_001": {
        "attacker_000": 0.9465820070916138,
        "attacker_001": 0.9465507858238369,
        "client_000": 0.5668619884712496,
        "client_001": 0.6321107953263861,
        "client_002": 0.5505189476224958,
        "client_003": 0.5014166436827722,
        "client_004": 0.593407105416424,
        "client_005": 0.0641869209077481,
        "client_006": 0.08794701986754966,
        "client_007": 0.07261431577541,
        "client_008": 0.08611774065234686,
        "client_009": 0.09377680987263248,
        "client_010": 0.946569670576203,
        "client_011": 0.9466565499950516,
        "client_012": 0.9466565499950516,
        "client_013": 0.6217293284448796,
        "client_014": 0.14906594283889507,
        "client_015": 0.6217090279675686,
        "client_016": 0.0,
        "client_017": 0.0
    },
    "client_000": {
        "attacker_000": 0.1391970802919708,
        "attacker_001": 0.13448082843548836,
        "client_000": 0.9478051391862955,
        "client_001": 0.9480310742030538,
        "client_002": 0.9480728051391863,
        "client_003": 0.950379140614607,
        "client_004": 0.9476783085775459,
        "client_005": 0.20838828805064627,
        "client_006": 0.20947496288298018,
        "client_007": 0.2530189764232318,
        "client_008": 0.16996202697394264,
        "client_009": 0.19193592930129796,
        "client_010": 0.11507547539698099,
        "client_011": 0.10418423037671383,
        "client_012": 0.10898379970544918,
        "client_013": 0.10443101042981467,
        "client_014": 0.10026560424966798,
        "client_015": 0.10049916805324459,
        "client_016": 0.10020572035304266,
        "client_017": 0.10041730145061932
    },
    "client_001": {
        "attacker_000": 0.14263385554868963,
        "attacker_001": 0.13750261743561107,
        "client_000": 0.9489265235364716,
        "client_001": 0.9490802452679286,
        "client_002": 0.9486735101986403,
        "client_003": 0.951067497679353,
        "client_004": 0.9486735101986403,
        "client_005": 0.193565262882553,
        "client_006": 0.19674753399093572,
        "client_007": 0.2409297052154195,
        "client_008": 0.154649947753396,
        "client_009": 0.17664752529395678,
        "client_010": 0.11459554513481829,
        "client_011": 0.10375022112152837,
        "client_012": 0.10873946500549653,
        "client_013": 0.11198727718507719,
        "client_014": 0.10671256454388986,
        "client_015": 0.10701719444997676,
        "client_016": 0.1067813430367185,
        "client_017": 0.1067986798679868
    },
    "client_002": {
        "attacker_000": 0.14367335055860836,
        "attacker_001": 0.1387860585318153,
        "client_000": 0.9432708914574199,
        "client_001": 0.9438978994948153,
        "client_002": 0.9438978994948153,
        "client_003": 0.9460887949260042,
        "client_004": 0.9431455897980872,
        "client_005": 0.20184679412147222,
        "client_006": 0.20085015940488843,
        "client_007": 0.24746049661399547,
        "client_008": 0.16294959391517339,
        "client_009": 0.1842463886617607,
        "client_010": 0.11681398642379257,
        "client_011": 0.10646421594743387,
        "client_012": 0.11094273775083804,
        "client_013": 0.11134846461949265,
        "client_014": 0.10632337246531484,
        "client_015": 0.10667023125250635,
        "client_016": 0.1062737515834389,
        "client_017": 0.1063971272775635
    },
    "client_003": {
        "attacker_000": 0.13371183171379697,
        "attacker_001": 0.12923098463369387,
        "client_000": 0.946534121440086,
        "client_001": 0.9479488903833222,
        "client_002": 0.9483315392895587,
        "client_003": 0.9504739020157523,
        "client_004": 0.9469157371321059,
        "client_005": 0.1921143159566023,
        "client_006": 0.1919612851189676,
        "client_007": 0.23741418764302055,
        "client_008": 0.15368448706160515,
        "client_009": 0.1741293532338308,
        "client_010": 0.11139215877030839,
        "client_011": 0.1015811324087978,
        "client_012": 0.10522947522398975,
        "client_013": 0.09960611522798585,
        "client_014": 0.0959498231800894,
        "client_015": 0.09655633567368774,
        "client_016": 0.0961269248716752,
        "client_017": 0.09611166500498503
    },
    "client_004": {
        "attacker_000": 0.13801127067805852,
        "attacker_001": 0.13336126239352045,
        "client_000": 0.9510148849797023,
        "client_001": 0.9508862129617103,
        "client_002": 0.9516718559631786,
        "client_003": 0.9539579967689823,
        "client_004": 0.9502029769959406,
        "client_005": 0.20772058823529413,
        "client_006": 0.2073121735636802,
        "client_007": 0.25106746370623395,
        "client_008": 0.1698530368058265,
        "client_009": 0.19122085048010973,
        "client_010": 0.11455334927062495,
        "client_011": 0.10447959590588861,
        "client_012": 0.10814278513494936,
        "client_013": 0.10318725099601593,
        "client_014": 0.0989586787822511,
        "client_015": 0.09956738768718801,
        "client_016": 0.0994299350391091,
        "client_017": 0.09962953162212225
    },
    "client_005": {
        "attacker_000": 0.7329821799761862,
        "attacker_001": 0.7345964912280702,
        "client_000": 0.519553417221811,
        "client_001": 0.5176815488914676,
        "client_002": 0.5183059024703044,
        "client_003": 0.5187873612297182,
        "client_004": 0.49926186291739894,
        "client_005": 0.9572353596926069,
        "client_006": 0.9575628259838787,
        "client_007": 0.9580758627245936,
        "client_008": 0.9577838914713974,
        "client_009": 0.9574952561669829,
        "client_010": 0.7059605399792316,
        "client_011": 0.7101293103448275,
        "client_012": 0.7127609254498714,
        "client_013": 0.008616516603737051,
        "client_014": 0.008530851631040667,
        "client_015": 0.008436363636363636,
        "client_016": 0.007857974388824214,
        "client_017": 0.007960778602980438
    },
    "client_006": {
        "attacker_000": 0.7331101520590488,
        "attacker_001": 0.7348714145402795,
        "client_000": 0.5268286703643551,
        "client_001": 0.5259547082751503,
        "client_002": 0.5271204950855479,
        "client_003": 0.5270790982736128,
        "client_004": 0.5055437025637438,
        "client_005": 0.9564144541723018,
        "client_006": 0.9566021627774616,
        "client_007": 0.9575656721740164,
        "client_008": 0.9570601632188271,
        "client_009": 0.9568828456847251,
        "client_010": 0.7076706428098078,
        "client_011": 0.7118644067796609,
        "client_012": 0.7138338946849586,
        "client_013": 0.009199632014719412,
        "client_014": 0.009108968457774116,
        "client_015": 0.009213908151884002,
        "client_016": 0.007954600572343212,
        "client_017": 0.008060208788540907
    },
    "client_007": {
        "attacker_000": 0.7349914409425032,
        "attacker_001": 0.7362478981503724,