{
    "attacker_000": {
        "attacker_000": 0.946805702217529,
        "attacker_001": 0.946788324780966,
        "client_000": 0.9261912386859714,
        "client_001": 0.9231653897542577,
        "client_002": 0.9306412664341293,
        "client_003": 0.8767655178555526,
        "client_004": 0.9288115084700189,
        "client_005": 0.14341023261766872,
        "client_006": 0.1439994882292733,
        "client_007": 0.07157402770822902,
        "client_008": 0.1439994882292733,
        "client_009": 0.0866946825055425,
        "client_010": 0.9468560774802423,
        "client_011": 0.9469099547959217,
        "client_012": 0.9468890758798199,
        "client_013": 0.818048937906946,
        "client_014": 0.6584988962472407,
        "client_015": 0.7064049411963788,
        "client_016": 0.6505477899508878,
        "client_017": 0.6755580697097603
    },
    "attacker_001": {
        "attacker_000": 0.9467656765676569,
        "attacker_001": 0.9467135336732841,
        "client_000": 0.9252995780590717,
        "client_001": 0.9224415179931617,
        "client_002": 0.9303176227789057,
        "client_003": 0.8753231471411507,
        "client_004": 0.9292566148677025,
        "client_005": 0.14998883536954927,
        "client_006": 0.15034764304394976,
        "client_007": 0.0708153789624879,
        "client_008": 0.15028385532946356,
        "client_009": 0.0876066962217958,
        "client_010": 0.9467986798679867,
        "client_011": 0.9468004356291873,
        "client_012": 0.9468160591409384,
        "client_013": 0.8148246647163861,
        "client_014": 0.6565931031435703,
        "client_015": 0.7024450188567313,
        "client_016": 0.6486895385573801,
        "client_017": 0.6710862027607563
    },
    "client_000": {
        "attacker_000": 0.13042686811686538,
        "attacker_001": 0.1315038217147067,
        "client_000": 0.9758698840154646,
        "client_001": 0.9755837224816544,
        "client_002": 0.9752000000000002,
        "client_003": 0.9755902360944378,
        "client_004": 0.9754470242860955,
        "client_005": 0.22167111789393362,
        "client_006": 0.17175053429182047,
        "client_007": 0.2129177619226436,
        "client_008": 0.22972463221425873,
        "client_009": 0.1759781973914736,
        "client_010": 0.12921171878505092,
        "client_011": 0.1288819179923818,
        "client_012": 0.12810689590730703,
        "client_013": 0.09974150431876933,
        "client_014": 0.10355517446078753,
        "client_015": 0.10158482722785138,
        "client_016": 0.10324113802891279,
        "client_017": 0.103951489304991
    },
    "client_001": {
        "attacker_000": 0.12588998231372728,
        "attacker_001": 0.127236033391432,
        "client_000": 0.9744748737038021,
        "client_001": 0.9741883980840872,
        "client_002": 0.9735477867871859,
        "client_003": 0.973929236499069,
        "client_004": 0.9737787834420337,
        "client_005": 0.20299753367482448,
        "client_006": 0.16460587326120557,
        "client_007": 0.19426214138383646,
        "client_008": 0.2111006585136406,
        "client_009": 0.17059050559629485,
        "client_010": 0.12540221666070792,
        "client_011": 0.12522313459478757,
        "client_012": 0.125535082821515,
        "client_013": 0.10772626931567328,
        "client_014": 0.11134426229508196,
        "client_015": 0.10891025227434026,
        "client_016": 0.11066622907778143,
        "client_017": 0.1115379520466287
    },
    "client_002": {
        "attacker_000": 0.13086565002941308,
        "attacker_001": 0.132064247471743,
        "client_000": 0.9735519703782068,
        "client_001": 0.9740534815991527,
        "client_002": 0.9729015201586252,
        "client_003": 0.9742910151073417,
        "client_004": 0.9736458747185802,
        "client_005": 0.2070773263433814,
        "client_006": 0.16369160653247247,
        "client_007": 0.19778188539741218,
        "client_008": 0.21461609620721556,
        "client_009": 0.16835273907234205,
        "client_010": 0.1303708980809475,
        "client_011": 0.1299879887895369,
        "client_012": 0.12932596274446043,
        "client_013": 0.10739614994934145,
        "client_014": 0.11117736699132047,
        "client_015": 0.10802710450873079,
        "client_016": 0.10926932767537462,
        "client_017": 0.10978297161936562
    },
    "client_003": {
        "attacker_000": 0.12561174551386625,
        "attacker_001": 0.12709766162310868,
        "client_000": 0.9755052871101593,
        "client_001": 0.975087061344763,
        "client_002": 0.9747021817695087,
        "client_003": 0.9746954076850984,
        "client_004": 0.97481243301179,
        "client_005": 0.19645241274079728,
        "client_006": 0.14968895800933127,
        "client_007": 0.1895805905585857,
        "client_008": 0.20317820658342792,
        "client_009": 0.1637065637065637,
        "client_010": 0.12497766660711095,
        "client_011": 0.124526451842938,
        "client_012": 0.12479015109121433,
        "client_013": 0.0950813445590935,
        "client_014": 0.09861671851214508,
        "client_015": 0.09682891817825916,
        "client_016": 0.09826282986341334,
        "client_017": 0.0990894483128013
    },
    "client_004": {
        "attacker_000": 0.1275341285319062,
        "attacker_001": 0.12881013587954462,
        "client_000": 0.97576084029087,
        "client_001": 0.976286715171113,
        "client_002": 0.975104292827345,
        "client_003": 0.9760107816711592,
        "client_004": 0.9762739282825559,
        "client_005": 0.22026768642447417,
        "client_006": 0.174031007751938,
        "client_007": 0.21214392803598198,
        "client_008": 0.2275381427764174,
        "client_009": 0.18907968358093769,
        "client_010": 0.12670330161283117,
        "client_011": 0.12608268595410305,
        "client_012": 0.12695749440715884,
        "client_013": 0.09936788874841972,
        "client_014": 0.10258098498814854,
        "client_015": 0.09994166828699202,
        "client_016": 0.10142923005993545,
        "client_017": 0.10220334483674012
    },
    "client_005": {
        "attacker_000": 0.6982688070506767,
        "attacker_001": 0.6997747415843876,
        "client_000": 0.5519730366570228,
        "client_001": 0.5517200226750604,
        "client_002": 0.5498478611061394,
        "client_003": 0.5375646111311456,
        "client_004": 0.5324565637065637,
        "client_005": 0.9693602693602694,
        "client_006": 0.9699901330830506,
        "client_007": 0.9693897164824603,
        "client_008": 0.9684084084084084,
        "client_009": 0.9708143542284241,
        "client_010": 0.6998386792650478,
        "client_011": 0.7002843284830239,
        "client_012": 0.7001840388154592,
        "client_013": 0.018431001890359167,
        "client_014": 0.015708301599390708,
        "client_015": 0.015050404657106347,
        "client_016": 0.0174077578051088,
        "client_017": 0.0173044925124792
    },
    "client_006": {
        "attacker_000": 0.7004851120776179,
        "attacker_001": 0.7017161079175933,
        "client_000": 0.5582996912847304,
        "client_001": 0.558428066842777,
        "client_002": 0.5567787306014659,
        "client_003": 0.5444377990430621,
        "client_004": 0.5390573401380967,
        "client_005": 0.968885898945244,
        "client_006": 0.9695206961203788,
        "client_007": 0.96877325204618,
        "client_008": 0.9673688756658189,
        "client_009": 0.9702412481340589,
        "client_010": 0.7021009982874568,
        "client_011": 0.7025799191430834,
        "client_012": 0.7027060834757953,
        "client_013": 0.018760659465605456,
        "client_014": 0.015743523686847002,
        "client_015": 0.014802865682971959,
        "client_016": 0.017922336541652838,
        "client_017": 0.017822253990945912
    },
    "client_007": {
        "attacker_000": 0.7014160513710808,
        "attacker_001": 0.7024066807948132,