{
    "attacker_000": {
        "attacker_000": 0.9468021912745034,
        "attacker_001": 0.9468021912745034,
        "client_000": 0.7464871789657768,
        "client_001": 0.5716113744075829,
        "client_002": 0.796054798767609,
        "client_003": 0.8599412340842311,
        "client_004": 0.8778734609636325,
        "client_005": 0.1298123428129232,
        "client_006": 0.12987264226986941,
        "client_007": 0.12987264226986941,
        "client_008": 0.1298123428129232,
        "client_009": 0.1298123428129232,
        "client_010": 0.9468560774802423,
        "client_011": 0.9468890758798199,
        "client_012": 0.9469411997624233,
        "client_013": 0.6592533756949961,
        "client_014": 0.6568952557810496,
        "client_015": 0.6569243013795543,
        "client_016": 0.656330177828895,
        "client_017": 0.6569243013795543
    },
    "attacker_001": {
        "attacker_000": 0.9467447809225183,
        "attacker_001": 0.9467465386075219,
        "client_000": 0.7447189547804143,
        "client_001": 0.5713947150136273,
        "client_002": 0.7943144136981519,
        "client_003": 0.8575995350188899,
        "client_004": 0.8767888928444286,
        "client_005": 0.13479603654613306,
        "client_006": 0.13491603937463809,
        "client_007": 0.13485603989062248,
        "client_008": 0.13479603654613306,
        "client_009": 0.13480037319435062,
        "client_010": 0.9468351923965415,
        "client_011": 0.9468681935185796,
        "client_012": 0.9468855704974837,
        "client_013": 0.6554331962319225,
        "client_014": 0.6525083686182359,
        "client_015": 0.6527165118701926,
        "client_016": 0.6521025550035486,
        "client_017": 0.6525536442631672
    },
    "client_000": {
        "attacker_000": 0.3060754511577272,
        "attacker_001": 0.3072032125826153,
        "client_000": 0.9778430325680726,
        "client_001": 0.9771908763505401,
        "client_002": 0.9771908763505401,
        "client_003": 0.9770605494798613,
        "client_004": 0.9770544290288155,
        "client_005": 0.23392504930966468,
        "client_006": 0.22782076660068384,
        "client_007": 0.22399709566164458,
        "client_008": 0.21439509954058197,
        "client_009": 0.20602739726027397,
        "client_010": 0.3027169005991956,
        "client_011": 0.3032098765432099,
        "client_012": 0.29740945167398575,
        "client_013": 0.020879638984306594,
        "client_014": 0.10005824865704487,
        "client_015": 0.09796637914751623,
        "client_016": 0.10044121463794446,
        "client_017": 0.07118555352002094
    },
    "client_001": {
        "attacker_000": 0.3046434978513914,
        "attacker_001": 0.3055428118613671,
        "client_000": 0.9765583377730421,
        "client_001": 0.9769671148981494,
        "client_002": 0.9769671148981494,
        "client_003": 0.976317189994678,
        "client_004": 0.9769609801571447,
        "client_005": 0.21771653543307093,
        "client_006": 0.20880913539967375,
        "client_007": 0.2093150684931507,
        "client_008": 0.20241056055098527,
        "client_009": 0.19357195032870708,
        "client_010": 0.3007850834151128,
        "client_011": 0.3012408370531144,
        "client_012": 0.29549650798747695,
        "client_013": 0.020112033475062425,
        "client_014": 0.10808015513897869,
        "client_015": 0.10571912863331032,
        "client_016": 0.10819905519963763,
        "client_017": 0.07962987097615014
    },
    "client_002": {
        "attacker_000": 0.3051723419330638,
        "attacker_001": 0.3065717734215674,
        "client_000": 0.977176220806794,
        "client_001": 0.9764113437582825,
        "client_002": 0.9762756792577866,
        "client_003": 0.9766702014846235,
        "client_004": 0.9767935287097202,
        "client_005": 0.2176105508145849,
        "client_006": 0.20932277924362355,
        "client_007": 0.20791726105563482,
        "client_008": 0.20109002067280585,
        "client_009": 0.18939802336028752,
        "client_010": 0.30193138293537614,
        "client_011": 0.3028471059188758,
        "client_012": 0.29709390761348164,
        "client_013": 0.022985379122747365,
        "client_014": 0.10786165570246857,
        "client_015": 0.10509634888438135,
        "client_016": 0.1079070981210856,
        "client_017": 0.07798891528107679
    },
    "client_003": {
        "attacker_000": 0.3039379275821792,
        "attacker_001": 0.3052346193952033,
        "client_000": 0.9772117962466488,
        "client_001": 0.9770869623475814,
        "client_002": 0.9768251841929002,
        "client_003": 0.9769622287704259,
        "client_004": 0.9766818547306353,
        "client_005": 0.21108699940816728,
        "client_006": 0.20287220505362658,
        "client_007": 0.20117259069256135,
        "client_008": 0.19359785317232128,
        "client_009": 0.1847227322805729,
        "client_010": 0.30075249468346144,
        "client_011": 0.3013855866196606,
        "client_012": 0.2952950142393005,
        "client_013": 0.020626895854398385,
        "client_014": 0.09510198778744965,
        "client_015": 0.09243962418815815,
        "client_016": 0.0953994526260915,
        "client_017": 0.06652670253247606
    },
    "client_004": {
        "attacker_000": 0.3028552290044378,
        "attacker_001": 0.304204141393014,
        "client_000": 0.9780234596197923,
        "client_001": 0.9779035300458098,
        "client_002": 0.9779035300458098,
        "client_003": 0.9775084175084175,
        "client_004": 0.977765799757445,
        "client_005": 0.231757959264386,
        "client_006": 0.22282120395327942,
        "client_007": 0.21952104499274314,
        "client_008": 0.2190421675252814,
        "client_009": 0.20556667273058032,
        "client_010": 0.29958982772764564,
        "client_011": 0.3003247420561516,
        "client_012": 0.2942595272551857,
        "client_013": 0.019300850317181806,
        "client_014": 0.09826289862587503,
        "client_015": 0.09660129894697017,
        "client_016": 0.0983819611410748,
        "client_017": 0.07087645748722651
    },
    "client_005": {
        "attacker_000": 0.6917328450680237,
        "attacker_001": 0.691274170611084,
        "client_000": 0.5528076463560334,
        "client_001": 0.538259689337958,
        "client_002": 0.5614503590291376,
        "client_003": 0.5536204222831922,
        "client_004": 0.5356732918504198,
        "client_005": 0.9788009033292052,
        "client_006": 0.9740363057785493,
        "client_007": 0.9774447031431897,
        "client_008": 0.978910539870742,
        "client_009": 0.9780075735508302,
        "client_010": 0.7013172545641715,
        "client_011": 0.7011050069976814,
        "client_012": 0.7017814999686723,
        "client_013": 0.09201514059120404,
        "client_014": 0.09208866462425662,
        "client_015": 0.09520388000718519,
        "client_016": 0.0916677944692561,
        "client_017": 0.09251418791099902
    },
    "client_006": {
        "attacker_000": 0.6958807691492294,
        "attacker_001": 0.6954941246090117,
        "client_000": 0.5584396277465584,
        "client_001": 0.5452144422101504,
        "client_002": 0.5675811357528866,
        "client_003": 0.5598029322728083,
        "client_004": 0.5415125545030823,
        "client_005": 0.9783610693319101,
        "client_006": 0.9734197652842373,
        "client_007": 0.9768106811408078,
        "client_008": 0.9784870607067497,
        "client_009": 0.9775643357830655,
        "client_010": 0.7039581151832461,
        "client_011": 0.7033411098150307,
        "client_012": 0.7038664140415165,
        "client_013": 0.08818469895880489,
        "client_014": 0.08792104310032597,
        "client_015": 0.09152037546820706,
        "client_016": 0.08768191503830983,
        "client_017": 0.088909008601177
    },
    "client_007": {
        "attacker_000": 0.6945399007254678,
        "attacker_001": 0.694368044683282,