{
  "r1": {
    "client_012": 0.33530544394411343,
    "client_011": 0.3293891121117732,
    "client_010": 0.33530544394411343,
    "client_007": 0.18873307983885504,
    "client_005": 0.19408775393611802,
    "client_009": 0.15072782470009397,
    "client_008": 0.19945174325542506,
    "client_006": 0.26699959826950787,
    "client_001": 0.17408977184098764,
    "client_002": 0.15826589880202419,
    "client_003": 0.2857027506816377,
    "client_004": 0.21580021116640993,
    "client_000": 0.1661413675089405,
    "client_014": 0.2898327976755973,
    "client_015": 0.09682210847847958,
    "client_013": 0.13996112521485,
    "client_016": 0.374236999797301,
    "client_017": 0.09914696883377218,
    "attacker_000": 2.066319913020902e-18,
    "attacker_001": 1.0
  },
  "r2": {
    "attacker_001": 0.9721003586723223,
    "attacker_000": 0.027899641327677836,
    "client_016": 0.17199763475054938,
    "client_015": 0.18952772001600493,
    "client_013": 0.2766815267244551,
    "client_014": 0.25904547794309263,
    "client_017": 0.10274764056589789,
    "client_000": 0.18167669580436013,
    "client_004": 0.3269450733384545,
    "client_003": 0.10867717130808487,
    "client_002": 0.2910370431215094,
    "client_001": 0.0916640164275911,
    "client_006": 0.19880859001595785,
    "client_007": 0.20187135410046714,
    "client_005": 0.174569344867028,
    "client_009": 0.2296217478426905,
    "client_008": 0.19512896317385658,
    "client_012": 0.33378866749398944,
    "client_011": 0.32332546349636054,
    "client_010": 0.34288586900965
  },
  "r3": {
    "client_008": 0.1775917195427553,
    "client_005": 0.16719971657889912,
    "client_007": 0.19753467051570553,
    "client_009": 0.26194974991268194,
    "client_006": 0.19572414344995806,
    "client_017": 0.23069376473524292,
    "client_014": 0.2696056905897882,
    "client_015": 0.15562588000037628,
    "client_016": 0.1181578231644697,
    "client_013": 0.22591684151012295,
    "client_010": 0.3345951248461927,
    "client_012": 0.3362984795650714,
    "client_011": 0.32910639558873583,
    "client_002": 0.22705606553594435,
    "client_004": 0.23987981489514382,
    "client_003": 0.16522096382089665,
    "client_001": 0.1724741557598227,
    "client_000": 0.1953689999881925,
    "attacker_001": 5.982869748983561e-06,
    "attacker_000": 0.999994017130251
  },
  "r4": {
    "client_016": 0.18246795489322312,
    "client_013": 0.27557960061445896,
    "client_017": 0.2214403340537916,
    "client_014": 0.22387198926919463,
    "client_015": 0.0966401211693316,
    "attacker_000": 1.2393078906196612e-64,
    "attacker_001": 1.0,
    "client_001": 0.17465416708933695,
    "client_000": 0.19713447438586676,
    "client_003": 0.15260971962698536,
    "client_002": 0.1896789316627197,
    "client_004": 0.2859227072350913,
    "client_009": 0.2004622285519644,
    "client_005": 0.18987307188645405,
    "client_006": 0.25321064020514983,
    "client_007": 0.14671674231630785,
    "client_008": 0.20973731704012386,
    "client_011": 0.32930701933925677,
    "client_010": 0.33092237892793996,
    "client_012": 0.3397706017328032
  },
  "r5": {
    "attacker_000": 3.692571836572324e-12,
    "attacker_001": 0.9999999999963074,
    "client_003": 0.20029587705987648,
    "client_002": 0.181183643416381,
    "client_004": 0.17157615221194505,
    "client_000": 0.24085372351834558,
    "client_001": 0.20609060379345195,
    "client_005": 0.14353388203009387,
    "client_009": 0.25189713407232245,
    "client_008": 0.19266977384904888,
    "client_006": 0.20129351596216888,
    "client_007": 0.21060569408636595,
    "client_011": 0.33213189950812566,
    "client_010": 0.3284647347451646,
    "client_012": 0.3394033657467099,
    "client_015": 0.1635614489089585,
    "client_013": 0.19329393791319457,
    "client_014": 0.32492081001938455,
    "client_017": 0.20457270168873876,
    "client_016": 0.11365110146972367
  },
  "r6": {
    "attacker_001": 1.0,
    "attacker_000": 1.4792208877224466e-42,
    "client_016": 0.14959855513111248,
    "client_013": 0.09970219145504013,
    "client_017": 0.23845982632555807,
    "client_015": 0.20194912103183738,
    "client_014": 0.31029030605645197,
    "client_005": 0.1589148397266321,
    "client_009": 0.20072291579927423,
    "client_008": 0.2483968990259893,
    "client_006": 0.22031632003299176,
    "client_007": 0.17164902541511268,
    "client_012": 0.33515170132940225,
    "client_010": 0.3277324012607009,
    "client_011": 0.3371158974098968,
    "client_000": 0.19144600764375766,
    "client_001": 0.22754190787565576,
    "client_002": 0.20646397842835298,
    "client_003": 0.17833077203501244,
    "client_004": 0.19621733401722108
  },
  "r7": {
    "client_015": 0.089119012491441,
    "client_017": 0.26378735925953617,
    "client_013": 0.16686335680946546,
    "client_014": 0.27223519454154793,
    "client_016": 0.20799507689800942,
    "client_012": 0.33387858284100547,
    "client_010": 0.3316538573063122,
    "client_011": 0.3344675598526823,
    "client_009": 0.24134306256924398,
    "client_005": 0.1545320696435828,
    "client_008": 0.31802854838229866,
    "client_006": 0.1653978370562142,
    "client_007": 0.12069848234866039,
    "client_004": 0.21212590642546858,
    "client_003": 0.1587168443534872,
    "client_002": 0.20422497529919165,
    "client_001": 0.21605100195753013,
    "client_000": 0.2088812719643224,
    "attacker_001": 1.0,
    "attacker_000": 9.966467922540436e-20
  },
  "r8": {
    "client_004": 0.24042080358015366,
    "client_001": 0.1852951174235196,
    "client_003": 0.2072911424775702,
    "client_002": 0.20369299794622792,
    "client_000": 0.16329993857252867,
    "client_006": 0.137720007464523,
    "client_009": 0.1610605505914773,
    "client_005": 0.2555990763286727,
    "client_008": 0.22102328399194837,
    "client_007": 0.22459708162337863,
    "client_013": 0.11253467053650681,
    "client_015": 0.1452841813785374,
    "client_017": 0.28593089680761175,
    "client_014": 0.27853286148236583,
    "client_016": 0.17771738979497823,
    "client_012": 0.3348773922842697,
    "client_011": 0.3309125127581522,
    "client_010": 0.3342100949575781,
    "attacker_001": 0.9999999987108547,
    "attacker_000": 1.2891452923832942e-09
  },
  "r9": {
    "client_007": 0.28073439110204984,
    "client_005": 0.03993052492975902,
    "client_009": 0.22219940855963444,
    "client_008": 0.25164234310281386,
    "client_006": 0.20549333230574288,
    "client_017": 0.27184132981030357,
    "client_014": 0.196424077041714,
    "client_015": 0.1956971965200961,
    "client_013": 0.1913913861445646,
    "client_016": 0.14464601048332174,
    "client_003": 0.22497135285460199,
    "client_001": 0.18190976913829346,
    "client_002": 0.184667472911598,
    "client_000": 0.1870955025001362,
    "client_004": 0.2213559025953704,
    "client_012": 0.33655730827071884,
    "client_011": 0.3312267347088279,
    "client_010": 0.3322159570204533,
    "attacker_001": 0.9982993168036445,
    "attacker_000": 0.0017006831963554934
  },
  "r10": {
    "client_002": 0.23087704677438542,
    "client_003": 0.22444502395499943,
    "client_001": 0.18015720018845885,
    "client_000": 0.16089472093075788,
    "client_004": 0.20362600815139842,
    "client_012": 0.33924785243876837,
    "client_011": 0.33333242339437275,
    "client_010": 0.327419724166859,
    "client_016": 0.22269016916980983,
    "client_015": 0.17969476040817156,
    "client_013": 0.2541082941159762,
    "client_017": 0.17842083639695983,
    "client_014": 0.16508593990908257,
    "attacker_000": 1.893041238324048e-08,
    "attacker_001": 0.9999999810695877,
    "client_006": 0.04723721485234745,
    "client_005": 0.2240014495347534,
    "client_009": 0.19495462526318702,
    "client_008": 0.25786962789906576,
    "client_007": 0.27593708245064635
  }
}