{
    "attacker_000": {
        "attacker_000": 0.09146681539319576,
        "attacker_001": 0.09247910863509748,
        "client_000": 0.09921528488570454,
        "client_001": 0.09946108192919027,
        "client_002": 0.09983874841321577,
        "client_003": 0.09945056843705725,
        "client_004": 0.0997121710526316,
        "client_005": 0.09743805123897521,
        "client_006": 0.09783749737560361,
        "client_007": 0.0953262378528459,
        "client_008": 0.09745851711825249,
        "client_009": 0.0953262378528459,
        "client_010": 0.09617330238647862,
        "client_011": 0.09617330238647862,
        "client_012": 0.0962865984289455,
        "client_013": 0.09458625525946704,
        "client_014": 0.09446345431087676,
        "client_015": 0.09436185133239833,
        "client_016": 0.09428138503844212,
        "client_017": 0.09459156193895871
    },
    "attacker_001": {
        "attacker_000": 0.08943543879262157,
        "attacker_001": 0.09045226130653267,
        "client_000": 0.09977743537065571,
        "client_001": 0.10042098778108635,
        "client_002": 0.10033375769879228,
        "client_003": 0.10018707129494907,
        "client_004": 0.10036088675030075,
        "client_005": 0.09637561779242175,
        "client_006": 0.09711934156378603,
        "client_007": 0.10111085921559737,
        "client_008": 0.09635577516985794,
        "client_009": 0.10154125113327289,
        "client_010": 0.09655828896094237,
        "client_011": 0.09655541674103159,
        "client_012": 0.09655828896094237,
        "client_013": 0.09585958595859585,
        "client_014": 0.09596130048374395,
        "client_015": 0.09596130048374395,
        "client_016": 0.09554892802881099,
        "client_017": 0.09596669854306125
    },
    "client_000": {
        "attacker_000": 0.23029413035027857,
        "attacker_001": 0.2210986166167786,
        "client_000": 0.9753908905506458,
        "client_001": 0.9756628144119647,
        "client_002": 0.9761937151407972,
        "client_003": 0.9761937151407972,
        "client_004": 0.9763329706202395,
        "client_005": 0.12074791619734172,
        "client_006": 0.17433414043583534,
        "client_007": 0.10756608933454875,
        "client_008": 0.1548791405550582,
        "client_009": 0.11966583878979453,
        "client_010": 0.31178906079755936,
        "client_011": 0.30360162326682444,
        "client_012": 0.16929226428403482,
        "client_013": 0.10711286258802247,
        "client_014": 0.10709902461081325,
        "client_015": 0.10668554147094782,
        "client_016": 0.10553083280356007,
        "client_017": 0.10620716161680867
    },
    "client_001": {
        "attacker_000": 0.23359489523152538,
        "attacker_001": 0.22430359305611627,
        "client_000": 0.9767010855176066,
        "client_001": 0.9766887417218544,
        "client_002": 0.9779723991507431,
        "client_003": 0.9778426429613905,
        "client_004": 0.9773299748110831,
        "client_005": 0.12345679012345678,
        "client_006": 0.173235166738848,
        "client_007": 0.10495626822157435,
        "client_008": 0.15550186690094442,
        "client_009": 0.11863656485170429,
        "client_010": 0.32122905027932963,
        "client_011": 0.31201116137487844,
        "client_012": 0.1742577995940907,
        "client_013": 0.10637882827231941,
        "client_014": 0.10643419426192179,
        "client_015": 0.1058365758754864,
        "client_016": 0.10473145780051152,
        "client_017": 0.10546673543063435
    },
    "client_002": {
        "attacker_000": 0.23318848685625782,
        "attacker_001": 0.2235864297253635,
        "client_000": 0.9762222815923057,
        "client_001": 0.9762159273115981,
        "client_002": 0.9764705882352941,
        "client_003": 0.9768685653162187,
        "client_004": 0.9762159273115981,
        "client_005": 0.11964679911699781,
        "client_006": 0.17073697860384698,
        "client_007": 0.10356422326832548,
        "client_008": 0.16019310950186527,
        "client_009": 0.11665557773342206,
        "client_010": 0.31585766108136126,
        "client_011": 0.3076278290025146,
        "client_012": 0.1695548601055631,
        "client_013": 0.10367310050997353,
        "client_014": 0.10326646090534979,
        "client_015": 0.10324407826982493,
        "client_016": 0.10191648686381521,
        "client_017": 0.10288276745675849
    },
    "client_003": {
        "attacker_000": 0.234851108033241,
        "attacker_001": 0.2245889689803191,
        "client_000": 0.9755520504731862,
        "client_001": 0.9764442689827609,
        "client_002": 0.9770811380400423,
        "client_003": 0.97670132947216,
        "client_004": 0.9764504670438101,
        "client_005": 0.12475463467829878,
        "client_006": 0.1722222222222222,
        "client_007": 0.10689045936395761,
        "client_008": 0.15641247833622182,
        "client_009": 0.11811023622047244,
        "client_010": 0.3184587659830087,
        "client_011": 0.3108700187773837,
        "client_012": 0.173332715391389,
        "client_013": 0.1046952276960627,
        "client_014": 0.10423076923076924,
        "client_015": 0.10447378541212665,
        "client_016": 0.10307197375890999,
        "client_017": 0.10388782664117271
    },
    "client_004": {
        "attacker_000": 0.23335644937586683,
        "attacker_001": 0.22414563777479782,
        "client_000": 0.9760701940973144,
        "client_001": 0.9764658954926206,
        "client_002": 0.9777659432831847,
        "client_003": 0.9772394516171968,
        "client_004": 0.9768555466879489,
        "client_005": 0.13093145869947276,
        "client_006": 0.17643243243243242,
        "client_007": 0.11410742143971471,
        "client_008": 0.16308636562911002,
        "client_009": 0.12464088397790056,
        "client_010": 0.31605792089907064,
        "client_011": 0.3080216597405868,
        "client_012": 0.17025056095736724,
        "client_013": 0.10212821178302621,
        "client_014": 0.1019826357392769,
        "client_015": 0.10162260003878724,
        "client_016": 0.10043974252756357,
        "client_017": 0.10131790421086469
    },
    "client_005": {
        "attacker_000": 0.2714254812892061,
        "attacker_001": 0.3039623513593008,
        "client_000": 0.5477021798622251,
        "client_001": 0.5483171490525125,
        "client_002": 0.5474445667557792,
        "client_003": 0.5432402587158858,
        "client_004": 0.5465932336742721,
        "client_005": 0.9784090614551204,
        "client_006": 0.9747977116940679,
        "client_007": 0.9789498273937757,
        "client_008": 0.9785287236807902,
        "client_009": 0.977281578605738,
        "client_010": 0.6772863985741339,
        "client_011": 0.6782604832977968,
        "client_012": 0.6775883205171069,
        "client_013": 0.11206284605555819,
        "client_014": 0.11178948364806664,
        "client_015": 0.1095526914329037,
        "client_016": 0.11558073654390937,
        "client_017": 0.11052182971872335
    },
    "client_006": {
        "attacker_000": 0.2712157949428472,
        "attacker_001": 0.3075567490454412,
        "client_000": 0.5426341894923072,
        "client_001": 0.5435496086846756,
        "client_002": 0.5426234168219577,
        "client_003": 0.5377244749032298,
        "client_004": 0.5423868052703088,
        "client_005": 0.9776094232415744,
        "client_006": 0.9744517062333704,
        "client_007": 0.9787245096765813,
        "client_008": 0.9786879700226391,
        "client_009": 0.9768263535280058,
        "client_010": 0.6766810047025787,
        "client_011": 0.6787396675851035,
        "client_012": 0.6769388574231816,
        "client_013": 0.11282197509742418,
        "client_014": 0.11235101381831997,
        "client_015": 0.1095890410958904,
        "client_016": 0.11774170649756283,
        "client_017": 0.11066178219705981
    },
    "client_007": {
        "attacker_000": 0.2730996421334023,