{
    "attacker_000": {
        "attacker_000": 0.09253065774804906,
        "attacker_001": 0.09328151027207106,
        "client_000": 0.09839228295819936,
        "client_001": 0.09985364555614687,
        "client_002": 0.09953269434116724,
        "client_003": 0.0996385460001364,
        "client_004": 0.09955306881375593,
        "client_005": 0.0949293818013429,
        "client_006": 0.09539245195647139,
        "client_007": 0.09539245195647139,
        "client_008": 0.0944663116462144,
        "client_009": 0.09537037037037037,
        "client_010": 0.0962299520933139,
        "client_011": 0.09611664930813868,
        "client_012": 0.09623281556864845,
        "client_013": 0.09426551453260015,
        "client_014": 0.09450930011729877,
        "client_015": 0.09429550274620697,
        "client_016": 0.09411632733187504,
        "client_017": 0.0943946188340807
    },
    "attacker_001": {
        "attacker_000": 0.08943543879262157,
        "attacker_001": 0.0913649025069638,
        "client_000": 0.09932454165326471,
        "client_001": 0.10080779758328326,
        "client_002": 0.10042442497261775,
        "client_003": 0.10054412922213476,
        "client_004": 0.1003868935529154,
        "client_005": 0.1012026321760835,
        "client_006": 0.10161034248128828,
        "client_007": 0.10161034248128828,
        "client_008": 0.10117967332123413,
        "client_009": 0.10156427114033098,
        "client_010": 0.09655541674103159,
        "client_011": 0.09655541674103159,
        "client_012": 0.09655828896094237,
        "client_013": 0.0959774964838256,
        "client_014": 0.09582378263543355,
        "client_015": 0.0946868344891607,
        "client_016": 0.09550593396703976,
        "client_017": 0.09612681994490978
    },
    "client_000": {
        "attacker_000": 0.22518405686722515,
        "attacker_001": 0.216593393296495,
        "client_000": 0.9761807540492718,
        "client_001": 0.9759281925744594,
        "client_002": 0.9752178649237472,
        "client_003": 0.9754042668840875,
        "client_004": 0.97578231292517,
        "client_005": 0.10472823685373399,
        "client_006": 0.1966729837860602,
        "client_007": 0.2049613664091094,
        "client_008": 0.21991525423728814,
        "client_009": 0.16217381927970673,
        "client_010": 0.1675962074735081,
        "client_011": 0.16686177397568663,
        "client_012": 0.16978565733314574,
        "client_013": 0.10750731231719207,
        "client_014": 0.10690566767683281,
        "client_015": 0.10648683365446372,
        "client_016": 0.10582822085889569,
        "client_017": 0.10651267244145012
    },
    "client_001": {
        "attacker_000": 0.22849894291754758,
        "attacker_001": 0.219797914737732,
        "client_000": 0.9769291964996022,
        "client_001": 0.9766763848396501,
        "client_002": 0.9773119278227411,
        "client_003": 0.9759131815775544,
        "client_004": 0.9778426429613905,
        "client_005": 0.10648846734209959,
        "client_006": 0.19136185162223598,
        "client_007": 0.20493434142459213,
        "client_008": 0.21983026288553092,
        "client_009": 0.16974789915966385,
        "client_010": 0.17227870534465067,
        "client_011": 0.1703870387038704,
        "client_012": 0.1745598342905564,
        "client_013": 0.10683537698930341,
        "client_014": 0.10594398809908803,
        "client_015": 0.1055072463768116,
        "client_016": 0.10512129380053907,
        "client_017": 0.10544611819235225
    },
    "client_002": {
        "attacker_000": 0.22842918020336694,
        "attacker_001": 0.2203164633409832,
        "client_000": 0.9769868878779769,
        "client_001": 0.9766074054270819,
        "client_002": 0.9763020484669969,
        "client_003": 0.9746531483457844,
        "client_004": 0.9765823631740935,
        "client_005": 0.10701186623516722,
        "client_006": 0.20110587753430267,
        "client_007": 0.21839762611275965,
        "client_008": 0.23067434210526316,
        "client_009": 0.1746065057712487,
        "client_010": 0.16837535790154246,
        "client_011": 0.16586194563662374,
        "client_012": 0.16950100172389693,
        "client_013": 0.10400571317275857,
        "client_014": 0.10337715906161381,
        "client_015": 0.1029657208884324,
        "client_016": 0.10265260466602749,
        "client_017": 0.1030081457250978
    },
    "client_003": {
        "attacker_000": 0.22984707925615286,
        "attacker_001": 0.2207959958020505,
        "client_000": 0.976290832455216,
        "client_001": 0.9765542676501581,
        "client_002": 0.9761434031896665,
        "client_003": 0.9759432102011305,
        "client_004": 0.9761496903412835,
        "client_005": 0.10641025641025642,
        "client_006": 0.20199552026063938,
        "client_007": 0.21307601417881059,
        "client_008": 0.22812755519215044,
        "client_009": 0.1726289517470882,
        "client_010": 0.1720361120021997,
        "client_011": 0.17097362451630121,
        "client_012": 0.17363552266419982,
        "client_013": 0.10499773711773451,
        "client_014": 0.10428305400372441,
        "client_015": 0.10405880472994566,
        "client_016": 0.10339565051507056,
        "client_017": 0.10407355382454347
    },
    "client_004": {
        "attacker_000": 0.22787066112195534,
        "attacker_001": 0.22008097165991905,
        "client_000": 0.9770849986677324,
        "client_001": 0.9771093957945169,
        "client_002": 0.9772151898734177,
        "client_003": 0.976206300677921,
        "client_004": 0.9772091163534586,
        "client_005": 0.11366073343341195,
        "client_006": 0.20847839442965393,
        "client_007": 0.22244211359588367,
        "client_008": 0.23788003286770745,
        "client_009": 0.17900460058552906,
        "client_010": 0.16846093425125908,
        "client_011": 0.1673748714049291,
        "client_012": 0.17024847326464967,
        "client_013": 0.10260426865087136,
        "client_014": 0.1020196789228379,
        "client_015": 0.1017145803790125,
        "client_016": 0.10100102669404518,
        "client_017": 0.10162287480680063
    },
    "client_005": {
        "attacker_000": 0.2726958624859635,
        "attacker_001": 0.3042893187552565,
        "client_000": 0.5457634584526319,
        "client_001": 0.5469108270251594,
        "client_002": 0.5435929846737241,
        "client_003": 0.547028926397691,
        "client_004": 0.5463644948064211,
        "client_005": 0.9722501352709283,
        "client_006": 0.9713019733113503,
        "client_007": 0.9710178410987036,
        "client_008": 0.9754694987695894,
        "client_009": 0.9736147757255937,
        "client_010": 0.678200999444753,
        "client_011": 0.6821351871941905,
        "client_012": 0.6785523504273505,
        "client_013": 0.10592613799026625,
        "client_014": 0.10773546331954549,
        "client_015": 0.10648743982077315,
        "client_016": 0.11054800359967791,
        "client_017": 0.10676326199895142
    },
    "client_006": {
        "attacker_000": 0.27310034990712345,
        "attacker_001": 0.30731113257464404,
        "client_000": 0.5411556454671893,
        "client_001": 0.5423055082339581,
        "client_002": 0.5383540767081534,
        "client_003": 0.5422564070232955,
        "client_004": 0.5422292490118577,
        "client_005": 0.9709648331830477,
        "client_006": 0.9711543423293256,
        "client_007": 0.9701250995401886,
        "client_008": 0.9743456854107281,
        "client_009": 0.9726261319534282,
        "client_010": 0.6780738205817649,
        "client_011": 0.6819692471307662,
        "client_012": 0.6783065719439682,
        "client_013": 0.10674076558233124,
        "client_014": 0.10893641397746802,
        "client_015": 0.10725733148351911,
        "client_016": 0.11068321209527884,
        "client_017": 0.10734274097105957
    },
    "client_007": {
        "attacker_000": 0.2746448557899268,