{
    "attacker_000": {
        "attacker_000": 0.9926435765478483,
        "attacker_001": 0.9926594787440606,
        "client_000": 0.9711684370257968,
        "client_001": 0.9755791909000353,
        "client_002": 0.9723158285096983,
        "client_003": 0.9757045363307908,
        "client_004": 0.9745363295639164,
        "client_005": 0.12880300716551157,
        "client_006": 0.1288579567145332,
        "client_007": 0.12874805438900472,
        "client_008": 0.12874805438900472,
        "client_009": 0.12848833793549147,
        "client_010": 0.992612703624195,
        "client_011": 0.9926594787440606,
        "client_012": 0.9926283720856814,
        "client_013": 0.7823515769944341,
        "client_014": 0.765266128400094,
        "client_015": 0.7706357569371268,
        "client_016": 0.7510458177204147,
        "client_017": 0.8555656437261667
    },
    "attacker_001": {
        "attacker_000": 0.9923594228522716,
        "attacker_001": 0.9923753295341531,
        "client_000": 0.970294150903775,
        "client_001": 0.9748609637702125,
        "client_002": 0.9719436292689219,
        "client_003": 0.9753927206142182,
        "client_004": 0.9741849355829701,
        "client_005": 0.1316730149428655,
        "client_006": 0.13178249150357438,
        "client_007": 0.13172775482699015,
        "client_008": 0.13172775482699015,
        "client_009": 0.13113696983908316,
        "client_010": 0.9923912357138347,
        "client_011": 0.9923912357138347,
        "client_012": 0.9923596640777925,
        "client_013": 0.7809317275297216,
        "client_014": 0.7645662028769354,
        "client_015": 0.7690442671672141,
        "client_016": 0.7493742302038221,
        "client_017": 0.8568161605895057
    },
    "client_000": {
        "attacker_000": 0.3158312392540669,
        "attacker_001": 0.3108049562429599,
        "client_000": 0.9756296800544588,
        "client_001": 0.9752380952380952,
        "client_002": 0.9754835194769816,
        "client_003": 0.9757757212847032,
        "client_004": 0.9759085340955491,
        "client_005": 0.047936640266777825,
        "client_006": 0.08492201039861352,
        "client_007": 0.059513466550825365,
        "client_008": 0.09491114701130857,
        "client_009": 0.05545454545454545,
        "client_010": 0.3035437198574124,
        "client_011": 0.3028171961990874,
        "client_012": 0.3082693947144075,
        "client_013": 0.10340760970765317,
        "client_014": 0.10497760393666014,
        "client_015": 0.10362629843876345,
        "client_016": 0.10383944153577662,
        "client_017": 0.09935460950914797
    },
    "client_001": {
        "attacker_000": 0.3256903026286724,
        "attacker_001": 0.3202361828680589,
        "client_000": 0.9769230769230769,
        "client_001": 0.9762882500993509,
        "client_002": 0.9775713337757134,
        "client_003": 0.9770648283176454,
        "client_004": 0.9773239623392123,
        "client_005": 0.05090311986863711,
        "client_006": 0.08057983372415263,
        "client_007": 0.06239316239316239,
        "client_008": 0.09085451270762457,
        "client_009": 0.05685098823006885,
        "client_010": 0.31117077058601444,
        "client_011": 0.30973562210249345,
        "client_012": 0.31666168368000686,
        "client_013": 0.10209651408013894,
        "client_014": 0.10366161616161616,
        "client_015": 0.10260880393499781,
        "client_016": 0.10291916167664672,
        "client_017": 0.09774258361895756
    },
    "client_002": {
        "attacker_000": 0.3190478266556219,
        "attacker_001": 0.314424356937347,
        "client_000": 0.977123745819398,
        "client_001": 0.9764642952661139,
        "client_002": 0.9764390896921017,
        "client_003": 0.9765948909990638,
        "client_004": 0.9766074054270819,
        "client_005": 0.0503404167526305,
        "client_006": 0.078531796841656,
        "client_007": 0.058434634250373214,
        "client_008": 0.0859783045399759,
        "client_009": 0.05569169079973268,
        "client_010": 0.3070970962642482,
        "client_011": 0.3060023213397447,
        "client_012": 0.3120771312584574,
        "client_013": 0.10018598884066955,
        "client_014": 0.10141911069063388,
        "client_015": 0.09996891513832763,
        "client_016": 0.10034235916588857,
        "client_017": 0.09623257193711064
    },
    "client_003": {
        "attacker_000": 0.3219846467450232,
        "attacker_001": 0.3167505759877122,
        "client_000": 0.9765357237015555,
        "client_001": 0.976162254708284,
        "client_002": 0.9758670710800476,
        "client_003": 0.9765542676501581,
        "client_004": 0.9765480895915679,
        "client_005": 0.05544231553200163,
        "client_006": 0.08429926238145417,
        "client_007": 0.06618582944420874,
        "client_008": 0.09172126265634306,
        "client_009": 0.062018913569386415,
        "client_010": 0.3100794438927507,
        "client_011": 0.30978350685837047,
        "client_012": 0.314683256967506,
        "client_013": 0.10092307692307691,
        "client_014": 0.10262200476728141,
        "client_015": 0.10120004948657675,
        "client_016": 0.10136596823042217,
        "client_017": 0.097396449704142
    },
    "client_004": {
        "attacker_000": 0.319671773383964,
        "attacker_001": 0.31524592280218594,
        "client_000": 0.976545842217484,
        "client_001": 0.9767070411287102,
        "client_002": 0.976545842217484,
        "client_003": 0.9772212601571867,
        "client_004": 0.9769671148981494,
        "client_005": 0.05663497312939231,
        "client_006": 0.08703071672354949,
        "client_007": 0.06509635974304068,
        "client_008": 0.09590973201692525,
        "client_009": 0.06119733924611974,
        "client_010": 0.3073661456601264,
        "client_011": 0.30656934306569344,
        "client_012": 0.3125026443833298,
        "client_013": 0.09908508122238129,
        "client_014": 0.10051334051587553,
        "client_015": 0.09929520364248737,
        "client_016": 0.09932533733133433,
        "client_017": 0.09561800428673495
    },
    "client_005": {
        "attacker_000": 0.6758809780654441,
        "attacker_001": 0.6727551526631489,
        "client_000": 0.49458070008841154,
        "client_001": 0.5150253381104548,
        "client_002": 0.4956365419186141,
        "client_003": 0.49691105808518293,
        "client_004": 0.514173304524493,
        "client_005": 0.9673681782061471,
        "client_006": 0.9735094203085829,
        "client_007": 0.9687467978276462,
        "client_008": 0.9673513182096873,
        "client_009": 0.9681175776540898,
        "client_010": 0.6795101751588831,
        "client_011": 0.681656909703743,
        "client_012": 0.6794917362715478,
        "client_013": 0.10420745976407661,
        "client_014": 0.10419653952776983,
        "client_015": 0.10422642952763435,
        "client_016": 0.10567477348593228,
        "client_017": 0.10472553699284008
    },
    "client_006": {
        "attacker_000": 0.6749381883569341,
        "attacker_001": 0.6714952954714681,
        "client_000": 0.4885787637416892,
        "client_001": 0.5080817916260955,
        "client_002": 0.4896350077203588,
        "client_003": 0.4904854241298846,
        "client_004": 0.5075924724205061,
        "client_005": 0.9663757700205338,
        "client_006": 0.9717107985105502,
        "client_007": 0.9673910254765631,
        "client_008": 0.9662335004604523,
        "client_009": 0.9671470036731653,
        "client_010": 0.6789393234531801,
        "client_011": 0.6809851342356334,
        "client_012": 0.6791991645001444,
        "client_013": 0.10400191708602925,
        "client_014": 0.10342511752854262,
        "client_015": 0.10373284713559158,
        "client_016": 0.10576186830015315,
        "client_017": 0.10478927203065135
    },
    "client_007": {
        "attacker_000": 0.6761684238922734,