{
    "attacker_000": {
        "attacker_000": 0.9926435765478483,
        "attacker_001": 0.9926438088021722,
        "client_000": 0.9719981934318344,
        "client_001": 0.9760788594913948,
        "client_002": 0.9711195415287756,
        "client_003": 0.9746583051937611,
        "client_004": 0.9741171168270935,
        "client_005": 0.12880300716551157,
        "client_006": 0.12865325304743722,
        "client_007": 0.12869309838472834,
        "client_008": 0.1284333597720396,
        "client_009": 0.12853953706967455,
        "client_010": 0.9926124704025256,
        "client_011": 0.992644041041831,
        "client_012": 0.992644041041831,
        "client_013": 0.7678498093282488,
        "client_014": 0.7557714714536801,
        "client_015": 0.7882681027021828,
        "client_016": 0.7657857100875731,
        "client_017": 0.8250759850081112
    },
    "attacker_001": {
        "attacker_000": 0.9923594228522716,
        "attacker_001": 0.9923753295341531,
        "client_000": 0.9715733092410945,
        "client_001": 0.9756027047429371,
        "client_002": 0.9702628050848827,
        "client_003": 0.9743301058320197,
        "client_004": 0.9738282255987638,
        "client_005": 0.1316730149428655,
        "client_006": 0.1311408136944542,
        "client_007": 0.13173161441547027,
        "client_008": 0.1310312481679076,
        "client_009": 0.13113312620903922,
        "client_010": 0.9923912357138347,
        "client_011": 0.9923912357138347,
        "client_012": 0.9923753295341531,
        "client_013": 0.7658715380544503,
        "client_014": 0.7549244521794162,
        "client_015": 0.787093045655943,
        "client_016": 0.7625879485869267,
        "client_017": 0.8246206677740243
    },
    "client_000": {
        "attacker_000": 0.3133793585598182,
        "attacker_001": 0.3102196091993775,
        "client_000": 0.9761612859283477,
        "client_001": 0.9759216433138348,
        "client_002": 0.9761742682096665,
        "client_003": 0.9760609357997825,
        "client_004": 0.9756429446183155,
        "client_005": 0.04944320712694878,
        "client_006": 0.06125574272588056,
        "client_007": 0.07433881343817011,
        "client_008": 0.07207207207207207,
        "client_009": 0.051931602279924,
        "client_010": 0.3054087199221889,
        "client_011": 0.3017295269847885,
        "client_012": 0.3091493464752518,
        "client_013": 0.10252317514887346,
        "client_014": 0.10503751339764202,
        "client_015": 0.10285220397579949,
        "client_016": 0.10200319528081601,
        "client_017": 0.10058958007459994
    },
    "client_001": {
        "attacker_000": 0.32272468589940023,
        "attacker_001": 0.3194456474664357,
        "client_000": 0.9777010883992567,
        "client_001": 0.976811978269511,
        "client_002": 0.9778426429613905,
        "client_003": 0.976811978269511,
        "client_004": 0.9770709078860172,
        "client_005": 0.04679641373277936,
        "client_006": 0.06296851574212893,
        "client_007": 0.07290184921763869,
        "client_008": 0.06796116504854369,
        "client_009": 0.05432303545511092,
        "client_010": 0.3131552248900913,
        "client_011": 0.30856192851205316,
        "client_012": 0.3178637358863177,
        "client_013": 0.10127670022096734,
        "client_014": 0.10382720727548314,
        "client_015": 0.10182267531665122,
        "client_016": 0.10120511559272011,
        "client_017": 0.09929674821181704
    },
    "client_002": {
        "attacker_000": 0.31687278387961604,
        "attacker_001": 0.3138010794140324,
        "client_000": 0.977385253579553,
        "client_001": 0.9769991976464295,
        "client_002": 0.9767379679144386,
        "client_003": 0.9767504008551579,
        "client_004": 0.9769991976464295,
        "client_005": 0.050467696323689366,
        "client_006": 0.057375294369514024,
        "client_007": 0.07109847138286528,
        "client_008": 0.07103463489962497,
        "client_009": 0.05318257956448911,
        "client_010": 0.30898805782526717,
        "client_011": 0.30472103004291845,
        "client_012": 0.3130523453433039,
        "client_013": 0.0990597922939839,
        "client_014": 0.10140809496748121,
        "client_015": 0.09959173574168008,
        "client_016": 0.09886118805786395,
        "client_017": 0.09732916265640038
    },
    "client_003": {
        "attacker_000": 0.3197624375968325,
        "attacker_001": 0.31604034557603095,
        "client_000": 0.9765357237015555,
        "client_001": 0.9768238082696866,
        "client_002": 0.9766767690077744,
        "client_003": 0.9769524562096668,
        "client_004": 0.976290832455216,
        "client_005": 0.05500216543958424,
        "client_006": 0.06446140797285835,
        "client_007": 0.07234042553191489,
        "client_008": 0.0765194578049847,
        "client_009": 0.05666187641141449,
        "client_010": 0.3118745830553702,
        "client_011": 0.30830559322730444,
        "client_012": 0.3155760212918761,
        "client_013": 0.1001219512195122,
        "client_014": 0.10251268876496022,
        "client_015": 0.10036855036855036,
        "client_016": 0.09943268468248644,
        "client_017": 0.09862619233307336
    },
    "client_004": {
        "attacker_000": 0.3175579129681749,
        "attacker_001": 0.3147774582600112,
        "client_000": 0.9770666666666666,
        "client_001": 0.9771154869611496,
        "client_002": 0.9772333910264945,
        "client_003": 0.9771093957945169,
        "client_004": 0.9769671148981494,
        "client_005": 0.05539803707742639,
        "client_006": 0.06527807601460167,
        "client_007": 0.07693677649154052,
        "client_008": 0.06981882456915599,
        "client_009": 0.058528428093645474,
        "client_010": 0.3096286972938955,
        "client_011": 0.30541912584093445,
        "client_012": 0.3132468637040187,
        "client_013": 0.09792704681060464,
        "client_014": 0.1004369577607498,
        "client_015": 0.09845810886122978,
        "client_016": 0.09730262347579752,
        "client_017": 0.09657753365123437
    },
    "client_005": {
        "attacker_000": 0.6730444569499155,
        "attacker_001": 0.6723730149791642,
        "client_000": 0.49318122213480203,
        "client_001": 0.5016768143782764,
        "client_002": 0.49534511482050114,
        "client_003": 0.4958018883334967,
        "client_004": 0.4950469153561971,
        "client_005": 0.9727354955420597,
        "client_006": 0.9740296729758422,
        "client_007": 0.9700601869637596,
        "client_008": 0.9706359214555936,
        "client_009": 0.9732419055475355,
        "client_010": 0.6792863166304204,
        "client_011": 0.6825017692852088,
        "client_012": 0.6797909020131242,
        "client_013": 0.10576006103375929,
        "client_014": 0.10522295426334385,
        "client_015": 0.1047355356119916,
        "client_016": 0.10884353741496598,
        "client_017": 0.10527821484766127
    },
    "client_006": {
        "attacker_000": 0.6727420008100444,
        "attacker_001": 0.6714729869778759,
        "client_000": 0.4869674102876726,
        "client_001": 0.4947609692206942,
        "client_002": 0.48988572179167217,
        "client_003": 0.4897328908893781,
        "client_004": 0.4889517295804287,
        "client_005": 0.9711640416892959,
        "client_006": 0.972307213607841,
        "client_007": 0.9691001871938868,
        "client_008": 0.9697297854785478,
        "client_009": 0.9718985253171084,
        "client_010": 0.6789980903317493,
        "client_011": 0.6815293674865505,
        "client_012": 0.6793577369568118,
        "client_013": 0.10583732057416266,
        "client_014": 0.10530854733614413,
        "client_015": 0.10454197010348792,
        "client_016": 0.11032707161247259,
        "client_017": 0.1051977239037919
    },
    "client_007": {
        "attacker_000": 0.6737330092717616,