{
    "client_0": {
        "client_0": 0.9992275900810529,
        "client_1": 0.9991625252621498,
        "client_2": 0.5983324677512176,
        "client_3": 0.6136835310367805,
        "client_4": 0.5855437900626836,
        "client_5": 0.6467296827466318,
        "client_6": 0.6545594480188495,
        "client_7": 0.6467081318920094,
        "client_8": 0.0889659267204229,
        "client_9": 0.09214149139579349
    },
    "client_1": {
        "client_0": 0.9993530494440739,
        "client_1": 0.9993180291041109,
        "client_2": 0.5998065275908478,
        "client_3": 0.6151393096563533,
        "client_4": 0.586274259990657,
        "client_5": 0.6480800792111437,
        "client_6": 0.65525266630239,
        "client_7": 0.6480493147340652,
        "client_8": 0.08509576632249645,
        "client_9": 0.08840657446074864
    },
    "client_2": {
        "client_0": 0.13836013409852832,
        "client_1": 0.13466553210178145,
        "client_2": 0.9427221539058961,
        "client_3": 0.9433962264150945,
        "client_4": 0.9431524547803616,
        "client_5": 0.1018000447613262,
        "client_6": 0.10082592121982213,
        "client_7": 0.10074318744838975,
        "client_8": 0.23272913816689467,
        "client_9": 0.2117139538742326
    },
    "client_3": {
        "client_0": 0.1350467557799323,
        "client_1": 0.13086331133872617,
        "client_2": 0.9464941085570794,
        "client_3": 0.9473481195756991,
        "client_4": 0.9474022633744856,
        "client_5": 0.10590513068731848,
        "client_6": 0.10472042528662014,
        "client_7": 0.10493886589005487,
        "client_8": 0.22588035638523551,
        "client_9": 0.20666941128036231
    },
    "client_4": {
        "client_0": 0.13457858509696397,
        "client_1": 0.13054959564284538,
        "client_2": 0.9504126943502463,
        "client_3": 0.9506961297739175,
        "client_4": 0.9508175779253959,
        "client_5": 0.10819125753108576,
        "client_6": 0.10721675739343584,
        "client_7": 0.1070530170355039,
        "client_8": 0.22873700357934207,
        "client_9": 0.20597510373443984
    },
    "client_5": {
        "client_0": 0.04674123170394918,
        "client_1": 0.05617599569429495,
        "client_2": 0.0011869436201780415,
        "client_3": 0.0018337408312958437,
        "client_4": 0.001223615784643622,
        "client_5": 0.9328951919750952,
        "client_6": 0.9325745818244525,
        "client_7": 0.9320020657600275,
        "client_8": 0.27627065793576555,
        "client_9": 0.3263699666969422
    },
    "client_6": {
        "client_0": 0.04297623362501942,
        "client_1": 0.052010570433084775,
        "client_2": 0.0006215040397762586,
        "client_3": 0.0019144862795149966,
        "client_4": 0.0012775471095496647,
        "client_5": 0.9312169312169312,
        "client_6": 0.9313171798141737,
        "client_7": 0.9319048483747957,
        "client_8": 0.2833876221498371,
        "client_9": 0.33480732785849654
    },
    "client_7": {
        "client_0": 0.04302488456949176,
        "client_1": 0.05236079013511918,
        "client_2": 0.000628140703517588,
        "client_3": 0.0006435006435006435,
        "client_4": 0.000643915003219575,
        "client_5": 0.9399007535379527,
        "client_6": 0.9399449035812671,
        "client_7": 0.9391113549094898,
        "client_8": 0.27781435154707046,
        "client_9": 0.3337579617834395
    },
    "client_8": {
        "client_0": 0.6992652274582759,
        "client_1": 0.7026493291613014,
        "client_2": 0.5049661273164996,
        "client_3": 0.5079843326303103,
        "client_4": 0.5036995640996983,
        "client_5": 0.009926253228366058,
        "client_6": 0.009928261309347815,
        "client_7": 0.009887598526188146,
        "client_8": 0.9608544742669313,
        "client_9": 0.9603692844730577
    },
    "client_9": {
        "client_0": 0.7009747265888576,
        "client_1": 0.7041741319710402,
        "client_2": 0.5061905876321978,
        "client_3": 0.5089823018675194,
        "client_4": 0.5048152843575543,
        "client_5": 0.009167350604704461,
        "client_6": 0.009167634533488192,
        "client_7": 0.009159407732891867,
        "client_8": 0.9608460605875759,
        "client_9": 0.9600554531466613
    }
}