{
    "client_0": {
        "client_0": 0.9995183914273673,
        "client_1": 0.999417974551439,
        "client_2": 0.968997286617764,
        "client_3": 0.9836868941046092,
        "client_4": 0.9778450431287932,
        "client_5": 0.7904563685899963,
        "client_6": 0.7846123827758198,
        "client_7": 0.6600648084654377,
        "client_8": 0.31169753869576244,
        "client_9": 0.327476854761007
    },
    "client_1": {
        "client_0": 0.9994933864357981,
        "client_1": 0.9994983546030981,
        "client_2": 0.9688117509273925,
        "client_3": 0.9842636111887402,
        "client_4": 0.9781571884984026,
        "client_5": 0.7906133242758019,
        "client_6": 0.7857599581031952,
        "client_7": 0.6612948712783531,
        "client_8": 0.31092948880653837,
        "client_9": 0.3265131639606716
    },
    "client_2": {
        "client_0": 0.2386513658982431,
        "client_1": 0.23175706300045326,
        "client_2": 0.9558823529411764,
        "client_3": 0.956717763751127,
        "client_4": 0.9562471808750564,
        "client_5": 0.10048180358170963,
        "client_6": 0.0987941045109424,
        "client_7": 0.10315061235937549,
        "client_8": 0.28160221952488296,
        "client_9": 0.2717554701854017
    },
    "client_3": {
        "client_0": 0.23338437978560492,
        "client_1": 0.22737631032561909,
        "client_2": 0.958651195589461,
        "client_3": 0.9588479999999999,
        "client_4": 0.9591444672131147,
        "client_5": 0.10327348235006717,
        "client_6": 0.10161454894664185,
        "client_7": 0.10601017396219305,
        "client_8": 0.2697368421052631,
        "client_9": 0.2597424179476526
    },
    "client_4": {
        "client_0": 0.2332216468677023,
        "client_1": 0.22767428946438487,
        "client_2": 0.9625,
        "client_3": 0.9619769441436852,
        "client_4": 0.9624060150375939,
        "client_5": 0.1056203605514316,
        "client_6": 0.10377161908730986,
        "client_7": 0.10864212921120703,
        "client_8": 0.2745848187114164,
        "client_9": 0.2628017709464539
    },
    "client_5": {
        "client_0": 0.013919268244183734,
        "client_1": 0.013986013986013986,
        "client_2": 0.0006169031462060457,
        "client_3": 0.0021147237642083,
        "client_4": 0.0005353319057815846,
        "client_5": 0.9446366782006921,
        "client_6": 0.9445513381143957,
        "client_7": 0.9449849637360693,
        "client_8": 0.24371619471842187,
        "client_9": 0.26959247648902823
    },
    "client_6": {
        "client_0": 0.015533207209001296,
        "client_1": 0.013327538751267565,
        "client_2": 0.0006418485237483954,
        "client_3": 0.001652892561983471,
        "client_4": 0.0005557099194220616,
        "client_5": 0.9440087543315703,
        "client_6": 0.9409817981246552,
        "client_7": 0.9414171471080528,
        "client_8": 0.24766977363515313,
        "client_9": 0.27561374795417354
    },
    "client_7": {
        "client_0": 0.01593308105954989,
        "client_1": 0.016454965357967668,
        "client_2": 0.0006491398896462187,
        "client_3": 0.0022340128455738623,
        "client_4": 0.0005664117813650524,
        "client_5": 0.9493647578714786,
        "client_6": 0.9482886904761906,
        "client_7": 0.9475465313028764,
        "client_8": 0.23767724510465904,
        "client_9": 0.26741871267418715
    },
    "client_8": {
        "client_0": 0.6817185745199551,
        "client_1": 0.6812099419458436,
        "client_2": 0.565468724951199,
        "client_3": 0.5669857357357357,
        "client_4": 0.5666139776448008,
        "client_5": 0.03557599225556631,
        "client_6": 0.03100727877557872,
        "client_7": 0.025383200490496624,
        "client_8": 0.963310285552034,
        "client_9": 0.9627046950551346
    },
    "client_9": {
        "client_0": 0.682550652443155,
        "client_1": 0.6817293248554438,
        "client_2": 0.5692428992472169,
        "client_3": 0.5700966883086552,
        "client_4": 0.5702593875831069,
        "client_5": 0.03432311381218802,
        "client_6": 0.030743525480367587,
        "client_7": 0.02579700864474226,
        "client_8": 0.9634545912795093,
        "client_9": 0.9627839241191586
    }
}