{
    "client_0": {
        "client_0": 0.9994782050252871,
        "client_1": 0.9995384445581611,
        "client_2": 0.9147083098040919,
        "client_3": 0.9427477282103904,
        "client_4": 0.974908922982195,
        "client_5": 0.9160801946218342,
        "client_6": 0.875803299370878,
        "client_7": 0.9034250112628698,
        "client_8": 0.15091053928379553,
        "client_9": 0.1516952761883599
    },
    "client_1": {
        "client_0": 0.9995585609085619,
        "client_1": 0.9995385232744782,
        "client_2": 0.9118980863979096,
        "client_3": 0.9412269503170408,
        "client_4": 0.9748189809564374,
        "client_5": 0.9154546195430714,
        "client_6": 0.8762920260319319,
        "client_7": 0.9028480960469679,
        "client_8": 0.14894623137476704,
        "client_9": 0.1496770127619348
    },
    "client_2": {
        "client_0": 0.24357588357588358,
        "client_1": 0.2229723213424631,
        "client_2": 0.9629821717990276,
        "client_3": 0.9632414910858995,
        "client_4": 0.9629677670406642,
        "client_5": 0.11954862263524728,
        "client_6": 0.10290266867234943,
        "client_7": 0.11416300759591039,
        "client_8": 0.34153846153846157,
        "client_9": 0.3353962523637614
    },
    "client_3": {
        "client_0": 0.23984978093052367,
        "client_1": 0.2176450725965945,
        "client_2": 0.9649314715912747,
        "client_3": 0.965561635017702,
        "client_4": 0.9647134578235672,
        "client_5": 0.12237182463354779,
        "client_6": 0.10489510489510488,
        "client_7": 0.11679530522421382,
        "client_8": 0.3248374957235717,
        "client_9": 0.3217817525152636
    },
    "client_4": {
        "client_0": 0.24414895820388552,
        "client_1": 0.219351717464925,
        "client_2": 0.9683373926419689,
        "client_3": 0.9685897435897437,
        "client_4": 0.9686277025726567,
        "client_5": 0.12439177782926747,
        "client_6": 0.10636937362729017,
        "client_7": 0.11838542164452513,
        "client_8": 0.3338191170167167,
        "client_9": 0.3286797655980696
    },
    "client_5": {
        "client_0": 0.026148643075146413,
        "client_1": 0.02818026848497763,
        "client_2": 0.0007243752263672581,
        "client_3": 0.0014477017734346724,
        "client_4": 0.0014487504527345163,
        "client_5": 0.9469617140850017,
        "client_6": 0.9480359344724326,
        "client_7": 0.9466996117190258,
        "client_8": 0.08798060270176654,
        "client_9": 0.1076448405896469
    },
    "client_6": {
        "client_0": 0.027451628906895977,
        "client_1": 0.02902353476666042,
        "client_2": 0.0015214910612400153,
        "client_3": 0.0037979491074819596,
        "client_4": 0.0030429821224800305,
        "client_5": 0.9463000553607677,
        "client_6": 0.9437952142459656,
        "client_7": 0.94473293768546,
        "client_8": 0.09011627906976745,
        "client_9": 0.10393359797906894
    },
    "client_7": {
        "client_0": 0.02605836073762644,
        "client_1": 0.02744049211018989,
        "client_2": 0.0015290519877675843,
        "client_3": 0.0015296367112810707,
        "client_4": 0.0015302218821729148,
        "client_5": 0.9536226485379028,
        "client_6": 0.9535928143712574,
        "client_7": 0.952434456928839,
        "client_8": 0.09422936449963477,
        "client_9": 0.10942028985507246
    },
    "client_8": {
        "client_0": 0.6598877582834954,
        "client_1": 0.6436325753493551,
        "client_2": 0.5665397425253133,
        "client_3": 0.5739519793573847,
        "client_4": 0.5699343665755355,
        "client_5": 0.158768235195671,
        "client_6": 0.32829089167398423,
        "client_7": 0.08420622050810067,
        "client_8": 0.9662047391762164,
        "client_9": 0.9656922875151405
    },
    "client_9": {
        "client_0": 0.6613710539543642,
        "client_1": 0.6462928438261867,
        "client_2": 0.5704601127969465,
        "client_3": 0.5767647392076142,
        "client_4": 0.5730269957614663,
        "client_5": 0.1598232523239818,
        "client_6": 0.3316033271903173,
        "client_7": 0.0844418570804832,
        "client_8": 0.9664249877630935,
        "client_9": 0.9657516901613807
    }
}