{
    "client_0": {
        "client_0": 0.999538439926953,
        "client_1": 0.9994331378578631,
        "client_2": 0.9575841641984065,
        "client_3": 0.9793649172963039,
        "client_4": 0.9838413719839176,
        "client_5": 0.8077314100493977,
        "client_6": 0.8409299622202848,
        "client_7": 0.7617899765784684,
        "client_8": 0.3011038203930179,
        "client_9": 0.28663628483397274
    },
    "client_1": {
        "client_0": 0.9995334908428767,
        "client_1": 0.9994582936249183,
        "client_2": 0.9571142368212363,
        "client_3": 0.9793261203670137,
        "client_4": 0.98439214729911,
        "client_5": 0.8069484904859038,
        "client_6": 0.8410025796555811,
        "client_7": 0.7619993790748215,
        "client_8": 0.30023837902264605,
        "client_9": 0.2851719517641804
    },
    "client_2": {
        "client_0": 0.26729038370440544,
        "client_1": 0.2201400807087527,
        "client_2": 0.9570607606379544,
        "client_3": 0.9576757070153964,
        "client_4": 0.9574906608269999,
        "client_5": 0.11414392059553348,
        "client_6": 0.11230472059371718,
        "client_7": 0.12016382651941782,
        "client_8": 0.28938156359393236,
        "client_9": 0.2833928571428571
    },
    "client_3": {
        "client_0": 0.2615020697811945,
        "client_1": 0.2132468735525706,
        "client_2": 0.9591588125921652,
        "client_3": 0.9597491521085301,
        "client_4": 0.959513911096898,
        "client_5": 0.11795050540257929,
        "client_6": 0.11549363111703037,
        "client_7": 0.12364065322372544,
        "client_8": 0.2771105932962897,
        "client_9": 0.272832575960082
    },
    "client_4": {
        "client_0": 0.2630797553298889,
        "client_1": 0.21423276501111935,
        "client_2": 0.9628684445578666,
        "client_3": 0.9624912437113927,
        "client_4": 0.9623073984464536,
        "client_5": 0.12003451251078516,
        "client_6": 0.11770678218491942,
        "client_7": 0.12634271099744246,
        "client_8": 0.28042090116017626,
        "client_9": 0.2746081504702194
    },
    "client_5": {
        "client_0": 0.01804865289040021,
        "client_1": 0.010858216746711212,
        "client_2": 0.000723065798987708,
        "client_3": 0.0028490028490028487,
        "client_4": 0.000722543352601156,
        "client_5": 0.9459079733052337,
        "client_6": 0.9428217383607718,
        "client_7": 0.9443572300715157,
        "client_8": 0.16976127320954904,
        "client_9": 0.17218543046357618
    },
    "client_6": {
        "client_0": 0.019846520243450648,
        "client_1": 0.010131926121372032,
        "client_2": 0.0015191796429927839,
        "client_3": 0.003005259203606311,
        "client_4": 0.001518602885345482,
        "client_5": 0.9438285291943828,
        "client_6": 0.9395973154362416,
        "client_7": 0.9450064373735516,
        "client_8": 0.17493925720236028,
        "client_9": 0.17463617463617465
    },
    "client_7": {
        "client_0": 0.01993704092339979,
        "client_1": 0.012298071912454403,
        "client_2": 0.0007648183556405354,
        "client_3": 0.003017729158807997,
        "client_4": 0.0007642338555598014,
        "client_5": 0.9515978321809008,
        "client_6": 0.9468926553672317,
        "client_7": 0.9509840326773116,
        "client_8": 0.1754631247815449,
        "client_9": 0.1754018169112509
    },
    "client_8": {
        "client_0": 0.6814385055342962,
        "client_1": 0.7090422929748493,
        "client_2": 0.5629578885273353,
        "client_3": 0.567931803576154,
        "client_4": 0.566634508068025,
        "client_5": 0.036871508379888264,
        "client_6": 0.036427160868904754,
        "client_7": 0.0307574832009774,
        "client_8": 0.9650697139682564,
        "client_9": 0.9645109377767168
    },
    "client_9": {
        "client_0": 0.6829274977047564,
        "client_1": 0.711828791691204,
        "client_2": 0.5671037061579969,
        "client_3": 0.5716139588681693,
        "client_4": 0.570519578313253,
        "client_5": 0.03623722743073844,
        "client_6": 0.03573211503260064,
        "client_7": 0.03054711246200608,
        "client_8": 0.9649390829040604,
        "client_9": 0.9644991266509361
    }
}