{
  "r1": {
    "client_008": 0.20005031171526727,
    "client_005": 0.20009225797204402,
    "client_009": 0.20003354213514013,
    "client_007": 0.19993291551460016,
    "client_006": 0.19989097266294845,
    "client_015": 0.1994935903323808,
    "client_012": 0.20019428297861153,
    "client_014": 0.20028273798750443,
    "client_013": 0.2001510385722152,
    "client_016": 0.199878350129288,
    "client_011": 0.4947767813911485,
    "client_010": 0.4948376498577242,
    "attacker_001": 0.002950179610013408,
    "attacker_002": 0.0031479827017634812,
    "attacker_000": 0.0042874064393504385,
    "client_001": 0.19935916189007993,
    "client_002": 0.19966615109004718,
    "client_000": 0.20035153236434708,
    "client_003": 0.20029686942317002,
    "client_004": 0.20032628523235585
  },
  "r2": {
    "client_007": 0.19988389279282898,
    "client_008": 0.20005836512446964,
    "client_009": 0.2000096292531659,
    "client_005": 0.19995574255236323,
    "client_006": 0.20009237027717225,
    "client_004": 0.20054204700844358,
    "client_003": 0.19955630981592443,
    "client_002": 0.19991590515702312,
    "client_001": 0.19941538799954497,
    "client_000": 0.20057035001906393,
    "client_013": 0.2004196032108319,
    "client_015": 0.19978844972684445,
    "client_012": 0.19988396299720373,
    "client_014": 0.19969213087047566,
    "client_016": 0.20021585319464424,
    "attacker_002": 0.0008163405449434428,
    "attacker_001": 0.0010931097304531822,
    "attacker_000": 0.0010823098403464344,
    "client_010": 0.49848515853123465,
    "client_011": 0.4985230813530223
  },
  "r3": {
    "attacker_000": 0.002670574754723598,
    "attacker_002": 0.002350951216970583,
    "attacker_001": 0.0026209147919205645,
    "client_010": 0.4961891790848135,
    "client_011": 0.4961683801515718,
    "client_006": 0.1999905533101573,
    "client_007": 0.20000699596723429,
    "client_005": 0.19997030905102936,
    "client_008": 0.1999511776233149,
    "client_009": 0.20008096404826414,
    "client_014": 0.2002837121500394,
    "client_015": 0.19963737784535174,
    "client_012": 0.19961198272992406,
    "client_016": 0.20039078744732353,
    "client_013": 0.20007613982736125,
    "client_002": 0.20001957469995513,
    "client_004": 0.2006867844471658,
    "client_003": 0.1997699229696224,
    "client_000": 0.19988269401598452,
    "client_001": 0.19964102386727217
  },
  "r4": {
    "attacker_000": 0.003562338780098821,
    "attacker_002": 0.0032539829421700723,
    "attacker_001": 0.00330049442830814,
    "client_010": 0.49495454977711584,
    "client_011": 0.4949286340723071,
    "client_000": 0.199877360068303,
    "client_001": 0.20004510601966471,
    "client_002": 0.20012954446475775,
    "client_003": 0.19965841599257114,
    "client_004": 0.20028957345470336,
    "client_015": 0.19950533755197675,
    "client_014": 0.20015776627628185,
    "client_012": 0.19965889956277824,
    "client_016": 0.2002704951086743,
    "client_013": 0.2004075015002888,
    "client_006": 0.19981881023633485,
    "client_005": 0.20019893509485087,
    "client_008": 0.20002076462131943,
    "client_009": 0.20012613872951662,
    "client_007": 0.19983535131797822
  },
  "r5": {
    "client_013": 0.2002179997544074,
    "client_016": 0.20032858535517292,
    "client_014": 0.19984696318753878,
    "client_015": 0.1994749222078236,
    "client_012": 0.2001315294950573,
    "client_002": 0.20003044558550076,
    "client_004": 0.2001558342238583,
    "client_003": 0.19979240313296967,
    "client_000": 0.20006780165002558,
    "client_001": 0.19995351540764564,
    "attacker_001": 0.0038869823028764394,
    "attacker_002": 0.004323954072219211,
    "attacker_000": 0.004577227719172356,
    "client_010": 0.4936048615766454,
    "client_011": 0.49360697432908657,
    "client_009": 0.19993938885123294,
    "client_007": 0.19975686964444103,
    "client_008": 0.19996028564065607,
    "client_005": 0.20025159940890971,
    "client_006": 0.20009185645476021
  },
  "r6": {
    "client_007": 0.20006920678347306,
    "client_005": 0.19996229553008965,
    "client_009": 0.19983708806004122,
    "client_006": 0.2001288037904828,
    "client_008": 0.20000260583591317,
    "attacker_002": 0.004255279744709132,
    "attacker_000": 0.004849302687855868,
    "attacker_001": 0.004252114910812121,
    "client_010": 0.49332673321489745,
    "client_011": 0.4933165694417254,
    "client_012": 0.20019695630253134,
    "client_016": 0.20001604835467438,
    "client_013": 0.20018695816852494,
    "client_014": 0.2001054652099558,
    "client_015": 0.19949457196431364,
    "client_001": 0.2000113621320669,
    "client_000": 0.200019705852552,
    "client_002": 0.19997119471074418,
    "client_004": 0.2000058215614319,
    "client_003": 0.19999191574320496
  },
  "r7": {
    "client_010": 0.49355782114464936,
    "client_011": 0.49356461399047147,
    "attacker_000": 0.0046287724189044335,
    "attacker_002": 0.0043055621089777285,
    "attacker_001": 0.0039432303369970265,
    "client_004": 0.19998280803309912,
    "client_002": 0.1999753267843328,
    "client_003": 0.19999871231170085,
    "client_000": 0.20000704740102865,
    "client_001": 0.20003610546983858,
    "client_006": 0.20026171274578367,
    "client_007": 0.1999230251692041,
    "client_005": 0.19978696173466795,
    "client_009": 0.1999546761280566,
    "client_008": 0.20007362422228767,
    "client_016": 0.2000279166650493,
    "client_012": 0.20020296294643414,
    "client_013": 0.2000463876128921,
    "client_014": 0.20008123936288308,
    "client_015": 0.1996414934127414
  },
  "r8": {
    "client_005": 0.19966973728038,
    "client_009": 0.19972571888297738,
    "client_007": 0.19968741511215632,
    "client_008": 0.20022564405631882,
    "client_006": 0.2006914846681675,
    "client_013": 0.19990714040660382,
    "client_012": 0.20001965426811116,
    "client_016": 0.19984902642643826,
    "client_014": 0.20016325027584322,
    "client_015": 0.20006092862300362,
    "client_001": 0.200024611399007,
    "client_000": 0.1999786011500506,
    "client_002": 0.19999774448463378,
    "client_004": 0.1999913995736656,
    "client_003": 0.200007643392643,
    "client_011": 0.49348505727611314,
    "client_010": 0.493482118190257,
    "attacker_002": 0.004413553238257483,
    "attacker_000": 0.0042946417489950085,
    "attacker_001": 0.0043246295463774094
  },
  "r9": {
    "client_001": 0.1999764342030021,
    "client_000": 0.20001136079095766,
    "client_004": 0.20000658413388714,
    "client_002": 0.19995977571079832,
    "client_003": 0.2000458451613547,
    "client_008": 0.2001490684744875,
    "client_009": 0.19992203150392832,
    "client_005": 0.1998535482404471,
    "client_006": 0.20031131448830972,
    "client_007": 0.19976403729282732,
    "client_012": 0.20015229690245198,
    "client_016": 0.20000963904953567,
    "client_014": 0.1995550111284239,
    "client_013": 0.20018907183108117,
    "client_015": 0.2000939810885072,
    "attacker_001": 0.004302256568926465,
    "attacker_000": 0.004071526880495008,
    "attacker_002": 0.004500488496552779,
    "client_010": 0.49355170001144877,
    "client_011": 0.493574028042577
  },
  "r10": {
    "client_013": 0.20039639240237186,
    "client_016": 0.19998735325868108,
    "client_012": 0.20004205890078214,
    "client_014": 0.19946906079642343,
    "client_015": 0.20010513464174157,
    "attacker_002": 0.004875810462910267,
    "attacker_000": 0.004724309493550825,
    "attacker_001": 0.013124396230411227,
    "client_011": 0.48867443463010857,
    "client_010": 0.48860104918301916,
    "client_005": 0.20022494597269241,
    "client_009": 0.2004507097155185,
    "client_008": 0.20010181241677727,
    "client_006": 0.19929312625329465,
    "client_007": 0.19992940564171727,
    "client_002": 0.19994676980424117,
    "client_003": 0.20000818386985617,
    "client_004": 0.2000532262523362,
    "client_001": 0.19999591795000368,
    "client_000": 0.19999590212356275
  }
}