{
    "attacker_000": {
        "attacker_000": 0.7461450487044997,
        "client_000": 0.7414073985775023,
        "client_001": 0.714823776959495,
        "client_002": 0.7069101783616362,
        "client_003": 0.7142706554508464,
        "client_004": 0.7154809956273126,
        "client_005": 0.1547905961529717,
        "client_006": 0.15444788066217935,
        "client_007": 0.15236706611381964,
        "client_008": 0.15411909202565618,
        "client_009": 0.1312784328288924,
        "client_010": 0.7495694379207765,
        "client_011": 0.7496477770820288,
        "client_012": 0.7496722434204091,
        "client_013": 0.7496624464317163,
        "client_014": 0.5648408627061614,
        "client_015": 0.5736750462509522,
        "client_016": 0.5734866400282693,
        "client_017": 0.559601912598688,
        "client_018": 0.5897823378138338
    },
    "client_000": {
        "attacker_000": 0.34131184153031996,
        "client_000": 0.9763200870985302,
        "client_001": 0.9761872363586883,
        "client_002": 0.9761677788369877,
        "client_003": 0.9765986394557823,
        "client_004": 0.9768644529123571,
        "client_005": 0.05336426914153131,
        "client_006": 0.09619238476953908,
        "client_007": 0.08571428571428572,
        "client_008": 0.05284738041002278,
        "client_009": 0.08801955990220049,
        "client_010": 0.16172120125504258,
        "client_011": 0.30072931860804336,
        "client_012": 0.2949871727002484,
        "client_013": 0.30181374405588524,
        "client_014": 0.10328173374613003,
        "client_015": 0.10375179474374178,
        "client_016": 0.10380839222062409,
        "client_017": 0.10444192777148611,
        "client_018": 0.09903438530381535
    },
    "client_001": {
        "attacker_000": 0.350031582527574,
        "client_000": 0.9778485210240084,
        "client_001": 0.9778485210240084,
        "client_002": 0.9784803400637619,
        "client_003": 0.9775891791539584,
        "client_004": 0.9787573021773764,
        "client_005": 0.05264362554360266,
        "client_006": 0.09509134932863747,
        "client_007": 0.08261541859951403,
        "client_008": 0.053279605999552275,
        "client_009": 0.08608258684727987,
        "client_010": 0.16537444539057947,
        "client_011": 0.3083378339080221,
        "client_012": 0.30234070221066317,
        "client_013": 0.30974195175254265,
        "client_014": 0.10201807601832365,
        "client_015": 0.10244571999001748,
        "client_016": 0.10273715785526809,
        "client_017": 0.10321361058601133,
        "client_018": 0.09728839480030586
    },
    "client_002": {
        "attacker_000": 0.34518939211628247,
        "client_000": 0.9771359807460891,
        "client_001": 0.9772666488365873,
        "client_002": 0.9768437960112435,
        "client_003": 0.9772727272727273,
        "client_004": 0.9775341000267451,
        "client_005": 0.0550080220032088,
        "client_006": 0.09323906319045513,
        "client_007": 0.08670648086706481,
        "client_008": 0.05540540540540541,
        "client_009": 0.08828671328671328,
        "client_010": 0.16214050396224736,
        "client_011": 0.3038988931108541,
        "client_012": 0.29836490205601424,
        "client_013": 0.30578029860705647,
        "client_014": 0.0996102208748376,
        "client_015": 0.10023063018138752,
        "client_016": 0.10027472527472528,
        "client_017": 0.10120845921450151,
        "client_018": 0.09574405288943982
    },
    "client_003": {
        "attacker_000": 0.34673654121010006,
        "client_000": 0.9765542676501581,
        "client_001": 0.9770750988142292,
        "client_002": 0.9765233447639146,
        "client_003": 0.9765542676501581,
        "client_004": 0.9772038476742654,
        "client_005": 0.06009941256213286,
        "client_006": 0.09561231172233137,
        "client_007": 0.08761987794245858,
        "client_008": 0.05981391227292867,
        "client_009": 0.08939032328053809,
        "client_010": 0.1667183691557722,
        "client_011": 0.30782508630609895,
        "client_012": 0.30184276172849445,
        "client_013": 0.30910374029640086,
        "client_014": 0.10069465789635458,
        "client_015": 0.10124388885450833,
        "client_016": 0.10143398100440747,
        "client_017": 0.1020930959075289,
        "client_018": 0.0974201908351985
    },
    "client_004": {
        "attacker_000": 0.34466159622605186,
        "client_000": 0.9766946331069383,
        "client_001": 0.9778784648187635,
        "client_002": 0.9772030395947208,
        "client_003": 0.9772394516171968,
        "client_004": 0.9781449893390193,
        "client_005": 0.058836944127708096,
        "client_006": 0.09896635144051023,
        "client_007": 0.08978873239436619,
        "client_008": 0.0609455523190679,
        "client_009": 0.09373631187034603,
        "client_010": 0.16220304297535368,
        "client_011": 0.3044214176609008,
        "client_012": 0.29790497719291165,
        "client_013": 0.3058106528635832,
        "client_014": 0.09824866476214134,
        "client_015": 0.09884266499843604,
        "client_016": 0.09899874843554442,
        "client_017": 0.09945727628423577,
        "client_018": 0.09427489945587887
    },
    "client_005": {
        "attacker_000": 0.7259072262543389,
        "client_000": 0.514641382868937,
        "client_001": 0.5124890942579249,
        "client_002": 0.516592563953863,
        "client_003": 0.5127675372050231,
        "client_004": 0.5152188617257706,
        "client_005": 0.9765509361447973,
        "client_006": 0.9742468290925931,
        "client_007": 0.9737779383678314,
        "client_008": 0.9753265602322206,
        "client_009": 0.9704602467618901,
        "client_010": 0.6796823002174202,
        "client_011": 0.6794607875688957,
        "client_012": 0.6836442210168894,
        "client_013": 0.6801378237190175,
        "client_014": 0.10400535321670969,
        "client_015": 0.10259597456614236,
        "client_016": 0.02653631284916201,
        "client_017": 0.10385515692925047,
        "client_018": 0.10389362817518945
    },
    "client_006": {
        "attacker_000": 0.7278868615442895,
        "client_000": 0.5081733264141153,
        "client_001": 0.5060937957034678,
        "client_002": 0.5108656929105807,
        "client_003": 0.5059920106524634,
        "client_004": 0.5090520452116463,
        "client_005": 0.975485613379038,
        "client_006": 0.973339172097576,
        "client_007": 0.9720200299416655,
        "client_008": 0.9736187415776926,
        "client_009": 0.9700199866755496,
        "client_010": 0.6797585763103005,
        "client_011": 0.6795183922801115,
        "client_012": 0.6826349949225132,
        "client_013": 0.6799537839399192,
        "client_014": 0.10314718863941662,
        "client_015": 0.1029037676985841,
        "client_016": 0.027898605069746514,
        "client_017": 0.10366818508750898,
        "client_018": 0.10326165046218687
    },
    "client_007": {
        "attacker_000": 0.727787566070979,
        "client_000": 0.516593027380914,
        "client_001": 0.5148911428386848,
        "client_002": 0.5187308745369624,
        "client_003": 0.514929468349527,
        "client_004": 0.5171869462968333,
        "client_005": 0.9762601289253631,
        "client_006": 0.9736848861389952,
        "client_007": 0.9725488178239728,
        "client_008": 0.974706110321664,
        "client_009": 0.9698796719720002,
        "client_010": 0.6804462087778048,
        "client_011": 0.6805214350530067,
        "client_012": 0.6838760921366164,
        "client_013": 0.6814232059915105,
        "client_014": 0.0997513389441469,
        "client_015": 0.09933553229121851,
        "client_016": 0.026109920773332008,
        "client_017": 0.10016247730096531,
        "client_018": 0.10000953379731146
    },
    "client_008": {
        "attacker_000": 0.7280748747360791,
        "client_000": 0.5128669339195655,