{
    "attacker_000": {
        "attacker_000": 0.7492315824507135,
        "client_000": 0.7376153399651728,
        "client_001": 0.736673282412141,
        "client_002": 0.7361894251028394,
        "client_003": 0.7357379684517231,
        "client_004": 0.7372509760736811,
        "client_005": 0.05904790211522268,
        "client_006": 0.06562546189091985,
        "client_007": 0.05867486000297339,
        "client_008": 0.07108888562043437,
        "client_009": 0.06551078711457,
        "client_010": 0.7494422918868147,
        "client_011": 0.7494520976831559,
        "client_012": 0.7494667632037257,
        "client_013": 0.7495206417530815,
        "client_014": 0.6441381640879575,
        "client_015": 0.6367326974810467,
        "client_016": 0.6206792528721184,
        "client_017": 0.5657059647773168,
        "client_018": 0.6243797840775925
    },
    "client_000": {
        "attacker_000": 0.10306431498307501,
        "client_000": 0.9610248023984737,
        "client_001": 0.9607629427792916,
        "client_002": 0.9587318939600984,
        "client_003": 0.9584812892652281,
        "client_004": 0.960119776779638,
        "client_005": 0.19561175158051322,
        "client_006": 0.199288256227758,
        "client_007": 0.2073241619841116,
        "client_008": 0.21321719371331188,
        "client_009": 0.20193585120516228,
        "client_010": 0.13638304361085696,
        "client_011": 0.15601530395352134,
        "client_012": 0.14256541161455008,
        "client_013": 0.12750601443464313,
        "client_014": 0.10970183943156918,
        "client_015": 0.10806208658065361,
        "client_016": 0.10969336629033336,
        "client_017": 0.10851793248945146,
        "client_018": 0.1092163758211134
    },
    "client_001": {
        "attacker_000": 0.10691963296245402,
        "client_000": 0.9606132698916204,
        "client_001": 0.9597253400237687,
        "client_002": 0.9590674261491589,
        "client_003": 0.9576607568139719,
        "client_004": 0.9594826448462452,
        "client_005": 0.19898513954331282,
        "client_006": 0.20387994143484628,
        "client_007": 0.2119329945416902,
        "client_008": 0.2161962737502306,
        "client_009": 0.2067815453029461,
        "client_010": 0.140195959840329,
        "client_011": 0.16027580384155352,
        "client_012": 0.1461343472750317,
        "client_013": 0.13307172947082926,
        "client_014": 0.10902805477994948,
        "client_015": 0.1075903693498655,
        "client_016": 0.10862149688984016,
        "client_017": 0.10727513227513229,
        "client_018": 0.10806858965838097
    },
    "client_002": {
        "attacker_000": 0.10409715734685707,
        "client_000": 0.9599572877736253,
        "client_001": 0.9593170601573962,
        "client_002": 0.9584784355746049,
        "client_003": 0.9574525020069573,
        "client_004": 0.9584221748400853,
        "client_005": 0.21396192203082504,
        "client_006": 0.21741501545173608,
        "client_007": 0.2252830188679245,
        "client_008": 0.22819285977180712,
        "client_009": 0.21984112322187324,
        "client_010": 0.13713452069782991,
        "client_011": 0.15538882266320736,
        "client_012": 0.14154353478343587,
        "client_013": 0.126680337206653,
        "client_014": 0.10573037429612456,
        "client_015": 0.1043945248542799,
        "client_016": 0.10605555925654521,
        "client_017": 0.10457688508396444,
        "client_018": 0.10546538588936735
    },
    "client_003": {
        "attacker_000": 0.1089666799769289,
        "client_000": 0.9601162176439515,
        "client_001": 0.9589655627391476,
        "client_002": 0.9571088165210484,
        "client_003": 0.9571315162741466,
        "client_004": 0.959356030614938,
        "client_005": 0.21370161729965476,
        "client_006": 0.21643141512848355,
        "client_007": 0.22413470533208604,
        "client_008": 0.22683823529411765,
        "client_009": 0.21822189566495223,
        "client_010": 0.14209228177825903,
        "client_011": 0.1621584130947427,
        "client_012": 0.1485865390669269,
        "client_013": 0.1338239456552505,
        "client_014": 0.10699696929766768,
        "client_015": 0.10564022404585126,
        "client_016": 0.10730608730211301,
        "client_017": 0.10593164855309677,
        "client_018": 0.1066350710900474
    },
    "client_004": {
        "attacker_000": 0.10691073086616262,
        "client_000": 0.9607790821771612,
        "client_001": 0.9610458911419424,
        "client_002": 0.9594323202570625,
        "client_003": 0.9582776143353837,
        "client_004": 0.9598934043970686,
        "client_005": 0.21473608358854263,
        "client_006": 0.22060694166818098,
        "client_007": 0.22745978301533856,
        "client_008": 0.23280617874218462,
        "client_009": 0.2226728110599078,
        "client_010": 0.14003007518796992,
        "client_011": 0.15910667221528646,
        "client_012": 0.14550031466331026,
        "client_013": 0.13103409155368995,
        "client_014": 0.10515078729650387,
        "client_015": 0.10337108243350014,
        "client_016": 0.10485384821668008,
        "client_017": 0.10304760640063743,
        "client_018": 0.10409715734685708
    },
    "client_005": {
        "attacker_000": 0.7313530241468601,
        "client_000": 0.5159094557713919,
        "client_001": 0.5153441191576785,
        "client_002": 0.5040756015977657,
        "client_003": 0.5040776699029127,
        "client_004": 0.5149650708197141,
        "client_005": 0.9627980759390031,
        "client_006": 0.9623765400672029,
        "client_007": 0.9623802834886988,
        "client_008": 0.9619917351155554,
        "client_009": 0.9624700423231859,
        "client_010": 0.6897567193371865,
        "client_011": 0.6856247102201223,
        "client_012": 0.6883665654298164,
        "client_013": 0.6873015873015874,
        "client_014": 0.010838445807770962,
        "client_015": 0.014469862943903804,
        "client_016": 0.012853208201570947,
        "client_017": 0.011004833899002364,
        "client_018": 0.016313213703099513
    },
    "client_006": {
        "attacker_000": 0.7287967818706428,
        "client_000": 0.5090991223541559,
        "client_001": 0.509168388429752,
        "client_002": 0.4968789829732999,
        "client_003": 0.49671031203178945,
        "client_004": 0.5088928985694033,
        "client_005": 0.9612319676121659,
        "client_006": 0.9612090936894689,
        "client_007": 0.9609718670076727,
        "client_008": 0.9606866426546096,
        "client_009": 0.9615816899969347,
        "client_010": 0.6891122204385021,
        "client_011": 0.6858354312972041,
        "client_012": 0.6876831229484721,
        "client_013": 0.6874944880500925,
        "client_014": 0.012393731435009733,
        "client_015": 0.01573355128729056,
        "client_016": 0.013709842439124206,
        "client_017": 0.012246578161984153,
        "client_018": 0.017361111111111112
    },
    "client_007": {
        "attacker_000": 0.7309471736204576,
        "client_000": 0.5184685119105024,
        "client_001": 0.5178473895582328,
        "client_002": 0.5062607734087878,
        "client_003": 0.5066398911705642,
        "client_004": 0.517801013535185,
        "client_005": 0.9630821078431372,
        "client_006": 0.9629686110052104,
        "client_007": 0.962759042593867,
        "client_008": 0.9626063477507769,
        "client_009": 0.9634118395926162,
        "client_010": 0.6899023660832088,
        "client_011": 0.6858303528061112,
        "client_012": 0.6880810751266799,
        "client_013": 0.6875992238490033,
        "client_014": 0.009817456665132689,
        "client_015": 0.013974600907839037,
        "client_016": 0.012043274137579097,
        "client_017": 0.009978397284230018,
        "client_018": 0.014793654032546039
    },
    "client_008": {
        "attacker_000": 0.7305252955182369,