{
    "attacker_000": {
        "attacker_000": 0.3651464374180388,
        "client_000": 0.7378656316273859,
        "client_001": 0.7376386275373344,
        "client_002": 0.7373626153630558,
        "client_003": 0.7402599988055185,
        "client_004": 0.7376173227400988,
        "client_005": 0.14036866359447006,
        "client_006": 0.12989671536242672,
        "client_007": 0.12404696197202864,
        "client_008": 0.13652761076681158,
        "client_009": 0.1365149833518313,
        "client_010": 0.7494716242661447,
        "client_011": 0.7495009589416415,
        "client_012": 0.7495646388948677,
        "client_013": 0.7495009589416415,
        "client_014": 0.6723739327488727,
        "client_015": 0.6674058161827546,
        "client_016": 0.647636424747317,
        "client_017": 0.6132966669212946,
        "client_018": 0.6758993950971028
    },
    "client_000": {
        "attacker_000": 0.13764915287757926,
        "client_000": 0.9652720809406617,
        "client_001": 0.9632563857396531,
        "client_002": 0.963782971163045,
        "client_003": 0.9642174269325321,
        "client_004": 0.9651210504718917,
        "client_005": 0.20342356687898092,
        "client_006": 0.20286966919091273,
        "client_007": 0.2064359441408622,
        "client_008": 0.2091449661677261,
        "client_009": 0.20558882235528944,
        "client_010": 0.11127131705861881,
        "client_011": 0.14644823240697752,
        "client_012": 0.11132908288376654,
        "client_013": 0.11806855248382439,
        "client_014": 0.1088042049934297,
        "client_015": 0.10577352472089316,
        "client_016": 0.10849552866912153,
        "client_017": 0.10859369839487416,
        "client_018": 0.10671478283283928
    },
    "client_001": {
        "attacker_000": 0.14167803990381492,
        "client_000": 0.9668927004387715,
        "client_001": 0.963650835765455,
        "client_002": 0.9642999336429993,
        "client_003": 0.9637979047871635,
        "client_004": 0.9672611125898323,
        "client_005": 0.20738137082601052,
        "client_006": 0.208203125,
        "client_007": 0.21044272384355767,
        "client_008": 0.21227929373996787,
        "client_009": 0.20974369008021912,
        "client_010": 0.11557238218591212,
        "client_011": 0.15123273183951352,
        "client_012": 0.11574551707197248,
        "client_013": 0.12395003230669825,
        "client_014": 0.10790183564708206,
        "client_015": 0.10461852513396275,
        "client_016": 0.10756081525312294,
        "client_017": 0.1075382881389644,
        "client_018": 0.10538506079907353
    },
    "client_002": {
        "attacker_000": 0.13982161594963272,
        "client_000": 0.9656744435505498,
        "client_001": 0.9626456018208595,
        "client_002": 0.9636875251239448,
        "client_003": 0.9634587070004016,
        "client_004": 0.9655079855053013,
        "client_005": 0.22049689440993786,
        "client_006": 0.22118561710398443,
        "client_007": 0.22472353870458134,
        "client_008": 0.22638501394978078,
        "client_009": 0.22390965732087229,
        "client_010": 0.1118672693855248,
        "client_011": 0.14572666404096102,
        "client_012": 0.11118723695801115,
        "client_013": 0.1183740876884556,
        "client_014": 0.1044218801179168,
        "client_015": 0.1021005728835137,
        "client_016": 0.10437401781037191,
        "client_017": 0.1047838997030683,
        "client_018": 0.10255422923886537
    },
    "client_003": {
        "attacker_000": 0.14704721820334077,
        "client_000": 0.9648774022531478,
        "client_001": 0.962404024357956,
        "client_002": 0.9625314444591554,
        "client_003": 0.9627962399046737,
        "client_004": 0.9645747644951572,
        "client_005": 0.2186172267284666,
        "client_006": 0.218448475492088,
        "client_007": 0.22057098161908484,
        "client_008": 0.22323372254106474,
        "client_009": 0.21930501930501933,
        "client_010": 0.11741489886531821,
        "client_011": 0.15336299398063333,
        "client_012": 0.11736678335278102,
        "client_013": 0.12502639915522704,
        "client_014": 0.10588005469818325,
        "client_015": 0.1030352956086433,
        "client_016": 0.105496222974733,
        "client_017": 0.10606458388028353,
        "client_018": 0.10373019928461932
    },
    "client_004": {
        "attacker_000": 0.14333138058972858,
        "client_000": 0.9650649176817025,
        "client_001": 0.9639941105608353,
        "client_002": 0.9642713769570453,
        "client_003": 0.9638844301765651,
        "client_004": 0.9655542152526471,
        "client_005": 0.22510654784967066,
        "client_006": 0.22687609075043624,
        "client_007": 0.22808745322040574,
        "client_008": 0.23017292784734647,
        "client_009": 0.22710480264437097,
        "client_010": 0.11450871906337992,
        "client_011": 0.15015682174594877,
        "client_012": 0.11419662866608205,
        "client_013": 0.12247280445741575,
        "client_014": 0.10352786020441808,
        "client_015": 0.10140845070422534,
        "client_016": 0.10341643582640812,
        "client_017": 0.10311335816923894,
        "client_018": 0.10194708583996376
    },
    "client_005": {
        "attacker_000": 0.6847871996819798,
        "client_000": 0.5158161790680497,
        "client_001": 0.5155367231638417,
        "client_002": 0.5174164524421594,
        "client_003": 0.5187652107083387,
        "client_004": 0.5153480606216286,
        "client_005": 0.9634180538914523,
        "client_006": 0.9647173041056694,
        "client_007": 0.9648390483751184,
        "client_008": 0.9649033050240459,
        "client_009": 0.9641501261242899,
        "client_010": 0.6891580034726038,
        "client_011": 0.6848219807403481,
        "client_012": 0.6962853156609696,
        "client_013": 0.6779842029146735,
        "client_014": 0.022271490476670364,
        "client_015": 0.023958123615864704,
        "client_016": 0.023481985386747294,
        "client_017": 0.01807932558021431,
        "client_018": 0.023638283961172863
    },
    "client_006": {
        "attacker_000": 0.6831825862240334,
        "client_000": 0.509379742339608,
        "client_001": 0.5092505892609215,
        "client_002": 0.5111498933488463,
        "client_003": 0.5131358660656794,
        "client_004": 0.5092834770254125,
        "client_005": 0.9622386192457937,
        "client_006": 0.963613101330604,
        "client_007": 0.9634283955683217,
        "client_008": 0.9640468441688236,
        "client_009": 0.9629535132928511,
        "client_010": 0.68860458981799,
        "client_011": 0.6851590106007067,
        "client_012": 0.6952441233603248,
        "client_013": 0.6776355337860404,
        "client_014": 0.024121921679450948,
        "client_015": 0.026004132439651263,
        "client_016": 0.025430142792270044,
        "client_017": 0.01864208220852646,
        "client_018": 0.02638336438245809
    },
    "client_007": {
        "attacker_000": 0.6857256204904416,
        "client_000": 0.5186471193415638,
        "client_001": 0.5179139487805662,
        "client_002": 0.5196936542669585,
        "client_003": 0.5204732741206272,
        "client_004": 0.5179259830377795,
        "client_005": 0.9639719923615531,
        "client_006": 0.964707683670605,
        "client_007": 0.9651168738171961,
        "client_008": 0.9649060073559461,
        "client_009": 0.9645693341478314,
        "client_010": 0.689250384699934,
        "client_011": 0.6850579790171177,
        "client_012": 0.6963050262991335,
        "client_013": 0.6784284061582273,
        "client_014": 0.021274450494051224,
        "client_015": 0.02326166859674739,
        "client_016": 0.02288306451612903,
        "client_017": 0.01687935329706645,
        "client_018": 0.023152808536339844
    },
    "client_008": {
        "attacker_000": 0.6857100312701643,
        "client_000": 0.514747552807831,