{
    "attacker_000": {
        "attacker_000": 0.7476374781429889,
        "client_000": 0.738369304556355,
        "client_001": 0.74048277646216,
        "client_002": 0.7395976633371215,
        "client_003": 0.7414721366842157,
        "client_004": 0.738738019169329,
        "client_005": 0.1433230740961918,
        "client_006": 0.125630016800448,
        "client_007": 0.13244848709857063,
        "client_008": 0.12846769689070936,
        "client_009": 0.13967639330659662,
        "client_010": 0.7495254310260475,
        "client_011": 0.7495254310260475,
        "client_012": 0.7495400994168069,
        "client_013": 0.7496184401048801,
        "client_014": 0.6178656286335372,
        "client_015": 0.6219162940260262,
        "client_016": 0.61929266939105,
        "client_017": 0.5965041205186079,
        "client_018": 0.6374917717044152
    },
    "client_000": {
        "attacker_000": 0.1470369310048669,
        "client_000": 0.9745751189666894,
        "client_001": 0.9741847826086956,
        "client_002": 0.9740171405250986,
        "client_003": 0.9748470428280082,
        "client_004": 0.9752246120337599,
        "client_005": 0.05113636363636363,
        "client_006": 0.05173557373424718,
        "client_007": 0.08644910309055545,
        "client_008": 0.08741721854304635,
        "client_009": 0.08637443316778234,
        "client_010": 0.12484416740872661,
        "client_011": 0.13042479908151552,
        "client_012": 0.12630924906799218,
        "client_013": 0.16550546141052724,
        "client_014": 0.10042696494076614,
        "client_015": 0.10196845580144272,
        "client_016": 0.1041679724224381,
        "client_017": 0.1057128283601122,
        "client_018": 0.09624693889173644
    },
    "client_001": {
        "attacker_000": 0.15309577093016585,
        "client_000": 0.9761526232114467,
        "client_001": 0.9755064212895538,
        "client_002": 0.9762756792577866,
        "client_003": 0.9767935287097201,
        "client_004": 0.9766702014846236,
        "client_005": 0.05163511187607573,
        "client_006": 0.05139372822299651,
        "client_007": 0.08211018932142097,
        "client_008": 0.08311688311688313,
        "client_009": 0.08361629881154498,
        "client_010": 0.12854661262304576,
        "client_011": 0.1345287356321839,
        "client_012": 0.1300877893056664,
        "client_013": 0.16888489208633095,
        "client_014": 0.09931630082763584,
        "client_015": 0.1007203027713344,
        "client_016": 0.10294301815904823,
        "client_017": 0.1047655551296793,
        "client_018": 0.09447030770977631
    },
    "client_002": {
        "attacker_000": 0.14849452554744527,
        "client_000": 0.9759486905398183,
        "client_001": 0.9751469802244789,
        "client_002": 0.9749966573071266,
        "client_003": 0.9759293928857984,
        "client_004": 0.9759229534510434,
        "client_005": 0.05355214856402504,
        "client_006": 0.05559203326767345,
        "client_007": 0.08775292864749733,
        "client_008": 0.08868699978369024,
        "client_009": 0.08730834752981262,
        "client_010": 0.12604855532377612,
        "client_011": 0.13049036617660487,
        "client_012": 0.12648046667845148,
        "client_013": 0.16545990882274067,
        "client_014": 0.0969718817591925,
        "client_015": 0.09863716922324758,
        "client_016": 0.10001875351628431,
        "client_017": 0.10185008582872401,
        "client_018": 0.09292514679892823
    },
    "client_003": {
        "attacker_000": 0.1555857078245138,
        "client_000": 0.9755069791941006,
        "client_001": 0.9749802475638661,
        "client_002": 0.9746968898260412,
        "client_003": 0.9756226116747925,
        "client_004": 0.97521750593198,
        "client_005": 0.05787234042553191,
        "client_006": 0.05908992883329738,
        "client_007": 0.08730493462673977,
        "client_008": 0.08833619210977703,
        "client_009": 0.08682824025289779,
        "client_010": 0.13118942731277533,
        "client_011": 0.13656367678417497,
        "client_012": 0.13225169918877439,
        "client_013": 0.16993870480589854,
        "client_014": 0.09824687369113863,
        "client_015": 0.09981785063752276,
        "client_016": 0.10144027812267195,
        "client_017": 0.10278182624675243,
        "client_018": 0.0942152517331515
    },
    "client_004": {
        "attacker_000": 0.15151342415778374,
        "client_000": 0.9760319573901465,
        "client_001": 0.9757720979765709,
        "client_002": 0.9757656458055924,
        "client_003": 0.9764157228514324,
        "client_004": 0.9758827448367755,
        "client_005": 0.05770887166236003,
        "client_006": 0.05987762237762237,
        "client_007": 0.09273766673724328,
        "client_008": 0.0935344827586207,
        "client_009": 0.09247083775185577,
        "client_010": 0.12765206651669533,
        "client_011": 0.13313919097238022,
        "client_012": 0.12888771744860306,
        "client_013": 0.1659228846840414,
        "client_014": 0.09609826589595376,
        "client_015": 0.09806926141587498,
        "client_016": 0.09914658634538152,
        "client_017": 0.10014068295178412,
        "client_018": 0.09144357554654946
    },
    "client_005": {
        "attacker_000": 0.7660220407419777,
        "client_000": 0.518048342629993,
        "client_001": 0.5193746187678577,
        "client_002": 0.5205032171324306,
        "client_003": 0.5207605245439098,
        "client_004": 0.5164810475976507,
        "client_005": 0.9679797281732321,
        "client_006": 0.970663921770458,
        "client_007": 0.9692662904053361,
        "client_008": 0.9685318275154003,
        "client_009": 0.9681499308720364,
        "client_010": 0.6814227849221984,
        "client_011": 0.6862204984684546,
        "client_012": 0.6837821742870377,
        "client_013": 0.6889299542414643,
        "client_014": 0.02470494098819764,
        "client_015": 0.02590906817386085,
        "client_016": 0.023267526188557618,
        "client_017": 0.02337011033099298,
        "client_018": 0.02566022664869452
    },
    "client_006": {
        "attacker_000": 0.7638080731150038,
        "client_000": 0.512008768819111,
        "client_001": 0.5145712443584785,
        "client_002": 0.5154937735302636,
        "client_003": 0.5157901521010569,
        "client_004": 0.5109032258064516,
        "client_005": 0.9673286354900704,
        "client_006": 0.9706882340820111,
        "client_007": 0.9691023500706305,
        "client_008": 0.9679839662880929,
        "client_009": 0.9672740319315242,
        "client_010": 0.6812826645407034,
        "client_011": 0.6870114714754387,
        "client_012": 0.682798666460601,
        "client_013": 0.6890316335958466,
        "client_014": 0.027069026016341674,
        "client_015": 0.028378039608924543,
        "client_016": 0.025313902475921534,
        "client_017": 0.026020997639021447,
        "client_018": 0.027933520224269124
    },
    "client_007": {
        "attacker_000": 0.7659380968260223,
        "client_000": 0.5196405648267008,
        "client_001": 0.5219261637239165,
        "client_002": 0.5221655928454659,
        "client_003": 0.5224230361786139,
        "client_004": 0.5187064452936833,
        "client_005": 0.9681525406400163,
        "client_006": 0.9708094785756465,
        "client_007": 0.9697062815292823,
        "client_008": 0.9683816746950907,
        "client_009": 0.9684312773190871,
        "client_010": 0.6820074415308292,
        "client_011": 0.687166835543416,
        "client_012": 0.6840850913584606,
        "client_013": 0.6893896052457862,
        "client_014": 0.02361298714292861,
        "client_015": 0.02481364750612837,
        "client_016": 0.02267116731321477,
        "client_017": 0.023260477240826152,
        "client_018": 0.02508244229039672
    },
    "client_008": {
        "attacker_000": 0.7661600994934328,
        "client_000": 0.5159858475394018,