{
    "attacker_000": {
        "attacker_000": 0.9836184091618606,
        "client_000": 0.966963337960317,
        "client_001": 0.9670440661399364,
        "client_002": 0.9669888984888251,
        "client_003": 0.9667833021401253,
        "client_004": 0.9671347719006377,
        "client_005": 0.09360806136261092,
        "client_006": 0.09708504698147759,
        "client_007": 0.09885429788255054,
        "client_008": 0.0915989159891599,
        "client_009": 0.09359117019037021,
        "client_010": 0.9784849843119677,
        "client_011": 0.9784073629451782,
        "client_012": 0.9784522780392533,
        "client_013": 0.9784237147064472,
        "client_014": 0.8525313733191194,
        "client_015": 0.890005924276969,
        "client_016": 0.8741466637304558,
        "client_017": 0.7869338978691411,
        "client_018": 0.9143500202212024
    },
    "client_000": {
        "attacker_000": 0.1556023212805306,
        "client_000": 0.976845546172705,
        "client_001": 0.977124183006536,
        "client_002": 0.9758954105951246,
        "client_003": 0.9769911504424779,
        "client_004": 0.9768518518518519,
        "client_005": 0.05935966347277402,
        "client_006": 0.06941334527541423,
        "client_007": 0.05869373345101501,
        "client_008": 0.0641884091433849,
        "client_009": 0.049686660698299016,
        "client_010": 0.1678341272065004,
        "client_011": 0.17022267772291066,
        "client_012": 0.1661120354963949,
        "client_013": 0.17231811127310348,
        "client_014": 0.09917355371900827,
        "client_015": 0.0995850622406639,
        "client_016": 0.09905076351630211,
        "client_017": 0.1025958738615947,
        "client_018": 0.09396713356126614
    },
    "client_001": {
        "attacker_000": 0.15784787585856017,
        "client_000": 0.9781080005307151,
        "client_001": 0.9781021897810218,
        "client_002": 0.9777070063694268,
        "client_003": 0.9778367617783675,
        "client_004": 0.9783561280042491,
        "client_005": 0.0589590050667895,
        "client_006": 0.06928508384819064,
        "client_007": 0.056172436316133244,
        "client_008": 0.06174801362088536,
        "client_009": 0.04570424082619205,
        "client_010": 0.17226536914007676,
        "client_011": 0.17434364196954125,
        "client_012": 0.1707881819023803,
        "client_013": 0.17720563964728625,
        "client_014": 0.09762999646268128,
        "client_015": 0.09805198650008883,
        "client_016": 0.0977683315621679,
        "client_017": 0.10086222939023633,
        "client_018": 0.09201207795772715
    },
    "client_002": {
        "attacker_000": 0.1493046776232617,
        "client_000": 0.9773913043478262,
        "client_001": 0.9775220765319775,
        "client_002": 0.9769745649263721,
        "client_003": 0.9772666488365873,
        "client_004": 0.9777837259100642,
        "client_005": 0.06355054110062168,
        "client_006": 0.06681318681318682,
        "client_007": 0.054018732302330646,
        "client_008": 0.06486731685189386,
        "client_009": 0.05015398152221733,
        "client_010": 0.16841324306779187,
        "client_011": 0.16959985179696185,
        "client_012": 0.166804369778757,
        "client_013": 0.17127639693515231,
        "client_014": 0.09603315571343991,
        "client_015": 0.0962624041832551,
        "client_016": 0.0957509764469168,
        "client_017": 0.09926971159797006,
        "client_018": 0.09083374772086855
    },
    "client_003": {
        "attacker_000": 0.1536924901679256,
        "client_000": 0.9771978384078029,
        "client_001": 0.9774673870075109,
        "client_002": 0.9766583146511935,
        "client_003": 0.9770811380400423,
        "client_004": 0.9773266543633008,
        "client_005": 0.062415196743554946,
        "client_006": 0.07009142359599478,
        "client_007": 0.05901218729955099,
        "client_008": 0.06536825610029103,
        "client_009": 0.051315503370297895,
        "client_010": 0.17228843587501724,
        "client_011": 0.17432879735196763,
        "client_012": 0.1710166088702318,
        "client_013": 0.1757671270974321,
        "client_014": 0.0981319460865453,
        "client_015": 0.09816023738872405,
        "client_016": 0.09755234444116781,
        "client_017": 0.10067692307692307,
        "client_018": 0.09160473437930085
    },
    "client_004": {
        "attacker_000": 0.15025316455696203,
        "client_000": 0.9776179056754596,
        "client_001": 0.9778843591793233,
        "client_002": 0.9773393761663557,
        "client_003": 0.9770972037283622,
        "client_004": 0.9781333333333333,
        "client_005": 0.06942224252112354,
        "client_006": 0.07574430823117338,
        "client_007": 0.06103896103896104,
        "client_008": 0.07160549425804999,
        "client_009": 0.054445664105378704,
        "client_010": 0.16880222841225626,
        "client_011": 0.17083005051675396,
        "client_012": 0.16718750000000002,
        "client_013": 0.17276555919513337,
        "client_014": 0.0950858496151569,
        "client_015": 0.09539101992268807,
        "client_016": 0.0939478199136248,
        "client_017": 0.0976426799007444,
        "client_018": 0.0888790869493301
    },
    "client_005": {
        "attacker_000": 0.5565661286263796,
        "client_000": 0.48048008441044576,
        "client_001": 0.4816923789975502,
        "client_002": 0.4836480275123177,
        "client_003": 0.49332280771001913,
        "client_004": 0.4829208494848093,
        "client_005": 0.9748016437081642,
        "client_006": 0.9744290354178482,
        "client_007": 0.9740125812106837,
        "client_008": 0.975379130389852,
        "client_009": 0.9711989283322171,
        "client_010": 0.6786977743943396,
        "client_011": 0.6778052529572948,
        "client_012": 0.6791785178383463,
        "client_013": 0.678234072486099,
        "client_014": 0.027256389776357828,
        "client_015": 0.024729675610732877,
        "client_016": 0.02315747080144986,
        "client_017": 0.023959329541450646,
        "client_018": 0.0239364376948607
    },
    "client_006": {
        "attacker_000": 0.5568398689280185,
        "client_000": 0.47438065864093126,
        "client_001": 0.4755821689953426,
        "client_002": 0.47709289181461534,
        "client_003": 0.4870209318474918,
        "client_004": 0.47701532311792144,
        "client_005": 0.9739368998628257,
        "client_006": 0.9726482947075352,
        "client_007": 0.9725660066006601,
        "client_008": 0.974699917218543,
        "client_009": 0.9703910038171877,
        "client_010": 0.6778051511758119,
        "client_011": 0.6774955436720141,
        "client_012": 0.6783539315780046,
        "client_013": 0.6772824727532606,
        "client_014": 0.029043565348022035,
        "client_015": 0.027309236947791166,
        "client_016": 0.02500378081363109,
        "client_017": 0.026207035581090613,
        "client_018": 0.025786955426844626
    },
    "client_007": {
        "attacker_000": 0.5559631707667961,
        "client_000": 0.48208447541362576,
        "client_001": 0.4850329110574538,
        "client_002": 0.4865150713907985,
        "client_003": 0.4961199526502696,
        "client_004": 0.48658673908723593,
        "client_005": 0.9739569903563509,
        "client_006": 0.9731814558638245,
        "client_007": 0.9734026134375965,
        "client_008": 0.9745758341498633,
        "client_009": 0.9712492928046084,
        "client_010": 0.6790991313692128,
        "client_011": 0.6783104615932989,
        "client_012": 0.6797133900582176,
        "client_013": 0.6788003305120703,
        "client_014": 0.026568118258090287,
        "client_015": 0.024134995743828554,
        "client_016": 0.022254669956195558,
        "client_017": 0.02336001611035594,
        "client_018": 0.023748427672955975
    },
    "client_008": {
        "attacker_000": 0.5605608484630595,