{
    "attacker_000": {
        "attacker_000": 0.01857399640503295,
        "client_000": 0.18270459283168583,
        "client_001": 0.18122502840804955,
        "client_002": 0.18342938588337362,
        "client_003": 0.179816002230276,
        "client_004": 0.18386357548882473,
        "client_005": 0.09943382873319181,
        "client_006": 0.09968186638388124,
        "client_007": 0.09943382873319181,
        "client_008": 0.09946902654867255,
        "client_009": 0.09939865581888929,
        "client_010": 0.18257756563245825,
        "client_011": 0.1826548873675539,
        "client_012": 0.1825516320559075,
        "client_013": 0.18260326117834216,
        "client_014": 0.17288238614162288,
        "client_015": 0.17378214509721931,
        "client_016": 0.17581217581217584,
        "client_017": 0.17205862334951677,
        "client_018": 0.17537149914346045
    },
    "client_000": {
        "attacker_000": 0.38398186626369474,
        "client_000": 0.9763071895424836,
        "client_001": 0.9764401470788506,
        "client_002": 0.9760479041916169,
        "client_003": 0.976725193956717,
        "client_004": 0.9763071895424836,
        "client_005": 0.08763345195729538,
        "client_006": 0.06829081143295607,
        "client_007": 0.058875219683655534,
        "client_008": 0.09301328761251607,
        "client_009": 0.10540184453227933,
        "client_010": 0.16023765996343695,
        "client_011": 0.16777691000137823,
        "client_012": 0.16079125266548702,
        "client_013": 0.16327483196415235,
        "client_014": 0.10507523590920682,
        "client_015": 0.10675282714054926,
        "client_016": 0.10650887573964499,
        "client_017": 0.10591101423259393,
        "client_018": 0.10472460838807479
    },
    "client_001": {
        "attacker_000": 0.3904862261026645,
        "client_000": 0.9780963759458383,
        "client_001": 0.9774475988325816,
        "client_002": 0.9781021897810218,
        "client_003": 0.9786330457863306,
        "client_004": 0.9780963759458383,
        "client_005": 0.08406304728546411,
        "client_006": 0.07403189066059225,
        "client_007": 0.06050129645635264,
        "client_008": 0.09052631578947369,
        "client_009": 0.10337370242214533,
        "client_010": 0.16499565078057044,
        "client_011": 0.17203409352683713,
        "client_012": 0.165207530052166,
        "client_013": 0.16842006826576894,
        "client_014": 0.10385623840890196,
        "client_015": 0.10601440342567964,
        "client_016": 0.10566427694891171,
        "client_017": 0.10452377883747906,
        "client_018": 0.10367935263623719
    },
    "client_002": {
        "attacker_000": 0.38956756351645055,
        "client_000": 0.9764642952661139,
        "client_001": 0.9768437960112435,
        "client_002": 0.9757924301190317,
        "client_003": 0.9769991976464295,
        "client_004": 0.9767192935509766,
        "client_005": 0.09067131647776809,
        "client_006": 0.07102164830991264,
        "client_007": 0.05853024062432257,
        "client_008": 0.08970309538850285,
        "client_009": 0.10295067844066338,
        "client_010": 0.16048317515099222,
        "client_011": 0.16762478328314628,
        "client_012": 0.16084388946490558,
        "client_013": 0.16319154851264944,
        "client_014": 0.10208639060805207,
        "client_015": 0.10330338095545931,
        "client_016": 0.10272914521112256,
        "client_017": 0.1025016035920462,
        "client_018": 0.1013377082281676
    },
    "client_003": {
        "attacker_000": 0.388269619211491,
        "client_000": 0.9770569620253164,
        "client_001": 0.9773206751054853,
        "client_002": 0.9770569620253164,
        "client_003": 0.9769342296032688,
        "client_004": 0.9775902979172159,
        "client_005": 0.09134199134199135,
        "client_006": 0.07386470699076692,
        "client_007": 0.06411626415900833,
        "client_008": 0.09189640768588138,
        "client_009": 0.10431808465156049,
        "client_010": 0.16469525959367948,
        "client_011": 0.17184095860566448,
        "client_012": 0.16545666397777178,
        "client_013": 0.16710399116144178,
        "client_014": 0.10272629514833322,
        "client_015": 0.10390609967288822,
        "client_016": 0.10364413810709044,
        "client_017": 0.10347460862924779,
        "client_018": 0.10212126900694575
    },
    "client_004": {
        "attacker_000": 0.385533128235912,
        "client_000": 0.977605971740869,
        "client_001": 0.9781333333333333,
        "client_002": 0.9776119402985076,
        "client_003": 0.9777481678880746,
        "client_004": 0.9778666666666668,
        "client_005": 0.09800520381613183,
        "client_006": 0.0780746636346409,
        "client_007": 0.0645580589254766,
        "client_008": 0.09489666807254324,
        "client_009": 0.10938845822566753,
        "client_010": 0.16078075351793011,
        "client_011": 0.16872202429889466,
        "client_012": 0.16122200693912495,
        "client_013": 0.16351501668520577,
        "client_014": 0.0999807975420854,
        "client_015": 0.1017059090614257,
        "client_016": 0.10139318885448916,
        "client_017": 0.10025740025740026,
        "client_018": 0.09991147084861515
    },
    "client_005": {
        "attacker_000": 0.007362853883646168,
        "client_000": 0.5124596513879922,
        "client_001": 0.5138378169150376,
        "client_002": 0.5153856057679929,
        "client_003": 0.5132903225806451,
        "client_004": 0.5158446739375221,
        "client_005": 0.9766081871345029,
        "client_006": 0.9760678895759489,
        "client_007": 0.9774061185269828,
        "client_008": 0.9756855433853803,
        "client_009": 0.9753542026891018,
        "client_010": 0.6698142902108908,
        "client_011": 0.6873630872037705,
        "client_012": 0.6897740075551727,
        "client_013": 0.6688137654557331,
        "client_014": 0.09985118333253325,
        "client_015": 0.10233806055960137,
        "client_016": 0.02508996401439424,
        "client_017": 0.10312335581384226,
        "client_018": 0.10277698253650157
    },
    "client_006": {
        "attacker_000": 0.006338320864505402,
        "client_000": 0.5055680010389273,
        "client_001": 0.5069590889919865,
        "client_002": 0.5088872341114385,
        "client_003": 0.5063102228855075,
        "client_004": 0.5097252338263374,
        "client_005": 0.9756211300810901,
        "client_006": 0.9746442432082795,
        "client_007": 0.9767091239927216,
        "client_008": 0.9746274458986652,
        "client_009": 0.9742953835025446,
        "client_010": 0.6707717200773067,
        "client_011": 0.6876699608675466,
        "client_012": 0.6891539650982992,
        "client_013": 0.6696213638102094,
        "client_014": 0.09935434133179147,
        "client_015": 0.10278352002307582,
        "client_016": 0.026466165413533832,
        "client_017": 0.10403071017274472,
        "client_018": 0.1028516654684879
    },
    "client_007": {
        "attacker_000": 0.006225357958082589,
        "client_000": 0.5152562074198443,
        "client_001": 0.5164246531139077,
        "client_002": 0.5179865382757399,
        "client_003": 0.5157646755090843,
        "client_004": 0.5189119587960728,
        "client_005": 0.9757017068195316,
        "client_006": 0.9745653407625239,
        "client_007": 0.9762213127493136,
        "client_008": 0.9754560016534903,
        "client_009": 0.9744672088952949,
        "client_010": 0.6708004762867605,
        "client_011": 0.6881078691423519,
        "client_012": 0.6895546129374337,
        "client_013": 0.6697433588473661,
        "client_014": 0.09578249591699489,
        "client_015": 0.09848957084631982,
        "client_016": 0.0239,
        "client_017": 0.09931588767162608,
        "client_018": 0.09925558312655088
    },
    "client_008": {
        "attacker_000": 0.006462709125970709,